block,time_min_ps,time_max_ps,layer,z_minus_GDS_min_A,z_minus_GDS_max_A,water_frame_observations,mean_instantaneous_water_count,water_number_density_A-3,water_mass_density_g_cm-3,mean_tetrahedral_q,mean_HB_degree,fraction_degree_eq4,mean_P1_cos_theta,mean_P2
1,0.0,10.0,1,0.0,2.0,14897,14.897,0.044413754226143146,1.3286408440495372,0.701357631122759,3.2135329260925016,0.4134389474390817,0.08746041467796534,-0.05439929661686224
1,0.0,10.0,2,2.0,4.0,11207,11.207,0.03341242824812957,0.9995353386093283,0.8465378966586068,3.7497992326224683,0.6730614794324975,-0.09543043309407637,0.17833576777458357
1,0.0,10.0,3,4.0,6.0,9121,9.121,0.02719325047302488,0.8134881612791721,0.8502813613670348,3.7287578116434603,0.7571538208529767,0.01898267581308345,-0.06039162243476756
1,0.0,10.0,4,6.0,8.0,13007,13.007,0.03877892872520936,1.1600746095557715,0.7596515059803874,3.358806796340432,0.5252556315829938,-0.07380830937307409,0.07567356482913733
1,0.0,10.0,5,8.0,10.0,9001,9.001,0.02683548377455289,0.8027855432160759,0.8635853383005794,3.7721364292856348,0.7900233307410288,-0.03036736488414726,-0.007816401517169953
1,0.0,10.0,6,10.0,12.0,13621,13.621,0.04060950166572436,1.2148363386452805,0.8630512611015763,3.6857793113574626,0.7218265912928566,-0.009831907589120545,0.06734648456735344
1,0.0,10.0,7,12.0,14.0,8586,8.586,0.02559820727567061,0.7657723224145349,0.8169338374562792,3.539249941765665,0.6041229909154437,0.12002497288498394,-0.06790767280409499
1,0.0,10.0,8,14.0,16.0,10609,10.609,0.03162955753407751,0.9462006252615653,0.7456005725146461,3.3411254595155055,0.46818738806673577,-0.0755229096556612,-0.08814734396355085
1,0.0,10.0,9,16.0,18.0,8494,8.494,0.02532391947350875,0.7575669818994943,0.8157328208352849,3.496821285613374,0.6000706380974806,0.23143268530938038,0.17849581015059537
1,0.0,10.0,10,18.0,20.0,14428,14.428,0.043015482712948465,1.2868114451196027,0.875266245979759,3.7468810645966175,0.7694760188522318,0.01671701131961997,0.09712371895320313
1,0.0,10.0,11,20.0,22.0,7044,7.044,0.021000905200305585,0.6282436803037483,0.7824079743263985,3.459114139693356,0.5636002271436684,0.08414465542163158,-0.22872279457175818
1,0.0,10.0,12,22.0,24.0,10519,10.519,0.03136123251022352,0.9381736617142432,0.4036551306005402,2.644262762620021,0.13527901891814811,-0.023432608198339963,-0.16837470402658197
2,10.0,20.0,1,0.0,2.0,14923,14.923,0.044491270344145406,1.3309597446298747,0.7169133533039729,3.253434296053072,0.42987334986262815,0.08603581269691259,-0.053832219897776167
2,10.0,20.0,2,2.0,4.0,11304,11.304,0.033701622996061095,1.0081866215436643,0.8552919431087316,3.767250530785563,0.6813517338995047,-0.09217420349083187,0.19309533771306434
2,10.0,20.0,3,4.0,6.0,9014,9.014,0.02687424183355402,0.8039449935062446,0.8529097694179794,3.737852229864655,0.7664743731972488,0.026619399411843627,-0.0655982645970535
2,10.0,20.0,4,6.0,8.0,13452,13.452,0.04010564689870964,1.1997634848730867,0.766313552905781,3.4145108534046984,0.5504757656853999,-0.05747028422191898,0.058914749163725404
2,10.0,20.0,5,8.0,10.0,8740,8.74,0.02605734120537632,0.7795073489288417,0.8559871424964905,3.734324942791762,0.7471395881006865,-0.07326919652485095,0.023204439800539045
2,10.0,20.0,6,10.0,12.0,13734,13.734,0.040946398640118814,1.2249146373213629,0.8642273552243125,3.7376583660987333,0.7351099461191204,-0.0008369609783691633,0.0010486715485193683
2,10.0,20.0,7,12.0,14.0,9501,9.501,0.028326178351519498,0.8473797851456435,0.8094376733103086,3.6024628986422482,0.6087780233659614,0.04726640694241681,-0.13655072727210024
2,10.0,20.0,8,14.0,16.0,9845,9.845,0.02935177622047253,0.878060623593186,0.7968178760592425,3.5665820213306247,0.5853732859319452,-0.04561103197510754,0.06302075040484097
2,10.0,20.0,9,16.0,18.0,10449,10.449,0.03115253526944819,0.9319304678441037,0.7973383182518243,3.4754521963824287,0.5934539190353144,0.08034723440287268,0.11516442043834281
2,10.0,20.0,10,18.0,20.0,12558,12.558,0.037440284995093345,1.1200289803030197,0.8483655583262665,3.7035355948399427,0.7126134734830387,-0.011407580774319128,0.09700383632690894
2,10.0,20.0,11,20.0,22.0,9420,9.42,0.02808468583005091,0.8401555179530537,0.7385572374994601,3.2918259023354564,0.4902335456475584,-0.040915559103997134,-0.2558693666127344
2,10.0,20.0,12,22.0,24.0,8030,8.03,0.023940554906083735,0.7161835253888555,0.3584540702905837,2.3701120797011206,0.11307596513075965,-0.013276850988014769,-0.22757645280499975
3,20.0,30.0,1,0.0,2.0,14662,14.662,0.04371312777496884,1.3076815503426402,0.7191720647822382,3.1781475924157685,0.3949665802755422,0.13863183619901637,-0.04627253885151617
3,20.0,30.0,2,2.0,4.0,10727,10.727,0.03198136145424162,0.9567248663569432,0.8521063703440838,3.747273235760231,0.6931108418010627,-0.033167872798612136,0.12156406464158816
3,20.0,30.0,3,4.0,6.0,9490,9.49,0.028293383070826236,0.846398711823193,0.8645940810166661,3.7884088514225502,0.7819810326659642,0.04792855965961412,-0.11819349781801834
3,20.0,30.0,4,6.0,8.0,11302,11.302,0.03369566021775323,1.008008244575946,0.7738120678319628,3.4678817908334807,0.6090957352680941,-0.09305827268962164,0.011073585361908207
3,20.0,30.0,5,8.0,10.0,10317,10.317,0.030758991901129008,0.9201575879746979,0.858602229227634,3.7479887564214405,0.7605893186003683,0.02034858791126808,-0.03573618424664805
3,20.0,30.0,6,10.0,12.0,12991,12.991,0.03873122649874643,1.1586475938140253,0.8704754096355489,3.7292741128473557,0.7624509275652375,-0.0046370492451479105,0.07239375258890736
3,20.0,30.0,7,12.0,14.0,8771,8.771,0.026149764269148255,0.7822721919284749,0.799194284877626,3.5226313989282865,0.5379090183559457,0.09133071918121567,-0.1863797195466696
3,20.0,30.0,8,14.0,16.0,11247,11.247,0.0335316838142869,1.0031028779636937,0.8528160531380446,3.6572419311816486,0.7027651818262648,-0.023083056099974714,-0.030014894906857
3,20.0,30.0,9,16.0,18.0,8951,8.951,0.026686414316856234,0.7983261190231192,0.8555078353382468,3.733437604736901,0.7477376829404536,0.10372335214373941,0.11037066721321553
3,20.0,30.0,10,18.0,20.0,13912,13.912,0.04147708590951893,1.240790187448289,0.8322531744462615,3.702343300747556,0.6848763657274296,0.01098743775912452,0.0826825844086377
3,20.0,30.0,11,20.0,22.0,10388,10.388,0.030970670531058266,0.9264899703286965,0.755109322371894,3.3184443588756256,0.4871967654986523,-0.07004371861122284,-0.060099130894640376
3,20.0,30.0,12,22.0,24.0,7883,7.883,0.023502290700455553,0.7030728182615628,0.39969264854387926,2.586705568945833,0.1348471394139287,-0.02147873290576888,-0.2869374751643182
4,30.0,40.0,1,0.0,2.0,14339,14.339,0.04275013907824841,1.2788736700561396,0.7589719333499649,3.204337819931655,0.4014924332240742,0.15362843567822446,-0.10024435669734598
4,30.0,40.0,2,2.0,4.0,11891,11.891,0.03545169842941989,1.0605402615689767,0.861615316364357,3.753258767134808,0.7095282146160962,-0.04316903286222343,0.054599955977201346
4,30.0,40.0,3,4.0,6.0,8174,8.174,0.02436987494425012,0.7290266670645711,0.8929435752662185,3.8334964521654027,0.817837044286763,0.05368858507668228,-0.12645655361564034
4,30.0,40.0,4,6.0,8.0,11707,11.707,0.03490312282509618,1.044129580538896,0.7650750134799675,3.475271205261809,0.6215084991885197,-0.04278782074088699,-0.0011571038192375526
4,30.0,40.0,5,8.0,10.0,9799,9.799,0.029214632319391597,0.8739579533356657,0.8607195399325293,3.747525257679355,0.7751811409327483,0.010294831131208741,-0.029127871924749183
4,30.0,40.0,6,10.0,12.0,13209,13.209,0.03938116933430387,1.1780906832953169,0.8735783557322414,3.7781058369293663,0.7890832008479067,-0.04064519801194835,0.02688917767000672
4,30.0,40.0,7,12.0,14.0,9260,9.26,0.027607663565421596,0.8258853605355919,0.8035567923799902,3.59622030237581,0.6073434125269979,0.10437488309780962,-0.20926881179315443
4,30.0,40.0,8,14.0,16.0,9537,9.537,0.028433508361061097,0.8505905705645724,0.8291705103210567,3.5392681136625774,0.6377267484533921,-0.0026652127132018237,-0.008739464035330324
4,30.0,40.0,9,16.0,18.0,11088,11.088,0.03305764293881151,0.9889219090300909,0.7874613237693693,3.5170454545454546,0.5936147186147186,0.06983322999437847,0.12285166227952304
4,30.0,40.0,10,18.0,20.0,12764,12.764,0.03805445116080359,1.1384018079780016,0.8396667408586707,3.6609213412723283,0.6658570980883736,0.0758069201501173,0.10361319247204151
4,30.0,40.0,11,20.0,22.0,10411,10.411,0.031039242481598728,0.9285413054574565,0.7770007309715045,3.436365382768226,0.5124387666890788,-0.13417347308128957,-0.12069797868915597
4,30.0,40.0,12,22.0,24.0,8180,8.18,0.02438776327917372,0.7295617979677259,0.4350670557118746,2.7573349633251834,0.13422982885085574,-0.010461432036169374,-0.19554016401193158
5,40.0,50.0,1,0.0,2.0,14275,14.275,0.04255933017239668,1.2731656070891548,0.7559087183973416,3.1819264448336253,0.4140805604203152,0.14457928484513047,-0.09090016387582982
5,40.0,50.0,2,2.0,4.0,10951,10.951,0.03264919262472267,0.9767030867413896,0.8708607026008804,3.7385626883389644,0.7282439959821021,-0.05327468130879372,0.00817545998671328
5,40.0,50.0,3,4.0,6.0,9058,9.058,0.027005422956327085,0.8078692867960466,0.8895868535724426,3.833517332744535,0.8122102009273571,0.04075676075762985,-0.12027930117151907
5,40.0,50.0,4,6.0,8.0,9841,9.841,0.029339850663856793,0.8777038696577495,0.79835937897536,3.479117975815466,0.632354435524845,-0.08222299984346275,-0.02787739859534298
5,40.0,50.0,5,8.0,10.0,10914,10.914,0.03253888122602713,0.9734031128386015,0.8164015022094907,3.5369250503939895,0.6308411214953271,0.005409674678860213,-0.10272175246180178
5,40.0,50.0,6,10.0,12.0,12483,12.483,0.037216680808548355,1.1133398440135847,0.8675555198451262,3.788191941039814,0.7595129375951294,-0.043446987408263714,-0.038589801612877485
5,40.0,50.0,7,12.0,14.0,9100,9.1,0.02713064130079228,0.8116152031181303,0.8514714947640082,3.6695604395604398,0.6956043956043956,0.04576245951175089,0.01784280623126294
5,40.0,50.0,8,14.0,16.0,11761,11.761,0.03506411783940857,1.048945758667289,0.8283691502320666,3.5011478615763965,0.63081370631749,-0.03424370458060326,-0.04087727268309478
5,40.0,50.0,9,16.0,18.0,10507,10.507,0.03132545584037632,0.9371033999079336,0.7867484296436923,3.538878842676311,0.5889407061958695,-0.0007548131762767741,0.10816054356376475
5,40.0,50.0,10,18.0,20.0,11765,11.765,0.035076043396024305,1.0493025126027256,0.8610513437321021,3.7495112622184443,0.7499362515937101,0.13588854058407895,0.10040312902811935
5,40.0,50.0,11,20.0,22.0,11274,11.274,0.03361218132144309,1.0055109670278901,0.8223351344625527,3.5595174738335995,0.628880610253681,-0.10986966591518643,-0.15408955593372214
5,40.0,50.0,12,22.0,24.0,8317,8.317,0.024796213593262572,0.7417806202564274,0.386166557657245,2.839725862690874,0.12227966814957317,0.006760439981635005,-0.12263303934613222
6,50.0,60.0,1,0.0,2.0,13614,13.614,0.04058863194164683,1.2142120192582668,0.732592921256415,3.173718231232555,0.418392830909358,0.14562731184869337,0.02780128756972656
6,50.0,60.0,2,2.0,4.0,12233,12.233,0.036471333520065055,1.091042723048801,0.8821232421662893,3.8128831848279243,0.7731545818687158,-0.057989437527955226,-0.038945220992527244
6,50.0,60.0,3,4.0,6.0,7813,7.813,0.02329359345968023,0.6968296243914233,0.8880221477190876,3.8222193779598106,0.8260591322155382,0.05967971216190657,-0.12700349886968879
6,50.0,60.0,4,6.0,8.0,10931,10.931,0.032589564841644,0.9749193170642068,0.8206008169090971,3.5585948220656847,0.6571219467569298,-0.028350603256566482,-0.011061085360862704
6,50.0,60.0,5,8.0,10.0,9888,9.888,0.029479975954091655,0.8818957283991288,0.7862792618165031,3.398361650485437,0.5401496763754046,-0.02802625516314129,-0.13749524039819247
6,50.0,60.0,6,10.0,12.0,12920,12.92,0.03851954786881717,1.1523152114600268,0.8755394444180379,3.761842105263158,0.7502321981424148,-0.03409969800877381,-0.04731561280520835
6,50.0,60.0,7,12.0,14.0,8978,8.978,0.02676691182401243,0.8007342080873159,0.8559432413132332,3.6728670082423704,0.7012697705502339,0.08110738549421168,-0.027265737425091977
6,50.0,60.0,8,14.0,16.0,12406,12.406,0.0369871138436955,1.1064723307564313,0.8385831959350298,3.61405771400935,0.6804771884571982,-0.00015249944890221507,-0.022385538918418928
6,50.0,60.0,9,16.0,18.0,9921,9.921,0.02957836179617145,0.8848389483664802,0.7856749243810883,3.45791754863421,0.5394617478076806,-0.01776085230090479,0.23428380462111123
6,50.0,60.0,10,18.0,20.0,11819,11.819,0.0352370384103367,1.0541186907311189,0.8589714419276954,3.7269650562653354,0.746932904645063,0.09398205688772067,0.06636447526114815
6,50.0,60.0,11,20.0,22.0,11493,11.493,0.03426510554615447,1.025043244993041,0.8119410348068936,3.5514661098059688,0.6345601670582094,-0.10631246228988032,-0.15856144459486018
6,50.0,60.0,12,22.0,24.0,7605,7.605,0.02267346451566212,0.6782784197487233,0.35783713022931235,2.8048652202498356,0.09230769230769231,0.002061093512829606,-0.12854045069273706
7,60.0,70.0,1,0.0,2.0,13611,13.611,0.040579687774185025,1.2139444538066892,0.7278165856684619,3.1816912791124827,0.41363602968187496,0.15160025545113623,-0.019763039087793758
7,60.0,70.0,2,2.0,4.0,12264,12.264,0.03656375658383698,1.093807566048434,0.8757053972086006,3.764024787997391,0.7561969993476843,-0.0285221477834489,-0.059212463747742194
7,60.0,70.0,3,4.0,6.0,7736,7.736,0.02306402649482737,0.6899621111342699,0.8837136230117844,3.8181230610134436,0.8220010341261634,0.046984145015669415,-0.10692181867505904
7,60.0,70.0,4,6.0,8.0,10115,10.115,0.030156751292034496,0.9021415142351525,0.8581506700905519,3.675729115175482,0.7029164607019278,0.03352749611357755,0.005546069143688652
7,60.0,70.0,5,8.0,10.0,10329,10.329,0.030794768570976207,0.9212278497810076,0.8188773020545583,3.451641010746442,0.5405169909962242,0.018434146267983422,-0.14259842974001155
7,60.0,70.0,6,10.0,12.0,13088,13.088,0.03902042124667795,1.1672988767483614,0.8862539323518978,3.82640586797066,0.7726161369193154,0.010281524600118842,-0.048658873896584874
7,60.0,70.0,7,12.0,14.0,9391,9.391,0.027998225544586846,0.8375690519211386,0.8734876717550485,3.7043978277073792,0.7439037376211266,0.06359579785918569,0.014029829394087454
7,60.0,70.0,8,14.0,16.0,12288,12.288,0.03663530992353138,1.0959480896610534,0.8332266827766698,3.7099609375,0.7202962239583334,0.0002454648255080199,-0.0057174807086793076
7,60.0,70.0,9,16.0,18.0,9780,9.78,0.029157985925466867,0.8722633721423422,0.7791641193662912,3.3955010224948876,0.5223926380368098,0.002603961291274508,0.31312631130737617
7,60.0,70.0,10,18.0,20.0,12265,12.265,0.03656673797299092,1.0938967545322933,0.8580935881044348,3.6715042804728903,0.7098247044435385,0.05279402115864833,0.11846445952916718
7,60.0,70.0,11,20.0,22.0,10756,10.756,0.03206782173970569,0.9593113323888582,0.8229967987201707,3.6201190033469692,0.6725548531052435,-0.13985100851608784,-0.19071082766071512
7,60.0,70.0,12,22.0,24.0,7988,7.988,0.023815336561618543,0.712437609066772,0.3546632815662268,2.737230846269404,0.09702053079619428,-0.011558603258173572,-0.12624685299967456
8,70.0,80.0,1,0.0,2.0,13696,13.696,0.04083310585226935,1.2215254749347155,0.769584303692967,3.213054906542056,0.40420560747663553,0.1553610705028423,-0.08490967916243046
8,70.0,80.0,2,2.0,4.0,11810,11.81,0.0352102059079513,1.0533159943763866,0.8712026415627825,3.73657917019475,0.7148179508890771,-0.041281216986182,-0.008236048783624463
8,70.0,80.0,3,4.0,6.0,8190,8.19,0.02441757717071305,0.7304536828063172,0.8852856419749932,3.82002442002442,0.8356532356532357,0.03885347834846997,-0.11466653875910884
8,70.0,80.0,4,6.0,8.0,9980,9.98,0.029754263756253514,0.8901010689141694,0.837434635255689,3.609819639278557,0.6592184368737475,0.033000950764093935,0.005090636179818169
8,70.0,80.0,5,8.0,10.0,10433,10.433,0.03110483304298526,0.9305034521023575,0.804190691836958,3.4191507715901466,0.5270775424134957,0.020448985875071223,-0.14744271507912685
8,70.0,80.0,6,10.0,12.0,13233,13.233,0.03945272267399827,1.1802312069079361,0.8839626393837685,3.825663114939923,0.786518552104587,0.006071219634578098,-0.06268885761815596
8,70.0,80.0,7,12.0,14.0,9181,9.181,0.027372133822260867,0.8188394703107201,0.8795993534809319,3.7942489924844787,0.7825944886177977,0.03718629535585664,-0.08908409089113285
8,70.0,80.0,8,14.0,16.0,12438,12.438,0.03708251829662136,1.1093263622399236,0.8310487433829585,3.6875703489306964,0.7309052902395884,-0.008385667472771488,0.027282961740400867
8,70.0,80.0,9,16.0,18.0,9667,9.667,0.028821088951072413,0.8621850734662599,0.7823977925069778,3.452363711596152,0.5613944346746664,0.009137737566252864,0.3318665247583345
8,70.0,80.0,10,18.0,20.0,12466,12.466,0.03716599719293149,1.1118236397879793,0.8586447362982288,3.7145836675758064,0.7422589443285738,0.042744205801892456,0.10970961029985857
8,70.0,80.0,11,20.0,22.0,10438,10.438,0.03111973998875493,0.9309493945216533,0.8215714494411622,3.595995401417896,0.67072236060548,-0.12524943391576893,-0.19740589170760642
8,70.0,80.0,12,22.0,24.0,8164,8.164,0.024340061052710787,0.7281347822259797,0.39323990555910937,2.692920137187653,0.140249877511024,0.0027716080169436384,-0.2505493406651435
9,80.0,90.0,1,0.0,2.0,13614,13.614,0.04058863194164683,1.2142120192582668,0.7493767324005116,3.224842074335243,0.4532099309534303,0.16230385491025015,-0.058912417208627936
9,80.0,90.0,2,2.0,4.0,11359,11.359,0.03386559939952742,1.0130919881559168,0.8703147980164598,3.7493617395897525,0.7191654194911524,-0.05480022613907493,0.0012739203781451831
9,80.0,90.0,3,4.0,6.0,8661,8.661,0.025821811462215596,0.7724614587039699,0.8711325470226174,3.7561482507793555,0.7749682484701536,0.043446433735705815,-0.06154027124962245
9,80.0,90.0,4,6.0,8.0,9527,9.527,0.028403694469521762,0.849698685725981,0.8522901448951729,3.6791224939645217,0.6920331688884224,0.01309970369600792,0.021962990146634012
9,80.0,90.0,5,8.0,10.0,10857,10.857,0.03236894204425294,0.9683193692586307,0.8372408700012778,3.5779681311596203,0.6264161370544349,-0.006933048792131852,-0.09363968911070261
9,80.0,90.0,6,10.0,12.0,13375,13.375,0.039876079933856785,1.1928959716159333,0.8548728122080677,3.755588785046729,0.6996635514018692,0.018276711894143673,-0.019379207525222392
9,80.0,90.0,7,12.0,14.0,8782,8.782,0.026182559549841517,0.7832532652509253,0.8484129208297916,3.7168071054429515,0.7214757458437714,0.01827036590959721,-0.019281174953322842
9,80.0,90.0,8,14.0,16.0,12914,12.914,0.03850165953389357,1.1517800805568719,0.8239271058326822,3.621960662846523,0.70435186619173,0.017408639478486723,-0.00962650167159436
9,80.0,90.0,9,16.0,18.0,9293,9.293,0.02770604940750139,0.8288285805029434,0.7997366843489405,3.5492306036801895,0.6002367373291725,-0.016131109422724516,0.353052643516668
9,80.0,90.0,10,18.0,20.0,12905,12.905,0.038474827031508174,1.1509773842021398,0.8451482167222644,3.6375048430840757,0.6903525765207283,0.06597414892745954,0.13599761399383556
9,80.0,90.0,11,20.0,22.0,10441,10.441,0.031128684156216727,0.9312169599732306,0.7690529081825787,3.411071736423714,0.5731251795804999,-0.11389570510844878,-0.1118772068716094
9,80.0,90.0,12,22.0,24.0,7887,7.887,0.023514216257071285,0.7034295721969992,0.34879460407469376,2.606187396982376,0.10891340180043109,0.0273839873712815,-0.20867316826410898
10,90.0,100.0,1,0.0,2.0,13207,13.207,0.03937520655599601,1.1779123063275987,0.7440603520632035,3.250927538426592,0.45006435980919207,0.1581149152431778,-0.0006136123199976405
10,90.0,100.0,2,2.0,4.0,11347,11.347,0.03382982272968022,1.0120217263496072,0.8575009243668605,3.683440556975412,0.6796510090772891,-0.05324422253671279,0.018161028921531
10,90.0,100.0,3,4.0,6.0,8738,8.738,0.026051378427068454,0.7793289719611233,0.8727111120150924,3.715838864728771,0.746166170748455,0.05347107956762809,-0.005867090895528104
10,90.0,100.0,4,6.0,8.0,10462,10.462,0.03119129332844932,0.9330899181342724,0.8588800760110633,3.705123303383674,0.7341808449627222,0.05599140362906849,0.0032211583315330788
10,90.0,100.0,5,8.0,10.0,10251,10.251,0.030562220216969412,0.9142711480399949,0.838186057560802,3.6045263876694955,0.658082138327968,-0.04787349470237748,-0.02141962956359786
10,90.0,100.0,6,10.0,12.0,13782,13.782,0.041089505319507606,1.2291956845466014,0.835038330287454,3.667247133942824,0.6511391670294587,0.014868707711858867,0.005948177498499888
10,90.0,100.0,7,12.0,14.0,8305,8.305,0.024760436923415372,0.7407103584501178,0.8441119087092658,3.6363636363636362,0.6895845875978326,0.027713206331766042,0.07743656888645316
10,90.0,100.0,8,14.0,16.0,13007,13.007,0.03877892872520936,1.1600746095557715,0.8286697308782951,3.6201276235872992,0.699777043130622,0.04759706087263201,-0.018535109743635772
10,90.0,100.0,9,16.0,18.0,9121,9.121,0.02719325047302488,0.8134881612791721,0.8266682245849689,3.60530643569784,0.6615502686108979,-0.0025165512773639154,0.38960280243292017
10,90.0,100.0,10,18.0,20.0,12959,12.959,0.03863582204582056,1.1557935623305329,0.8484575196681928,3.6199552434601436,0.6821514005710317,0.07204642825944123,0.020784990831823627
10,90.0,100.0,11,20.0,22.0,9749,9.749,0.02906556286169494,0.8694985291427091,0.7726794000294239,3.40742640270797,0.5363627038670633,-0.02631615544538887,-0.16127045079722288
10,90.0,100.0,12,22.0,24.0,8182,8.182,0.024393726057481586,0.7297401749354442,0.3790090694848519,2.6249083353703253,0.10315326326081643,-0.00741327826632966,-0.21276559857429297
11,100.0,110.0,1,0.0,2.0,13453,13.453,0.040108628287863574,1.1998526733569457,0.7229942059366284,3.159146658737828,0.39872147476399317,0.1622766457011303,-0.027841489743081437
11,100.0,110.0,2,2.0,4.0,11417,11.417,0.034038519970455546,1.0182649202197465,0.8482290626902314,3.6639222212490146,0.6841552071472365,-0.033520506365251834,0.010706548531112994
11,100.0,110.0,3,4.0,6.0,8641,8.641,0.025762183679136935,0.7706776890267873,0.8750658568135242,3.7538479342668674,0.7659993056359218,0.0640007909512498,0.040209193879978386
11,100.0,110.0,4,6.0,8.0,9896,9.896,0.029503827067323123,0.882609236270002,0.8558390045856008,3.7309013742926433,0.7563662085691188,0.06260661636070286,0.004383088388195889
11,100.0,110.0,5,8.0,10.0,10871,10.871,0.03241068149240801,0.9695680080326586,0.8334390419978699,3.572900377150216,0.640327476773066,-0.04701242502862129,-0.04157073673722708
11,100.0,110.0,6,10.0,12.0,13489,13.489,0.04021595829740517,1.2030634587758746,0.8248147867782907,3.5991548669286084,0.6456371858551412,0.022407196466415192,0.012438047001426412
11,100.0,110.0,7,12.0,14.0,8205,8.205,0.024462298008022052,0.7317915100642044,0.8379571203908686,3.690920170627666,0.7050578915295551,0.030685134433803503,0.11629742516361581
11,100.0,110.0,8,14.0,16.0,13602,13.602,0.04055285527179963,1.2131417574519572,0.8119243033453756,3.499411851198353,0.6279223643581826,0.017982226863047925,0.029961192290955126
11,100.0,110.0,9,16.0,18.0,8137,8.137,0.024259563545554592,0.7257266931617832,0.8211316592053851,3.5495883003563966,0.6458154110851665,-0.038760366912296104,0.3358772583513299
11,100.0,110.0,10,18.0,20.0,13122,13.122,0.03912178847791168,1.170331285199572,0.8872972304326272,3.7626886145404663,0.7747294619722603,0.09473415338192646,-0.06374382174182394
11,100.0,110.0,11,20.0,22.0,8456,8.456,0.025210626685659286,0.7541778195128471,0.8060126904644085,3.476702932828761,0.570837275307474,0.04244987399589712,-0.13183853963638573
11,100.0,110.0,12,22.0,24.0,9934,9.934,0.029617119855172583,0.885998398656649,0.4326277642445612,2.704348701429434,0.1571371048922891,-0.012820322612748888,-0.17002525720559458
12,110.0,120.0,1,0.0,2.0,13249,13.249,0.039500424900461205,1.1816582226496823,0.7326098110757413,3.124084836591441,0.38025511359347874,0.1291273076810479,-0.04681004233368566
12,110.0,120.0,2,2.0,4.0,12065,12.065,0.03597046014220427,1.0760590577604663,0.8653158084146708,3.714297554910899,0.7176958143389971,-0.020142576650657204,0.02286077022295748
12,110.0,120.0,3,4.0,6.0,7935,7.935,0.02365732293646008,0.7077106194222378,0.8893775099483185,3.7833648393194705,0.798361688720857,0.009720208122663361,-0.005433009600893239
12,110.0,120.0,4,6.0,8.0,10829,10.829,0.03228546314794282,0.9658220917105752,0.8406713813427602,3.754178594514729,0.7352479453319789,0.06696948784994947,0.024362590800418332
12,110.0,120.0,5,8.0,10.0,10568,10.568,0.03150732057876624,0.9425438974233407,0.8285095367761248,3.518546555639667,0.6189439818319455,-0.03304688975848097,-0.0573518666400669
12,110.0,120.0,6,10.0,12.0,13181,13.181,0.03929769043799374,1.175593405747261,0.8341646746726248,3.5526894772779,0.6303770578863516,-0.032553854090445145,-0.013337471987153102
12,110.0,120.0,7,12.0,14.0,8577,8.577,0.025571374773285208,0.7649696260598026,0.8521091663095097,3.747697330068789,0.7070071120438381,0.12134057714925708,0.16953754023896472
12,110.0,120.0,8,14.0,16.0,13695,13.695,0.040830124463115416,1.2214362864508566,0.8123082697842577,3.5170500182548374,0.6359985396129975,0.04392500458845042,0.05261359149977286
12,110.0,120.0,9,16.0,18.0,7798,7.798,0.02324887262237123,0.6954917971335363,0.8354049140244614,3.661836368299564,0.6899204924339575,-0.05609040899404748,0.3890162577296177
12,110.0,120.0,10,18.0,20.0,13036,13.036,0.03886538901067342,1.1626610755876863,0.8845988942541458,3.7974071801166,0.8027769254372507,0.11043792661629206,-0.1012297507833506
12,110.0,120.0,11,20.0,22.0,8971,8.971,0.026746042099934895,0.8001098887003019,0.7745354675660919,3.4277115148812842,0.5427488574294951,0.049816341871276607,-0.22451298776921844
12,110.0,120.0,12,22.0,24.0,9258,9.258,0.027601700787113725,0.8257069835678735,0.4114773180631,2.704795852235904,0.16796284294664074,0.01186266252217339,-0.16676640253215774
13,120.0,130.0,1,0.0,2.0,13291,13.291,0.039625643244926394,1.1854041389717658,0.7099139245380977,3.240012038221353,0.44797231209088856,0.12617156755393116,-0.058661812261369926
13,120.0,130.0,2,2.0,4.0,10913,10.913,0.0325358998368732,0.9733139243547424,0.875594105537269,3.729222028773023,0.7469989920278567,-0.04762645906947111,0.006562005030256203
13,120.0,130.0,3,4.0,6.0,9113,9.113,0.02716939935979341,0.812774653408299,0.874702036395592,3.7683529024470537,0.789092505212334,0.036909633955673066,-0.015156055484537651
13,120.0,130.0,4,6.0,8.0,9512,9.512,0.028358973632212767,0.8483608584680941,0.8431717704861971,3.7458999158957105,0.7198275862068966,0.035304811817791104,0.03251296080141879
13,120.0,130.0,5,8.0,10.0,11544,11.544,0.03441715639300506,1.0295918576698566,0.8536854552215476,3.6443173943173943,0.6931739431739432,-0.032117949205952345,-0.10795091821745424
13,120.0,130.0,6,10.0,12.0,11789,11.789,0.035147596735718704,1.0514430362153449,0.8667757855927921,3.6136228687759777,0.6804648401051828,0.026949978341159326,-0.034218232187252236
13,120.0,130.0,7,12.0,14.0,9428,9.428,0.02810853694328238,0.8408690258239268,0.8727479939468188,3.7427874416631313,0.7478786593126856,0.03916208169792488,0.10281235933864706
13,120.0,130.0,8,14.0,16.0,12890,12.89,0.038430106194199176,1.1496395569442528,0.8406173956683158,3.6363072148952678,0.6843289371605896,0.03617255146802584,0.05942736692706783
13,120.0,130.0,9,16.0,18.0,8446,8.446,0.025180812794119954,0.7532859346742559,0.8377214184710627,3.68896519062278,0.7193937958797064,0.02614776897850086,0.3101352640699344
13,120.0,130.0,10,18.0,20.0,12779,12.779,0.03809917199811259,1.1397396352358886,0.8761705404625069,3.7979497613271773,0.8069489005399484,0.11111016454200419,-0.04618883727420068
13,120.0,130.0,11,20.0,22.0,8414,8.414,0.025085408341194094,0.7504319031907636,0.8064883157897358,3.582719277394818,0.6441644877584978,0.03085220805559628,-0.22567139047620466
13,120.0,130.0,12,22.0,24.0,10397,10.397,0.030997503033443664,0.9272926666834287,0.4741780330422302,2.8765990189477733,0.2650764643647206,0.034277675340487555,-0.17324624148371195
14,130.0,140.0,1,0.0,2.0,14032,14.032,0.04183485260799091,1.2514928055113852,0.7150495908254412,3.0447548460661347,0.3499144811858609,0.11831331745289402,-0.12190212791174257
14,130.0,140.0,2,2.0,4.0,11115,11.115,0.03313814044596772,0.9913299980942878,0.8677154494662143,3.743679712100765,0.7111111111111111,-0.011536348998424609,0.04598698031751897
14,130.0,140.0,3,4.0,6.0,8891,8.891,0.02650753096762024,0.7929748099915711,0.8712234718957723,3.72500281183219,0.7518839275672028,0.019086566891625772,0.020276198999718956
14,130.0,140.0,4,6.0,8.0,10299,10.299,0.030705326896358208,0.9185521952652334,0.8205374263434495,3.691814739295077,0.683755704437324,0.0077056832531942135,0.05555848242896569
14,130.0,140.0,5,8.0,10.0,10127,10.127,0.030192527961881696,0.9032117760414622,0.8797938272918788,3.740791942332379,0.7588624469240643,0.009203114561113172,-0.08921486563824886
14,130.0,140.0,6,10.0,12.0,12744,12.744,0.037994823377724925,1.1366180383008189,0.9058024872324082,3.7830351537978655,0.7984934086629002,0.023378741300659214,-0.054312784602169775
14,130.0,140.0,7,12.0,14.0,7952,7.952,0.023708006552076947,0.7092268236478431,0.8828139140020741,3.784708249496982,0.8049547283702213,-0.05163849570015372,-0.004586020200005181
14,130.0,140.0,8,14.0,16.0,13713,13.713,0.04088378946788621,1.223041679160321,0.8751719589117098,3.730693502515861,0.7645300080215853,0.006744115099797333,0.005612413202807734
14,130.0,140.0,9,16.0,18.0,8673,8.673,0.025857588132062796,0.7735317205102795,0.829307356873363,3.6308082555055923,0.6761212959760176,0.021543174681352688,0.22333231640821524
14,130.0,140.0,10,18.0,20.0,12127,12.127,0.03615530626974813,1.0815887437597327,0.8343679325861858,3.6995959429372474,0.66916797229323,0.07272557154076975,-0.014904910455043928
14,130.0,140.0,11,20.0,22.0,9776,9.776,0.029146060368851135,0.8719066182069057,0.8116851610886462,3.528743862520458,0.6106792144026186,-0.029474860061903755,-0.13228510758537862
14,130.0,140.0,12,22.0,24.0,9762,9.762,0.02910432092069607,0.8706579794328778,0.47832471827852835,2.8265724236836713,0.24441712763777915,-0.05747206334740709,-0.12690550883936697
15,140.0,150.0,1,0.0,2.0,13504,13.504,0.04026067913471417,1.2044012860337616,0.6983294826765237,3.0876777251184833,0.36603969194312796,0.12865195873273783,-0.04854075708613268
15,140.0,150.0,2,2.0,4.0,10979,10.979,0.03273267152103279,0.9792003642894452,0.8713299822016168,3.7515256398579107,0.7188268512614993,-0.023069443893667527,0.01826931416673615
15,140.0,150.0,3,4.0,6.0,9062,9.062,0.027017348512942817,0.8082260407314831,0.8731547546577765,3.739682189362172,0.7649525491061576,0.012402143502517636,0.02972281213900724
15,140.0,150.0,4,6.0,8.0,9906,9.906,0.029533640958862455,0.8835011211085932,0.8214380748806588,3.684130829800121,0.6743387845750051,-0.00032244778365025716,0.06048857453347937
15,140.0,150.0,5,8.0,10.0,10381,10.381,0.030949800806980732,0.9258656509416825,0.8856548427801646,3.755225893459204,0.7676524419612754,-0.00066540468934621,-0.09729101734828324
15,140.0,150.0,6,10.0,12.0,12521,12.521,0.03732997359639782,1.116729006400232,0.9070389128772225,3.7625589010462424,0.7838032106061816,0.028745914937467577,-0.044858143652961965
15,140.0,150.0,7,12.0,14.0,8301,8.301,0.02474851136679964,0.7403536045146814,0.881305194032765,3.7946030598723044,0.8100228888085773,-0.044675756146183514,-0.04223515479157064
15,140.0,150.0,8,14.0,16.0,12777,12.777,0.03809320921980472,1.1395612582681705,0.8730732827115195,3.7348360334976913,0.7663770838224936,0.01019238863146776,-0.028806327045021504
15,140.0,150.0,9,16.0,18.0,9631,9.631,0.02871375894153082,0.8589742880473311,0.8410288754436409,3.689751843006957,0.6640016613020455,0.015857702757316676,0.1284039845988962
15,140.0,150.0,10,18.0,20.0,11269,11.269,0.03359727437567343,1.0050650246085946,0.8328095082525712,3.723932913301979,0.6934954299405448,0.01659999004843566,-0.11868105065045974
15,140.0,150.0,11,20.0,22.0,11644,11.644,0.03471529530839838,1.0385107060557701,0.8217026561723213,3.578667124699416,0.6531260735142562,-0.0665220000837494,-0.2299396937134909
15,140.0,150.0,12,22.0,24.0,8968,8.968,0.026737097932473097,0.7998423232487245,0.4731956193503712,2.904884032114184,0.24921944692239073,-0.1272591296532567,-0.11146956940334732
16,150.0,160.0,1,0.0,2.0,13853,13.853,0.04130118394943686,1.2355280669006,0.6820056162789953,3.1240164585288386,0.381722370605645,0.10543090939192823,-0.03023314612999472
16,150.0,160.0,2,2.0,4.0,10546,10.546,0.03144173001737971,0.9405817507784398,0.8656384176674659,3.650957709084013,0.6865162146785511,-0.040529592953258774,0.053046797960457644
16,150.0,160.0,3,4.0,6.0,9200,9.2,0.0274287802161856,0.8205340515040438,0.8691934775620992,3.746739130434783,0.7742391304347827,0.023912218419832387,0.030184911383413206
16,150.0,160.0,4,6.0,8.0,9405,9.405,0.02803996499274191,0.8388176906951665,0.8124061942067345,3.688782562466773,0.6888888888888889,0.006079020725287892,0.07490722392161116
16,150.0,160.0,5,8.0,10.0,10866,10.866,0.03239577454663834,0.969122065613363,0.8806673476494042,3.7205043254187373,0.7416712681759617,-0.012839851631973917,-0.10175843790107132
16,150.0,160.0,6,10.0,12.0,12272,12.272,0.036587607697068446,1.0945210739193072,0.9039085424634383,3.785609517601043,0.796854628422425,0.04942640609588773,-0.05990612588547
16,150.0,160.0,7,12.0,14.0,8850,8.85,0.026385294012308973,0.7893180821533464,0.8665585154547814,3.7464406779661017,0.7858757062146893,-0.08109405140419243,-0.02218679866968785
16,150.0,160.0,8,14.0,16.0,12885,12.885,0.03841519924842951,1.149193614524957,0.859714412122332,3.716336825766395,0.7540551028327512,0.009207278126017628,0.02739990930491747
16,150.0,160.0,9,16.0,18.0,9512,9.512,0.028358973632212767,0.8483608584680941,0.847607278873026,3.6957527333894027,0.7286585365853658,0.03649263714542996,0.14504228115440712
16,150.0,160.0,10,18.0,20.0,11219,11.219,0.033448204917976766,1.0006056004156376,0.8458340290762945,3.6877618326054016,0.7282288974061859,0.04370785551563647,-0.1792736565928535
16,150.0,160.0,11,20.0,22.0,12165,12.165,0.03626859905759759,1.0849779061463796,0.8201120834258514,3.56531031648171,0.6485819975339088,-0.03852165691334592,-0.255531344231378
16,150.0,160.0,12,22.0,24.0,8164,8.164,0.024340061052710787,0.7281347822259797,0.4524963481043352,2.776825085742283,0.2243998040176384,-0.08834781852600265,-0.16113684119991592
17,160.0,170.0,1,0.0,2.0,14467,14.467,0.04313175688995186,1.290289795990109,0.6380692667986746,3.0645607244072717,0.3734706573581254,0.09943483786323003,-0.07975572916623558
17,160.0,170.0,2,2.0,4.0,9264,9.264,0.027619589122037325,0.8262421144710284,0.869535721552334,3.7542098445595853,0.719559585492228,-0.08872497221244033,0.13439621365513754
17,160.0,170.0,3,4.0,6.0,10688,10.688,0.03186508727723823,0.9532465154864371,0.8624218219277491,3.717627245508982,0.749625748502994,0.02575578934553321,0.003298398345862622
17,160.0,170.0,4,6.0,8.0,10086,10.086,0.030070291006570434,0.8995550482032376,0.8068012878266523,3.6299821534800714,0.6668649613325401,-0.06500108552105306,0.04953000436818249
17,160.0,170.0,5,8.0,10.0,10271,10.271,0.03062184800004808,0.9160549177171776,0.8777824047088499,3.7407263168143317,0.7627300165514556,-0.0462371352612995,-0.0756032202327868
17,160.0,170.0,6,10.0,12.0,12608,12.608,0.03758935445279001,1.1244884044959766,0.8909727404697573,3.7545209390862944,0.7737151015228426,0.031879475152178906,-0.06404185607184858
17,160.0,170.0,7,12.0,14.0,8216,8.216,0.024495093288715315,0.7327725833866547,0.8790352701282987,3.8149951314508277,0.8291139240506329,-0.09122379864426378,-0.014114295655387741
17,160.0,170.0,8,14.0,16.0,12794,12.794,0.038143892835421585,1.1410774624937756,0.8400213528127313,3.6665624511489763,0.7205721431921213,0.016568240304578624,0.08209907690340759
17,160.0,170.0,9,16.0,18.0,9538,9.538,0.02843648975021503,0.8506797590484315,0.8581063642604406,3.7534074229398198,0.7501572656741455,-0.009749471565270791,0.15943165278417887
17,160.0,170.0,10,18.0,20.0,11674,11.674,0.03480473698301638,1.0411863605715441,0.8582011898295797,3.7353948946376563,0.7389926332019873,0.04115899502839274,-0.17104957186100414
17,160.0,170.0,11,20.0,22.0,11530,11.53,0.034375416944849996,1.0283432188958288,0.8286632205061097,3.596877710320902,0.6603642671292281,-0.05968432289758182,-0.29596419406328595
17,160.0,170.0,12,22.0,24.0,8854,8.854,0.026397219568924706,0.789674836088783,0.47714376733635644,2.891009713124012,0.23300203297944433,-0.1785670414504836,-0.22601267123981242
18,170.0,180.0,1,0.0,2.0,14061,14.061,0.04192131289345497,1.2540792715433,0.6651836207792539,3.186971054690278,0.431690491430197,0.09311830082265307,-0.09323940244536164
18,170.0,180.0,2,2.0,4.0,10045,10.045,0.029948054051259172,0.8958983203650132,0.8496564550989608,3.7160776505724242,0.7159780985564957,-0.08481962568937021,0.15797912958569515
18,170.0,180.0,3,4.0,6.0,9839,9.839,0.02933388788554893,0.8775254926900312,0.866679948121644,3.7370667750787683,0.7683707693871329,0.045241219153418125,-0.013270585379149567
18,170.0,180.0,4,6.0,8.0,9764,9.764,0.029110283699003935,0.870836356400596,0.8252791266008763,3.707496927488734,0.7277755018435068,-0.03819605821072585,-0.006745133048407174
18,170.0,180.0,5,8.0,10.0,10395,10.395,0.030991540255135796,0.9271142897157103,0.8709353018725052,3.729004329004329,0.7551707551707552,-0.026384670857228416,-0.09970418629563071
18,170.0,180.0,6,10.0,12.0,12834,12.834,0.03826314840157891,1.144645001848141,0.8938747100690367,3.7991273180613994,0.7985039738195419,0.0013336089317852473,-0.026716107451497908
18,170.0,180.0,7,12.0,14.0,8604,8.604,0.025651872280441402,0.7673777151239992,0.8706852309747731,3.7461645746164574,0.7778940027894002,-0.05600318435611565,-0.013981457289453493
18,170.0,180.0,8,14.0,16.0,12147,12.147,0.036214934052826796,1.0833725134369152,0.8487206238146073,3.6636206470733517,0.709146291265333,0.021211612557211858,0.027038018974673807
18,170.0,180.0,9,16.0,18.0,10247,10.247,0.03055029466035368,0.9139143941045583,0.8619688868218145,3.7208939201717577,0.7381672684688202,-0.03459021568533196,0.19406292229312302
18,170.0,180.0,10,18.0,20.0,11612,11.612,0.03461989085547253,1.035656674572278,0.8485717682559389,3.747416465725112,0.7245952462969342,0.038958402510195514,-0.16645450240220386
18,170.0,180.0,11,20.0,22.0,12373,12.373,0.0368887280016157,1.10352911078908,0.8286772747999596,3.602602440798513,0.6661278590479269,-0.07547219090413974,-0.31411886252516164
18,170.0,180.0,12,22.0,24.0,7928,7.928,0.02363645321238255,0.7070863000352239,0.3859680581020643,2.756685166498486,0.17936427850655903,-0.18459462565963797,-0.22772392531414282
19,180.0,190.0,1,0.0,2.0,12921,12.921,0.0385225292579711,1.1524043999438858,0.6636887893925476,3.2334184660629983,0.45871062611253,0.13170658980682975,-0.0640786058816425
19,180.0,190.0,2,2.0,4.0,10844,10.844,0.03233018398525181,0.967159918968462,0.8524883123044809,3.698358539284397,0.6818517152342309,-0.0686033320090331,0.17976164770188813
19,180.0,190.0,3,4.0,6.0,9673,9.673,0.028838977285996013,0.8627202043694148,0.8333999319716198,3.6246252455287915,0.6740411454564251,-0.032154761487184755,0.0033190825324527717
19,180.0,190.0,4,6.0,8.0,9372,9.372,0.027941579150662116,0.8358744707278151,0.8726341581483018,3.8018565941101152,0.8154075970977379,0.041705639375147714,-0.008170038027096626
19,180.0,190.0,5,8.0,10.0,10658,10.658,0.03177564560262023,0.9505708609706628,0.8767844034007313,3.766372677800713,0.7215237380371552,-0.06778827591329961,-0.10804119275761337
19,180.0,190.0,6,10.0,12.0,11759,11.759,0.03505815506110071,1.0487673816995708,0.8417276099757681,3.7801683816651077,0.6927459818011735,-0.0393244037874161,0.06269868939784108
19,180.0,190.0,7,12.0,14.0,10006,10.006,0.029831779874255775,0.8924199694945067,0.8738777362572604,3.699980011992804,0.7575454727163702,-0.011897347726723443,-0.009731220509808952
19,180.0,190.0,8,14.0,16.0,11477,11.477,0.03421740331969154,1.0236162292512947,0.8859717514671338,3.725538032586913,0.7529842293282216,0.017452173717443224,-0.02958051343560025
19,180.0,190.0,9,16.0,18.0,9902,9.902,0.02952171540224672,0.8831443671731567,0.8550715446381588,3.709856594627348,0.7438901232074329,0.020155428529095437,0.19893018590652725
19,180.0,190.0,10,18.0,20.0,11990,11.99,0.03574685595565928,1.069369921471031,0.8595861357874703,3.7724770642201837,0.747789824854045,-0.008603789733173434,-0.0977095953289075
19,180.0,190.0,11,20.0,22.0,11447,11.447,0.03412796164507354,1.0209405747355207,0.8334899098215837,3.67650912902944,0.7180920765266009,-0.0611285373029756,-0.3601301396095349
19,180.0,190.0,12,22.0,24.0,8795,8.795,0.026221317608842647,0.784412715541094,0.47886200614432217,2.909607731665719,0.23604320636725412,-0.04488061816182223,-0.1577800517794056
20,190.0,200.0,1,0.0,2.0,12696,12.696,0.03785171669833613,1.1323369910755805,0.6852772490433927,3.2753623188405796,0.478182104599874,0.12020798025257808,-0.06759896112361502
20,190.0,200.0,2,2.0,4.0,11207,11.207,0.03341242824812957,0.9995353386093283,0.8453834000529943,3.702685821361649,0.710716516462925,-0.056610994425786244,0.13711936410289752
20,190.0,200.0,3,4.0,6.0,9311,9.311,0.02775971441227219,0.8304339732124079,0.8427740036009185,3.641499301900977,0.702072817098056,-0.04581164877966163,0.003338876517577182
20,190.0,200.0,4,6.0,8.0,9517,9.517,0.02837388057798243,0.8488068008873896,0.8674620452365737,3.7669433645056216,0.787958390249028,0.033379521779662344,-0.018821133697172098
20,190.0,200.0,5,8.0,10.0,10550,10.55,0.031453655573995445,0.9409385047138763,0.8736177957653977,3.733080568720379,0.7082464454976304,-0.062328135087078976,-0.11379819031801444
20,190.0,200.0,6,10.0,12.0,12095,12.095,0.03605990181682227,1.0787347122762403,0.8297760547918049,3.733608929309632,0.6720132286068623,-0.045786692987664634,0.07423055948011333
20,190.0,200.0,7,12.0,14.0,9839,9.839,0.02933388788554893,0.8775254926900312,0.8698679994582728,3.699461327370668,0.7558694989328184,-0.0038222237154202747,-0.03186123707516283
20,190.0,200.0,8,14.0,16.0,11215,11.215,0.03343627936136104,1.0002488464802013,0.8859197660390817,3.7153811859117254,0.7471243869817209,0.026576406643615474,-0.028563583846168444
20,190.0,200.0,9,16.0,18.0,10117,10.117,0.030162714070342364,0.9023198912028708,0.8594159705669614,3.7231392705347437,0.7564495403775823,0.02202846574485489,0.21429997665173808
20,190.0,200.0,10,18.0,20.0,11518,11.518,0.0343396402750028,1.0272729570895194,0.8740893840174782,3.837732245181455,0.7621982983156798,-0.02290214862143762,-0.049707871449476346
20,190.0,200.0,11,20.0,22.0,11390,11.39,0.03395802246329935,1.0158568311555498,0.8256195109754457,3.5865671641791046,0.6531167690956979,-0.0896342512239434,-0.2816622268242861
20,190.0,200.0,12,22.0,24.0,8731,8.731,0.026030508702990923,0.7787046525741094,0.4800406127001974,2.774252662925209,0.208567174435918,-0.1299974217501085,-0.12567103172751432
21,200.0,210.0,1,0.0,2.0,12993,12.993,0.038737189277054294,1.1588259707817437,0.6819035808728459,3.1789425075040407,0.440467944277688,0.11919228365982022,-0.08318192785753954
21,200.0,210.0,2,2.0,4.0,11250,11.25,0.0335406279817487,1.003370443415271,0.8541195065899455,3.696711111111111,0.7126222222222223,-0.056667437735298386,0.13003526223907994
21,200.0,210.0,3,4.0,6.0,8799,8.799,0.02623324316545838,0.7847694694765306,0.8357541772019895,3.6442777588362314,0.7241732015001705,-0.035086718562615894,-0.015953538423197973
21,200.0,210.0,4,6.0,8.0,9713,9.713,0.02895823285215334,0.8662877437237801,0.8708909964215475,3.8015031401214867,0.8127252136312159,0.03961319288744659,-0.014493654139248555
21,200.0,210.0,5,8.0,10.0,10343,10.343,0.03083650801913127,0.9224764885550354,0.8843740471166861,3.7443681717103354,0.7256115247026975,-0.06145734508283797,-0.11344435720712125
21,200.0,210.0,6,10.0,12.0,12111,12.111,0.0361076040432852,1.0801617280179865,0.8452703337959004,3.814548757328049,0.7136487490710924,-0.04723145752977428,0.07778434482898773
21,200.0,210.0,7,12.0,14.0,9983,9.983,0.029763207923715312,0.8903686343657468,0.8767015467359633,3.740458779925874,0.7801262145647601,-0.010722866258754014,-0.03419040559685436
21,200.0,210.0,8,14.0,16.0,11394,11.394,0.03396994801991508,1.0162135850909866,0.8853591381295464,3.739160961909777,0.767509215376514,0.02479852734204668,-0.0236182224803981
21,200.0,210.0,9,16.0,18.0,10081,10.081,0.030055384060800765,0.8991091057839419,0.867416095552331,3.7729391925404228,0.7922825116555897,0.0033164451050283882,0.2302196089586044
21,200.0,210.0,10,18.0,20.0,11884,11.884,0.03543082870534236,1.0599159421819626,0.8745634462899732,3.8428138673847188,0.7939246045102659,-0.027655336012808247,-0.059982796498730326
21,200.0,210.0,11,20.0,22.0,11072,11.072,0.033009940712348584,0.9874948932883448,0.8384927954186006,3.6744942196531793,0.7188403179190751,-0.0836669334923838,-0.32138560999636023
21,200.0,210.0,12,22.0,24.0,8879,8.879,0.02647175429777304,0.7919045481852615,0.4269810564631813,2.8116905056875776,0.1802004730262417,-0.1644181230323957,-0.13146848407203754
22,210.0,220.0,1,0.0,2.0,14957,14.957,0.04459263757537914,1.3339921530810852,0.6668543547406907,3.1465534532326003,0.384569098081166,0.13290442204341116,-0.08640319472637883
22,210.0,220.0,2,2.0,4.0,11320,11.32,0.033749325222524024,1.0096136372854105,0.8722645266912162,3.8128975265017666,0.8207597173144876,-0.11985066726608201,0.16219801034426318
22,210.0,220.0,3,4.0,6.0,7725,7.725,0.023031231214134106,0.6889810378118194,0.8755444324148719,3.831326860841424,0.8420711974110032,-0.012337489741987265,-0.0657711902480067
22,210.0,220.0,4,6.0,8.0,11212,11.212,0.03342733519389923,0.9999812810286237,0.8709349110915865,3.785943631823047,0.8071708883339279,0.08442451379701234,-0.02344795985790888
22,210.0,220.0,5,8.0,10.0,8926,8.926,0.0266118795880079,0.7960964069266407,0.8748749218202657,3.7071476585256553,0.7077078198521174,-0.11900951256291603,-0.10514171450200602
22,210.0,220.0,6,10.0,12.0,12461,12.461,0.03715109024716182,1.1113776973686837,0.8441552129408773,3.7565203434716317,0.6844555011636305,-0.04218392930506153,0.0855640823393116
22,210.0,220.0,7,12.0,14.0,10136,10.136,0.03021936046426709,0.9040144723961943,0.8859002694157592,3.7457576953433307,0.778906866614049,-0.008719827918920476,-0.03875490794646576
22,210.0,220.0,8,14.0,16.0,11717,11.717,0.03493293671663551,1.0450214653774872,0.8832340824579519,3.7213450541947597,0.7487411453443714,0.022729049737330545,-0.02442107757932384
22,210.0,220.0,9,16.0,18.0,9871,9.871,0.029429292338474793,0.8803795241735236,0.8818221164187084,3.8129875392564077,0.8148110627089454,0.005783415643424485,0.22924719260764653
22,210.0,220.0,10,18.0,20.0,12161,12.161,0.036256673500981856,1.084621152210943,0.8813489046233558,3.817860373324562,0.7813502179097114,-0.021095450879836733,-0.05258078418688327
22,210.0,220.0,11,20.0,22.0,10868,10.868,0.03240173732494621,0.9693004425810813,0.8370310075646474,3.655134339344866,0.701601030548399,-0.07278902518060014,-0.3405353201333865
22,210.0,220.0,12,22.0,24.0,8411,8.411,0.025076464173732292,0.7501643377391861,0.4051530613421255,2.745333491855903,0.10878611342289858,-0.1346967717926414,-0.12276252125930161
23,220.0,230.0,1,0.0,2.0,14656,14.656,0.04369523944004524,1.3071464194394855,0.6573392154498746,3.117085152838428,0.3345387554585153,0.13420921038693043,-0.06458359717067207
23,220.0,230.0,2,2.0,4.0,11153,11.153,0.03325143323381718,0.9947191604809349,0.8656647922998462,3.804536895902448,0.8065094593382947,-0.1241803771745273,0.17174101800586059
23,220.0,230.0,3,4.0,6.0,8093,8.093,0.02412838242278153,0.7218023998719811,0.8744451674406022,3.835907574447053,0.8178672927221056,-0.013165007534443312,-0.05384108623037847
23,220.0,230.0,4,6.0,8.0,10851,10.851,0.03235105370932935,0.9677842383554762,0.8762621745587189,3.8072988664639205,0.8237950419316192,0.08184014672043388,-0.016160078031939095
23,220.0,230.0,5,8.0,10.0,9206,9.206,0.0274466685511092,0.8210691824071986,0.8767380049020239,3.670649576363241,0.7068216380621334,-0.11577396326855938,-0.12299935300019428
23,220.0,230.0,6,10.0,12.0,12284,12.284,0.036623384366915646,1.0955913357256168,0.8524100620839046,3.785330511234126,0.6897590361445783,-0.04172628475682334,0.07955678422875001
23,220.0,230.0,7,12.0,14.0,10203,10.203,0.030419113537580617,0.9099901008147563,0.8888072065399825,3.726453004018426,0.7656571596589239,0.003929365856060685,-0.010698631666087182
23,220.0,230.0,8,14.0,16.0,11669,11.669,0.03478983003724672,1.0407404181522488,0.8754036563815659,3.7063158796812066,0.7407661324877881,0.026208646045821102,-0.03145350462500661
23,220.0,230.0,9,16.0,18.0,9876,9.876,0.029444199284244455,0.8808254665928191,0.873803637889003,3.7650870797893883,0.7847306601863102,0.02099350072042262,0.26690626031605735
23,220.0,230.0,10,18.0,20.0,12325,12.325,0.036745621322226904,1.0992480635638413,0.8771586580674645,3.7791480730223124,0.7032048681541582,0.015938985422417506,-0.0007454496546035898
23,220.0,230.0,11,20.0,22.0,10088,10.088,0.0300762537848783,0.8997334251709559,0.842954273064985,3.7140166534496433,0.7451427438540841,-0.08576511682035644,-0.30913068375856867
23,220.0,230.0,12,22.0,24.0,9341,9.341,0.027849156086890182,0.8331096277281818,0.44053374692818004,2.8602933304785356,0.1260036398672519,-0.04393669151658435,-0.03851088640004365
24,230.0,240.0,1,0.0,2.0,13971,13.971,0.041652987869600984,1.2460523079959778,0.6785064385908671,3.2128695154248086,0.3816476988046668,0.10113997373614352,-0.0745051674009029
24,230.0,240.0,2,2.0,4.0,10736,10.736,0.032008193956627025,0.9575275627116755,0.8708578182904774,3.7765461997019374,0.793871087928465,-0.1595760737115747,0.1487697343097298
24,230.0,240.0,3,4.0,6.0,8529,8.529,0.025428268093896412,0.7606885788345641,0.8753143069710804,3.820260288427717,0.8328057216555282,-0.0017909039257904638,-0.04522733405210141
24,230.0,240.0,4,6.0,8.0,10336,10.336,0.030815638295053738,0.9218521691680214,0.8744088457829412,3.8041795665634677,0.8233359133126935,0.06981999987606273,-0.015277011838578138
24,230.0,240.0,5,8.0,10.0,9722,9.722,0.02898506535453874,0.8670904400785123,0.8793283292724757,3.7144620448467394,0.7180621271343345,-0.10552613249438952,-0.12072958099167456
24,230.0,240.0,6,10.0,12.0,12236,12.236,0.03648027768752685,1.0913102885003783,0.8427042635241413,3.7815462569467146,0.692056227525335,-0.05147026909645997,0.07612477584899996
24,230.0,240.0,7,12.0,14.0,10016,10.016,0.029861593765795107,0.8933118543330981,0.8827287938851286,3.7197484025559104,0.7658746006389776,0.010344090644849278,-0.017349779349055756
24,230.0,240.0,8,14.0,16.0,11534,11.534,0.03438734250146573,1.0286999728312654,0.8782515396689952,3.701231142708514,0.7369516212935668,0.03342922003236597,-0.04281381841478579
24,230.0,240.0,9,16.0,18.0,9878,9.878,0.029450162062552323,0.8810038435605375,0.8700541836256078,3.7716136869811705,0.7880137679692245,0.014150831783790627,0.25047798677115896
24,230.0,240.0,10,18.0,20.0,12425,12.425,0.03704376023762023,1.1081669119497548,0.887701348835967,3.9101006036217303,0.7512273641851107,-0.05615593948785223,-0.05673136322187409
24,230.0,240.0,11,20.0,22.0,10050,10.05,0.029962960997028838,0.8963442627843088,0.8252464820441893,3.598805970149254,0.6790049751243781,-0.09097154852927868,-0.2713567469395762
24,230.0,240.0,12,22.0,24.0,9063,9.063,0.027020329902096754,0.8083152292153424,0.4744782072765738,2.8338298576630256,0.20721615359152598,-0.10816700119731254,0.06293304208133722
25,240.0,250.0,1,0.0,2.0,13850,13.85,0.04129223978197506,1.2352605014490226,0.6848349845116906,3.304476534296029,0.45407942238267146,0.09773600868001033,-0.07889065822817655
25,240.0,250.0,2,2.0,4.0,9919,9.919,0.02957239901786359,0.8846605713987621,0.8644674466079462,3.7463453977215444,0.7663070874080048,-0.19685705951425952,0.13068330074025547
25,240.0,250.0,3,4.0,6.0,9584,9.584,0.028573633651295956,0.8547824293059517,0.8672535584751768,3.7779632721202003,0.7958055091819699,0.013556192911417242,-0.04014553806760691
25,240.0,250.0,4,6.0,8.0,9513,9.513,0.028361955021366698,0.8484500469519531,0.8703245703268203,3.7925996005466205,0.8091033322821403,0.04932910623203387,-0.005853514380513467
25,240.0,250.0,5,8.0,10.0,10514,10.514,0.031346325564453846,0.9377277192949474,0.8833242578743233,3.7315008560015217,0.7294084078371695,-0.07796786292166431,-0.12669561213398012
25,240.0,250.0,6,10.0,12.0,11820,11.82,0.03524001979949063,1.054207879214978,0.8431852636954835,3.805160744500846,0.7066835871404399,-0.042289523248622424,0.06443433636431775
25,240.0,250.0,7,12.0,14.0,10224,10.224,0.030481722709813218,0.9118630589757983,0.8720520942425694,3.7167449139280127,0.7683881064162754,-0.003907054288629646,-0.0020518110313892286
25,240.0,250.0,8,14.0,16.0,11220,11.22,0.033451186307130704,1.000694788899497,0.8840192459472798,3.731372549019608,0.7598930481283422,0.0251559136162676,-0.02787795681783708
25,240.0,250.0,9,16.0,18.0,10033,10.033,0.029912277381411972,0.8948280585587034,0.8679440104218409,3.7498255756005183,0.7738463071862852,0.01718306166982983,0.2430308600953264
25,240.0,250.0,10,18.0,20.0,12242,12.242,0.03649816602245045,1.0918454194035332,0.8764020607207887,3.7926809344878287,0.7204705113543539,-0.0015185304480585912,-0.014160010981081318
25,240.0,250.0,11,20.0,22.0,10123,10.123,0.03018060240526596,0.9028550221060255,0.8436611861346427,3.677072014225032,0.7216240244986664,-0.08274226813050896,-0.2946394085161278
25,240.0,250.0,12,22.0,24.0,9701,9.701,0.028922456182306145,0.8652174819174706,0.48782290300610964,2.875167508504278,0.1699824760333986,-0.06950684151447219,-0.04766450653799264
26,250.0,260.0,1,0.0,2.0,14322,14.322,0.04269945546263154,1.2773574658305342,0.6875721647232794,3.18251640832286,0.3794861052925569,0.12451102811391854,-0.085954104855658
26,250.0,260.0,2,2.0,4.0,10666,10.666,0.0317994967158517,0.9512843688415361,0.8681761557203866,3.802081380086255,0.7960810050628164,-0.17103659657704956,0.1540215904056116
26,250.0,260.0,3,4.0,6.0,8730,8.73,0.026027527313836993,0.7786154640902504,0.877671567644899,3.80836197021764,0.8213058419243986,0.012739410833357064,-0.04958235889543681
26,250.0,260.0,4,6.0,8.0,10327,10.327,0.03078880579266834,0.9210494728132892,0.8781743650003041,3.8307349665924275,0.8431296601142636,0.0679078386147105,-0.017144463470636435
26,250.0,260.0,5,8.0,10.0,9781,9.781,0.029160967314620805,0.8723525606262015,0.8869825205990017,3.7352008997035067,0.7469583887128105,-0.0981294062224229,-0.12396971956599073
26,250.0,260.0,6,10.0,12.0,12158,12.158,0.03624772933352006,1.0843535867593657,0.8488634187669181,3.7944563250534626,0.7052969238361573,-0.04875584361811763,0.07435485999342135
26,250.0,260.0,7,12.0,14.0,10132,10.132,0.03020743490765136,0.9036577184607577,0.8856126984353202,3.723055665219108,0.7742795104619029,0.004967220391973291,-0.019998910933122456
26,250.0,260.0,8,14.0,16.0,11377,11.377,0.03391926440429822,1.0146973808653812,0.8849966452225575,3.7179397029093786,0.7519557000966863,0.036275891581819104,-0.036856048726145396
26,250.0,260.0,9,16.0,18.0,9994,9.994,0.029796003204408575,0.8913497076881971,0.8768540926137723,3.7736641985191115,0.7890734440664399,0.002258383581216471,0.2422595258583699
26,250.0,260.0,10,18.0,20.0,11979,11.979,0.03571406067496601,1.0683888481485806,0.8783017479052898,3.8138408882210535,0.7104933633859254,-0.008712376202508226,-0.016054448434951782
26,250.0,260.0,11,20.0,22.0,10681,10.681,0.03184421755316069,0.9526221960994229,0.8259261276333983,3.6451643104578224,0.6961894953656025,-0.08494184248536951,-0.2945872271861484
26,250.0,260.0,12,22.0,24.0,8862,8.862,0.026421070682156177,0.7903883439596562,0.46609923494130007,2.8956217558113293,0.1966824644549763,-0.08346097639325781,-0.11809692609418168
27,260.0,270.0,1,0.0,2.0,14922,14.922,0.044488288954991476,1.3308705561460155,0.6661711020304064,3.191328240182281,0.3673100120627262,0.13828718121695283,-0.08975749960532205
27,260.0,270.0,2,2.0,4.0,10688,10.688,0.03186508727723823,0.9532465154864371,0.8711206872535174,3.8635853293413174,0.8366392215568862,-0.1423670258501024,0.1893683012496041
27,260.0,270.0,3,4.0,6.0,8636,8.636,0.025747276733367266,0.7702317466074915,0.8815540206826553,3.8446039833256136,0.8550254747568319,0.0010694357035109679,-0.061496257817174174
27,260.0,270.0,4,6.0,8.0,10472,10.472,0.031221107219988654,0.9339818029728637,0.8811850864158994,3.804430863254393,0.8205691367456074,0.08175238854503405,-0.005514026382178075
27,260.0,270.0,5,8.0,10.0,9588,9.588,0.028585559207911688,0.8551391832413882,0.8777717402164074,3.744993742177722,0.7221526908635795,-0.11714134352745977,-0.12080213544330752
27,260.0,270.0,6,10.0,12.0,12284,12.284,0.036623384366915646,1.0955913357256168,0.841105188720201,3.7613155323998697,0.6818625854770433,-0.04500466463988079,0.07516984468835018
27,260.0,270.0,7,12.0,14.0,10158,10.158,0.030284951025653623,0.9059766190410953,0.8806813460386731,3.726225634967513,0.7689505808229966,0.0035399973945686425,-0.031465489321311074
27,260.0,270.0,8,14.0,16.0,11618,11.618,0.03463777919039612,1.0361918054754327,0.8797339896371342,3.7163022895506974,0.7511619900154932,0.03271937784504247,-0.03856143292434653
27,260.0,270.0,9,16.0,18.0,10025,10.025,0.029888426268180508,0.8941145506878304,0.8730993788590935,3.7779551122194515,0.7991022443890274,-0.00245736712479134,0.23423432194962593
27,260.0,270.0,10,18.0,20.0,11715,11.715,0.034926973938327645,1.0448430884097688,0.8798287575655138,3.8266325224071704,0.7356380708493384,-0.049662224666460746,-0.041783626874513285
27,260.0,270.0,11,20.0,22.0,10693,10.693,0.03187999422300789,0.9536924579057325,0.7589332407323099,3.4292527821939585,0.5585897316001123,-0.048025170672551035,-0.2850168444295241
27,260.0,270.0,12,22.0,24.0,8301,8.301,0.02474851136679964,0.7403536045146814,0.43283616003024544,2.763161064931936,0.24177809902421396,-0.11850929002084337,-0.16864077502134409
28,270.0,280.0,1,0.0,2.0,14795,14.795,0.04410965253244196,1.3195436186959053,0.6672603016140255,3.152619128083812,0.34254815816154105,0.136846499807229,-0.09233743775483602
28,270.0,280.0,2,2.0,4.0,11100,11.1,0.03309341960865871,0.9899921708364006,0.8641434639389628,3.8527027027027025,0.8127027027027027,-0.12274313386758741,0.18391139205695833
28,270.0,280.0,3,4.0,6.0,8117,8.117,0.024199935762475932,0.7239429234846005,0.8847155123022367,3.8388567204632253,0.8495749661204879,-0.011803139156929772,-0.0566502159299852
28,270.0,280.0,4,6.0,8.0,11164,11.164,0.03328422851451044,0.9957002338033853,0.8821242457732369,3.8186134002149767,0.8324077391615908,0.08738425870082255,-0.024523278534272292
28,270.0,280.0,5,8.0,10.0,9051,9.051,0.026984553232249554,0.8072449674090327,0.8745761118711806,3.7166058999005633,0.7253342172135676,-0.12823643055041095,-0.11661605996178356
28,270.0,280.0,6,10.0,12.0,12547,12.547,0.03740748971440008,1.1190479069805694,0.825115983778653,3.691161233761058,0.6538614808320714,-0.026493142724044162,0.08189774205627025
28,270.0,280.0,7,12.0,14.0,10186,10.186,0.030368429921963754,0.9084738965891511,0.8734779874106403,3.677498527390536,0.7509326526605145,-0.02645397378049306,-0.09126235228293397
28,270.0,280.0,8,14.0,16.0,11433,11.433,0.034086222196918474,1.0196919359614927,0.8788024392721322,3.756494358436106,0.7618297909560046,0.02824983542820899,0.029321669520095146
28,270.0,280.0,9,16.0,18.0,9443,9.443,0.028153257780591374,0.8422068530818136,0.8636892539466645,3.757280525256804,0.7706237424547284,0.03259499770585001,0.23775920417310895
28,270.0,280.0,10,18.0,20.0,12974,12.974,0.03868054288312957,1.15713138958842,0.8709358898450431,3.847695390781563,0.7215970402343148,-0.07323171891673344,-0.03799485953201768
28,270.0,280.0,11,20.0,22.0,10642,10.642,0.0317279433761573,0.9491438452289167,0.713787180763074,3.2864123285096785,0.4855290358955084,-0.016037031011116396,-0.2438781937933952
28,270.0,280.0,12,22.0,24.0,7409,7.409,0.02208911224149121,0.6607974769123327,0.4547910379367243,2.832096099338642,0.2372789850182211,-0.15813096119189043,-0.1281240337448702
29,280.0,290.0,1,0.0,2.0,14839,14.839,0.044240833655215014,1.3234679119857071,0.6695807173513454,3.143203719927219,0.35811038479681917,0.1194622505382469,-0.08228970797605618
29,280.0,290.0,2,2.0,4.0,11219,11.219,0.033448204917976766,1.0006056004156376,0.8703558867834847,3.8058650503609948,0.813619752206079,-0.1229464098262229,0.15005410002999378
29,280.0,290.0,3,4.0,6.0,7865,7.865,0.023448625695684757,0.7014674255520984,0.8754778720239803,3.835473617291799,0.8333121424030515,-0.017048653905643276,-0.054147968063835976
29,280.0,290.0,4,6.0,8.0,11330,11.33,0.033779139114063356,1.0105055221240018,0.874406759811857,3.799117387466902,0.8180935569285084,0.08876403061778436,-0.03567302963024223
29,280.0,290.0,5,8.0,10.0,8933,8.933,0.02663274931208543,0.7967207263136546,0.8679290038232025,3.7053621403783725,0.7222657561849323,-0.13223888914920753,-0.10259760851951116
29,280.0,290.0,6,10.0,12.0,12552,12.552,0.03742239666016975,1.119493849399865,0.8383712701225707,3.7513543658381137,0.694231994901211,-0.025513186696396555,0.07232294386454367
29,280.0,290.0,7,12.0,14.0,10047,10.047,0.02995401682956704,0.8960766973327314,0.8810311477792665,3.722006569125112,0.7696824922862546,-0.044629017013264265,-0.10346641325303688
29,280.0,290.0,8,14.0,16.0,11694,11.694,0.03486436476609505,1.042970130248727,0.8807866986810545,3.7566273302548314,0.7811698306824012,0.022655562065025055,0.08499462415618404
29,280.0,290.0,9,16.0,18.0,9051,9.051,0.026984553232249554,0.8072449674090327,0.8488321230346818,3.722793061540161,0.7430118218981328,0.04774620522186418,0.239629884332892
29,280.0,290.0,10,18.0,20.0,13057,13.057,0.03892799818290602,1.1645340337487282,0.8797857002819713,3.8910929003599604,0.7309489162901126,-0.08738300493233847,-0.015226547245033303
29,280.0,290.0,11,20.0,22.0,10546,10.546,0.03144173001737971,0.9405817507784398,0.7153402729307193,3.301536127441684,0.4878626967570643,-0.025512858624030153,-0.19650180655009453
29,280.0,290.0,12,22.0,24.0,7509,7.509,0.022387251156884534,0.6697163252982463,0.45513092213594536,2.7696098015714474,0.25529364762285256,-0.11328000783271266,-0.15039209184522523
30,290.0,300.0,1,0.0,2.0,14808,14.808,0.04414841059144309,1.3207030689860741,0.672730167486756,3.2249459751485685,0.39620475418692597,0.10911343036868847,-0.09067315159021763
30,290.0,300.0,2,2.0,4.0,11141,11.141,0.03321565656396998,0.9936488986746252,0.8787353667760391,3.8566555964455613,0.8515393591239565,-0.14315127611053324,0.16946602602163213
30,290.0,300.0,3,4.0,6.0,8001,8.001,0.023854094620619673,0.7135970593569407,0.8824997842897258,3.856267966504187,0.8632670916135483,-0.0008680688072216344,-0.06464369061238864
30,290.0,300.0,4,6.0,8.0,11088,11.088,0.03305764293881151,0.9889219090300909,0.8783533091651256,3.8121392496392494,0.8287337662337663,0.08154213678443274,-0.02759647321742801
30,290.0,300.0,5,8.0,10.0,9227,9.227,0.027509277723341802,0.8229421405682406,0.8727007096721324,3.756909071204075,0.7310068277880134,-0.12350722603447586,-0.11373699333522845
30,290.0,300.0,6,10.0,12.0,12300,12.3,0.03667108659337858,1.097018351467363,0.841738624059127,3.783658536585366,0.7001626016260163,-0.03729809291735379,0.0824812970917187
30,290.0,300.0,7,12.0,14.0,10123,10.123,0.03018060240526596,0.9028550221060255,0.8804079959582773,3.7281438308801738,0.7724982712634595,-0.01933903268118429,-0.07492958784829926
30,290.0,300.0,8,14.0,16.0,11478,11.478,0.03422038470884547,1.0237054177351537,0.8757081760034067,3.726868792472556,0.7428994598362084,0.017001526593332848,0.05003018256603941
30,290.0,300.0,9,16.0,18.0,10164,10.164,0.030302839360577222,0.9065117499442501,0.8499133657763573,3.732487209759937,0.7506887052341598,0.020499579555034397,0.2300903109639271
30,290.0,300.0,10,18.0,20.0,11496,11.496,0.03427404971361627,1.0253108104446182,0.8743029519252855,3.8703897007654837,0.7553931802366041,-0.0363643596373462,-0.06914006363281927
30,290.0,300.0,11,20.0,22.0,11655,11.655,0.03474809058909165,1.0394917793782208,0.757690754922862,3.475075075075075,0.5614757614757615,-0.09009673037639683,-0.21999841453745447
30,290.0,300.0,12,22.0,24.0,7427,7.427,0.022142777246262006,0.6624028696217971,0.4271222474393487,2.7463309546250168,0.21327588528342534,-0.09525045714915854,-0.11838362811802172
31,300.0,310.0,1,0.0,2.0,14554,14.554,0.04339113774634405,1.2980491940858538,0.6669307054722078,3.174316339150749,0.36402363611378313,0.10527698307010974,-0.04843866157709224
31,300.0,310.0,2,2.0,4.0,10919,10.919,0.032553788171796806,0.9738490552578973,0.8728383031146475,3.838813078120707,0.8459565894312666,-0.11436358003773477,0.14346962579710099
31,300.0,310.0,3,4.0,6.0,8319,8.319,0.02480217637157044,0.7419589972241458,0.8812575356732932,3.868373602596466,0.8760668349561246,-0.0278690266574674,-0.04792327503961249
31,300.0,310.0,4,6.0,8.0,10795,10.795,0.032184095916709086,0.9627896832593645,0.8803243049200016,3.825196850393701,0.835942566002779,0.0811223928830669,-0.022023775785898654
31,300.0,310.0,5,8.0,10.0,9317,9.317,0.02777760274719579,0.8309691041155627,0.878832109667784,3.720188902007084,0.7263067511001395,-0.11219743671712568,-0.1197356335753555
31,300.0,310.0,6,10.0,12.0,12242,12.242,0.03649816602245045,1.0918454194035332,0.8456143135120472,3.771769318738768,0.6872243097533083,-0.04115392274565124,0.07558070575948014
31,300.0,310.0,7,12.0,14.0,10398,10.398,0.031000484422597598,0.9273818551672878,0.8840502275162823,3.7069628774764376,0.7520677053279476,-0.01856633751734143,-0.061439353643439235
31,300.0,310.0,8,14.0,16.0,11369,11.369,0.03389541329106675,1.013983872994508,0.8756449621636503,3.727768493271176,0.7442167297035799,0.027382377395114805,0.024993012905576137
31,300.0,310.0,9,16.0,18.0,9584,9.584,0.028573633651295956,0.8547824293059517,0.8545804695285387,3.7321577629382303,0.7618948247078464,0.021266148086531635,0.23312959265951017
31,300.0,310.0,10,18.0,20.0,12369,12.369,0.03687680244499997,1.1031723568536431,0.878918945014609,3.901608860861832,0.7790443851564395,-0.03350896444276837,-0.07314336730089986
31,300.0,310.0,11,20.0,22.0,11245,11.245,0.03352572103597903,1.002924500995975,0.7899725433220891,3.4963983992885725,0.5750111160515785,-0.11975224387863104,-0.20431850046945957
31,300.0,310.0,12,22.0,24.0,8573,8.573,0.025559449216669475,0.7646128721243661,0.39914534822311776,2.648081185116062,0.15070570395427504,-0.10821007600362753,-0.025381176821700033
32,310.0,320.0,1,0.0,2.0,14292,14.292,0.042610013788013545,1.2746818113147602,0.6797983217915924,3.180800447802967,0.38210187517492306,0.10766090369869424,-0.09431018592643316
32,310.0,320.0,2,2.0,4.0,11183,11.183,0.033340874908435174,0.9973948149967089,0.8700923909944193,3.8203523204864527,0.831082893677904,-0.12811849100594572,0.15140598291022914
32,310.0,320.0,3,4.0,6.0,8167,8.167,0.02434900522017259,0.7284023476775572,0.8774200039656207,3.848414350434676,0.8569854291661565,-0.013297877796885257,-0.0596911789811257
32,310.0,320.0,4,6.0,8.0,10754,10.754,0.03206185896139782,0.9591329554211399,0.8741822793906916,3.794681048912033,0.8089083131857914,0.0780795275396327,-0.015158635778288439
32,310.0,320.0,5,8.0,10.0,9421,9.421,0.028087667219204842,0.8402447064369126,0.871596009982084,3.6985458019318544,0.7058698651947777,-0.1169094669789888,-0.11312691880431024
32,310.0,320.0,6,10.0,12.0,12135,12.135,0.036179157382979596,1.0823022516306056,0.8415743706706136,3.772229089410795,0.6936135146271116,-0.036439619020889644,0.06526157692601685
32,310.0,320.0,7,12.0,14.0,10135,10.135,0.03021637907511316,0.9039252839123352,0.8661106191300697,3.6773556980759743,0.7288603848051307,-0.02544908088922404,-0.019298999091576226
32,310.0,320.0,8,14.0,16.0,11553,11.553,0.034443988895390465,1.030394554024589,0.8765929065254061,3.717735653077123,0.7591101878300008,0.01973704467527913,-0.005355671855090222
32,310.0,320.0,9,16.0,18.0,9611,9.611,0.028654131158452157,0.8571905183701485,0.8648550075808392,3.7545520757465405,0.7766101342212048,0.01835803122405897,0.23545779139685222
32,310.0,320.0,10,18.0,20.0,12375,12.375,0.03689469077992357,1.103707487756798,0.870816402557574,3.858747474747475,0.7422222222222222,-0.04095638735583147,-0.04854564261256715
32,310.0,320.0,11,20.0,22.0,10815,10.815,0.03224372369978775,0.9645734529365472,0.7754428613318513,3.4513176144244104,0.5375866851595007,-0.11465825305436392,-0.24444087755021446
32,310.0,320.0,12,22.0,24.0,8616,8.616,0.0256876489502886,0.7684479769303089,0.4876007033684672,2.746866295264624,0.24582172701949861,-0.1459591666266531,-0.07217070293706845
33,320.0,330.0,1,0.0,2.0,14203,14.203,0.04234467015331349,1.2667440362512972,0.6766238684785257,3.174892628317961,0.35386890093642187,0.11031780223997292,-0.06704168107973443
33,320.0,330.0,2,2.0,4.0,10937,10.937,0.0326074531765676,0.9754544479673617,0.8758251877808584,3.7970192923105057,0.8128371582700924,-0.13368640637624718,0.16590234334811343
33,320.0,330.0,3,4.0,6.0,8113,8.113,0.024188010205860193,0.7235861695491638,0.8816169115330812,3.795513373597929,0.810304449648712,-0.02106900549909779,-0.05768497909156395
33,320.0,330.0,4,6.0,8.0,11359,11.359,0.03386559939952742,1.0130919881559168,0.8708344350202467,3.765560348622238,0.7882736156351792,0.08283353193883128,-0.03189594162498061
33,320.0,330.0,5,8.0,10.0,8890,8.89,0.026504549578466305,0.7928856215077119,0.8823866515113313,3.6932508436445444,0.7227221597300337,-0.1199258398799699,-0.08441833459864898
33,320.0,330.0,6,10.0,12.0,12614,12.614,0.03760724278771361,1.1250235353991314,0.8537126948862641,3.8081496749643255,0.7346599016965276,-0.027206237144089013,0.053981436491530393
33,320.0,330.0,7,12.0,14.0,9754,9.754,0.029080469807464603,0.8699444715620047,0.8827851994591491,3.7031986877178595,0.7241131843346319,-0.023023530971634194,0.0324986315836718
33,320.0,330.0,8,14.0,16.0,11296,11.296,0.033677771882829624,1.0074731136727912,0.8682760363825716,3.719015580736544,0.7642528328611898,0.00840743698772106,0.01014755437195164
33,320.0,330.0,9,16.0,18.0,9621,9.621,0.02868394504999149,0.8580824032087399,0.8690433304171377,3.7633302151543497,0.7876520112254444,0.02360153428066794,0.2171957954850862
33,320.0,330.0,10,18.0,20.0,12593,12.593,0.03754463361548101,1.1231505772380894,0.8599617098524736,3.8206940363694115,0.7209560867148416,-0.02856604211554731,-0.05579688619461708
33,320.0,330.0,11,20.0,22.0,11447,11.447,0.03412796164507354,1.0209405747355207,0.7751636694043682,3.445356862059928,0.5523718004717393,-0.11209116760200523,-0.14002164263360825
33,320.0,330.0,12,22.0,24.0,7657,7.657,0.022828496751666646,0.6829162209093982,0.4406150361687154,2.682251534543555,0.2111793130468852,-0.09633224951858944,-0.1266003953993778
34,330.0,340.0,1,0.0,2.0,14563,14.563,0.04341797024872945,1.298851890440586,0.6777886143142875,3.2669779578383573,0.4142003708027192,0.08995236548088359,-0.09192687998668946
34,330.0,340.0,2,2.0,4.0,10980,10.98,0.03273565291018673,0.9792895527733044,0.883640488778158,3.8256830601092897,0.8387978142076503,-0.14197955585766112,0.16575115252716835
34,330.0,340.0,3,4.0,6.0,8219,8.219,0.024504037456177113,0.7330401488382321,0.8832517529781835,3.8387881737437644,0.8487650565762258,-0.01448181040506236,-0.06398862910744169
34,330.0,340.0,4,6.0,8.0,10893,10.893,0.03247627205379454,0.9715301546775597,0.8788697290134816,3.7973928210777563,0.8129991737813275,0.07480383396218424,-0.017399777179463966
34,330.0,340.0,5,8.0,10.0,9279,9.279,0.027664309959346326,0.8275799417289155,0.880230596861282,3.6894061860114236,0.7102058411466753,-0.11002018714434962,-0.08773411464076417
34,330.0,340.0,6,10.0,12.0,12371,12.371,0.036882765223307835,1.1033507338213615,0.8704434229497989,3.877778675935656,0.7942769380001616,-0.040225240437400604,0.03214825929527284
34,330.0,340.0,7,12.0,14.0,9941,9.941,0.02963798957925012,0.8866227180436631,0.9073529602735868,3.808872346846394,0.8282868926667337,-0.022861013792178288,0.02154473621393891
34,330.0,340.0,8,14.0,16.0,11120,11.12,0.03315304739173738,0.9917759405135833,0.8877652220264128,3.8113309352517986,0.8265287769784173,0.004779646063688092,0.004153615079267847
34,330.0,340.0,9,16.0,18.0,9793,9.793,0.029196743984467997,0.8734228224325109,0.8548785923080382,3.7510466659859083,0.7748391708363116,0.023927208197471343,0.1971820084799456
34,330.0,340.0,10,18.0,20.0,12734,12.734,0.03796500948618559,1.1357261534622276,0.8618087605841546,3.8297471336579236,0.714386681325585,-0.06352843547997546,-0.04814703975235741
34,330.0,340.0,11,20.0,22.0,11117,11.117,0.033144103224275585,0.9915083750620062,0.7619938918200138,3.4452640100746605,0.5298191958262121,-0.10354446616514168,-0.2197569074017245
34,330.0,340.0,12,22.0,24.0,7887,7.887,0.023514216257071285,0.7034295721969992,0.4227016071140026,2.7237225814631674,0.20109040192722202,-0.1405466585458241,-0.13767718696269782
35,340.0,350.0,1,0.0,2.0,14412,14.412,0.042967780486485536,1.2853844293778567,0.6605018582043068,3.2366777685262282,0.37746322509020264,0.1059466159152897,-0.0953337957289963
35,340.0,350.0,2,2.0,4.0,10752,10.752,0.03205589618308996,0.9589545784534218,0.8871231573856861,3.836030505952381,0.8456101190476191,-0.13009607763814715,0.14986495591883178
35,340.0,350.0,3,4.0,6.0,8596,8.596,0.025628021167209938,0.7666642072531261,0.8844307966925463,3.847370870172173,0.8563285248953001,-0.01311925007766217,-0.06489753428387184
35,340.0,350.0,4,6.0,8.0,10700,10.7,0.031900863947085425,0.9543167772927466,0.8797108511117562,3.7871962616822428,0.8068224299065421,0.07492556564564586,-0.016786121593334518
35,340.0,350.0,5,8.0,10.0,9484,9.484,0.028275494735902636,0.8458635809200382,0.8778841977543852,3.718473218051455,0.7081400253057781,-0.107003560198712,-0.08764314888974918
35,340.0,350.0,6,10.0,12.0,12461,12.461,0.03715109024716182,1.1113776973686837,0.8629138418115254,3.8621298451167645,0.7711259128480861,-0.03551220557416706,0.03905135584100788
35,340.0,350.0,7,12.0,14.0,9901,9.901,0.02951873401309279,0.8830551786892976,0.9080194407749965,3.7932532067467934,0.8136551863448137,-0.041769868389759705,0.005721837011180016
35,340.0,350.0,8,14.0,16.0,10823,10.823,0.032267574813019215,0.9652869608074203,0.888343023122741,3.787859188764668,0.806523145153839,-0.0035941997435332213,0.01745049586664906
35,340.0,350.0,9,16.0,18.0,9861,9.861,0.02939947844693546,0.8794876393349322,0.8505766610690085,3.6887739580164283,0.728627928202008,0.03777090052812826,0.19601777095721393
35,340.0,350.0,10,18.0,20.0,13194,13.194,0.03933644849699488,1.17675285603743,0.8537940949319763,3.8002122176747006,0.6708352281340003,-0.0658311307351433,-0.06598096359698041
35,340.0,350.0,11,20.0,22.0,10699,10.699,0.031897882557931495,0.9542275888088875,0.7726599100581206,3.512477801663707,0.5606131414150856,-0.1129727561908035,-0.2248526601622061
35,340.0,350.0,12,22.0,24.0,8693,8.693,0.02591721591514146,0.7753154901874623,0.4412552681382,2.8289428275624067,0.2150005751754285,-0.21623847190559867,-0.12141656354803902
36,350.0,360.0,1,0.0,2.0,14471,14.471,0.04314368244656759,1.2906465499255455,0.6774688006968993,3.2217538525326517,0.39686269089903947,0.10518742434506018,-0.08868818508055581
36,350.0,360.0,2,2.0,4.0,10867,10.867,0.03239875593579228,0.9692112540972223,0.87554269676282,3.8145762399926384,0.8254348026134167,-0.1429574999738155,0.17698417297605729
36,350.0,360.0,3,4.0,6.0,8260,8.26,0.024626274411488378,0.7366968766764568,0.8785262206794049,3.8207021791767555,0.8330508474576271,-0.02124944108717995,-0.054685231807149966
36,350.0,360.0,4,6.0,8.0,11041,11.041,0.03291751764857666,0.9847300502887117,0.8680510003338396,3.785436101802373,0.8028258309935694,0.08238265344502323,-0.013025809263037145
36,350.0,360.0,5,8.0,10.0,9156,9.156,0.027297599093412544,0.816609758214242,0.8781169566601745,3.6767147225862824,0.7155963302752294,-0.11632396701845622,-0.08655320748835094
36,350.0,360.0,6,10.0,12.0,12534,12.534,0.03736873165539895,1.1178884566904006,0.8689028532521909,3.8696345939045798,0.7774054571565342,-0.02742820574521416,0.04094744789079342
36,350.0,360.0,7,12.0,14.0,9809,9.809,0.02924444621093093,0.8748498381742571,0.8911911941466114,3.7585890508716484,0.7831583239881741,-0.014505780514761328,0.025687306419814898
36,350.0,360.0,8,14.0,16.0,11272,11.272,0.03360621854313523,1.005332590060172,0.8705872754303943,3.7576295244854507,0.7968417317246274,0.0009368355916503619,0.009841394460936787
36,350.0,360.0,9,16.0,18.0,9940,9.94,0.029635008190096183,0.8865335295598038,0.8737317208051195,3.7909456740442655,0.8074446680080483,0.037806563692894965,0.19920433306564247
36,350.0,360.0,10,18.0,20.0,12420,12.42,0.037028853291850565,1.1077209695304593,0.8656889904372334,3.8371175523349437,0.7265700483091787,-0.04595522856004225,-0.0687171804569009
36,350.0,360.0,11,20.0,22.0,11370,11.37,0.033898394680220684,1.0140730614783673,0.7626314062420195,3.4797713280562883,0.5591908531222516,-0.10680244991311383,-0.2808593029192173
36,350.0,360.0,12,22.0,24.0,8250,8.25,0.024596460519949046,0.7358049918378654,0.4032479892650675,2.6764848484848485,0.18921212121212122,-0.15935796561844945,-0.13370281761633446
37,360.0,370.0,1,0.0,2.0,14416,14.416,0.042979706043101265,1.285741183313293,0.6617178723150058,3.2270394006659266,0.38207547169811323,0.08783173723949238,-0.0731133269094312
37,360.0,370.0,2,2.0,4.0,10595,10.595,0.03158781808592244,0.9449519864875374,0.883863997871728,3.828975932043417,0.8392638036809816,-0.13731012573168405,0.17417950998336545
37,360.0,370.0,3,4.0,6.0,8560,8.56,0.025520691157668345,0.7634534218341974,0.88544665082554,3.848364485981308,0.8572429906542056,-0.0289392980300232,-0.04287217622209893
37,360.0,370.0,4,6.0,8.0,10608,10.608,0.03162657614492358,0.9461114367777063,0.8734257033025429,3.8015648567119156,0.8183446455505279,0.07106763899822086,0.00025738297881902904
37,360.0,370.0,5,8.0,10.0,9477,9.477,0.028254625011825105,0.8452392615330243,0.8876821416676197,3.6830220533924236,0.7190039041890893,-0.09646321562723838,-0.09205574157092095
37,360.0,370.0,6,10.0,12.0,12559,12.559,0.037443266384247276,1.1201181687868789,0.8760943329945862,3.907715582450832,0.806035512381559,-0.03716297872417391,0.03627615308798756
37,360.0,370.0,7,12.0,14.0,9767,9.767,0.029119227866465733,0.8711039218521733,0.9148166627638933,3.8267635916862908,0.8383331626906931,-0.022954158347464403,0.014322178407660894
37,360.0,370.0,8,14.0,16.0,11228,11.228,0.03347503742036217,1.00140829677037,0.8918366947340787,3.810741004631279,0.8286426790167438,0.00026575764754633793,0.0033423614172698023
37,360.0,370.0,9,16.0,18.0,9713,9.713,0.02895823285215334,0.8662877437237801,0.8483794971234081,3.7265520436528363,0.7465252754040976,0.047225290885577,0.18564205997158653
37,360.0,370.0,10,18.0,20.0,12747,12.747,0.03800376754518672,1.1368856037523962,0.8665643794566799,3.8077194634031537,0.7062838314897623,-0.02468263305933165,-0.06189666879249767
37,360.0,370.0,11,20.0,22.0,11076,11.076,0.03302186626896432,0.9878516472237815,0.7930177787601478,3.4851029252437704,0.5786384976525821,-0.1208133379098134,-0.2513818092108104
37,360.0,370.0,12,22.0,24.0,7973,7.973,0.023770615724309545,0.711099781808885,0.40538582868810635,2.658597767465195,0.2039382917346043,-0.11188208711313123,-0.10622642966224856
38,370.0,380.0,1,0.0,2.0,14661,14.661,0.0437101463858149,1.307592361858781,0.6641712914116259,3.2369551872314304,0.3939703976536389,0.09668113704342915,-0.08259560549825774
38,370.0,380.0,2,2.0,4.0,10581,10.581,0.03154607863776737,0.9437033477135094,0.8785449885341416,3.8348927322559305,0.846139306303752,-0.12906743085574754,0.17381972003957089
38,370.0,380.0,3,4.0,6.0,8627,8.627,0.02572044423098187,0.7694290502527594,0.8770411920573138,3.865190680421931,0.8715660136779877,-0.0430945890332552,-0.04717868699532801
38,370.0,380.0,4,6.0,8.0,10266,10.266,0.030606941054278414,0.915608975297882,0.8695365475022697,3.8022598870056497,0.8181375413987921,0.07415288536827967,0.003212048257874893
38,370.0,380.0,5,8.0,10.0,9871,9.871,0.029429292338474793,0.8803795241735236,0.8806198083415295,3.701246074359234,0.7259649478269679,-0.09274706685021053,-0.10176882259692578
38,370.0,380.0,6,10.0,12.0,12432,12.432,0.037064629961697765,1.108791231336769,0.8661196534613057,3.8754826254826256,0.7785553410553411,-0.03864998201451314,0.03601365419079571
38,370.0,380.0,7,12.0,14.0,9698,9.698,0.028913512014844347,0.8649499164658933,0.911499120736791,3.8252216951948856,0.8447102495359868,-0.025772702112989838,0.014348290956513837
38,370.0,380.0,8,14.0,16.0,11019,11.019,0.032851927087190126,0.9827679036438108,0.8949388955372156,3.8276613122787913,0.840275887104093,0.009082764988512883,-0.014137480814291725
38,370.0,380.0,9,16.0,18.0,9711,9.711,0.028952270073845477,0.866109366756062,0.8378649706219418,3.6863350839254454,0.7269076305220884,0.041769866068350106,0.18622012787588982
38,370.0,380.0,10,18.0,20.0,12827,12.827,0.03824227867750138,1.144020682461127,0.8558056762584776,3.8118811881188117,0.7180166835581195,-0.04930589928675319,-0.05083347149523768
38,370.0,380.0,11,20.0,22.0,10936,10.936,0.032604471787413665,0.9753652594835024,0.7982191303905436,3.5096927578639354,0.5870519385515728,-0.13506739369758583,-0.24694629516755986
38,370.0,380.0,12,22.0,24.0,8258,8.258,0.024620311633180507,0.7365184997087384,0.4247395813475085,2.786752240251877,0.24921288447565998,-0.13463429745414254,-0.026864136495194903
39,380.0,390.0,1,0.0,2.0,14059,14.059,0.041915350115147104,1.2539008945755816,0.693462823558329,3.2113237072338006,0.3932712141688598,0.10458855798604204,-0.10049590016307847
39,380.0,390.0,2,2.0,4.0,10695,10.695,0.031885957001315766,0.953870834873451,0.8751079692849015,3.802337540906966,0.816923796166433,-0.14059001543984273,0.16205382518022915
39,380.0,390.0,3,4.0,6.0,8573,8.573,0.025559449216669475,0.7646128721243661,0.8806684524116792,3.8229324623818965,0.837163186749096,-0.016455426175170963,-0.056581851217531835
39,380.0,390.0,4,6.0,8.0,10439,10.439,0.03112272137790886,0.9310385830055123,0.8748218422813773,3.8052495449755726,0.8164575150876521,0.06100915711073086,-0.02314189037767602
39,380.0,390.0,5,8.0,10.0,9647,9.647,0.028761461167993753,0.8604013037890773,0.8814581613379564,3.683735876438271,0.7111018969627864,-0.0854101586658752,-0.08799317988091708
39,380.0,390.0,6,10.0,12.0,12379,12.379,0.0369066163365393,1.1040642416922346,0.8677884433519036,3.866790532353179,0.77954600533161,-0.04161273374461589,0.0314298373070818
39,380.0,390.0,7,12.0,14.0,9746,9.746,0.02905661869423314,0.8692309636911316,0.9135539183583476,3.834290991175867,0.8465011286681715,-0.025337338725706267,0.022232365327960326
39,380.0,390.0,8,14.0,16.0,10611,10.611,0.031635520312385375,0.9463790022292836,0.8969433799709154,3.8417679766280277,0.8554330411836774,0.014789894183078156,-0.010999962069757646
39,380.0,390.0,9,16.0,18.0,9904,9.904,0.029527678180554587,0.883322744140875,0.8342538149269707,3.65922859450727,0.7032512116316639,0.028823033729041547,0.1875286049039362
39,380.0,390.0,10,18.0,20.0,12890,12.89,0.038430106194199176,1.1496395569442528,0.8511408099882835,3.807835531419705,0.7066718386346005,-0.04060492844253806,-0.06738167617565909
39,380.0,390.0,11,20.0,22.0,10888,10.888,0.03246136510802487,0.971084212258264,0.8007557750629839,3.4570168993387216,0.5613519470977223,-0.13863217091009022,-0.2067382977415661
39,380.0,390.0,12,22.0,24.0,8198,8.198,0.02444142828394452,0.7311671906771904,0.44519757953130795,2.780068309343742,0.25030495242742135,-0.12672103824865402,0.038464687302384955
40,390.0,400.0,1,0.0,2.0,14058,14.058,0.041912368725993174,1.2538117060917227,0.6900931533361039,3.1869398207426376,0.36761986057760704,0.09116375147289642,-0.10015873000313531
40,390.0,400.0,2,2.0,4.0,10612,10.612,0.031638501701539305,0.9464681907131427,0.8749180832685425,3.7760082924990575,0.7915567282321899,-0.1113364199469206,0.15716259063959126
40,390.0,400.0,3,4.0,6.0,8828,8.828,0.026319703450922445,0.7873559355084455,0.8805699516994057,3.8083371091980065,0.8227231536021749,-0.02140303037754972,-0.05251601589517173
40,390.0,400.0,4,6.0,8.0,10101,10.101,0.030115011843879432,0.9008928754611246,0.8727643428458596,3.784377784377784,0.8055638055638056,0.05708084557510715,-0.020645236014100246
40,390.0,400.0,5,8.0,10.0,9918,9.918,0.02956941762870965,0.8845713829149029,0.8839721991816886,3.6782617463198224,0.7121395442629562,-0.07387066584459064,-0.09462485338413829
40,390.0,400.0,6,10.0,12.0,12334,12.334,0.036772453824612306,1.1000507599185736,0.8704220540276261,3.9010053510621048,0.7929301118858441,-0.0440449684370904,0.0303272495845644
40,390.0,400.0,7,12.0,14.0,9727,9.727,0.02899997230030841,0.8675363824978081,0.9161752267977405,3.8394160583941606,0.8506219800555156,-0.0167117461318174,0.02913270652285768
40,390.0,400.0,8,14.0,16.0,10712,10.712,0.031936640616932625,0.9553870390990562,0.8954070401459439,3.8483943241224794,0.8584764749813294,0.018293931899168066,-0.012214024801057663
40,390.0,400.0,9,16.0,18.0,9818,9.818,0.02927127871331633,0.8756525345289894,0.8353185237574483,3.67335506213078,0.7091057241800774,0.01896891695598253,0.19864651509772427
40,390.0,400.0,10,18.0,20.0,13421,13.421,0.04001322383493771,1.1969986418734533,0.8544344203661307,3.813054168839878,0.6975635198569407,-0.02687455613601513,-0.0881253842747734
40,390.0,400.0,11,20.0,22.0,10856,10.856,0.03236596065509901,0.9682301807747716,0.8054260657114202,3.5238577745025794,0.5995762711864406,-0.14975913496964005,-0.17525867080541832
40,390.0,400.0,12,22.0,24.0,7980,7.98,0.02379148544838708,0.7117241011958989,0.42871819261651334,2.8479949874686716,0.25300751879699246,-0.08262556776708524,0.005590165223843056
41,400.0,410.0,1,0.0,2.0,14607,14.607,0.04354915137150251,1.302776183730388,0.6680492243341096,3.042240021907305,0.3050592181830629,0.11841874926571479,-0.08965584565200319
41,400.0,410.0,2,2.0,4.0,10450,10.45,0.031155516658602122,0.9320196563279628,0.8625961259293023,3.7716746411483255,0.7823923444976076,-0.11914308522680257,0.11808139488166691
41,400.0,410.0,3,4.0,6.0,8993,8.993,0.026811632661321427,0.8020720353452029,0.8819085791289657,3.795285221839208,0.8105192927832758,-0.002668429435134306,-0.06585566714893848
41,400.0,410.0,4,6.0,8.0,9998,9.998,0.029807928761024307,0.8917064616236337,0.8726357484771585,3.7959591918383677,0.8106621324264853,0.05108970160234474,-0.01998612015428984
41,400.0,410.0,5,8.0,10.0,10095,10.095,0.030097123508955832,0.9003577445579698,0.8838332930175614,3.6802377414561662,0.7147102526002972,-0.07530731574584733,-0.0965878872799071
41,400.0,410.0,6,10.0,12.0,12248,12.248,0.036516054357374046,1.092380550306688,0.8703042075092973,3.8971260613977794,0.7962932723709993,-0.02724360101222541,0.030868897497464985
41,400.0,410.0,7,12.0,14.0,9725,9.725,0.02899400952200054,0.8673580055300898,0.914728078475387,3.8231362467866323,0.8350642673521851,-0.027872529849458164,0.019209986406692286
41,400.0,410.0,8,14.0,16.0,10675,10.675,0.0318263292182371,0.9520870651962684,0.8959635788635116,3.831569086651054,0.8456206088992975,0.004739661574842295,0.005634723143607496
41,400.0,410.0,9,16.0,18.0,9730,9.73,0.029008916467770207,0.8678039479493854,0.8405179694788875,3.720452209660843,0.7528263103802673,0.022251778462185675,0.18233751124871123
41,400.0,410.0,10,18.0,20.0,12872,12.872,0.03837644118942838,1.1480341642347884,0.8667802749339212,3.803449347420758,0.7260720944686141,-0.04579007372912259,-0.053524271836774995
41,400.0,410.0,11,20.0,22.0,10204,10.204,0.030422094926734554,0.9100792892986156,0.8112238317449784,3.5272442179537435,0.5963347706781654,-0.08499873890643528,-0.16234606258058856
41,400.0,410.0,12,22.0,24.0,9445,9.445,0.02815922055889924,0.842385230049532,0.47449648357977364,2.9391212281630494,0.33795659078877716,-0.09294633791704837,0.0317638557271522
42,410.0,420.0,1,0.0,2.0,14411,14.411,0.0429647990973316,1.2852952408939973,0.6730641557244826,3.1299701616820483,0.3603497328429672,0.09359943405412942,-0.08763691069884941
42,410.0,420.0,2,2.0,4.0,10543,10.543,0.03143278584991791,0.9403141853268624,0.8563613547971787,3.7863037086218343,0.7220904865787726,-0.11092071895155012,0.07964344515196654
42,410.0,420.0,3,4.0,6.0,9039,9.039,0.026948776562402355,0.8061747056027231,0.8773675239311001,3.738909171368514,0.7592654054652064,-0.023731029030821804,-0.10646947303246984
42,410.0,420.0,4,6.0,8.0,10402,10.402,0.031012409979213326,0.9277386091027242,0.865293950153266,3.7574504902903287,0.7853297442799462,0.04174073192000528,-0.06389860368663923
42,410.0,420.0,5,8.0,10.0,9489,9.489,0.028290401681672305,0.846309523339334,0.8750341075082386,3.6654020444725472,0.711876910106439,-0.08427267408656615,-0.10694865380302741
42,410.0,420.0,6,10.0,12.0,12578,12.578,0.03749991277817201,1.1218127499802024,0.8702320077442715,3.8543488630942915,0.778979169979329,-0.03210887410411184,0.009492550189884352
42,410.0,420.0,7,12.0,14.0,9638,9.638,0.02873462866560835,0.859598607434345,0.9005721566254767,3.809296534550737,0.8219547623988379,-0.03754972934160342,-0.007511347989162205
42,410.0,420.0,8,14.0,16.0,10947,10.947,0.032637267068106934,0.9763463328059531,0.8981342847104884,3.8435187722663744,0.8516488535671873,0.004530870097222178,0.01014608020452116
42,410.0,420.0,9,16.0,18.0,9567,9.567,0.028522950035679093,0.8532662250803464,0.8393948327675124,3.694261523988711,0.7386850632382147,0.03629296515579608,0.18673796082618413
42,410.0,420.0,10,18.0,20.0,12882,12.882,0.03840625508096771,1.1489260490733797,0.8692262133831785,3.830383480825959,0.7404906070485949,-0.052475407871403694,-0.06014388216148149
42,410.0,420.0,11,20.0,22.0,10352,10.352,0.03086334052151667,0.9232791849097676,0.8202306748872246,3.588581916537867,0.6378477588871716,-0.10503931918669691,-0.15944077995857142
42,410.0,420.0,12,22.0,24.0,9019,9.019,0.02688914877932369,0.8043909359255403,0.4338476853427213,2.884909635214547,0.2991462468122852,-0.059696011505826055,0.043955776615138616
43,420.0,430.0,1,0.0,2.0,14281,14.281,0.04257721850732028,1.2737007379923098,0.6928390494794707,3.1831104264407255,0.3983614592815629,0.09860325703149644,-0.09863355362947848
43,420.0,430.0,2,2.0,4.0,10647,10.647,0.03174285032192697,0.9495897876482124,0.8574150336031908,3.7140978679440217,0.7322250399173477,-0.12968407359986397,0.11172171252364373
43,420.0,430.0,3,4.0,6.0,8630,8.63,0.02572938839844367,0.7696966157043368,0.8733119325005024,3.746002317497103,0.7694090382387022,-0.017382289794899478,-0.0782053498792074
43,420.0,430.0,4,6.0,8.0,10361,10.361,0.03089017302390207,0.9240818812644999,0.8753310789286478,3.807837081362803,0.8214458063893446,0.06412534363284945,-0.025793018422980547
43,420.0,430.0,5,8.0,10.0,9729,9.729,0.029005935078616273,0.8677147594655263,0.8885632283917319,3.703566656388118,0.7397471477027444,-0.08489685936017174,-0.08904769401774898
43,420.0,430.0,6,10.0,12.0,12375,12.375,0.03689469077992357,1.103707487756798,0.8730923216292223,3.915959595959596,0.8105858585858586,-0.03156304027028663,0.03935315620030605
43,420.0,430.0,7,12.0,14.0,9805,9.805,0.029232520654315197,0.8744930842388206,0.9159798825559403,3.846200917899031,0.8566037735849057,-0.027004733887322614,0.02362481547109628
43,420.0,430.0,8,14.0,16.0,10747,10.747,0.03204098923732029,0.958508636034126,0.8986091753278893,3.842281566948916,0.8534474737135945,0.001213287658084136,0.009497636570062352
43,420.0,430.0,9,16.0,18.0,9706,9.706,0.028937363128075808,0.8656634243367661,0.8314711801648434,3.687718936740161,0.7293426746342468,0.042754699244802415,0.18561899886937808
43,420.0,430.0,10,18.0,20.0,12805,12.805,0.038176688116114854,1.1420585358162263,0.8580245032099516,3.819367434595861,0.7323701679031628,-0.048250548422619166,-0.0713772479802089
43,420.0,430.0,11,20.0,22.0,10863,10.863,0.03238683037917654,0.9688545001617856,0.8195008399100676,3.5816072908036456,0.6460462119119948,-0.14654942847648186,-0.1780053724858525
43,420.0,430.0,12,22.0,24.0,8349,8.349,0.024891618046188436,0.7446346517399198,0.4503916021060277,2.8512396694214877,0.277398490837226,-0.08001286752689143,0.048399985956700205
44,430.0,440.0,1,0.0,2.0,14701,14.701,0.043829401951972234,1.3111599012131465,0.6996994420286538,3.2746071695803005,0.44003809264675875,0.08366018201894189,-0.10101797673340589
44,430.0,440.0,2,2.0,4.0,10248,10.248,0.030553276049507614,0.9140035825884175,0.8613930937913276,3.716334894613583,0.7464871194379391,-0.16793444634070856,0.12097136649801267
44,430.0,440.0,3,4.0,6.0,9039,9.039,0.026948776562402355,0.8061747056027231,0.8745068785608212,3.7691116273924106,0.7889147029538666,0.016433353959732968,-0.05572533548077876
44,430.0,440.0,4,6.0,8.0,9878,9.878,0.029450162062552323,0.8810038435605375,0.8750082968556915,3.8164608220287506,0.8318485523385301,0.03567851309827239,-0.02590259451334069
44,430.0,440.0,5,8.0,10.0,10154,10.154,0.03027302546903789,0.9056198651056587,0.8887892362196206,3.6929288950167423,0.7278904865077802,-0.06323489418899764,-0.0880525879718121
44,430.0,440.0,6,10.0,12.0,12206,12.206,0.03639083601290885,1.088634633984604,0.8743820974954927,3.90652138292643,0.8037030968376209,-0.02588351004685488,0.028032979173033
44,430.0,440.0,7,12.0,14.0,9838,9.838,0.02933090649639499,0.877436304206172,0.9151629896513398,3.8085993088026022,0.8249644236633462,-0.028066772699478146,0.023363323693628982
44,430.0,440.0,8,14.0,16.0,10744,10.744,0.03203204506985849,0.9582410705825486,0.8987678374678733,3.816734921816828,0.8304169769173492,-0.00859688730435508,0.02320354286488648
44,430.0,440.0,9,16.0,18.0,9973,9.973,0.02973339403217598,0.8894767495271554,0.8387216099312391,3.6741201243357064,0.7203449313145492,0.0416659410121367,0.18216575063323656
44,430.0,440.0,10,18.0,20.0,12429,12.429,0.03705568579423596,1.1085236658851914,0.8665905655769547,3.8242014643173223,0.7406871027435835,-0.04835048992282692,-0.0876652155134808
44,430.0,440.0,11,20.0,22.0,11486,11.486,0.03424423582207694,1.024418925606027,0.8156751049811704,3.570781821347728,0.6252829531603692,-0.15533119148948252,-0.1623951386845602
44,430.0,440.0,12,22.0,24.0,7674,7.674,0.02287918036728351,0.6844324251350035,0.47062889932922514,2.891581965076883,0.32968464946572845,-0.09149577091232619,0.016030763374081748
45,440.0,450.0,1,0.0,2.0,13694,13.694,0.040827143073961486,1.2213470979669976,0.7160091216283008,3.3205783554841535,0.46845333722798305,0.07396743520820605,-0.10331639602295614
45,440.0,450.0,2,2.0,4.0,10254,10.254,0.030571164384431214,0.9145387134915723,0.8656836084232392,3.710942071386776,0.7390286717378584,-0.1515442020170171,0.1183894934560023
45,440.0,450.0,3,4.0,6.0,9253,9.253,0.027586793841344062,0.825261041148578,0.8752771852742393,3.763428077380309,0.7846103966281206,-0.005671372872716998,-0.058296072928976504
45,440.0,450.0,4,6.0,8.0,9887,9.887,0.029476994564937724,0.8818065399152698,0.8621707219651655,3.7590775766157583,0.7832507332861333,0.032396116638451156,-0.0394593657966551
45,440.0,450.0,5,8.0,10.0,10141,10.141,0.03023426741003676,0.90446041481549,0.8737108318884554,3.6424415738092892,0.687703382309437,-0.07533478669579322,-0.10475956386012311
45,440.0,450.0,6,10.0,12.0,12198,12.198,0.03636698489967739,1.0879211261137314,0.8658899462891605,3.866945400885391,0.7822593867847188,-0.029739161988988207,0.026727798955486017
45,440.0,450.0,7,12.0,14.0,9777,9.777,0.029149041758005065,0.8719958066907647,0.9066352971825562,3.8119054924823565,0.8261225324741741,-0.02675770114258766,0.022712585726684265
45,440.0,450.0,8,14.0,16.0,10785,10.785,0.032154282025169754,0.9618977984207732,0.8927478545829295,3.8098284654612886,0.8227167362076959,-0.004672487299554173,0.01356139042788775
45,440.0,450.0,9,16.0,18.0,9968,9.968,0.029718487086406314,0.8890308071078596,0.8360878220350562,3.674959871589085,0.7227126805778491,0.02467973162986259,0.18889755116298634
45,440.0,450.0,10,18.0,20.0,12539,12.539,0.03738363860116861,1.1183343991096961,0.8579278229769963,3.8050881250498443,0.7310790334157429,-0.043775919149416025,-0.08556944249436306
45,440.0,450.0,11,20.0,22.0,11362,11.362,0.03387454356698922,1.0133595536074942,0.7973574954633914,3.5576483013553952,0.6234817813765182,-0.12699895360702157,-0.14994809510747317
45,440.0,450.0,12,22.0,24.0,7913,7.913,0.023591732375073553,0.7057484727773369,0.4427164222697474,2.8130923796284595,0.27600151649184884,-0.10112768858565922,-0.03915508784014078
46,450.0,460.0,1,0.0,2.0,13579,13.579,0.04048428332125916,1.2110904223231969,0.6985450573793294,3.2553943589365932,0.42764562928050665,0.059290370033916136,-0.12274308683953841
46,450.0,460.0,2,2.0,4.0,10334,10.334,0.03080967551674587,0.9216737922003031,0.8758449388740304,3.7495645442229533,0.7699825817689181,-0.14997467984825424,0.12243874315284463
46,450.0,460.0,3,4.0,6.0,9262,9.262,0.027613626343729464,0.8260637375033103,0.8771172297686942,3.7783416108831784,0.7929172964802419,-0.02091951632270279,-0.049074832994494805
46,450.0,460.0,4,6.0,8.0,10138,10.138,0.03022532324257496,0.9041928493639125,0.8583520483319729,3.751134346024857,0.7803314263168277,0.0409279476122234,-0.03221685746055014
46,450.0,460.0,5,8.0,10.0,9741,9.741,0.029041711748463473,0.868785021271836,0.8791369306003314,3.66122574684324,0.7007494097115285,-0.0890094964369535,-0.10677663427700966
46,450.0,460.0,6,10.0,12.0,12482,12.482,0.03721369941939442,1.1132506555297255,0.873383054021258,3.8741387598141324,0.8155744271751322,-0.031171627872200906,0.03774622815920026
46,450.0,460.0,7,12.0,14.0,9652,9.652,0.028776368113763415,0.8608472462083729,0.9048555433748041,3.8141317861583093,0.8248031496062992,-0.0335418057883777,0.023324310321238436
46,450.0,460.0,8,14.0,16.0,11096,11.096,0.033081494052042984,0.9896354169009642,0.8886312856545566,3.820656092285508,0.8306596971881759,0.0011963612064462286,0.009367550855546537
46,450.0,460.0,9,16.0,18.0,9738,9.738,0.02903276758100167,0.8685174558202585,0.8464931396081595,3.7209899363318955,0.7517970835900596,0.03703608167031619,0.19540872680831217
46,450.0,460.0,10,18.0,20.0,12682,12.682,0.037809977250181065,1.1310883523015525,0.8638760485403563,3.829049045891815,0.7409714556063712,-0.05482386918352667,-0.09614873227377105
46,450.0,460.0,11,20.0,22.0,11339,11.339,0.03380597161644876,1.011308218478734,0.8044272953761521,3.5203280712584886,0.592556662845048,-0.14248136347908358,-0.19449800846474963
46,450.0,460.0,12,22.0,24.0,8341,8.341,0.024867766932956965,0.7439211438690466,0.43945253632148207,2.7067497901930224,0.21819925668385085,-0.051149235265699255,-0.18400017146297645
47,460.0,470.0,1,0.0,2.0,13941,13.941,0.04156354619498299,1.2433766534802038,0.6950949174105343,3.236496664514741,0.39781938167993686,0.10883130413597404,-0.12361237133813609
47,460.0,470.0,2,2.0,4.0,10686,10.686,0.031859124498930365,0.9530681385187187,0.8541244325706423,3.6887516376567473,0.7097136440202133,-0.1320929113232797,0.13010066768619954
47,460.0,470.0,3,4.0,6.0,8622,8.622,0.0257055372852122,0.7689831078334637,0.8808446436981906,3.799582463465553,0.8100208768267223,-0.052869735605783195,-0.05115415955511862
47,460.0,470.0,4,6.0,8.0,11026,11.026,0.03287279681126766,0.9833922230308247,0.8689146712764914,3.7434246326863776,0.7651006711409396,0.07508471749277719,-0.034291328830998294
47,460.0,470.0,5,8.0,10.0,9129,9.129,0.027217101586256343,0.8142016691500452,0.8804431952195235,3.7115784861430607,0.7085113374958922,-0.11729189260085422,-0.12445054029734934
47,460.0,470.0,6,10.0,12.0,12596,12.596,0.03755357778294281,1.123418142689667,0.8564271163108779,3.8034296602095905,0.7388059701492538,-0.022420398183390707,0.029751566224458386
47,460.0,470.0,7,12.0,14.0,9754,9.754,0.029080469807464603,0.8699444715620047,0.9002929898135056,3.7728111543981955,0.8021324584785728,-0.03984633479602589,-0.02265457801701174
47,460.0,470.0,8,14.0,16.0,11246,11.246,0.033528702425132964,1.0030136894798345,0.8929878375482868,3.8022407967277254,0.8213587053174463,-0.005898654155478085,0.010475072106690115
47,460.0,470.0,9,16.0,18.0,9727,9.727,0.02899997230030841,0.8675363824978081,0.8556366074895224,3.709468489770741,0.7437030944792845,0.03308695528805876,0.2103807537730379
47,460.0,470.0,10,18.0,20.0,12716,12.716,0.037911344481414797,1.1341207607527632,0.8644505632810776,3.8225070776973893,0.7415067631330607,-0.03707030998403846,-0.11218661489200858
47,460.0,470.0,11,20.0,22.0,11824,11.824,0.035251945356106366,1.0545646331504146,0.808623387924122,3.5477841677943167,0.6072395128552097,-0.14752793965083025,-0.1862759400390217
47,460.0,470.0,12,22.0,24.0,7796,7.796,0.023242909844063367,0.6953134201658181,0.3882520614993785,2.607491021036429,0.16149307337095947,-0.03153211157271006,-0.20481171099402432
48,470.0,480.0,1,0.0,2.0,14458,14.458,0.04310492438756646,1.2894870996353767,0.6809229571862843,3.1857794992391755,0.37439479872734815,0.08924597770293703,-0.1363396534342817
48,470.0,480.0,2,2.0,4.0,10277,10.277,0.030639736334971676,0.9165900486203324,0.8554533140442141,3.7329960105089035,0.7363043689792741,-0.11599913247222325,0.18320456774591332
48,470.0,480.0,3,4.0,6.0,9347,9.347,0.027867044421813782,0.8336447586313366,0.8705278134553013,3.7590670803466355,0.7628115973039478,-0.060377584336080696,-0.045476032428333396
48,470.0,480.0,4,6.0,8.0,10808,10.808,0.03222285397571022,0.9639491335495333,0.8547881795580695,3.687361213915618,0.7284418948926721,0.060952204235539306,-0.07245507086444249
48,470.0,480.0,5,8.0,10.0,8969,8.969,0.026740079321627027,0.7999315117325836,0.8591728437018878,3.56962872115063,0.6302820827294012,-0.10847847692954553,-0.11358324971207164
48,470.0,480.0,6,10.0,12.0,12842,12.842,0.038286999514810384,1.1453585097190142,0.8716178070916987,3.8296994237657684,0.7920105902507397,-0.032806356856314896,0.046292586911334456
48,470.0,480.0,7,12.0,14.0,9474,9.474,0.028245680844363304,0.8449716960814468,0.9033215388352331,3.7924846949546125,0.8102174371965379,-0.03929616089966734,-0.006534129133557354
48,470.0,480.0,8,14.0,16.0,11347,11.347,0.03382982272968022,1.0120217263496072,0.8868029508873022,3.798008284127963,0.8176610557856703,-0.001086569540763373,0.010109570803149231
48,470.0,480.0,9,16.0,18.0,9580,9.58,0.028561708094680224,0.8544256753705152,0.8466227031183522,3.7293319415448853,0.7541753653444676,0.02987971654099821,0.20316811569314036
48,470.0,480.0,10,18.0,20.0,12872,12.872,0.03837644118942838,1.1480341642347884,0.8626394218326559,3.83677750155376,0.728480422622747,-0.04334850184265276,-0.10575738864819995
48,470.0,480.0,11,20.0,22.0,11676,11.676,0.03481069976132425,1.0413647375392625,0.8089767399612396,3.56380609797876,0.6268413840356286,-0.13820909790062358,-0.16684281102474607
48,470.0,480.0,12,22.0,24.0,7973,7.973,0.023770615724309545,0.711099781808885,0.39462702547857853,2.666875705506083,0.17835193779004138,-0.0522896599301031,-0.2114221106043129
49,480.0,490.0,1,0.0,2.0,13951,13.951,0.04159336008652232,1.2442685383187952,0.671136608487352,3.1105297111318184,0.32442118844527273,0.08124590635495703,-0.07334594473694539
49,480.0,490.0,2,2.0,4.0,10178,10.178,0.03034457880873229,0.9077603887182781,0.8601297916275651,3.7610532521123994,0.7669483199056789,-0.04203483116622672,0.2047781910278704
49,480.0,490.0,3,4.0,6.0,9727,9.727,0.02899997230030841,0.8675363824978081,0.8687744659153025,3.784620129536342,0.8035365477536753,-0.062128795975518084,0.008785629452705869
49,480.0,490.0,4,6.0,8.0,9775,9.775,0.029143078979697205,0.8718174297230467,0.8767061824834286,3.796317135549872,0.811150895140665,0.08201414339441097,-0.03785729933679489
49,480.0,490.0,5,8.0,10.0,10238,10.238,0.030523462157968282,0.9131116977498261,0.8831214751475441,3.6906622387184997,0.7244579019339715,-0.060564074243952375,-0.11160382678160453
49,480.0,490.0,6,10.0,12.0,12235,12.235,0.036477296298372916,1.091221100016519,0.8735204425309303,3.908132407029015,0.7919901920719248,-0.044500852814919584,0.025588032299107916
49,480.0,490.0,7,12.0,14.0,9936,9.936,0.02962308263348045,0.8861767756243674,0.908998791986204,3.795289855072464,0.8145128824476651,-0.020151525641738357,0.04147012447941869
49,480.0,490.0,8,14.0,16.0,11039,11.039,0.03291155487026879,0.9845516733209935,0.8821572129425865,3.7867560467433643,0.8032430473774799,0.01546123483412698,0.0019947858869016712
49,480.0,490.0,9,16.0,18.0,9594,9.594,0.028603447542835288,0.855674314144543,0.8402573315052154,3.6574942672503648,0.7091932457786116,0.02629313317103619,0.23620948330149405
49,480.0,490.0,10,18.0,20.0,12696,12.696,0.03785171669833613,1.1323369910755805,0.8615716430772361,3.8218336483931945,0.7410995589161941,-0.04138588004476559,-0.07255562148053024
49,480.0,490.0,11,20.0,22.0,11260,11.26,0.03357044187328803,1.0042623282538623,0.8107390816983382,3.5217584369449377,0.5919182948490231,-0.12874502784799796,-0.15811488396333542
49,480.0,490.0,12,22.0,24.0,8868,8.868,0.026438959017079777,0.790923474862811,0.42835888451436155,2.688655841226883,0.18967072620658548,-0.03626225147878508,-0.16395756828660588
50,490.0,500.0,1,0.0,2.0,14470,14.47,0.04314070105741366,1.2905573614416863,0.6356425028394523,3.155286800276434,0.3565998617829993,0.0360009249859327,-0.10417038649000233
50,490.0,500.0,2,2.0,4.0,8945,8.945,0.02666852598193263,0.7977909881199643,0.8601827907432443,3.773840134153158,0.7839016210173281,-0.010012747293869861,0.22004633778702376
50,490.0,500.0,3,4.0,6.0,10775,10.775,0.03212446813363042,0.9610059135821818,0.8612737086193263,3.715174013921114,0.7482134570765662,-0.10654303494095535,0.055563569361533914
50,490.0,500.0,4,6.0,8.0,10019,10.019,0.02987053793325691,0.8935794197846756,0.8721910493713126,3.782413414512426,0.7998802275676216,0.08294394203094389,-0.03688539329257911
50,490.0,500.0,5,8.0,10.0,10069,10.069,0.030019607390953572,0.8980388439776325,0.8605987638093386,3.594200019862946,0.6601449995034263,-0.0874541710419084,-0.0794076268587164
50,490.0,500.0,6,10.0,12.0,12253,12.253,0.03653096130314372,1.0928264927259836,0.8726275064988737,3.885497429201012,0.7753203297151718,-0.044148532216779925,0.02194318243116967
50,490.0,500.0,7,12.0,14.0,9761,9.761,0.029101339531542134,0.8705687909490185,0.9100497227981366,3.766007581190452,0.7888536010654646,-0.02834131833587249,0.03755160191387765
50,490.0,500.0,8,14.0,16.0,11201,11.201,0.03339453991320597,0.9990002077061734,0.8849586721666618,3.789036693152397,0.8067136862780109,0.016988562653605183,-0.005880050428072345
50,490.0,500.0,9,16.0,18.0,9514,9.514,0.02836493641052063,0.8485392354358122,0.8423667534257779,3.664389321000631,0.7220937565692663,0.032335503843804375,0.2163652941279966
50,490.0,500.0,10,18.0,20.0,12830,12.83,0.038251222844963184,1.1442882479127046,0.8671615567379877,3.7427123928293065,0.7412314886983632,-0.03259336547635774,-0.04766703479870723
50,490.0,500.0,11,20.0,22.0,11070,11.07,0.03300397793404072,0.9873165163206266,0.8045232615474184,3.4967479674796746,0.5844625112917796,-0.05719161065679438,-0.07460133566110762
50,490.0,500.0,12,22.0,24.0,8914,8.914,0.0265761029181607,0.7950261451203311,0.41204127876192337,2.621943010993942,0.20753870316356293,-0.07734524584614504,-0.07516618870177347
