layer_index,z_min_A,z_max_A,water_count,wavenumber_cm-1,VDOS_area_normalized_mean_unsmoothed,VDOS_SEM_50_blocks
4,16.0,20.0,2,1201.189064,7.190380529e-05,6.288108725e-06
4,16.0,20.0,2,1203.224977,7.226785909e-05,4.666508072e-06
4,16.0,20.0,2,1205.260891,7.407592594e-05,4.944374599e-06
4,16.0,20.0,2,1207.296805,7.481404583e-05,5.117781994e-06
4,16.0,20.0,2,1209.332718,6.926639938e-05,4.526057053e-06
4,16.0,20.0,2,1211.368632,6.219754184e-05,3.942921096e-06
4,16.0,20.0,2,1213.404546,6.261009669e-05,4.200346816e-06
4,16.0,20.0,2,1215.440459,6.933031636e-05,5.231332151e-06
4,16.0,20.0,2,1217.476373,7.213357303e-05,5.864772232e-06
4,16.0,20.0,2,1219.512287,6.726996994e-05,4.947084489e-06
4,16.0,20.0,2,1221.5482,6.220684418e-05,4.191127826e-06
4,16.0,20.0,2,1223.584114,6.208555352e-05,4.37453851e-06
4,16.0,20.0,2,1225.620028,6.292277682e-05,4.440639629e-06
4,16.0,20.0,2,1227.655941,6.144838123e-05,4.069852513e-06
4,16.0,20.0,2,1229.691855,6.023307861e-05,4.459632424e-06
4,16.0,20.0,2,1231.727769,5.970222286e-05,4.232165203e-06
4,16.0,20.0,2,1233.763682,5.861893171e-05,3.60275159e-06
4,16.0,20.0,2,1235.799596,5.821793674e-05,3.447518101e-06
4,16.0,20.0,2,1237.83551,5.939040076e-05,3.805398945e-06
4,16.0,20.0,2,1239.871423,6.061436175e-05,3.813262826e-06
4,16.0,20.0,2,1241.907337,5.926213674e-05,3.670637805e-06
4,16.0,20.0,2,1243.943251,5.556871624e-05,3.800919198e-06
4,16.0,20.0,2,1245.979164,5.263592038e-05,3.461033645e-06
4,16.0,20.0,2,1248.015078,5.101280182e-05,2.952329722e-06
4,16.0,20.0,2,1250.050992,4.961251774e-05,2.565920618e-06
4,16.0,20.0,2,1252.086905,4.970042026e-05,2.634694432e-06
4,16.0,20.0,2,1254.122819,5.14755017e-05,2.758319874e-06
4,16.0,20.0,2,1256.158733,5.310123955e-05,2.708701815e-06
4,16.0,20.0,2,1258.194646,5.361510207e-05,2.568837787e-06
4,16.0,20.0,2,1260.23056,5.369888427e-05,2.801358528e-06
4,16.0,20.0,2,1262.266474,5.34686049e-05,3.239688507e-06
4,16.0,20.0,2,1264.302387,5.249410981e-05,3.305038687e-06
4,16.0,20.0,2,1266.338301,5.113490767e-05,3.073055845e-06
4,16.0,20.0,2,1268.374215,4.906201237e-05,2.605891941e-06
4,16.0,20.0,2,1270.410128,4.689982099e-05,2.509594512e-06
4,16.0,20.0,2,1272.446042,4.617245552e-05,2.588560333e-06
4,16.0,20.0,2,1274.481956,4.761802271e-05,2.573381283e-06
4,16.0,20.0,2,1276.517869,5.023682836e-05,2.626613257e-06
4,16.0,20.0,2,1278.553783,5.122304275e-05,2.334489739e-06
4,16.0,20.0,2,1280.589697,5.097079026e-05,2.840817851e-06
4,16.0,20.0,2,1282.62561,5.043573545e-05,3.383245011e-06
4,16.0,20.0,2,1284.661524,4.953238054e-05,3.498200867e-06
4,16.0,20.0,2,1286.697438,4.954357805e-05,3.653224915e-06
4,16.0,20.0,2,1288.733351,4.889138201e-05,3.21708874e-06
4,16.0,20.0,2,1290.769265,4.623466088e-05,2.37434126e-06
4,16.0,20.0,2,1292.805179,4.443544547e-05,1.74242561e-06
4,16.0,20.0,2,1294.841092,4.576870786e-05,1.908663672e-06
4,16.0,20.0,2,1296.877006,4.799922279e-05,2.482477843e-06
4,16.0,20.0,2,1298.91292,4.982393415e-05,3.559069723e-06
4,16.0,20.0,2,1300.948833,5.245741024e-05,4.076711815e-06
4,16.0,20.0,2,1302.984747,5.486800504e-05,3.928799609e-06
4,16.0,20.0,2,1305.020661,5.535608811e-05,3.473882378e-06
4,16.0,20.0,2,1307.056574,5.332492579e-05,2.792334239e-06
4,16.0,20.0,2,1309.092488,5.061985083e-05,2.526170646e-06
4,16.0,20.0,2,1311.128402,4.977554355e-05,2.949850756e-06
4,16.0,20.0,2,1313.164315,5.032963311e-05,3.157817993e-06
4,16.0,20.0,2,1315.200229,5.1274765e-05,3.070679764e-06
4,16.0,20.0,2,1317.236143,5.201257693e-05,2.717736811e-06
4,16.0,20.0,2,1319.272056,5.272841162e-05,2.484273975e-06
4,16.0,20.0,2,1321.30797,5.353561639e-05,2.482713411e-06
4,16.0,20.0,2,1323.343884,5.383122224e-05,2.423366091e-06
4,16.0,20.0,2,1325.379797,5.447178467e-05,2.641048486e-06
4,16.0,20.0,2,1327.415711,5.532022632e-05,3.226509373e-06
4,16.0,20.0,2,1329.451625,5.499606159e-05,3.434627681e-06
4,16.0,20.0,2,1331.487538,5.359363628e-05,3.39891484e-06
4,16.0,20.0,2,1333.523452,5.145464259e-05,3.554406193e-06
4,16.0,20.0,2,1335.559366,4.944780507e-05,3.064126701e-06
4,16.0,20.0,2,1337.595279,4.879664993e-05,2.23056877e-06
4,16.0,20.0,2,1339.631193,4.911422216e-05,2.377467592e-06
4,16.0,20.0,2,1341.667107,4.947447933e-05,2.628718474e-06
4,16.0,20.0,2,1343.70302,4.895145387e-05,2.507176999e-06
4,16.0,20.0,2,1345.738934,4.894539628e-05,2.93109951e-06
4,16.0,20.0,2,1347.774848,4.968321334e-05,3.106862095e-06
4,16.0,20.0,2,1349.810761,4.841914364e-05,3.166325726e-06
4,16.0,20.0,2,1351.846675,4.790673961e-05,3.037502012e-06
4,16.0,20.0,2,1353.882589,5.042731596e-05,2.86408461e-06
4,16.0,20.0,2,1355.918502,5.199091811e-05,2.878340279e-06
4,16.0,20.0,2,1357.954416,5.058773452e-05,2.882365991e-06
4,16.0,20.0,2,1359.99033,4.943001815e-05,3.180922094e-06
4,16.0,20.0,2,1362.026243,5.179880373e-05,3.670984202e-06
4,16.0,20.0,2,1364.062157,5.47829923e-05,3.760346786e-06
4,16.0,20.0,2,1366.098071,5.435043996e-05,3.553390624e-06
4,16.0,20.0,2,1368.133984,5.227241166e-05,3.456541689e-06
4,16.0,20.0,2,1370.169898,5.202858868e-05,3.686219868e-06
4,16.0,20.0,2,1372.205812,5.319783393e-05,3.792080978e-06
4,16.0,20.0,2,1374.241725,5.383178094e-05,3.690203697e-06
4,16.0,20.0,2,1376.277639,5.373017921e-05,3.665222748e-06
4,16.0,20.0,2,1378.313553,5.251773218e-05,3.543265464e-06
4,16.0,20.0,2,1380.349466,5.058464158e-05,3.445614372e-06
4,16.0,20.0,2,1382.38538,4.959910888e-05,3.432097972e-06
4,16.0,20.0,2,1384.421294,4.977722449e-05,3.238935175e-06
4,16.0,20.0,2,1386.457207,5.027981597e-05,3.104236038e-06
4,16.0,20.0,2,1388.493121,5.149709732e-05,3.590402592e-06
4,16.0,20.0,2,1390.529035,5.491828125e-05,4.390357256e-06
4,16.0,20.0,2,1392.564948,5.943438076e-05,4.655003621e-06
4,16.0,20.0,2,1394.600862,6.310824709e-05,4.682681051e-06
4,16.0,20.0,2,1396.636776,6.523955494e-05,4.805694397e-06
4,16.0,20.0,2,1398.672689,6.405666953e-05,4.338249127e-06
4,16.0,20.0,2,1400.708603,6.131681044e-05,3.410131461e-06
4,16.0,20.0,2,1402.744517,6.193073726e-05,2.977199553e-06
4,16.0,20.0,2,1404.78043,6.355325709e-05,3.485546466e-06
4,16.0,20.0,2,1406.816344,6.13799058e-05,3.150456367e-06
4,16.0,20.0,2,1408.852258,5.879895099e-05,2.944677175e-06
4,16.0,20.0,2,1410.888171,6.131359611e-05,4.139106305e-06
4,16.0,20.0,2,1412.924085,6.540839304e-05,5.137822623e-06
4,16.0,20.0,2,1414.959999,6.460291707e-05,4.693685323e-06
4,16.0,20.0,2,1416.995912,6.181532656e-05,4.127836949e-06
4,16.0,20.0,2,1419.031826,6.245828198e-05,4.05394813e-06
4,16.0,20.0,2,1421.06774,6.537595804e-05,5.056832246e-06
4,16.0,20.0,2,1423.103653,6.930597115e-05,6.031136739e-06
4,16.0,20.0,2,1425.139567,7.616202736e-05,5.960866234e-06
4,16.0,20.0,2,1427.175481,8.430030825e-05,6.060654365e-06
4,16.0,20.0,2,1429.211394,8.860030718e-05,6.436835888e-06
4,16.0,20.0,2,1431.247308,8.80038294e-05,6.442282869e-06
4,16.0,20.0,2,1433.283222,8.357397678e-05,6.476863871e-06
4,16.0,20.0,2,1435.319135,7.734356705e-05,5.421227147e-06
4,16.0,20.0,2,1437.355049,7.369009885e-05,4.251557678e-06
4,16.0,20.0,2,1439.390963,7.314194616e-05,3.950461437e-06
4,16.0,20.0,2,1441.426876,7.46501806e-05,4.390598703e-06
4,16.0,20.0,2,1443.46279,7.948133165e-05,5.360234462e-06
4,16.0,20.0,2,1445.498704,8.537488984e-05,6.032211593e-06
4,16.0,20.0,2,1447.534617,8.989485284e-05,6.523108201e-06
4,16.0,20.0,2,1449.570531,9.44947353e-05,8.131334724e-06
4,16.0,20.0,2,1451.606445,9.820883447e-05,1.025519566e-05
4,16.0,20.0,2,1453.642358,9.619045988e-05,8.480866078e-06
4,16.0,20.0,2,1455.678272,8.790730515e-05,7.315079915e-06
4,16.0,20.0,2,1457.714186,8.229431418e-05,6.734399342e-06
4,16.0,20.0,2,1459.750099,8.344726686e-05,6.394993224e-06
4,16.0,20.0,2,1461.786013,8.456127031e-05,6.433502434e-06
4,16.0,20.0,2,1463.821927,8.163275025e-05,6.385836361e-06
4,16.0,20.0,2,1465.85784,8.333848089e-05,8.758759547e-06
4,16.0,20.0,2,1467.893754,9.84943201e-05,1.54788471e-05
4,16.0,20.0,2,1469.929668,0.0001143430638,2.199206009e-05
4,16.0,20.0,2,1471.965581,0.0001170838019,2.249520249e-05
4,16.0,20.0,2,1474.001495,0.0001153025001,1.921810248e-05
4,16.0,20.0,2,1476.037409,0.0001127192156,1.595774388e-05
4,16.0,20.0,2,1478.073322,0.0001085584403,1.584029259e-05
4,16.0,20.0,2,1480.109236,0.0001152469203,2.10106337e-05
4,16.0,20.0,2,1482.14515,0.0001282496331,2.798753293e-05
4,16.0,20.0,2,1484.181063,0.0001209568422,2.591779914e-05
4,16.0,20.0,2,1486.216977,9.820765319e-05,1.498372696e-05
4,16.0,20.0,2,1488.252891,9.3596242e-05,1.000333184e-05
4,16.0,20.0,2,1490.288804,0.0001080905912,1.406919128e-05
4,16.0,20.0,2,1492.324718,0.0001159052772,1.551545899e-05
4,16.0,20.0,2,1494.360632,0.0001153704244,1.513056138e-05
4,16.0,20.0,2,1496.396545,0.0001229425869,2.468674951e-05
4,16.0,20.0,2,1498.432459,0.0001311649052,3.324743104e-05
4,16.0,20.0,2,1500.468373,0.0001303053387,3.607270565e-05
4,16.0,20.0,2,1502.504286,0.0001352035628,4.243857429e-05
4,16.0,20.0,2,1504.5402,0.0001490112239,4.908262554e-05
4,16.0,20.0,2,1506.576114,0.0001533064066,4.049554396e-05
4,16.0,20.0,2,1508.612027,0.0001400799444,2.216547146e-05
4,16.0,20.0,2,1510.647941,0.0001275194897,1.113383935e-05
4,16.0,20.0,2,1512.683855,0.0001385392128,1.678863534e-05
4,16.0,20.0,2,1514.719768,0.0001614270423,2.189669211e-05
4,16.0,20.0,2,1516.755682,0.0001755525512,3.110554332e-05
4,16.0,20.0,2,1518.791596,0.0001898925678,4.180327062e-05
4,16.0,20.0,2,1520.827509,0.0002118430719,4.533584038e-05
4,16.0,20.0,2,1522.863423,0.0002334860418,5.138475159e-05
4,16.0,20.0,2,1524.899337,0.0002575883327,6.376249124e-05
4,16.0,20.0,2,1526.93525,0.0002665453239,6.703915836e-05
4,16.0,20.0,2,1528.971164,0.0002570919155,6.144980228e-05
4,16.0,20.0,2,1531.007078,0.0002734620856,5.45181227e-05
4,16.0,20.0,2,1533.042991,0.0002852625239,6.581689013e-05
4,16.0,20.0,2,1535.078905,0.0002472052809,5.494902184e-05
4,16.0,20.0,2,1537.114819,0.0002110296626,3.069150605e-05
4,16.0,20.0,2,1539.150732,0.0002359532797,3.84207675e-05
4,16.0,20.0,2,1541.186646,0.0002896392466,5.865685692e-05
4,16.0,20.0,2,1543.22256,0.0003179792071,6.313889706e-05
4,16.0,20.0,2,1545.258473,0.000318753004,5.605602063e-05
4,16.0,20.0,2,1547.294387,0.0002942547639,5.11144035e-05
4,16.0,20.0,2,1549.330301,0.0002648448816,4.663390869e-05
4,16.0,20.0,2,1551.366214,0.000278462497,4.327377182e-05
4,16.0,20.0,2,1553.402128,0.0003188476501,6.364283978e-05
4,16.0,20.0,2,1555.438042,0.0003508747026,9.283859339e-05
4,16.0,20.0,2,1557.473955,0.0003698631564,0.0001047232681
4,16.0,20.0,2,1559.509869,0.0003471331151,8.428916478e-05
4,16.0,20.0,2,1561.545783,0.0003108366379,5.144955848e-05
4,16.0,20.0,2,1563.581696,0.0003273838038,5.068531607e-05
4,16.0,20.0,2,1565.61761,0.0003755069304,5.562878802e-05
4,16.0,20.0,2,1567.653524,0.0003923480872,5.138479276e-05
4,16.0,20.0,2,1569.689437,0.0003746336144,5.072711226e-05
4,16.0,20.0,2,1571.725351,0.0003704045377,5.517727776e-05
4,16.0,20.0,2,1573.761265,0.0003865843043,6.847310308e-05
4,16.0,20.0,2,1575.797178,0.0003934695942,7.614048122e-05
4,16.0,20.0,2,1577.833092,0.0003992932305,7.718002186e-05
4,16.0,20.0,2,1579.869006,0.0004085357713,7.527193465e-05
4,16.0,20.0,2,1581.904919,0.000387979032,6.287214332e-05
4,16.0,20.0,2,1583.940833,0.0003406296793,3.944433351e-05
4,16.0,20.0,2,1585.976747,0.0003255482332,3.282269983e-05
4,16.0,20.0,2,1588.01266,0.000357922234,3.804216665e-05
4,16.0,20.0,2,1590.048574,0.0003912681854,4.521949677e-05
4,16.0,20.0,2,1592.084488,0.000401385758,4.095694957e-05
4,16.0,20.0,2,1594.120401,0.0004069192957,3.722016072e-05
4,16.0,20.0,2,1596.156315,0.0004275725657,4.010408842e-05
4,16.0,20.0,2,1598.192229,0.0004458619446,4.834889874e-05
4,16.0,20.0,2,1600.228142,0.0004259461761,5.236592744e-05
4,16.0,20.0,2,1602.264056,0.0003906395323,5.130267469e-05
4,16.0,20.0,2,1604.29997,0.0003943402108,4.675096407e-05
4,16.0,20.0,2,1606.335883,0.0004275557439,4.402625846e-05
4,16.0,20.0,2,1608.371797,0.0004733498982,5.05407714e-05
4,16.0,20.0,2,1610.407711,0.0005206113459,5.673130031e-05
4,16.0,20.0,2,1612.443624,0.0005217194306,5.452945124e-05
4,16.0,20.0,2,1614.479538,0.0004910357807,4.989159373e-05
4,16.0,20.0,2,1616.515452,0.0004933817593,5.024571804e-05
4,16.0,20.0,2,1618.551365,0.00053452984,5.83001612e-05
4,16.0,20.0,2,1620.587279,0.0005919146771,6.6100203e-05
4,16.0,20.0,2,1622.623193,0.0006369193622,7.815054872e-05
4,16.0,20.0,2,1624.659106,0.0006345432272,8.808884587e-05
4,16.0,20.0,2,1626.69502,0.000604256062,8.549801529e-05
4,16.0,20.0,2,1628.730934,0.0006076738141,8.171669769e-05
4,16.0,20.0,2,1630.766847,0.0006230553916,7.7744129e-05
4,16.0,20.0,2,1632.802761,0.0006328659832,6.574069283e-05
4,16.0,20.0,2,1634.838675,0.0007439282826,7.922951676e-05
4,16.0,20.0,2,1636.874588,0.0009467233365,0.0001177105776
4,16.0,20.0,2,1638.910502,0.001067745947,0.0001407411376
4,16.0,20.0,2,1640.946416,0.001016509685,0.0001368100936
4,16.0,20.0,2,1642.982329,0.000874265656,0.0001170744869
4,16.0,20.0,2,1645.018243,0.0007904637094,9.724061923e-05
4,16.0,20.0,2,1647.054157,0.0008267623899,9.198827967e-05
4,16.0,20.0,2,1649.09007,0.0009764740374,0.0001020309592
4,16.0,20.0,2,1651.125984,0.001135699301,0.0001150213758
4,16.0,20.0,2,1653.161898,0.00116420771,0.0001127857021
4,16.0,20.0,2,1655.197811,0.001152684712,0.0001229350002
4,16.0,20.0,2,1657.233725,0.001142292662,0.0001240241158
4,16.0,20.0,2,1659.269639,0.001044254224,0.000104090263
4,16.0,20.0,2,1661.305552,0.0009345985956,9.498815445e-05
4,16.0,20.0,2,1663.341466,0.0008564627426,8.268902325e-05
4,16.0,20.0,2,1665.37738,0.0008037719714,7.996845041e-05
4,16.0,20.0,2,1667.413293,0.0008345322218,9.296354597e-05
4,16.0,20.0,2,1669.449207,0.0009116567817,9.896739663e-05
4,16.0,20.0,2,1671.485121,0.0009670514194,9.398057658e-05
4,16.0,20.0,2,1673.521034,0.001007932499,0.0001266989469
4,16.0,20.0,2,1675.556948,0.001000219789,0.0001528325525
4,16.0,20.0,2,1677.592862,0.000972915253,0.0001573351487
4,16.0,20.0,2,1679.628775,0.001013405808,0.0001489875946
4,16.0,20.0,2,1681.664689,0.001041755414,0.0001370669994
4,16.0,20.0,2,1683.700603,0.00097779495,0.0001262309911
4,16.0,20.0,2,1685.736516,0.0009194405415,0.0001131903479
4,16.0,20.0,2,1687.77243,0.0008911469878,9.403072233e-05
4,16.0,20.0,2,1689.808344,0.0008210292483,7.690974262e-05
4,16.0,20.0,2,1691.844257,0.0007563734313,7.336055849e-05
4,16.0,20.0,2,1693.880171,0.0007730091413,8.749048802e-05
4,16.0,20.0,2,1695.916085,0.0008077238278,0.000109680201
4,16.0,20.0,2,1697.951998,0.0007767262584,0.0001075531576
4,16.0,20.0,2,1699.987912,0.0007022728299,9.316803035e-05
4,16.0,20.0,2,1702.023826,0.0006203986183,7.518859679e-05
4,16.0,20.0,2,1704.059739,0.0005456672806,5.871981587e-05
4,16.0,20.0,2,1706.095653,0.0004970948457,5.035419429e-05
4,16.0,20.0,2,1708.131567,0.000467062402,4.661022899e-05
4,16.0,20.0,2,1710.16748,0.0004459263067,4.59236182e-05
4,16.0,20.0,2,1712.203394,0.0004134160703,4.628875181e-05
4,16.0,20.0,2,1714.239308,0.0003686290858,4.716875708e-05
4,16.0,20.0,2,1716.275221,0.0003381327229,4.704743135e-05
4,16.0,20.0,2,1718.311135,0.0003167753276,4.173171513e-05
4,16.0,20.0,2,1720.347049,0.0002968081768,3.601169574e-05
4,16.0,20.0,2,1722.382962,0.0002686275675,2.927423563e-05
4,16.0,20.0,2,1724.418876,0.0002340877909,2.175875169e-05
4,16.0,20.0,2,1726.45479,0.0002166717556,1.899661409e-05
4,16.0,20.0,2,1728.490703,0.0002178616418,2.739080438e-05
4,16.0,20.0,2,1730.526617,0.0002127886074,2.76635012e-05
4,16.0,20.0,2,1732.562531,0.0001969102862,2.283049094e-05
4,16.0,20.0,2,1734.598444,0.0001955563528,2.693516192e-05
4,16.0,20.0,2,1736.634358,0.0002083654636,3.256293168e-05
4,16.0,20.0,2,1738.670272,0.0002057886683,3.474415831e-05
4,16.0,20.0,2,1740.706185,0.0001882170806,2.22921592e-05
4,16.0,20.0,2,1742.742099,0.000183505132,1.908565778e-05
4,16.0,20.0,2,1744.778013,0.0001893596473,2.006957627e-05
4,16.0,20.0,2,1746.813926,0.0001827088047,1.822408848e-05
4,16.0,20.0,2,1748.84984,0.0001703638784,1.751799199e-05
4,16.0,20.0,2,1750.885754,0.0001640769437,2.061826142e-05
4,16.0,20.0,2,1752.921667,0.0001544528402,2.129585658e-05
4,16.0,20.0,2,1754.957581,0.0001415150901,1.748515778e-05
4,16.0,20.0,2,1756.993495,0.0001332687005,1.383390003e-05
4,16.0,20.0,2,1759.029408,0.000129741305,1.294462135e-05
4,16.0,20.0,2,1761.065322,0.0001271823212,1.31753453e-05
4,16.0,20.0,2,1763.101236,0.0001247961698,1.211624521e-05
4,16.0,20.0,2,1765.137149,0.0001220335957,1.168207755e-05
4,16.0,20.0,2,1767.173063,0.000119489254,1.186476586e-05
4,16.0,20.0,2,1769.208977,0.000118463686,1.217280286e-05
4,16.0,20.0,2,1771.24489,0.000115571027,1.139141695e-05
4,16.0,20.0,2,1773.280804,0.0001108671946,1.014849835e-05
4,16.0,20.0,2,1775.316718,0.0001095766844,1.127878812e-05
4,16.0,20.0,2,1777.352631,0.0001113720189,1.094125383e-05
4,16.0,20.0,2,1779.388545,0.0001103918865,1.020823773e-05
4,16.0,20.0,2,1781.424459,0.0001019989095,9.862375746e-06
4,16.0,20.0,2,1783.460372,9.069607477e-05,9.645086025e-06
4,16.0,20.0,2,1785.496286,8.48909102e-05,1.016898929e-05
4,16.0,20.0,2,1787.5322,8.299423189e-05,1.065135677e-05
4,16.0,20.0,2,1789.568113,8.150303945e-05,9.4230304e-06
4,16.0,20.0,2,1791.604027,8.191544873e-05,8.13680483e-06
4,16.0,20.0,2,1793.639941,8.072936077e-05,7.395584066e-06
4,16.0,20.0,2,1795.675854,7.557549346e-05,7.175295764e-06
4,16.0,20.0,2,1797.711768,7.126665521e-05,7.298323937e-06
4,16.0,20.0,2,1799.747682,6.946798811e-05,7.15085357e-06
4,16.0,20.0,2,1801.783595,6.828306282e-05,7.302635531e-06
4,16.0,20.0,2,1803.819509,6.879656028e-05,7.631334363e-06
4,16.0,20.0,2,1805.855423,6.98156542e-05,7.598130296e-06
4,16.0,20.0,2,1807.891336,6.720707781e-05,7.115651828e-06
4,16.0,20.0,2,1809.92725,6.442613793e-05,6.624717407e-06
4,16.0,20.0,2,1811.963164,6.648347251e-05,7.04302616e-06
4,16.0,20.0,2,1813.999077,6.911077965e-05,6.83214788e-06
4,16.0,20.0,2,1816.034991,6.61812314e-05,5.984724862e-06
4,16.0,20.0,2,1818.070905,6.066601652e-05,5.804058114e-06
4,16.0,20.0,2,1820.106818,5.98615263e-05,6.049120631e-06
4,16.0,20.0,2,1822.142732,6.202141875e-05,6.712750288e-06
4,16.0,20.0,2,1824.178646,6.102925468e-05,6.686741447e-06
4,16.0,20.0,2,1826.214559,5.83930368e-05,6.246515985e-06
4,16.0,20.0,2,1828.250473,5.698739878e-05,6.184218666e-06
4,16.0,20.0,2,1830.286387,5.526150599e-05,6.327977645e-06
4,16.0,20.0,2,1832.3223,5.328520195e-05,5.836571538e-06
4,16.0,20.0,2,1834.358214,5.101544609e-05,5.443801111e-06
4,16.0,20.0,2,1836.394128,4.668567834e-05,5.070470495e-06
4,16.0,20.0,2,1838.430041,4.285685075e-05,4.191898812e-06
4,16.0,20.0,2,1840.465955,4.171175435e-05,3.756515187e-06
4,16.0,20.0,2,1842.501869,4.173216688e-05,3.991564211e-06
4,16.0,20.0,2,1844.537782,4.076784645e-05,4.198349825e-06
4,16.0,20.0,2,1846.573696,3.874810164e-05,3.560517265e-06
4,16.0,20.0,2,1848.60961,3.823676874e-05,2.852869911e-06
4,16.0,20.0,2,1850.645523,4.1026547e-05,3.002764678e-06
4,16.0,20.0,2,1852.681437,4.523263513e-05,3.921434065e-06
4,16.0,20.0,2,1854.717351,4.659875953e-05,4.307056336e-06
4,16.0,20.0,2,1856.753264,4.413069651e-05,3.83780221e-06
4,16.0,20.0,2,1858.789178,4.002963688e-05,3.456183089e-06
4,16.0,20.0,2,1860.825092,3.647417317e-05,3.302043695e-06
4,16.0,20.0,2,1862.861005,3.564470218e-05,2.99390832e-06
4,16.0,20.0,2,1864.896919,3.74558312e-05,2.874023566e-06
4,16.0,20.0,2,1866.932833,3.829570551e-05,2.911802695e-06
4,16.0,20.0,2,1868.968746,3.614753202e-05,2.580968644e-06
4,16.0,20.0,2,1871.00466,3.404886463e-05,2.333263072e-06
4,16.0,20.0,2,1873.040574,3.415557301e-05,2.619179762e-06
4,16.0,20.0,2,1875.076487,3.52026459e-05,3.617980996e-06
4,16.0,20.0,2,1877.112401,3.568831135e-05,3.624282663e-06
4,16.0,20.0,2,1879.148315,3.543068446e-05,2.910794812e-06
4,16.0,20.0,2,1881.184228,3.504896978e-05,2.808582828e-06
4,16.0,20.0,2,1883.220142,3.43381665e-05,2.773557591e-06
4,16.0,20.0,2,1885.256056,3.333764228e-05,2.661641632e-06
4,16.0,20.0,2,1887.291969,3.296884808e-05,2.651274852e-06
4,16.0,20.0,2,1889.327883,3.279374424e-05,2.766573924e-06
4,16.0,20.0,2,1891.363797,3.23529341e-05,2.578414037e-06
4,16.0,20.0,2,1893.39971,3.224025996e-05,2.347646668e-06
4,16.0,20.0,2,1895.435624,3.244173867e-05,2.398773207e-06
4,16.0,20.0,2,1897.471538,3.302126706e-05,2.561533042e-06
4,16.0,20.0,2,1899.507451,3.309365275e-05,2.619943523e-06
4,16.0,20.0,2,1901.543365,3.151656833e-05,2.210218016e-06
4,16.0,20.0,2,1903.579279,2.948639072e-05,1.913673821e-06
4,16.0,20.0,2,1905.615192,2.841580207e-05,1.983915661e-06
4,16.0,20.0,2,1907.651106,2.885157171e-05,2.244543621e-06
4,16.0,20.0,2,1909.68702,2.926935185e-05,2.303174299e-06
4,16.0,20.0,2,1911.722933,2.859086976e-05,2.130374882e-06
4,16.0,20.0,2,1913.758847,2.891358831e-05,2.054072283e-06
4,16.0,20.0,2,1915.794761,3.027838915e-05,2.287627502e-06
4,16.0,20.0,2,1917.830674,3.025690023e-05,2.613530297e-06
4,16.0,20.0,2,1919.866588,2.901908493e-05,2.64409137e-06
4,16.0,20.0,2,1921.902502,2.82510448e-05,2.536193969e-06
4,16.0,20.0,2,1923.938415,2.790160556e-05,2.527720605e-06
4,16.0,20.0,2,1925.974329,2.719488668e-05,2.593953771e-06
4,16.0,20.0,2,1928.010243,2.656577458e-05,2.734079193e-06
4,16.0,20.0,2,1930.046156,2.654195478e-05,2.582632343e-06
4,16.0,20.0,2,1932.08207,2.667336589e-05,2.161165573e-06
4,16.0,20.0,2,1934.117984,2.655860213e-05,1.77598349e-06
4,16.0,20.0,2,1936.153897,2.644275365e-05,1.71863173e-06
4,16.0,20.0,2,1938.189811,2.648321728e-05,1.854338513e-06
4,16.0,20.0,2,1940.225725,2.633186931e-05,1.983311212e-06
4,16.0,20.0,2,1942.261638,2.616413533e-05,2.015193058e-06
4,16.0,20.0,2,1944.297552,2.646943052e-05,1.959519242e-06
4,16.0,20.0,2,1946.333466,2.685012878e-05,1.981780723e-06
4,16.0,20.0,2,1948.369379,2.671150789e-05,2.107265964e-06
4,16.0,20.0,2,1950.405293,2.597073022e-05,1.936499576e-06
4,16.0,20.0,2,1952.441207,2.496876447e-05,1.841307376e-06
4,16.0,20.0,2,1954.47712,2.459158272e-05,1.766690892e-06
4,16.0,20.0,2,1956.513034,2.493260714e-05,1.660867983e-06
4,16.0,20.0,2,1958.548948,2.436825627e-05,1.614701761e-06
4,16.0,20.0,2,1960.584861,2.264079277e-05,1.480295481e-06
4,16.0,20.0,2,1962.620775,2.21750675e-05,1.404327063e-06
4,16.0,20.0,2,1964.656689,2.395161048e-05,1.582909019e-06
4,16.0,20.0,2,1966.692602,2.579751661e-05,2.007244096e-06
4,16.0,20.0,2,1968.728516,2.60755453e-05,1.959114179e-06
4,16.0,20.0,2,1970.76443,2.5738392e-05,1.667035723e-06
4,16.0,20.0,2,1972.800343,2.582752907e-05,1.510666148e-06
4,16.0,20.0,2,1974.836257,2.517311925e-05,1.485789765e-06
4,16.0,20.0,2,1976.872171,2.317627105e-05,1.309816651e-06
4,16.0,20.0,2,1978.908084,2.225063385e-05,1.159596257e-06
4,16.0,20.0,2,1980.943998,2.354540031e-05,1.244766902e-06
4,16.0,20.0,2,1982.979912,2.502196953e-05,1.492819402e-06
4,16.0,20.0,2,1985.015825,2.562842102e-05,1.85256946e-06
4,16.0,20.0,2,1987.051739,2.595515056e-05,2.174333392e-06
4,16.0,20.0,2,1989.087653,2.605645287e-05,2.098355872e-06
4,16.0,20.0,2,1991.123566,2.560103756e-05,1.679106144e-06
4,16.0,20.0,2,1993.15948,2.485102404e-05,1.346036949e-06
4,16.0,20.0,2,1995.195394,2.3843472e-05,1.317769547e-06
4,16.0,20.0,2,1997.231307,2.262933323e-05,1.412419027e-06
4,16.0,20.0,2,1999.267221,2.233308167e-05,1.561851538e-06
4,16.0,20.0,2,2001.303135,2.347274581e-05,1.677434636e-06
4,16.0,20.0,2,2003.339048,2.448229505e-05,1.78668754e-06
4,16.0,20.0,2,2005.374962,2.404131014e-05,1.698631168e-06
4,16.0,20.0,2,2007.410876,2.300073541e-05,1.547818892e-06
4,16.0,20.0,2,2009.446789,2.273104939e-05,1.600051118e-06
4,16.0,20.0,2,2011.482703,2.327244504e-05,1.674132401e-06
4,16.0,20.0,2,2013.518617,2.321665011e-05,1.542293988e-06
4,16.0,20.0,2,2015.55453,2.25276133e-05,1.382726527e-06
4,16.0,20.0,2,2017.590444,2.226535733e-05,1.493409225e-06
4,16.0,20.0,2,2019.626358,2.231838727e-05,1.622979123e-06
4,16.0,20.0,2,2021.662271,2.29118057e-05,1.669048485e-06
4,16.0,20.0,2,2023.698185,2.406528478e-05,1.872779587e-06
4,16.0,20.0,2,2025.734099,2.377355432e-05,1.842818438e-06
4,16.0,20.0,2,2027.770012,2.180316258e-05,1.633510829e-06
4,16.0,20.0,2,2029.805926,2.097992604e-05,1.641499656e-06
4,16.0,20.0,2,2031.84184,2.233588493e-05,1.881459056e-06
4,16.0,20.0,2,2033.877753,2.384819397e-05,2.096630018e-06
4,16.0,20.0,2,2035.913667,2.40275323e-05,1.930771495e-06
4,16.0,20.0,2,2037.949581,2.336427365e-05,1.729738099e-06
4,16.0,20.0,2,2039.985494,2.247447412e-05,1.655064963e-06
4,16.0,20.0,2,2042.021408,2.208960541e-05,1.640235884e-06
4,16.0,20.0,2,2044.057322,2.231450167e-05,1.564562746e-06
4,16.0,20.0,2,2046.093235,2.280739275e-05,1.481517949e-06
4,16.0,20.0,2,2048.129149,2.322437048e-05,1.589450759e-06
4,16.0,20.0,2,2050.165063,2.200022264e-05,1.648607538e-06
4,16.0,20.0,2,2052.200976,2.033266181e-05,1.404839453e-06
4,16.0,20.0,2,2054.23689,2.058572884e-05,1.369979639e-06
4,16.0,20.0,2,2056.272804,2.148958487e-05,1.472381958e-06
4,16.0,20.0,2,2058.308717,2.162807156e-05,1.526367007e-06
4,16.0,20.0,2,2060.344631,2.079157487e-05,1.444621802e-06
4,16.0,20.0,2,2062.380545,2.035063669e-05,1.31137904e-06
4,16.0,20.0,2,2064.416458,2.176187938e-05,1.252293803e-06
4,16.0,20.0,2,2066.452372,2.354916843e-05,1.444407708e-06
4,16.0,20.0,2,2068.488286,2.397325459e-05,1.565344056e-06
4,16.0,20.0,2,2070.524199,2.30445473e-05,1.371711717e-06
4,16.0,20.0,2,2072.560113,2.223222753e-05,1.256348928e-06
4,16.0,20.0,2,2074.596027,2.209279904e-05,1.298227704e-06
4,16.0,20.0,2,2076.63194,2.199724442e-05,1.293953941e-06
4,16.0,20.0,2,2078.667854,2.241236381e-05,1.335671405e-06
4,16.0,20.0,2,2080.703768,2.32451114e-05,1.513967086e-06
4,16.0,20.0,2,2082.739681,2.342753036e-05,1.734559568e-06
4,16.0,20.0,2,2084.775595,2.29682954e-05,1.763353975e-06
4,16.0,20.0,2,2086.811509,2.232945779e-05,1.505403571e-06
4,16.0,20.0,2,2088.847422,2.162650675e-05,1.464828508e-06
4,16.0,20.0,2,2090.883336,2.09499166e-05,1.647901745e-06
4,16.0,20.0,2,2092.91925,1.989216887e-05,1.469995771e-06
4,16.0,20.0,2,2094.955163,1.822268486e-05,1.196453188e-06
4,16.0,20.0,2,2096.991077,1.743367829e-05,1.180056548e-06
4,16.0,20.0,2,2099.026991,1.845335775e-05,1.362525811e-06
4,16.0,20.0,2,2101.062904,2.003843962e-05,1.26122142e-06
4,16.0,20.0,2,2103.098818,2.110980109e-05,1.32213302e-06
4,16.0,20.0,2,2105.134732,2.132794536e-05,1.600703013e-06
4,16.0,20.0,2,2107.170645,2.059023581e-05,1.527395266e-06
4,16.0,20.0,2,2109.206559,1.923505773e-05,1.254170754e-06
4,16.0,20.0,2,2111.242473,1.805273011e-05,1.270976283e-06
4,16.0,20.0,2,2113.278386,1.781211365e-05,1.382520839e-06
4,16.0,20.0,2,2115.3143,1.826364926e-05,1.483833531e-06
4,16.0,20.0,2,2117.350214,1.862700313e-05,1.354150553e-06
4,16.0,20.0,2,2119.386127,1.901030135e-05,1.188356024e-06
4,16.0,20.0,2,2121.422041,1.944928376e-05,1.304828749e-06
4,16.0,20.0,2,2123.457955,1.895114435e-05,1.384456023e-06
4,16.0,20.0,2,2125.493868,1.743710018e-05,1.373524766e-06
4,16.0,20.0,2,2127.529782,1.57934223e-05,1.339168023e-06
4,16.0,20.0,2,2129.565696,1.455886335e-05,1.127486033e-06
4,16.0,20.0,2,2131.601609,1.417272018e-05,1.01504574e-06
4,16.0,20.0,2,2133.637523,1.458619757e-05,1.249814025e-06
4,16.0,20.0,2,2135.673437,1.495939888e-05,1.283674553e-06
4,16.0,20.0,2,2137.70935,1.52829842e-05,1.219355531e-06
4,16.0,20.0,2,2139.745264,1.553604138e-05,1.260893525e-06
4,16.0,20.0,2,2141.781178,1.500106147e-05,1.118101843e-06
4,16.0,20.0,2,2143.817091,1.399022375e-05,8.957551771e-07
4,16.0,20.0,2,2145.853005,1.326835179e-05,8.047695996e-07
4,16.0,20.0,2,2147.888919,1.306523079e-05,8.575907957e-07
4,16.0,20.0,2,2149.924832,1.274961057e-05,8.385432789e-07
4,16.0,20.0,2,2151.960746,1.205949117e-05,7.917321523e-07
4,16.0,20.0,2,2153.99666,1.188593869e-05,8.137348394e-07
4,16.0,20.0,2,2156.032573,1.22425514e-05,8.323282081e-07
4,16.0,20.0,2,2158.068487,1.232759445e-05,9.3004558e-07
4,16.0,20.0,2,2160.104401,1.201067183e-05,8.621507379e-07
4,16.0,20.0,2,2162.140314,1.14122671e-05,7.225010521e-07
4,16.0,20.0,2,2164.176228,1.071819757e-05,6.379781809e-07
4,16.0,20.0,2,2166.212142,1.03164679e-05,5.880720794e-07
4,16.0,20.0,2,2168.248055,1.054632173e-05,6.062099876e-07
4,16.0,20.0,2,2170.283969,1.100588428e-05,6.444844776e-07
4,16.0,20.0,2,2172.319883,1.072260897e-05,6.94026562e-07
4,16.0,20.0,2,2174.355796,1.004149092e-05,7.647545085e-07
4,16.0,20.0,2,2176.39171,9.724905265e-06,7.558765548e-07
4,16.0,20.0,2,2178.427624,9.651449511e-06,6.485734316e-07
4,16.0,20.0,2,2180.463537,9.751572425e-06,6.376193454e-07
4,16.0,20.0,2,2182.499451,1.00651744e-05,6.63480765e-07
4,16.0,20.0,2,2184.535365,1.023536571e-05,6.548842636e-07
4,16.0,20.0,2,2186.571278,9.946790352e-06,6.149030958e-07
4,16.0,20.0,2,2188.607192,9.333163723e-06,5.491762336e-07
4,16.0,20.0,2,2190.643106,8.656927057e-06,5.425710303e-07
4,16.0,20.0,2,2192.679019,8.345184929e-06,5.385585848e-07
4,16.0,20.0,2,2194.714933,8.264174299e-06,5.132805986e-07
4,16.0,20.0,2,2196.750847,7.978286495e-06,4.433612633e-07
4,16.0,20.0,2,2198.78676,7.576748128e-06,4.031177085e-07
4,16.0,20.0,2,2200.822674,7.204094222e-06,4.392884129e-07
4,16.0,20.0,2,2202.858588,6.990747182e-06,4.293798407e-07
4,16.0,20.0,2,2204.894501,7.076546944e-06,4.810306797e-07
4,16.0,20.0,2,2206.930415,7.421429e-06,5.662375784e-07
4,16.0,20.0,2,2208.966329,7.766002506e-06,5.569120452e-07
4,16.0,20.0,2,2211.002242,7.843889745e-06,5.543519192e-07
4,16.0,20.0,2,2213.038156,7.618015063e-06,5.187055711e-07
4,16.0,20.0,2,2215.07407,7.13587949e-06,5.131364206e-07
4,16.0,20.0,2,2217.109983,6.685827343e-06,5.108654617e-07
4,16.0,20.0,2,2219.145897,6.675210434e-06,4.564936189e-07
4,16.0,20.0,2,2221.181811,7.050350752e-06,4.346019165e-07
4,16.0,20.0,2,2223.217724,7.238264748e-06,3.933608669e-07
4,16.0,20.0,2,2225.253638,7.056178487e-06,3.446296994e-07
4,16.0,20.0,2,2227.289552,6.718706543e-06,3.467335832e-07
4,16.0,20.0,2,2229.325465,6.423836788e-06,3.881566869e-07
4,16.0,20.0,2,2231.361379,6.313573291e-06,4.351023504e-07
4,16.0,20.0,2,2233.397293,6.305098744e-06,4.750978488e-07
4,16.0,20.0,2,2235.433206,6.455360441e-06,4.482565172e-07
4,16.0,20.0,2,2237.46912,6.704669891e-06,3.865794858e-07
4,16.0,20.0,2,2239.505034,6.711988974e-06,3.85217224e-07
4,16.0,20.0,2,2241.540947,6.488956465e-06,4.377140975e-07
4,16.0,20.0,2,2243.576861,6.201558197e-06,4.673443982e-07
4,16.0,20.0,2,2245.612775,5.966394755e-06,4.18347542e-07
4,16.0,20.0,2,2247.648688,5.88101681e-06,3.413775143e-07
4,16.0,20.0,2,2249.684602,5.838396008e-06,3.11850787e-07
4,16.0,20.0,2,2251.720516,5.764146317e-06,2.817369698e-07
4,16.0,20.0,2,2253.756429,5.590214591e-06,2.734322209e-07
4,16.0,20.0,2,2255.792343,5.202077158e-06,2.746659618e-07
4,16.0,20.0,2,2257.828257,4.927306609e-06,2.854942549e-07
4,16.0,20.0,2,2259.86417,5.12540382e-06,2.783422714e-07
4,16.0,20.0,2,2261.900084,5.405395826e-06,2.86540328e-07
4,16.0,20.0,2,2263.935998,5.358745636e-06,3.64804329e-07
4,16.0,20.0,2,2265.971911,5.301400246e-06,4.732591989e-07
4,16.0,20.0,2,2268.007825,5.42173747e-06,5.057219522e-07
4,16.0,20.0,2,2270.043739,5.471679437e-06,4.325158231e-07
4,16.0,20.0,2,2272.079652,5.434301912e-06,3.787545358e-07
4,16.0,20.0,2,2274.115566,5.439340571e-06,4.405781959e-07
4,16.0,20.0,2,2276.15148,5.308423804e-06,4.825362815e-07
4,16.0,20.0,2,2278.187393,5.091114412e-06,4.980216165e-07
4,16.0,20.0,2,2280.223307,5.104704006e-06,4.958890347e-07
4,16.0,20.0,2,2282.259221,5.116394904e-06,4.469341067e-07
4,16.0,20.0,2,2284.295134,4.91214598e-06,4.003285564e-07
4,16.0,20.0,2,2286.331048,4.75513125e-06,3.605704773e-07
4,16.0,20.0,2,2288.366962,4.764390863e-06,3.291402838e-07
4,16.0,20.0,2,2290.402875,4.765226776e-06,2.95967008e-07
4,16.0,20.0,2,2292.438789,4.663581224e-06,2.93832744e-07
4,16.0,20.0,2,2294.474703,4.539032013e-06,2.896453666e-07
4,16.0,20.0,2,2296.510616,4.471317981e-06,2.758440058e-07
4,16.0,20.0,2,2298.54653,4.48841384e-06,2.56975114e-07
4,16.0,20.0,2,2300.582444,4.553743843e-06,2.651206524e-07
4,16.0,20.0,2,2302.618357,4.575389908e-06,2.954313353e-07
4,16.0,20.0,2,2304.654271,4.506749098e-06,2.858872481e-07
4,16.0,20.0,2,2306.690185,4.506954073e-06,2.577092961e-07
4,16.0,20.0,2,2308.726098,4.626726705e-06,2.525431398e-07
4,16.0,20.0,2,2310.762012,4.631170444e-06,2.447513135e-07
4,16.0,20.0,2,2312.797926,4.482737332e-06,2.271504572e-07
4,16.0,20.0,2,2314.833839,4.290555706e-06,2.299756285e-07
4,16.0,20.0,2,2316.869753,4.125569405e-06,2.431870873e-07
4,16.0,20.0,2,2318.905667,4.043596169e-06,2.426062011e-07
4,16.0,20.0,2,2320.94158,4.008620095e-06,2.450529088e-07
4,16.0,20.0,2,2322.977494,3.937489287e-06,2.326671602e-07
4,16.0,20.0,2,2325.013408,3.898596006e-06,2.176928814e-07
4,16.0,20.0,2,2327.049321,3.990093126e-06,2.147389603e-07
4,16.0,20.0,2,2329.085235,4.037799417e-06,2.539552112e-07
4,16.0,20.0,2,2331.121149,4.018399428e-06,2.908481476e-07
4,16.0,20.0,2,2333.157062,4.049251793e-06,3.309014718e-07
4,16.0,20.0,2,2335.192976,4.055364483e-06,3.528560007e-07
4,16.0,20.0,2,2337.22889,3.988855435e-06,2.976088074e-07
4,16.0,20.0,2,2339.264803,3.84091957e-06,2.474885063e-07
4,16.0,20.0,2,2341.300717,3.656235056e-06,2.293565552e-07
4,16.0,20.0,2,2343.336631,3.559494094e-06,2.216356962e-07
4,16.0,20.0,2,2345.372544,3.561990559e-06,2.219793709e-07
4,16.0,20.0,2,2347.408458,3.615440025e-06,2.063470697e-07
4,16.0,20.0,2,2349.444372,3.663053937e-06,1.890644169e-07
4,16.0,20.0,2,2351.480285,3.631690748e-06,2.028233119e-07
4,16.0,20.0,2,2353.516199,3.53955368e-06,2.411689032e-07
4,16.0,20.0,2,2355.552113,3.495452151e-06,2.901657828e-07
4,16.0,20.0,2,2357.588026,3.605268527e-06,3.924255757e-07
4,16.0,20.0,2,2359.62394,3.780108087e-06,4.76627704e-07
4,16.0,20.0,2,2361.659854,3.770536559e-06,4.20977167e-07
4,16.0,20.0,2,2363.695767,3.576420893e-06,2.854527187e-07
4,16.0,20.0,2,2365.731681,3.435637717e-06,2.370392031e-07
4,16.0,20.0,2,2367.767595,3.389259649e-06,2.469199251e-07
4,16.0,20.0,2,2369.803508,3.356636972e-06,2.529543695e-07
4,16.0,20.0,2,2371.839422,3.358441889e-06,2.770662111e-07
4,16.0,20.0,2,2373.875336,3.32655818e-06,2.966632233e-07
4,16.0,20.0,2,2375.911249,3.169283517e-06,2.939142681e-07
4,16.0,20.0,2,2377.947163,3.010537369e-06,2.459486802e-07
4,16.0,20.0,2,2379.983077,2.928108447e-06,1.740608759e-07
4,16.0,20.0,2,2382.01899,2.967926885e-06,1.518763815e-07
4,16.0,20.0,2,2384.054904,3.102536675e-06,1.725293528e-07
4,16.0,20.0,2,2386.090818,3.095437318e-06,1.96596898e-07
4,16.0,20.0,2,2388.126731,2.95702545e-06,2.040938282e-07
4,16.0,20.0,2,2390.162645,2.824104047e-06,1.936290373e-07
4,16.0,20.0,2,2392.198559,2.732804588e-06,1.77409842e-07
4,16.0,20.0,2,2394.234472,2.772783912e-06,1.785826957e-07
4,16.0,20.0,2,2396.270386,2.942865757e-06,2.312753334e-07
4,16.0,20.0,2,2398.3063,3.107249312e-06,2.918956778e-07
4,16.0,20.0,2,2400.342213,3.119212929e-06,2.929841359e-07
4,16.0,20.0,2,2402.378127,2.959418655e-06,2.258836528e-07
4,16.0,20.0,2,2404.414041,2.759603275e-06,1.708408449e-07
4,16.0,20.0,2,2406.449954,2.707176015e-06,1.62232995e-07
4,16.0,20.0,2,2408.485868,2.815667805e-06,1.696208707e-07
4,16.0,20.0,2,2410.521782,2.948377459e-06,1.943115854e-07
4,16.0,20.0,2,2412.557695,3.034805443e-06,2.275843387e-07
4,16.0,20.0,2,2414.593609,3.078977899e-06,3.087366097e-07
4,16.0,20.0,2,2416.629523,3.072585959e-06,3.631546297e-07
4,16.0,20.0,2,2418.665436,3.000760373e-06,3.273542681e-07
4,16.0,20.0,2,2420.70135,2.883438757e-06,2.396270031e-07
4,16.0,20.0,2,2422.737264,2.802060787e-06,1.839519282e-07
4,16.0,20.0,2,2424.773177,2.792763719e-06,2.17967104e-07
4,16.0,20.0,2,2426.809091,2.788188635e-06,2.934919847e-07
4,16.0,20.0,2,2428.845005,2.814938969e-06,3.567620486e-07
4,16.0,20.0,2,2430.880918,2.853985534e-06,3.76295448e-07
4,16.0,20.0,2,2432.916832,2.840343524e-06,3.549757271e-07
4,16.0,20.0,2,2434.952746,2.821977283e-06,2.986404687e-07
4,16.0,20.0,2,2436.988659,2.763840829e-06,2.316802099e-07
4,16.0,20.0,2,2439.024573,2.64752227e-06,1.895321319e-07
4,16.0,20.0,2,2441.060487,2.543273278e-06,1.576051237e-07
4,16.0,20.0,2,2443.0964,2.399002607e-06,1.349645639e-07
4,16.0,20.0,2,2445.132314,2.260758418e-06,1.305841437e-07
4,16.0,20.0,2,2447.168228,2.290613353e-06,1.526108373e-07
4,16.0,20.0,2,2449.204141,2.409344959e-06,1.798261041e-07
4,16.0,20.0,2,2451.240055,2.492229611e-06,1.832213473e-07
4,16.0,20.0,2,2453.275969,2.575262977e-06,1.703292701e-07
4,16.0,20.0,2,2455.311882,2.653306786e-06,1.578270412e-07
4,16.0,20.0,2,2457.347796,2.675883799e-06,1.764620198e-07
4,16.0,20.0,2,2459.38371,2.698662767e-06,1.929075061e-07
4,16.0,20.0,2,2461.419623,2.700049223e-06,1.863278571e-07
4,16.0,20.0,2,2463.455537,2.580278644e-06,1.736822319e-07
4,16.0,20.0,2,2465.491451,2.433256867e-06,1.76346521e-07
4,16.0,20.0,2,2467.527364,2.398263192e-06,1.68566435e-07
4,16.0,20.0,2,2469.563278,2.442155686e-06,1.525938896e-07
4,16.0,20.0,2,2471.599192,2.484772162e-06,1.655029956e-07
4,16.0,20.0,2,2473.635105,2.493448593e-06,1.767325488e-07
4,16.0,20.0,2,2475.671019,2.416296944e-06,1.632897061e-07
4,16.0,20.0,2,2477.706933,2.312984045e-06,1.719743588e-07
4,16.0,20.0,2,2479.742846,2.330084701e-06,2.122848319e-07
4,16.0,20.0,2,2481.77876,2.374292288e-06,2.414729355e-07
4,16.0,20.0,2,2483.814674,2.321182143e-06,2.3858983e-07
4,16.0,20.0,2,2485.850587,2.278946288e-06,2.096929754e-07
4,16.0,20.0,2,2487.886501,2.274215487e-06,1.771801053e-07
4,16.0,20.0,2,2489.922415,2.224108243e-06,1.578993799e-07
4,16.0,20.0,2,2491.958328,2.161902653e-06,1.514906929e-07
4,16.0,20.0,2,2493.994242,2.1386206e-06,1.44858257e-07
4,16.0,20.0,2,2496.030156,2.149052011e-06,1.451829266e-07
4,16.0,20.0,2,2498.066069,2.182391422e-06,1.570520979e-07
4,16.0,20.0,2,2500.101983,2.207898963e-06,1.751156241e-07
4,16.0,20.0,2,2502.137897,2.228238534e-06,1.766913587e-07
4,16.0,20.0,2,2504.17381,2.235818468e-06,1.720223853e-07
4,16.0,20.0,2,2506.209724,2.243459147e-06,1.880215189e-07
4,16.0,20.0,2,2508.245638,2.324424979e-06,2.447956973e-07
4,16.0,20.0,2,2510.281551,2.459461546e-06,3.596605088e-07
4,16.0,20.0,2,2512.317465,2.560808904e-06,4.85307779e-07
4,16.0,20.0,2,2514.353379,2.563416511e-06,5.112938503e-07
4,16.0,20.0,2,2516.389292,2.454092806e-06,4.010389892e-07
4,16.0,20.0,2,2518.425206,2.302873164e-06,2.692092343e-07
4,16.0,20.0,2,2520.46112,2.246674373e-06,2.168348939e-07
4,16.0,20.0,2,2522.497033,2.292011956e-06,2.155299477e-07
4,16.0,20.0,2,2524.532947,2.300467733e-06,2.089491775e-07
4,16.0,20.0,2,2526.568861,2.231189682e-06,1.795155586e-07
4,16.0,20.0,2,2528.604774,2.220588884e-06,1.709584791e-07
4,16.0,20.0,2,2530.640688,2.351161562e-06,2.140040041e-07
4,16.0,20.0,2,2532.676602,2.45533991e-06,2.757004734e-07
4,16.0,20.0,2,2534.712515,2.456497833e-06,3.173356109e-07
4,16.0,20.0,2,2536.748429,2.477245244e-06,3.231758865e-07
4,16.0,20.0,2,2538.784343,2.511489578e-06,2.845705883e-07
4,16.0,20.0,2,2540.820256,2.498191111e-06,2.342644213e-07
4,16.0,20.0,2,2542.85617,2.495172747e-06,2.081622651e-07
4,16.0,20.0,2,2544.892084,2.491837866e-06,1.939557504e-07
4,16.0,20.0,2,2546.927997,2.427212404e-06,1.720766862e-07
4,16.0,20.0,2,2548.963911,2.389853661e-06,1.606876747e-07
4,16.0,20.0,2,2550.999825,2.42712792e-06,1.862512676e-07
4,16.0,20.0,2,2553.035738,2.430058727e-06,2.171838253e-07
4,16.0,20.0,2,2555.071652,2.377791138e-06,2.264090033e-07
4,16.0,20.0,2,2557.107566,2.348752957e-06,2.399325175e-07
4,16.0,20.0,2,2559.143479,2.402185879e-06,2.62743996e-07
4,16.0,20.0,2,2561.179393,2.50239112e-06,2.826290791e-07
4,16.0,20.0,2,2563.215307,2.493141883e-06,2.773097226e-07
4,16.0,20.0,2,2565.25122,2.334893197e-06,2.431319254e-07
4,16.0,20.0,2,2567.287134,2.228725562e-06,2.167483725e-07
4,16.0,20.0,2,2569.323048,2.274682012e-06,2.286894448e-07
4,16.0,20.0,2,2571.358961,2.372791299e-06,2.872674324e-07
4,16.0,20.0,2,2573.394875,2.49795678e-06,3.577550475e-07
4,16.0,20.0,2,2575.430789,2.710235352e-06,4.135867932e-07
4,16.0,20.0,2,2577.466702,2.908961578e-06,3.982318741e-07
4,16.0,20.0,2,2579.502616,2.861829535e-06,3.15412964e-07
4,16.0,20.0,2,2581.53853,2.591294258e-06,2.449165073e-07
4,16.0,20.0,2,2583.574443,2.372141577e-06,2.037887933e-07
4,16.0,20.0,2,2585.610357,2.374726933e-06,1.822209537e-07
4,16.0,20.0,2,2587.646271,2.486829268e-06,1.858270569e-07
4,16.0,20.0,2,2589.682184,2.49288039e-06,1.942128207e-07
4,16.0,20.0,2,2591.718098,2.437821425e-06,1.988330579e-07
4,16.0,20.0,2,2593.754012,2.442322932e-06,2.066119464e-07
4,16.0,20.0,2,2595.789925,2.486125958e-06,2.267360145e-07
4,16.0,20.0,2,2597.825839,2.523731022e-06,2.354146925e-07
4,16.0,20.0,2,2599.861753,2.542191313e-06,2.245400128e-07
4,16.0,20.0,2,2601.897666,2.58455659e-06,2.197235215e-07
4,16.0,20.0,2,2603.93358,2.594851269e-06,2.060999831e-07
4,16.0,20.0,2,2605.969494,2.561472562e-06,1.957538861e-07
4,16.0,20.0,2,2608.005407,2.642545988e-06,2.425640028e-07
4,16.0,20.0,2,2610.041321,2.799780766e-06,2.939099791e-07
4,16.0,20.0,2,2612.077235,2.857072009e-06,3.25118484e-07
4,16.0,20.0,2,2614.113148,2.841474969e-06,3.674665893e-07
4,16.0,20.0,2,2616.149062,2.826596996e-06,3.580989903e-07
4,16.0,20.0,2,2618.184976,2.813963331e-06,3.084029236e-07
4,16.0,20.0,2,2620.220889,2.79013387e-06,2.992986388e-07
4,16.0,20.0,2,2622.256803,2.79342298e-06,3.287665372e-07
4,16.0,20.0,2,2624.292717,2.814524942e-06,3.270754336e-07
4,16.0,20.0,2,2626.32863,2.782384516e-06,2.847906148e-07
4,16.0,20.0,2,2628.364544,2.789029469e-06,2.648960088e-07
4,16.0,20.0,2,2630.400458,2.925129108e-06,3.069315895e-07
4,16.0,20.0,2,2632.436371,3.101908541e-06,3.669364533e-07
4,16.0,20.0,2,2634.472285,3.131671245e-06,3.757177235e-07
4,16.0,20.0,2,2636.508199,2.946759391e-06,3.176190415e-07
4,16.0,20.0,2,2638.544112,2.771079626e-06,2.359162251e-07
4,16.0,20.0,2,2640.580026,2.756309004e-06,2.472904257e-07
4,16.0,20.0,2,2642.61594,2.797423841e-06,2.825709101e-07
4,16.0,20.0,2,2644.651853,2.795782029e-06,2.684035144e-07
4,16.0,20.0,2,2646.687767,2.765528776e-06,2.485789564e-07
4,16.0,20.0,2,2648.723681,2.793265113e-06,2.600577512e-07
4,16.0,20.0,2,2650.759594,2.895095846e-06,2.92281859e-07
4,16.0,20.0,2,2652.795508,2.947213809e-06,3.045634517e-07
4,16.0,20.0,2,2654.831422,2.976767175e-06,2.958739391e-07
4,16.0,20.0,2,2656.867335,3.095592369e-06,2.892745372e-07
4,16.0,20.0,2,2658.903249,3.096182209e-06,2.516836352e-07
4,16.0,20.0,2,2660.939163,2.948244895e-06,2.282083535e-07
4,16.0,20.0,2,2662.975076,2.957861539e-06,2.6831272e-07
4,16.0,20.0,2,2665.01099,3.182672121e-06,3.49490556e-07
4,16.0,20.0,2,2667.046904,3.373989937e-06,3.767142414e-07
4,16.0,20.0,2,2669.082817,3.433803101e-06,3.720785668e-07
4,16.0,20.0,2,2671.118731,3.516421033e-06,4.074244362e-07
4,16.0,20.0,2,2673.154645,3.649209744e-06,4.40011537e-07
4,16.0,20.0,2,2675.190558,3.714092019e-06,4.246720405e-07
4,16.0,20.0,2,2677.226472,3.606225418e-06,3.836457482e-07
4,16.0,20.0,2,2679.262386,3.353945839e-06,3.375128649e-07
4,16.0,20.0,2,2681.298299,3.169272336e-06,3.237410182e-07
4,16.0,20.0,2,2683.334213,3.120104681e-06,2.943453322e-07
4,16.0,20.0,2,2685.370127,3.088217139e-06,2.689829359e-07
4,16.0,20.0,2,2687.40604,3.023789019e-06,2.715311954e-07
4,16.0,20.0,2,2689.441954,3.05356537e-06,2.6600179e-07
4,16.0,20.0,2,2691.477868,3.255637931e-06,2.805259014e-07
4,16.0,20.0,2,2693.513781,3.500075016e-06,3.030895291e-07
4,16.0,20.0,2,2695.549695,3.628980262e-06,3.342298323e-07
4,16.0,20.0,2,2697.585609,3.480098734e-06,3.555406898e-07
4,16.0,20.0,2,2699.621522,3.264652598e-06,3.969256392e-07
4,16.0,20.0,2,2701.657436,3.346096385e-06,3.930092042e-07
4,16.0,20.0,2,2703.69335,3.601901683e-06,3.564813834e-07
4,16.0,20.0,2,2705.729263,3.947962913e-06,3.859594792e-07
4,16.0,20.0,2,2707.765177,4.269032231e-06,4.686406184e-07
4,16.0,20.0,2,2709.801091,4.327350055e-06,4.785578691e-07
4,16.0,20.0,2,2711.837004,4.128705924e-06,4.115686636e-07
4,16.0,20.0,2,2713.872918,3.856970695e-06,3.563004152e-07
4,16.0,20.0,2,2715.908832,3.77588689e-06,3.439157641e-07
4,16.0,20.0,2,2717.944745,3.814888915e-06,3.204605421e-07
4,16.0,20.0,2,2719.980659,3.705157168e-06,3.01803881e-07
4,16.0,20.0,2,2722.016573,3.462093015e-06,2.803630665e-07
4,16.0,20.0,2,2724.052486,3.288643628e-06,2.636867723e-07
4,16.0,20.0,2,2726.0884,3.36284416e-06,2.714072194e-07
4,16.0,20.0,2,2728.124314,3.68395633e-06,3.195184841e-07
4,16.0,20.0,2,2730.160227,4.099922224e-06,4.096148748e-07
4,16.0,20.0,2,2732.196141,4.333338942e-06,4.39243481e-07
4,16.0,20.0,2,2734.232055,4.214807955e-06,4.338893697e-07
4,16.0,20.0,2,2736.267968,4.029862718e-06,3.852311668e-07
4,16.0,20.0,2,2738.303882,4.014912601e-06,3.5588425e-07
4,16.0,20.0,2,2740.339796,4.000447575e-06,3.48896411e-07
4,16.0,20.0,2,2742.375709,3.891310019e-06,3.511943997e-07
4,16.0,20.0,2,2744.411623,3.934844398e-06,3.391710001e-07
4,16.0,20.0,2,2746.447537,4.192262985e-06,3.475819244e-07
4,16.0,20.0,2,2748.48345,4.371964477e-06,3.74472359e-07
4,16.0,20.0,2,2750.519364,4.310916425e-06,3.724420842e-07
4,16.0,20.0,2,2752.555278,4.182755058e-06,3.496562267e-07
4,16.0,20.0,2,2754.591191,4.17241618e-06,3.320333925e-07
4,16.0,20.0,2,2756.627105,4.185277058e-06,3.15345011e-07
4,16.0,20.0,2,2758.663019,4.092036309e-06,3.462451448e-07
4,16.0,20.0,2,2760.698932,4.067926372e-06,4.019125592e-07
4,16.0,20.0,2,2762.734846,4.321812394e-06,4.217343005e-07
4,16.0,20.0,2,2764.77076,4.64601502e-06,4.260394247e-07
4,16.0,20.0,2,2766.806673,4.801632944e-06,3.983155946e-07
4,16.0,20.0,2,2768.842587,4.899187144e-06,3.746174547e-07
4,16.0,20.0,2,2770.878501,4.906473767e-06,3.930100184e-07
4,16.0,20.0,2,2772.914414,4.891422448e-06,4.709582648e-07
4,16.0,20.0,2,2774.950328,5.041449838e-06,5.361745164e-07
4,16.0,20.0,2,2776.986242,5.206540325e-06,5.708844292e-07
4,16.0,20.0,2,2779.022155,5.205347695e-06,5.43578463e-07
4,16.0,20.0,2,2781.058069,5.196193601e-06,4.958496839e-07
4,16.0,20.0,2,2783.093983,5.376836863e-06,4.67363384e-07
4,16.0,20.0,2,2785.129896,5.602188827e-06,4.64850223e-07
4,16.0,20.0,2,2787.16581,5.689586712e-06,5.067800344e-07
4,16.0,20.0,2,2789.201724,5.590007375e-06,5.392542972e-07
4,16.0,20.0,2,2791.237637,5.515415625e-06,5.622803711e-07
4,16.0,20.0,2,2793.273551,5.620171897e-06,6.17049282e-07
4,16.0,20.0,2,2795.309465,5.611763519e-06,6.332118659e-07
4,16.0,20.0,2,2797.345378,5.468039895e-06,6.207052423e-07
4,16.0,20.0,2,2799.381292,5.533082084e-06,6.549038578e-07
4,16.0,20.0,2,2801.417206,5.747468016e-06,6.90367472e-07
4,16.0,20.0,2,2803.453119,5.76155382e-06,6.703204071e-07
4,16.0,20.0,2,2805.489033,5.594312741e-06,5.631233057e-07
4,16.0,20.0,2,2807.524947,5.517527902e-06,4.374425197e-07
4,16.0,20.0,2,2809.56086,5.460230672e-06,4.089362279e-07
4,16.0,20.0,2,2811.596774,5.295286e-06,4.400570087e-07
4,16.0,20.0,2,2813.632688,5.199740076e-06,4.781542047e-07
4,16.0,20.0,2,2815.668601,5.19559957e-06,4.648655224e-07
4,16.0,20.0,2,2817.704515,5.249974081e-06,4.373554365e-07
4,16.0,20.0,2,2819.740429,5.477962956e-06,4.469342888e-07
4,16.0,20.0,2,2821.776342,5.761766559e-06,6.01743952e-07
4,16.0,20.0,2,2823.812256,5.891946294e-06,7.00211833e-07
4,16.0,20.0,2,2825.84817,5.863544744e-06,6.559628027e-07
4,16.0,20.0,2,2827.884083,5.674073601e-06,6.136483491e-07
4,16.0,20.0,2,2829.919997,5.373677389e-06,5.802354676e-07
4,16.0,20.0,2,2831.955911,5.394471715e-06,5.720167891e-07
4,16.0,20.0,2,2833.991824,5.754522756e-06,6.356869881e-07
4,16.0,20.0,2,2836.027738,5.682014884e-06,6.295471572e-07
4,16.0,20.0,2,2838.063652,5.125445571e-06,5.288755342e-07
4,16.0,20.0,2,2840.099565,4.885060431e-06,4.828565595e-07
4,16.0,20.0,2,2842.135479,5.224900222e-06,5.511842716e-07
4,16.0,20.0,2,2844.171393,5.949748087e-06,6.919251539e-07
4,16.0,20.0,2,2846.207306,6.590342083e-06,7.853272331e-07
4,16.0,20.0,2,2848.24322,6.645438818e-06,7.591496225e-07
4,16.0,20.0,2,2850.279134,6.436672707e-06,7.229064374e-07
4,16.0,20.0,2,2852.315047,6.370575416e-06,7.012487346e-07
4,16.0,20.0,2,2854.350961,6.109859183e-06,6.184021092e-07
4,16.0,20.0,2,2856.386875,5.684628293e-06,5.473474601e-07
4,16.0,20.0,2,2858.422788,5.746798986e-06,5.485933679e-07
4,16.0,20.0,2,2860.458702,6.13456969e-06,5.88253285e-07
4,16.0,20.0,2,2862.494616,6.270569316e-06,6.380188978e-07
4,16.0,20.0,2,2864.530529,6.246388321e-06,7.075333502e-07
4,16.0,20.0,2,2866.566443,6.17302688e-06,7.48571077e-07
4,16.0,20.0,2,2868.602357,6.055814285e-06,7.42035384e-07
4,16.0,20.0,2,2870.63827,6.03999984e-06,7.014659727e-07
4,16.0,20.0,2,2872.674184,6.097602035e-06,6.581774065e-07
4,16.0,20.0,2,2874.710098,6.160707383e-06,6.162396079e-07
4,16.0,20.0,2,2876.746011,6.157064625e-06,6.04343818e-07
4,16.0,20.0,2,2878.781925,6.020968358e-06,6.633715883e-07
4,16.0,20.0,2,2880.817839,5.884607326e-06,7.124854965e-07
4,16.0,20.0,2,2882.853752,5.944333701e-06,7.189594205e-07
4,16.0,20.0,2,2884.889666,6.303777963e-06,6.69879014e-07
4,16.0,20.0,2,2886.92558,6.817571179e-06,6.355979945e-07
4,16.0,20.0,2,2888.961493,7.233639255e-06,6.34042085e-07
4,16.0,20.0,2,2890.997407,7.484385341e-06,6.77281044e-07
4,16.0,20.0,2,2893.033321,7.503191348e-06,8.045342682e-07
4,16.0,20.0,2,2895.069234,7.372140923e-06,9.876786738e-07
4,16.0,20.0,2,2897.105148,7.259121449e-06,1.047136581e-06
4,16.0,20.0,2,2899.141062,7.185956463e-06,9.506313563e-07
4,16.0,20.0,2,2901.176975,7.357984981e-06,8.341054108e-07
4,16.0,20.0,2,2903.212889,7.634968651e-06,8.293200568e-07
4,16.0,20.0,2,2905.248803,7.304197944e-06,7.613918193e-07
4,16.0,20.0,2,2907.284716,6.539941735e-06,5.867034075e-07
4,16.0,20.0,2,2909.32063,6.392579555e-06,5.828667778e-07
4,16.0,20.0,2,2911.356544,6.85866212e-06,7.368692268e-07
4,16.0,20.0,2,2913.392457,7.02936036e-06,8.315028778e-07
4,16.0,20.0,2,2915.428371,6.795005286e-06,7.78618844e-07
4,16.0,20.0,2,2917.464285,6.804692957e-06,7.313553091e-07
4,16.0,20.0,2,2919.500198,7.321480426e-06,8.546278962e-07
4,16.0,20.0,2,2921.536112,7.810237196e-06,9.369951323e-07
4,16.0,20.0,2,2923.572026,7.956174234e-06,9.789467718e-07
4,16.0,20.0,2,2925.607939,8.080048241e-06,1.07132899e-06
4,16.0,20.0,2,2927.643853,8.252229744e-06,1.095142626e-06
4,16.0,20.0,2,2929.679767,8.275530794e-06,1.059147264e-06
4,16.0,20.0,2,2931.71568,8.314542581e-06,1.088597618e-06
4,16.0,20.0,2,2933.751594,8.731215168e-06,1.142332183e-06
4,16.0,20.0,2,2935.787508,9.249772088e-06,1.097211479e-06
4,16.0,20.0,2,2937.823421,9.468005969e-06,1.137771621e-06
4,16.0,20.0,2,2939.859335,9.797439834e-06,1.55380494e-06
4,16.0,20.0,2,2941.895249,1.055794727e-05,1.952793578e-06
4,16.0,20.0,2,2943.931162,1.095835403e-05,1.814549576e-06
4,16.0,20.0,2,2945.967076,1.044258204e-05,1.355093794e-06
4,16.0,20.0,2,2948.00299,9.64926279e-06,1.02390372e-06
4,16.0,20.0,2,2950.038903,9.229299898e-06,9.253907937e-07
4,16.0,20.0,2,2952.074817,8.971526014e-06,9.155981477e-07
4,16.0,20.0,2,2954.110731,8.637528332e-06,9.336151867e-07
4,16.0,20.0,2,2956.146644,8.571293819e-06,1.057710723e-06
4,16.0,20.0,2,2958.182558,8.855125338e-06,1.05456276e-06
4,16.0,20.0,2,2960.218472,9.128543877e-06,1.00620482e-06
4,16.0,20.0,2,2962.254385,9.355585298e-06,1.224694688e-06
4,16.0,20.0,2,2964.290299,9.708395072e-06,1.507130054e-06
4,16.0,20.0,2,2966.326213,9.983712861e-06,1.649730645e-06
4,16.0,20.0,2,2968.362126,9.664393311e-06,1.387298851e-06
4,16.0,20.0,2,2970.39804,9.063269947e-06,1.007566576e-06
4,16.0,20.0,2,2972.433954,9.122578188e-06,8.938374914e-07
4,16.0,20.0,2,2974.469867,9.78092295e-06,9.436985791e-07
4,16.0,20.0,2,2976.505781,1.062357051e-05,1.235905246e-06
4,16.0,20.0,2,2978.541695,1.153579422e-05,1.65483509e-06
4,16.0,20.0,2,2980.577608,1.205254988e-05,1.871198347e-06
4,16.0,20.0,2,2982.613522,1.187873987e-05,1.918854136e-06
4,16.0,20.0,2,2984.649436,1.140591849e-05,1.978215161e-06
4,16.0,20.0,2,2986.685349,1.105206192e-05,1.951546044e-06
4,16.0,20.0,2,2988.721263,1.08644229e-05,1.98618916e-06
4,16.0,20.0,2,2990.757177,1.104624254e-05,2.230493093e-06
4,16.0,20.0,2,2992.79309,1.158196881e-05,2.320232293e-06
4,16.0,20.0,2,2994.829004,1.174833865e-05,1.937593439e-06
4,16.0,20.0,2,2996.864918,1.139824757e-05,1.471793279e-06
4,16.0,20.0,2,2998.900831,1.105712037e-05,1.278552867e-06
4,16.0,20.0,2,3000.936745,1.098743361e-05,1.250130908e-06
4,16.0,20.0,2,3002.972659,1.13423075e-05,1.413952342e-06
4,16.0,20.0,2,3005.008572,1.190474127e-05,1.711694531e-06
4,16.0,20.0,2,3007.044486,1.203903157e-05,1.78161433e-06
4,16.0,20.0,2,3009.0804,1.148939989e-05,1.542615625e-06
4,16.0,20.0,2,3011.116313,1.103109783e-05,1.410236733e-06
4,16.0,20.0,2,3013.152227,1.128054676e-05,1.419873324e-06
4,16.0,20.0,2,3015.188141,1.155530584e-05,1.34539985e-06
4,16.0,20.0,2,3017.224054,1.145320706e-05,1.432248585e-06
4,16.0,20.0,2,3019.259968,1.14761059e-05,1.839362272e-06
4,16.0,20.0,2,3021.295882,1.208077208e-05,2.389304114e-06
4,16.0,20.0,2,3023.331795,1.313145574e-05,2.876070272e-06
4,16.0,20.0,2,3025.367709,1.421455381e-05,3.027651477e-06
4,16.0,20.0,2,3027.403623,1.498638639e-05,2.765123656e-06
4,16.0,20.0,2,3029.439536,1.518158391e-05,2.302184202e-06
4,16.0,20.0,2,3031.47545,1.434625467e-05,1.842123579e-06
4,16.0,20.0,2,3033.511364,1.276902342e-05,1.433774677e-06
4,16.0,20.0,2,3035.547277,1.165121247e-05,1.173007508e-06
4,16.0,20.0,2,3037.583191,1.180950154e-05,1.113253071e-06
4,16.0,20.0,2,3039.619105,1.323396208e-05,1.427558356e-06
4,16.0,20.0,2,3041.655018,1.45349302e-05,1.92610993e-06
4,16.0,20.0,2,3043.690932,1.479087475e-05,2.324429445e-06
4,16.0,20.0,2,3045.726846,1.482835767e-05,2.579870074e-06
4,16.0,20.0,2,3047.762759,1.505628949e-05,2.617083599e-06
4,16.0,20.0,2,3049.798673,1.509366399e-05,2.549238337e-06
4,16.0,20.0,2,3051.834587,1.539190609e-05,2.718820311e-06
4,16.0,20.0,2,3053.8705,1.678450993e-05,3.372765446e-06
4,16.0,20.0,2,3055.906414,1.84489679e-05,4.059109201e-06
4,16.0,20.0,2,3057.942328,1.903275827e-05,3.90793207e-06
4,16.0,20.0,2,3059.978241,1.870645915e-05,3.213357559e-06
4,16.0,20.0,2,3062.014155,1.850539682e-05,2.842579195e-06
4,16.0,20.0,2,3064.050069,1.919924624e-05,3.323647493e-06
4,16.0,20.0,2,3066.085982,2.056081607e-05,4.528743425e-06
4,16.0,20.0,2,3068.121896,2.196660085e-05,5.959789908e-06
4,16.0,20.0,2,3070.15781,2.301972568e-05,7.638787041e-06
4,16.0,20.0,2,3072.193723,2.348772409e-05,8.923422234e-06
4,16.0,20.0,2,3074.229637,2.369065346e-05,8.929126137e-06
4,16.0,20.0,2,3076.265551,2.3531735e-05,7.833936787e-06
4,16.0,20.0,2,3078.301464,2.205300265e-05,6.073049891e-06
4,16.0,20.0,2,3080.337378,1.980443132e-05,4.458896707e-06
4,16.0,20.0,2,3082.373292,1.790813629e-05,3.775892864e-06
4,16.0,20.0,2,3084.409205,1.697174906e-05,3.468661684e-06
4,16.0,20.0,2,3086.445119,1.780595743e-05,3.261596023e-06
4,16.0,20.0,2,3088.481033,1.919754447e-05,3.51125702e-06
4,16.0,20.0,2,3090.516946,2.018836958e-05,4.038006057e-06
4,16.0,20.0,2,3092.55286,2.126442307e-05,4.402732035e-06
4,16.0,20.0,2,3094.588774,2.157153253e-05,4.09897463e-06
4,16.0,20.0,2,3096.624687,2.076657368e-05,3.375406644e-06
4,16.0,20.0,2,3098.660601,1.958196082e-05,2.9176696e-06
4,16.0,20.0,2,3100.696515,1.86965025e-05,2.760825932e-06
4,16.0,20.0,2,3102.732428,1.890623768e-05,3.272538734e-06
4,16.0,20.0,2,3104.768342,2.071936716e-05,4.624274642e-06
4,16.0,20.0,2,3106.804256,2.343749385e-05,6.420037054e-06
4,16.0,20.0,2,3108.840169,2.537984372e-05,7.741291036e-06
4,16.0,20.0,2,3110.876083,2.565512382e-05,8.037069047e-06
4,16.0,20.0,2,3112.911997,2.460464794e-05,7.224340731e-06
4,16.0,20.0,2,3114.94791,2.252388669e-05,5.294330986e-06
4,16.0,20.0,2,3116.983824,2.021378874e-05,3.375665096e-06
4,16.0,20.0,2,3119.019738,1.900818084e-05,2.732856639e-06
4,16.0,20.0,2,3121.055651,1.906565198e-05,2.51731388e-06
4,16.0,20.0,2,3123.091565,1.997675547e-05,2.611428222e-06
4,16.0,20.0,2,3125.127479,2.160534743e-05,3.465511837e-06
4,16.0,20.0,2,3127.163392,2.395263323e-05,5.291772217e-06
4,16.0,20.0,2,3129.199306,2.691229292e-05,7.746198419e-06
4,16.0,20.0,2,3131.23522,2.863626797e-05,8.77079349e-06
4,16.0,20.0,2,3133.271133,2.664376507e-05,6.800304733e-06
4,16.0,20.0,2,3135.307047,2.263065224e-05,3.854635495e-06
4,16.0,20.0,2,3137.342961,2.074969288e-05,2.641117179e-06
4,16.0,20.0,2,3139.378874,2.106453254e-05,2.630052439e-06
4,16.0,20.0,2,3141.414788,2.147159128e-05,2.643606794e-06
4,16.0,20.0,2,3143.450702,2.236599726e-05,2.727257226e-06
4,16.0,20.0,2,3145.486615,2.404413303e-05,3.118412053e-06
4,16.0,20.0,2,3147.522529,2.509186932e-05,3.915035295e-06
4,16.0,20.0,2,3149.558443,2.557694075e-05,4.787800211e-06
4,16.0,20.0,2,3151.594356,2.644674335e-05,5.047465453e-06
4,16.0,20.0,2,3153.63027,2.724750457e-05,5.019233436e-06
4,16.0,20.0,2,3155.666184,2.760136502e-05,5.238180713e-06
4,16.0,20.0,2,3157.702097,2.792144234e-05,5.593082519e-06
4,16.0,20.0,2,3159.738011,2.880175729e-05,6.022097059e-06
4,16.0,20.0,2,3161.773925,3.034719459e-05,6.785412785e-06
4,16.0,20.0,2,3163.809838,3.168017536e-05,7.416971894e-06
4,16.0,20.0,2,3165.845752,3.224522219e-05,6.888614513e-06
4,16.0,20.0,2,3167.881666,3.196019324e-05,5.457305176e-06
4,16.0,20.0,2,3169.917579,3.095648228e-05,4.386813424e-06
4,16.0,20.0,2,3171.953493,2.978859068e-05,4.08122662e-06
4,16.0,20.0,2,3173.989407,2.906841792e-05,4.257243631e-06
4,16.0,20.0,2,3176.02532,2.939932522e-05,5.065984952e-06
4,16.0,20.0,2,3178.061234,3.192084744e-05,7.674705711e-06
4,16.0,20.0,2,3180.097148,3.661228844e-05,1.099764191e-05
4,16.0,20.0,2,3182.133061,4.017450722e-05,1.216909395e-05
4,16.0,20.0,2,3184.168975,4.08586872e-05,1.142841426e-05
4,16.0,20.0,2,3186.204889,4.059881432e-05,1.072803389e-05
4,16.0,20.0,2,3188.240802,4.078750013e-05,1.018271519e-05
4,16.0,20.0,2,3190.276716,4.154092031e-05,1.003993193e-05
4,16.0,20.0,2,3192.31263,4.28978507e-05,1.066084583e-05
4,16.0,20.0,2,3194.348543,4.402049198e-05,1.122313642e-05
4,16.0,20.0,2,3196.384457,4.417263733e-05,1.103896212e-05
4,16.0,20.0,2,3198.420371,4.382560567e-05,1.01294495e-05
4,16.0,20.0,2,3200.456284,4.273640486e-05,8.641660689e-06
4,16.0,20.0,2,3202.492198,3.990447814e-05,7.199165349e-06
4,16.0,20.0,2,3204.528112,3.604964764e-05,5.480763327e-06
4,16.0,20.0,2,3206.564025,3.422050899e-05,4.66403976e-06
4,16.0,20.0,2,3208.599939,3.79188741e-05,6.806221574e-06
4,16.0,20.0,2,3210.635853,4.414107953e-05,1.064803924e-05
4,16.0,20.0,2,3212.671766,4.477733519e-05,1.194127677e-05
4,16.0,20.0,2,3214.70768,4.059743931e-05,8.641937632e-06
4,16.0,20.0,2,3216.743594,3.813507342e-05,5.950555199e-06
4,16.0,20.0,2,3218.779507,3.910297697e-05,5.453947126e-06
4,16.0,20.0,2,3220.815421,4.319072277e-05,7.179303804e-06
4,16.0,20.0,2,3222.851335,5.142637293e-05,1.278249926e-05
4,16.0,20.0,2,3224.887248,6.092633792e-05,1.972768902e-05
4,16.0,20.0,2,3226.923162,6.460310779e-05,2.249213453e-05
4,16.0,20.0,2,3228.959076,6.167793883e-05,2.042089841e-05
4,16.0,20.0,2,3230.994989,5.632522098e-05,1.71184559e-05
4,16.0,20.0,2,3233.030903,5.239864631e-05,1.408301336e-05
4,16.0,20.0,2,3235.066817,5.061390875e-05,1.134321702e-05
4,16.0,20.0,2,3237.10273,5.173820527e-05,9.98933136e-06
4,16.0,20.0,2,3239.138644,5.731361188e-05,1.199725415e-05
4,16.0,20.0,2,3241.174558,6.185706327e-05,1.428354777e-05
4,16.0,20.0,2,3243.210472,6.129536935e-05,1.393005394e-05
4,16.0,20.0,2,3245.246385,5.798383397e-05,1.234712241e-05
4,16.0,20.0,2,3247.282299,5.460412873e-05,1.082316336e-05
4,16.0,20.0,2,3249.318213,5.442403674e-05,1.067669544e-05
4,16.0,20.0,2,3251.354126,5.628348072e-05,1.094904331e-05
4,16.0,20.0,2,3253.39004,5.565960056e-05,9.387087967e-06
4,16.0,20.0,2,3255.425954,5.462642057e-05,8.485669368e-06
4,16.0,20.0,2,3257.461867,5.803546174e-05,8.86104025e-06
4,16.0,20.0,2,3259.497781,6.340886016e-05,9.487657138e-06
4,16.0,20.0,2,3261.533695,6.506388679e-05,9.592188843e-06
4,16.0,20.0,2,3263.569608,6.463421413e-05,1.045982949e-05
4,16.0,20.0,2,3265.605522,6.280959229e-05,1.073030894e-05
4,16.0,20.0,2,3267.641436,5.749188123e-05,9.251557996e-06
4,16.0,20.0,2,3269.677349,5.281780949e-05,7.446391581e-06
4,16.0,20.0,2,3271.713263,5.290021052e-05,7.674484844e-06
4,16.0,20.0,2,3273.749177,5.572099112e-05,9.163737638e-06
4,16.0,20.0,2,3275.78509,6.061010173e-05,1.012608103e-05
4,16.0,20.0,2,3277.821004,6.72861108e-05,1.107843797e-05
4,16.0,20.0,2,3279.856918,7.036687282e-05,1.15690237e-05
4,16.0,20.0,2,3281.892831,6.921054661e-05,1.24084897e-05
4,16.0,20.0,2,3283.928745,6.663971625e-05,1.136227022e-05
4,16.0,20.0,2,3285.964659,6.515318293e-05,1.084894095e-05
4,16.0,20.0,2,3288.000572,6.979502847e-05,1.177954221e-05
4,16.0,20.0,2,3290.036486,7.925636713e-05,1.383984121e-05
4,16.0,20.0,2,3292.0724,8.756984727e-05,1.731068667e-05
4,16.0,20.0,2,3294.108313,9.475395496e-05,2.082166792e-05
4,16.0,20.0,2,3296.144227,9.785465967e-05,2.176740237e-05
4,16.0,20.0,2,3298.180141,9.001044115e-05,1.874436523e-05
4,16.0,20.0,2,3300.216054,7.781763315e-05,1.559655393e-05
4,16.0,20.0,2,3302.251968,7.217367248e-05,1.257309561e-05
4,16.0,20.0,2,3304.287882,7.028567916e-05,1.054120764e-05
4,16.0,20.0,2,3306.323795,6.902127786e-05,1.040282827e-05
4,16.0,20.0,2,3308.359709,6.997443298e-05,1.151990645e-05
4,16.0,20.0,2,3310.395623,7.053246151e-05,1.685080233e-05
4,16.0,20.0,2,3312.431536,7.107167413e-05,2.048267028e-05
4,16.0,20.0,2,3314.46745,7.311364808e-05,1.778084904e-05
4,16.0,20.0,2,3316.503364,7.427628515e-05,1.352979986e-05
4,16.0,20.0,2,3318.539277,7.439626366e-05,1.25091654e-05
4,16.0,20.0,2,3320.575191,7.795386826e-05,1.61179445e-05
4,16.0,20.0,2,3322.611105,8.816334422e-05,2.114821241e-05
4,16.0,20.0,2,3324.647018,9.374884719e-05,2.117916296e-05
4,16.0,20.0,2,3326.682932,8.939381843e-05,1.959532397e-05
4,16.0,20.0,2,3328.718846,8.567107166e-05,1.974728185e-05
4,16.0,20.0,2,3330.754759,8.382018284e-05,1.81325344e-05
4,16.0,20.0,2,3332.790673,8.432312229e-05,1.856320315e-05
4,16.0,20.0,2,3334.826587,8.893123189e-05,2.206765337e-05
4,16.0,20.0,2,3336.8625,8.769328698e-05,2.269746413e-05
4,16.0,20.0,2,3338.898414,8.150295395e-05,1.981383837e-05
4,16.0,20.0,2,3340.934328,8.51640961e-05,1.987534688e-05
4,16.0,20.0,2,3342.970241,9.159764075e-05,1.967382298e-05
4,16.0,20.0,2,3345.006155,8.272208561e-05,1.463063269e-05
4,16.0,20.0,2,3347.042069,6.912729652e-05,1.076862131e-05
4,16.0,20.0,2,3349.077982,7.192235703e-05,9.258795059e-06
4,16.0,20.0,2,3351.113896,8.574546812e-05,1.618292248e-05
4,16.0,20.0,2,3353.14981,9.659605358e-05,2.240127719e-05
4,16.0,20.0,2,3355.185723,0.0001003163279,2.516523749e-05
4,16.0,20.0,2,3357.221637,9.45415283e-05,2.127123242e-05
4,16.0,20.0,2,3359.257551,8.57323872e-05,1.660220915e-05
4,16.0,20.0,2,3361.293464,8.789255821e-05,1.818684867e-05
4,16.0,20.0,2,3363.329378,0.0001015142126,2.054031832e-05
4,16.0,20.0,2,3365.365292,0.0001154668543,2.345419047e-05
4,16.0,20.0,2,3367.401205,0.0001164717027,2.468845959e-05
4,16.0,20.0,2,3369.437119,9.809440945e-05,2.007744143e-05
4,16.0,20.0,2,3371.473033,7.855721063e-05,1.312030472e-05
4,16.0,20.0,2,3373.508946,8.28551966e-05,1.367600759e-05
4,16.0,20.0,2,3375.54486,9.780289233e-05,1.826115791e-05
4,16.0,20.0,2,3377.580774,9.562914704e-05,1.999660107e-05
4,16.0,20.0,2,3379.616687,8.31651526e-05,1.826506189e-05
4,16.0,20.0,2,3381.652601,8.088610366e-05,1.583943586e-05
4,16.0,20.0,2,3383.688515,9.238333338e-05,1.729334651e-05
4,16.0,20.0,2,3385.724428,0.0001044103357,2.127386193e-05
4,16.0,20.0,2,3387.760342,0.0001069322993,2.270020655e-05
4,16.0,20.0,2,3389.796256,0.0001080018544,2.310157534e-05
4,16.0,20.0,2,3391.832169,0.0001149191236,2.345261663e-05
4,16.0,20.0,2,3393.868083,0.0001239510124,2.481510101e-05
4,16.0,20.0,2,3395.903997,0.0001249190979,2.766598139e-05
4,16.0,20.0,2,3397.93991,0.0001126437204,2.695373461e-05
4,16.0,20.0,2,3399.975824,9.518945376e-05,2.309624411e-05
4,16.0,20.0,2,3402.011738,8.413791102e-05,1.65510038e-05
4,16.0,20.0,2,3404.047651,8.186101249e-05,1.972315812e-05
4,16.0,20.0,2,3406.083565,7.553437467e-05,1.67484097e-05
4,16.0,20.0,2,3408.119479,6.603618287e-05,9.268370729e-06
4,16.0,20.0,2,3410.155392,7.47734159e-05,1.342395783e-05
4,16.0,20.0,2,3412.191306,0.0001032128909,2.887687342e-05
4,16.0,20.0,2,3414.22722,0.0001140272473,3.496373106e-05
4,16.0,20.0,2,3416.263133,9.282009698e-05,2.36149554e-05
4,16.0,20.0,2,3418.299047,8.460157445e-05,1.933784929e-05
4,16.0,20.0,2,3420.334961,0.0001094048401,2.285316505e-05
4,16.0,20.0,2,3422.370874,0.00012324189,2.713504227e-05
4,16.0,20.0,2,3424.406788,0.0001033434686,1.874669142e-05
4,16.0,20.0,2,3426.442702,8.467108087e-05,1.618427357e-05
4,16.0,20.0,2,3428.478615,8.985072406e-05,1.756971052e-05
4,16.0,20.0,2,3430.514529,9.993412181e-05,1.869636173e-05
4,16.0,20.0,2,3432.550443,0.0001022135656,2.005362957e-05
4,16.0,20.0,2,3434.586356,0.0001058671816,2.237188904e-05
4,16.0,20.0,2,3436.62227,0.0001193671235,2.323330526e-05
4,16.0,20.0,2,3438.658184,0.0001337599128,2.927017706e-05
4,16.0,20.0,2,3440.694097,0.0001311823592,2.926528085e-05
4,16.0,20.0,2,3442.730011,0.0001111478108,2.42831753e-05
4,16.0,20.0,2,3444.765925,9.23604262e-05,2.017265258e-05
4,16.0,20.0,2,3446.801838,8.642088178e-05,1.857814592e-05
4,16.0,20.0,2,3448.837752,8.75369623e-05,1.729133131e-05
4,16.0,20.0,2,3450.873666,9.817410643e-05,1.802421272e-05
4,16.0,20.0,2,3452.909579,0.0001176723372,2.568298948e-05
4,16.0,20.0,2,3454.945493,0.0001300350859,3.303164362e-05
4,16.0,20.0,2,3456.981407,0.0001300191116,3.474397052e-05
4,16.0,20.0,2,3459.01732,0.0001225909802,2.758190449e-05
4,16.0,20.0,2,3461.053234,0.0001103103736,1.989101985e-05
4,16.0,20.0,2,3463.089148,0.0001093956761,1.813919919e-05
4,16.0,20.0,2,3465.125061,0.0001296490368,2.659700312e-05
4,16.0,20.0,2,3467.160975,0.0001418764685,3.469725979e-05
4,16.0,20.0,2,3469.196889,0.0001293889897,2.968730261e-05
4,16.0,20.0,2,3471.232802,0.0001141413788,2.344449944e-05
4,16.0,20.0,2,3473.268716,0.0001114674482,2.309494159e-05
4,16.0,20.0,2,3475.30463,0.0001117274387,2.035703533e-05
4,16.0,20.0,2,3477.340543,0.000109991618,1.752528722e-05
4,16.0,20.0,2,3479.376457,0.0001152148599,2.136478374e-05
4,16.0,20.0,2,3481.412371,0.0001215098175,2.738657865e-05
4,16.0,20.0,2,3483.448284,0.0001149599023,2.629714067e-05
4,16.0,20.0,2,3485.484198,0.0001065072666,2.205298167e-05
4,16.0,20.0,2,3487.520112,0.0001021767483,2.0095394e-05
4,16.0,20.0,2,3489.556025,9.486231982e-05,1.697101649e-05
4,16.0,20.0,2,3491.591939,9.448409492e-05,1.383147077e-05
4,16.0,20.0,2,3493.627853,0.0001052682274,1.5731149e-05
4,16.0,20.0,2,3495.663766,0.000115026574,1.883663798e-05
4,16.0,20.0,2,3497.69968,0.0001210470977,2.12475995e-05
4,16.0,20.0,2,3499.735594,0.0001279938063,2.362251657e-05
4,16.0,20.0,2,3501.771507,0.0001306246539,2.282635788e-05
4,16.0,20.0,2,3503.807421,0.0001289293071,2.228944455e-05
4,16.0,20.0,2,3505.843335,0.0001268144772,1.955401926e-05
4,16.0,20.0,2,3507.879248,0.0001193504616,1.7033093e-05
4,16.0,20.0,2,3509.915162,0.0001157514312,1.763914919e-05
4,16.0,20.0,2,3511.951076,0.0001293537603,1.957834994e-05
4,16.0,20.0,2,3513.986989,0.0001411587026,2.31159422e-05
4,16.0,20.0,2,3516.022903,0.0001341438279,2.253355186e-05
4,16.0,20.0,2,3518.058817,0.0001208341403,1.795385293e-05
4,16.0,20.0,2,3520.09473,0.0001170474488,1.606449078e-05
4,16.0,20.0,2,3522.130644,0.000123214025,1.80607663e-05
4,16.0,20.0,2,3524.166558,0.0001322125612,2.365395885e-05
4,16.0,20.0,2,3526.202471,0.0001371441241,2.677933635e-05
4,16.0,20.0,2,3528.238385,0.0001345481855,2.556760026e-05
4,16.0,20.0,2,3530.274299,0.0001324430385,2.397288053e-05
4,16.0,20.0,2,3532.310212,0.0001334000617,2.148411553e-05
4,16.0,20.0,2,3534.346126,0.0001329264191,1.785754163e-05
4,16.0,20.0,2,3536.38204,0.0001389384188,1.715521549e-05
4,16.0,20.0,2,3538.417953,0.0001588772676,2.475907777e-05
4,16.0,20.0,2,3540.453867,0.0001783631546,3.539702094e-05
4,16.0,20.0,2,3542.489781,0.0001789038484,4.208391269e-05
4,16.0,20.0,2,3544.525694,0.0001736268966,4.001743067e-05
4,16.0,20.0,2,3546.561608,0.0001890614972,3.818874093e-05
4,16.0,20.0,2,3548.597522,0.0002224991455,4.591196479e-05
4,16.0,20.0,2,3550.633435,0.0002566155361,5.759753893e-05
4,16.0,20.0,2,3552.669349,0.0002720895196,6.100059353e-05
4,16.0,20.0,2,3554.705263,0.0002566132973,5.124599157e-05
4,16.0,20.0,2,3556.741176,0.0002575146059,5.595310576e-05
4,16.0,20.0,2,3558.77709,0.0003260448609,8.113849555e-05
4,16.0,20.0,2,3560.813004,0.000412204985,0.0001160419561
4,16.0,20.0,2,3562.848917,0.0004372738441,0.0001472328907
4,16.0,20.0,2,3564.884831,0.0003974820212,0.000148874871
4,16.0,20.0,2,3566.920745,0.0003612733826,0.0001189732587
4,16.0,20.0,2,3568.956658,0.0003880084091,9.232448345e-05
4,16.0,20.0,2,3570.992572,0.0004418222266,0.0001210605815
4,16.0,20.0,2,3573.028486,0.0004724888392,0.0001324939036
4,16.0,20.0,2,3575.064399,0.0005024489745,0.0001380190225
4,16.0,20.0,2,3577.100313,0.0005381351007,0.0001442945858
4,16.0,20.0,2,3579.136227,0.0005553956311,0.0001525577217
4,16.0,20.0,2,3581.17214,0.0005600017298,0.0001504434326
4,16.0,20.0,2,3583.208054,0.000542958554,0.0001327674939
4,16.0,20.0,2,3585.243968,0.0005019412662,0.0001102486043
4,16.0,20.0,2,3587.279881,0.000484516252,9.484045034e-05
4,16.0,20.0,2,3589.315795,0.0005051100239,8.995550183e-05
4,16.0,20.0,2,3591.351709,0.000548377787,9.322571255e-05
4,16.0,20.0,2,3593.387622,0.0006174119232,0.0001052125731
4,16.0,20.0,2,3595.423536,0.0006802355303,0.0001277070283
4,16.0,20.0,2,3597.45945,0.0006681221484,0.0001391197986
4,16.0,20.0,2,3599.495363,0.0005802983708,0.0001165589897
4,16.0,20.0,2,3601.531277,0.0005129254633,7.957033775e-05
4,16.0,20.0,2,3603.567191,0.0005085314766,6.493066918e-05
4,16.0,20.0,2,3605.603104,0.0005337856875,8.672608983e-05
4,16.0,20.0,2,3607.639018,0.0005855526967,0.0001017795745
4,16.0,20.0,2,3609.674932,0.0006752046475,0.0001077086286
4,16.0,20.0,2,3611.710845,0.0007807340883,0.0001407973545
4,16.0,20.0,2,3613.746759,0.0008495665131,0.000189944072
4,16.0,20.0,2,3615.782673,0.0008760969613,0.0002006786599
4,16.0,20.0,2,3617.818586,0.0008757197291,0.0001608819046
4,16.0,20.0,2,3619.8545,0.0008377466319,0.0001248779478
4,16.0,20.0,2,3621.890414,0.0007902860363,0.0001191647962
4,16.0,20.0,2,3623.926327,0.0007968269077,0.0001315737547
4,16.0,20.0,2,3625.962241,0.0008634520278,0.0001541135913
4,16.0,20.0,2,3627.998155,0.0008961610104,0.0001611925442
4,16.0,20.0,2,3630.034068,0.0008534823654,0.0001429594371
4,16.0,20.0,2,3632.069982,0.0007829273473,0.0001147354435
4,16.0,20.0,2,3634.105896,0.0007316178633,8.986186406e-05
4,16.0,20.0,2,3636.141809,0.0007883438007,8.107323304e-05
4,16.0,20.0,2,3638.177723,0.000937484272,0.0001033009343
4,16.0,20.0,2,3640.213637,0.00105802559,0.0001318777203
4,16.0,20.0,2,3642.24955,0.001137446971,0.0001451397597
4,16.0,20.0,2,3644.285464,0.001198848495,0.0001747293192
4,16.0,20.0,2,3646.321378,0.001222264779,0.0001788890753
4,16.0,20.0,2,3648.357291,0.001175777288,0.0001631751006
4,16.0,20.0,2,3650.393205,0.001167952246,0.0001501721884
4,16.0,20.0,2,3652.429119,0.001322491194,0.0001567486948
4,16.0,20.0,2,3654.465032,0.001478153264,0.0001794151848
4,16.0,20.0,2,3656.500946,0.001457978468,0.0002168897344
4,16.0,20.0,2,3658.53686,0.001431226335,0.0002280473922
4,16.0,20.0,2,3660.572773,0.001545820206,0.0002446982759
4,16.0,20.0,2,3662.608687,0.001635226755,0.0002684092457
4,16.0,20.0,2,3664.644601,0.001644692396,0.0002790228453
4,16.0,20.0,2,3666.680514,0.001629609758,0.0002398192612
4,16.0,20.0,2,3668.716428,0.00156283761,0.0002042420678
4,16.0,20.0,2,3670.752342,0.001486644698,0.000208964165
4,16.0,20.0,2,3672.788255,0.001474112255,0.000218005545
4,16.0,20.0,2,3674.824169,0.001509725345,0.000199235029
4,16.0,20.0,2,3676.860083,0.001448520163,0.0001622387746
4,16.0,20.0,2,3678.895996,0.001243997409,0.0001420935197
4,16.0,20.0,2,3680.93191,0.001084177516,0.0001404532725
4,16.0,20.0,2,3682.967824,0.001066143862,0.000135419145
4,16.0,20.0,2,3685.003737,0.001068488636,0.0001298009032
4,16.0,20.0,2,3687.039651,0.001027544248,0.0001175353957
4,16.0,20.0,2,3689.075565,0.001022202508,0.0001145803639
4,16.0,20.0,2,3691.111478,0.00105754803,0.0001195383652
4,16.0,20.0,2,3693.147392,0.001045068761,0.0001156731948
4,16.0,20.0,2,3695.183306,0.001011907531,0.000107626079
4,16.0,20.0,2,3697.219219,0.00105702612,0.0001192201357
4,16.0,20.0,2,3699.255133,0.001138228808,0.0001621558087
4,16.0,20.0,2,3701.291047,0.001135200769,0.0001876385382
4,16.0,20.0,2,3703.32696,0.001062557598,0.0001590023341
4,16.0,20.0,2,3705.362874,0.0009972314598,0.0001266072671
4,16.0,20.0,2,3707.398788,0.0009705280706,0.000119127924
4,16.0,20.0,2,3709.434701,0.0009668354,0.0001379047888
4,16.0,20.0,2,3711.470615,0.0009600488236,0.0001397225183
4,16.0,20.0,2,3713.506529,0.0009657877367,0.0001445503901
4,16.0,20.0,2,3715.542442,0.0009794272963,0.0001721161605
4,16.0,20.0,2,3717.578356,0.0009619167448,0.0001824279472
4,16.0,20.0,2,3719.61427,0.0009415972569,0.0001671194349
4,16.0,20.0,2,3721.650183,0.0009623819741,0.0001561377779
4,16.0,20.0,2,3723.686097,0.001034882238,0.0001626751699
4,16.0,20.0,2,3725.722011,0.0010396958,0.0001723376438
4,16.0,20.0,2,3727.757924,0.0009024865538,0.00014573241
4,16.0,20.0,2,3729.793838,0.0008488594857,0.0001061634818
4,16.0,20.0,2,3731.829752,0.0009215912476,0.0001018547914
4,16.0,20.0,2,3733.865665,0.0009138206597,0.0001139207974
4,16.0,20.0,2,3735.901579,0.0009237015802,0.0001289545606
4,16.0,20.0,2,3737.937493,0.001164316255,0.0001862729339
4,16.0,20.0,2,3739.973406,0.001425642839,0.0002517715254
4,16.0,20.0,2,3742.00932,0.001416043823,0.0002404613818
4,16.0,20.0,2,3744.045234,0.001294468976,0.0002329476456
4,16.0,20.0,2,3746.081147,0.001282383412,0.0002272970254
4,16.0,20.0,2,3748.117061,0.001316097522,0.0002067979913
4,16.0,20.0,2,3750.152975,0.001328155244,0.0001887088083
4,16.0,20.0,2,3752.188888,0.001377547109,0.0001985135877
4,16.0,20.0,2,3754.224802,0.001491106482,0.0002240353043
4,16.0,20.0,2,3756.260716,0.00154883482,0.0002362428792
4,16.0,20.0,2,3758.296629,0.00147134878,0.0002124742708
4,16.0,20.0,2,3760.332543,0.001390639752,0.0001948727817
4,16.0,20.0,2,3762.368457,0.001357774752,0.000199919126
4,16.0,20.0,2,3764.40437,0.001345903152,0.000193665455
4,16.0,20.0,2,3766.440284,0.001321806561,0.0001768339955
4,16.0,20.0,2,3768.476198,0.001191940257,0.0001518817241
4,16.0,20.0,2,3770.512111,0.001009650899,0.0001144292812
4,16.0,20.0,2,3772.548025,0.0009138627573,0.0001115755134
4,16.0,20.0,2,3774.583939,0.0009150197272,0.0001419639429
4,16.0,20.0,2,3776.619852,0.0009168462264,0.0001658445138
4,16.0,20.0,2,3778.655766,0.0008818808283,0.0001689293212
4,16.0,20.0,2,3780.69168,0.0008680958258,0.000161981957
4,16.0,20.0,2,3782.727593,0.0008502784628,0.0001705702294
4,16.0,20.0,2,3784.763507,0.0007634477585,0.0001623257048
4,16.0,20.0,2,3786.799421,0.0007031663493,0.0001508973088
4,16.0,20.0,2,3788.835334,0.0007188532042,0.0001580608043
4,16.0,20.0,2,3790.871248,0.0006447862728,0.0001261323535
4,16.0,20.0,2,3792.907162,0.0004687716199,7.202454737e-05
4,16.0,20.0,2,3794.943075,0.0003640244958,4.819764775e-05
4,16.0,20.0,2,3796.978989,0.000339254776,4.721292465e-05
4,16.0,20.0,2,3799.014903,0.000312625211,4.263875745e-05
4,16.0,20.0,2,3801.050816,0.0002864004411,3.985362421e-05
4,16.0,20.0,2,3803.08673,0.0002807966089,4.1463877e-05
4,16.0,20.0,2,3805.122644,0.0002994501013,4.948092763e-05
4,16.0,20.0,2,3807.158557,0.0003229150037,6.474305905e-05
4,16.0,20.0,2,3809.194471,0.0003099289727,6.220110849e-05
4,16.0,20.0,2,3811.230385,0.0002616905064,4.753936108e-05
4,16.0,20.0,2,3813.266298,0.0002173932871,3.792702105e-05
4,16.0,20.0,2,3815.302212,0.0001862228219,3.078776037e-05
4,16.0,20.0,2,3817.338126,0.0001588361369,2.247642742e-05
4,16.0,20.0,2,3819.374039,0.0001404842387,1.687267201e-05
4,16.0,20.0,2,3821.409953,0.0001344552067,1.717845335e-05
4,16.0,20.0,2,3823.445867,0.0001317850939,1.766738475e-05
4,16.0,20.0,2,3825.48178,0.0001295151952,1.893042314e-05
4,16.0,20.0,2,3827.517694,0.0001287841136,1.891472478e-05
4,16.0,20.0,2,3829.553608,0.0001211449697,1.709437711e-05
4,16.0,20.0,2,3831.589521,0.0001043959059,1.314546699e-05
4,16.0,20.0,2,3833.625435,8.833246778e-05,9.755744333e-06
4,16.0,20.0,2,3835.661349,7.890512836e-05,7.550418106e-06
4,16.0,20.0,2,3837.697262,7.733395426e-05,6.743100149e-06
4,16.0,20.0,2,3839.733176,8.038252148e-05,7.787039162e-06
4,16.0,20.0,2,3841.76909,8.051518401e-05,8.644228013e-06
4,16.0,20.0,2,3843.805003,7.601519275e-05,8.827467558e-06
4,16.0,20.0,2,3845.840917,7.213076146e-05,8.771104245e-06
4,16.0,20.0,2,3847.876831,6.907282774e-05,8.022167304e-06
4,16.0,20.0,2,3849.912744,6.2315024e-05,7.001973622e-06
4,16.0,20.0,2,3851.948658,5.519679137e-05,5.787220941e-06
4,16.0,20.0,2,3853.984572,5.229196468e-05,5.210171485e-06
4,16.0,20.0,2,3856.020485,5.228237653e-05,5.401290206e-06
4,16.0,20.0,2,3858.056399,5.159555553e-05,5.919159279e-06
4,16.0,20.0,2,3860.092313,4.768587739e-05,5.2817835e-06
4,16.0,20.0,2,3862.128226,4.312150268e-05,4.088036723e-06
4,16.0,20.0,2,3864.16414,4.082061019e-05,3.385883567e-06
4,16.0,20.0,2,3866.200054,3.966871007e-05,3.052325855e-06
4,16.0,20.0,2,3868.235967,3.852446487e-05,2.863793658e-06
4,16.0,20.0,2,3870.271881,3.767687104e-05,2.779784564e-06
4,16.0,20.0,2,3872.307795,3.816512111e-05,3.096379281e-06
4,16.0,20.0,2,3874.343708,3.934210165e-05,3.223313014e-06
4,16.0,20.0,2,3876.379622,3.949238215e-05,3.25201123e-06
4,16.0,20.0,2,3878.415536,3.854738708e-05,3.250227375e-06
4,16.0,20.0,2,3880.451449,3.659543126e-05,3.036801085e-06
4,16.0,20.0,2,3882.487363,3.424694404e-05,2.851240391e-06
4,16.0,20.0,2,3884.523277,3.31954732e-05,2.750024873e-06
4,16.0,20.0,2,3886.55919,3.318167051e-05,2.800139477e-06
4,16.0,20.0,2,3888.595104,3.20327532e-05,2.669841946e-06
4,16.0,20.0,2,3890.631018,2.962988155e-05,2.302157347e-06
4,16.0,20.0,2,3892.666931,2.842486221e-05,1.944257669e-06
4,16.0,20.0,2,3894.702845,2.955225628e-05,2.608974352e-06
4,16.0,20.0,2,3896.738759,3.078903006e-05,3.396928049e-06
4,16.0,20.0,2,3898.774672,2.982198883e-05,3.622474932e-06
4,16.0,20.0,2,3900.810586,2.815348017e-05,3.295287343e-06
4,16.0,20.0,2,3902.8465,2.74814232e-05,2.588374934e-06
4,16.0,20.0,2,3904.882413,2.699760509e-05,2.285920965e-06
4,16.0,20.0,2,3906.918327,2.684267506e-05,2.480323997e-06
4,16.0,20.0,2,3908.954241,2.739851646e-05,2.886795362e-06
4,16.0,20.0,2,3910.990154,2.804392713e-05,3.014282587e-06
4,16.0,20.0,2,3913.026068,2.780409764e-05,2.695266358e-06
4,16.0,20.0,2,3915.061982,2.685833277e-05,2.225764074e-06
4,16.0,20.0,2,3917.097895,2.645943643e-05,1.748668017e-06
4,16.0,20.0,2,3919.133809,2.564652448e-05,1.588695499e-06
4,16.0,20.0,2,3921.169723,2.409120552e-05,1.507130219e-06
4,16.0,20.0,2,3923.205636,2.358411136e-05,1.634127519e-06
4,16.0,20.0,2,3925.24155,2.413587653e-05,1.93090842e-06
4,16.0,20.0,2,3927.277464,2.415544235e-05,1.984436047e-06
4,16.0,20.0,2,3929.313377,2.269335543e-05,1.7966805e-06
4,16.0,20.0,2,3931.349291,2.084710471e-05,1.565281656e-06
4,16.0,20.0,2,3933.385205,1.998679415e-05,1.551504219e-06
4,16.0,20.0,2,3935.421118,2.040877391e-05,1.656013929e-06
4,16.0,20.0,2,3937.457032,2.144989973e-05,1.714699703e-06
4,16.0,20.0,2,3939.492946,2.235687689e-05,1.784009772e-06
4,16.0,20.0,2,3941.528859,2.307463975e-05,1.878470622e-06
4,16.0,20.0,2,3943.564773,2.274504926e-05,1.701861996e-06
4,16.0,20.0,2,3945.600687,2.121096272e-05,1.435688392e-06
4,16.0,20.0,2,3947.6366,2.060309253e-05,1.51048947e-06
4,16.0,20.0,2,3949.672514,2.173054278e-05,1.767440393e-06
4,16.0,20.0,2,3951.708428,2.277023206e-05,2.006816256e-06
4,16.0,20.0,2,3953.744341,2.249402829e-05,2.055291985e-06
4,16.0,20.0,2,3955.780255,2.157594266e-05,1.910678161e-06
4,16.0,20.0,2,3957.816169,2.125392161e-05,1.821239991e-06
4,16.0,20.0,2,3959.852082,2.134161247e-05,1.84809278e-06
4,16.0,20.0,2,3961.887996,2.05244121e-05,1.829404768e-06
4,16.0,20.0,2,3963.92391,1.922454846e-05,1.689897555e-06
4,16.0,20.0,2,3965.959823,1.884522763e-05,1.595721865e-06
4,16.0,20.0,2,3967.995737,1.962633954e-05,1.627407528e-06
4,16.0,20.0,2,3970.031651,2.102984763e-05,1.80950836e-06
4,16.0,20.0,2,3972.067564,2.197793462e-05,1.926496478e-06
4,16.0,20.0,2,3974.103478,2.158633289e-05,1.885823646e-06
4,16.0,20.0,2,3976.139392,2.060823733e-05,1.963698971e-06
4,16.0,20.0,2,3978.175305,2.020580835e-05,2.086859221e-06
4,16.0,20.0,2,3980.211219,1.956549234e-05,1.862845733e-06
4,16.0,20.0,2,3982.247133,1.852085187e-05,1.447970968e-06
4,16.0,20.0,2,3984.283046,1.827621221e-05,1.220460485e-06
4,16.0,20.0,2,3986.31896,1.865215757e-05,1.318954251e-06
4,16.0,20.0,2,3988.354874,1.885343301e-05,1.535648617e-06
4,16.0,20.0,2,3990.390787,1.81767775e-05,1.515336771e-06
4,16.0,20.0,2,3992.426701,1.735655658e-05,1.390204871e-06
4,16.0,20.0,2,3994.462615,1.768487279e-05,1.279125129e-06
4,16.0,20.0,2,3996.498528,1.852977492e-05,1.337842622e-06
4,16.0,20.0,2,3998.534442,1.911888198e-05,1.672714481e-06
5,20.0,24.0,14,1201.189064,5.833681836e-05,2.025535175e-06
5,20.0,24.0,14,1203.224977,5.759402243e-05,1.817536435e-06
5,20.0,24.0,14,1205.260891,5.699320644e-05,1.705711622e-06
5,20.0,24.0,14,1207.296805,5.737420733e-05,1.817750965e-06
5,20.0,24.0,14,1209.332718,5.785167435e-05,1.982806832e-06
5,20.0,24.0,14,1211.368632,5.733236306e-05,2.004843782e-06
5,20.0,24.0,14,1213.404546,5.572089028e-05,1.918929639e-06
5,20.0,24.0,14,1215.440459,5.464067103e-05,1.749409182e-06
5,20.0,24.0,14,1217.476373,5.538101155e-05,1.606529798e-06
5,20.0,24.0,14,1219.512287,5.616327912e-05,1.577315174e-06
5,20.0,24.0,14,1221.5482,5.541720052e-05,1.585365398e-06
5,20.0,24.0,14,1223.584114,5.446360954e-05,1.601736297e-06
5,20.0,24.0,14,1225.620028,5.413887173e-05,1.533695818e-06
5,20.0,24.0,14,1227.655941,5.435595496e-05,1.4087855e-06
5,20.0,24.0,14,1229.691855,5.495157703e-05,1.398984779e-06
5,20.0,24.0,14,1231.727769,5.502484886e-05,1.387470481e-06
5,20.0,24.0,14,1233.763682,5.481134703e-05,1.384514922e-06
5,20.0,24.0,14,1235.799596,5.513454798e-05,1.598635735e-06
5,20.0,24.0,14,1237.83551,5.505384874e-05,1.64738571e-06
5,20.0,24.0,14,1239.871423,5.412287116e-05,1.507470254e-06
5,20.0,24.0,14,1241.907337,5.370518232e-05,1.427935277e-06
5,20.0,24.0,14,1243.943251,5.39533683e-05,1.480018767e-06
5,20.0,24.0,14,1245.979164,5.410069764e-05,1.503021437e-06
5,20.0,24.0,14,1248.015078,5.430721786e-05,1.525149856e-06
5,20.0,24.0,14,1250.050992,5.426123209e-05,1.59727329e-06
5,20.0,24.0,14,1252.086905,5.363660097e-05,1.574082293e-06
5,20.0,24.0,14,1254.122819,5.368769652e-05,1.455430167e-06
5,20.0,24.0,14,1256.158733,5.471301531e-05,1.482263368e-06
5,20.0,24.0,14,1258.194646,5.484620347e-05,1.444361676e-06
5,20.0,24.0,14,1260.23056,5.38574073e-05,1.435732161e-06
5,20.0,24.0,14,1262.266474,5.347862992e-05,1.45130956e-06
5,20.0,24.0,14,1264.302387,5.389663083e-05,1.489837514e-06
5,20.0,24.0,14,1266.338301,5.404410765e-05,1.582360068e-06
5,20.0,24.0,14,1268.374215,5.375003685e-05,1.699142977e-06
5,20.0,24.0,14,1270.410128,5.346957048e-05,1.737595595e-06
5,20.0,24.0,14,1272.446042,5.361642776e-05,1.549410344e-06
5,20.0,24.0,14,1274.481956,5.417138449e-05,1.409356663e-06
5,20.0,24.0,14,1276.517869,5.428502806e-05,1.465138717e-06
5,20.0,24.0,14,1278.553783,5.35731199e-05,1.626185409e-06
5,20.0,24.0,14,1280.589697,5.313742432e-05,1.65087487e-06
5,20.0,24.0,14,1282.62561,5.396534155e-05,1.660934348e-06
5,20.0,24.0,14,1284.661524,5.519067374e-05,1.725167106e-06
5,20.0,24.0,14,1286.697438,5.579088582e-05,1.759603997e-06
5,20.0,24.0,14,1288.733351,5.57573139e-05,1.73490114e-06
5,20.0,24.0,14,1290.769265,5.557144046e-05,1.718489651e-06
5,20.0,24.0,14,1292.805179,5.651397619e-05,1.69264222e-06
5,20.0,24.0,14,1294.841092,5.833963953e-05,1.752724745e-06
5,20.0,24.0,14,1296.877006,5.906324677e-05,1.69384751e-06
5,20.0,24.0,14,1298.91292,5.840504771e-05,1.569402655e-06
5,20.0,24.0,14,1300.948833,5.756277531e-05,1.456081867e-06
5,20.0,24.0,14,1302.984747,5.708433426e-05,1.501189114e-06
5,20.0,24.0,14,1305.020661,5.750875782e-05,1.528663896e-06
5,20.0,24.0,14,1307.056574,5.891537434e-05,1.52381606e-06
5,20.0,24.0,14,1309.092488,5.984981885e-05,1.546401915e-06
5,20.0,24.0,14,1311.128402,5.986007679e-05,1.736305878e-06
5,20.0,24.0,14,1313.164315,5.98553349e-05,1.727329716e-06
5,20.0,24.0,14,1315.200229,6.006736932e-05,1.692611003e-06
5,20.0,24.0,14,1317.236143,5.966586115e-05,1.674908666e-06
5,20.0,24.0,14,1319.272056,5.921135077e-05,1.634819762e-06
5,20.0,24.0,14,1321.30797,6.03540616e-05,1.794424333e-06
5,20.0,24.0,14,1323.343884,6.210482327e-05,1.733180797e-06
5,20.0,24.0,14,1325.379797,6.249305268e-05,1.542730451e-06
5,20.0,24.0,14,1327.415711,6.164013339e-05,1.628712903e-06
5,20.0,24.0,14,1329.451625,6.101828121e-05,1.672428527e-06
5,20.0,24.0,14,1331.487538,6.158775169e-05,1.934831582e-06
5,20.0,24.0,14,1333.523452,6.307815441e-05,2.178314882e-06
5,20.0,24.0,14,1335.559366,6.447945103e-05,2.179010072e-06
5,20.0,24.0,14,1337.595279,6.480050636e-05,2.064380007e-06
5,20.0,24.0,14,1339.631193,6.435065933e-05,2.202436901e-06
5,20.0,24.0,14,1341.667107,6.448570324e-05,2.164666656e-06
5,20.0,24.0,14,1343.70302,6.497217527e-05,2.0883751e-06
5,20.0,24.0,14,1345.738934,6.475579519e-05,2.265609615e-06
5,20.0,24.0,14,1347.774848,6.47961872e-05,2.34814085e-06
5,20.0,24.0,14,1349.810761,6.574571853e-05,2.496960218e-06
5,20.0,24.0,14,1351.846675,6.673164175e-05,2.643277283e-06
5,20.0,24.0,14,1353.882589,6.709582447e-05,2.437323472e-06
5,20.0,24.0,14,1355.918502,6.711460021e-05,2.207431425e-06
5,20.0,24.0,14,1357.954416,6.787259201e-05,2.275758736e-06
5,20.0,24.0,14,1359.99033,6.910971345e-05,2.359439464e-06
5,20.0,24.0,14,1362.026243,6.988279889e-05,2.366485027e-06
5,20.0,24.0,14,1364.062157,7.058608251e-05,2.229201091e-06
5,20.0,24.0,14,1366.098071,7.197879201e-05,2.220275436e-06
5,20.0,24.0,14,1368.133984,7.387971949e-05,2.539482966e-06
5,20.0,24.0,14,1370.169898,7.531177339e-05,2.723470491e-06
5,20.0,24.0,14,1372.205812,7.604303644e-05,2.739083184e-06
5,20.0,24.0,14,1374.241725,7.701989223e-05,2.554030019e-06
5,20.0,24.0,14,1376.277639,7.883235822e-05,2.302859411e-06
5,20.0,24.0,14,1378.313553,8.056307329e-05,2.390664387e-06
5,20.0,24.0,14,1380.349466,8.150572146e-05,2.659256615e-06
5,20.0,24.0,14,1382.38538,8.1690289e-05,2.840534903e-06
5,20.0,24.0,14,1384.421294,8.112123375e-05,3.155316519e-06
5,20.0,24.0,14,1386.457207,8.129979287e-05,3.267436483e-06
5,20.0,24.0,14,1388.493121,8.377480135e-05,3.402740413e-06
5,20.0,24.0,14,1390.529035,8.659226764e-05,3.610022934e-06
5,20.0,24.0,14,1392.564948,8.816476564e-05,3.476075347e-06
5,20.0,24.0,14,1394.600862,8.898829884e-05,3.244543411e-06
5,20.0,24.0,14,1396.636776,8.879160509e-05,3.049740572e-06
5,20.0,24.0,14,1398.672689,8.851018881e-05,2.733050687e-06
5,20.0,24.0,14,1400.708603,9.005810173e-05,2.641981188e-06
5,20.0,24.0,14,1402.744517,9.180013497e-05,3.110168737e-06
5,20.0,24.0,14,1404.78043,9.146900364e-05,3.667375643e-06
5,20.0,24.0,14,1406.816344,9.088427151e-05,3.62766149e-06
5,20.0,24.0,14,1408.852258,9.228637719e-05,3.725694814e-06
5,20.0,24.0,14,1410.888171,9.45478533e-05,4.053537048e-06
5,20.0,24.0,14,1412.924085,9.599545671e-05,3.861615761e-06
5,20.0,24.0,14,1414.959999,9.767010168e-05,3.42905313e-06
5,20.0,24.0,14,1416.995912,9.905625755e-05,3.587690909e-06
5,20.0,24.0,14,1419.031826,9.790954822e-05,3.951753216e-06
5,20.0,24.0,14,1421.06774,9.662109986e-05,4.030754765e-06
5,20.0,24.0,14,1423.103653,9.810155882e-05,3.918363498e-06
5,20.0,24.0,14,1425.139567,0.000101497836,3.537332822e-06
5,20.0,24.0,14,1427.175481,0.0001050993228,3.400750567e-06
5,20.0,24.0,14,1429.211394,0.0001082316827,3.765131793e-06
5,20.0,24.0,14,1431.247308,0.0001097945422,4.034171983e-06
5,20.0,24.0,14,1433.283222,0.0001095402386,4.089842341e-06
5,20.0,24.0,14,1435.319135,0.0001095562321,3.732752193e-06
5,20.0,24.0,14,1437.355049,0.0001106668815,3.33919403e-06
5,20.0,24.0,14,1439.390963,0.0001126640617,3.52213631e-06
5,20.0,24.0,14,1441.426876,0.0001148968485,4.124314895e-06
5,20.0,24.0,14,1443.46279,0.0001172703142,4.426663219e-06
5,20.0,24.0,14,1445.498704,0.0001202299191,4.542853413e-06
5,20.0,24.0,14,1447.534617,0.0001229540853,4.857440287e-06
5,20.0,24.0,14,1449.570531,0.000128015348,5.586153939e-06
5,20.0,24.0,14,1451.606445,0.0001369255633,6.237157704e-06
5,20.0,24.0,14,1453.642358,0.0001439556565,6.179874153e-06
5,20.0,24.0,14,1455.678272,0.0001457531968,6.139162247e-06
5,20.0,24.0,14,1457.714186,0.0001452509249,5.943294699e-06
5,20.0,24.0,14,1459.750099,0.000145094287,5.559242791e-06
5,20.0,24.0,14,1461.786013,0.0001467583828,5.315699283e-06
5,20.0,24.0,14,1463.821927,0.0001500647363,4.834370002e-06
5,20.0,24.0,14,1465.85784,0.0001501693495,5.034815149e-06
5,20.0,24.0,14,1467.893754,0.0001469169272,5.634902091e-06
5,20.0,24.0,14,1469.929668,0.000149345785,6.509792257e-06
5,20.0,24.0,14,1471.965581,0.0001600249823,6.634874196e-06
5,20.0,24.0,14,1474.001495,0.0001713652916,6.85238059e-06
5,20.0,24.0,14,1476.037409,0.000176917251,7.989626748e-06
5,20.0,24.0,14,1478.073322,0.0001778599809,8.103339233e-06
5,20.0,24.0,14,1480.109236,0.0001802728799,7.411389934e-06
5,20.0,24.0,14,1482.14515,0.0001846794541,7.272984094e-06
5,20.0,24.0,14,1484.181063,0.0001873412036,6.696776434e-06
5,20.0,24.0,14,1486.216977,0.0001904755056,7.175252231e-06
5,20.0,24.0,14,1488.252891,0.0001988956643,8.656282381e-06
5,20.0,24.0,14,1490.288804,0.0002122066122,9.413856145e-06
5,20.0,24.0,14,1492.324718,0.0002227478502,9.776320054e-06
5,20.0,24.0,14,1494.360632,0.0002264494227,9.702130766e-06
5,20.0,24.0,14,1496.396545,0.0002276259025,1.004513232e-05
5,20.0,24.0,14,1498.432459,0.0002304019166,9.903808167e-06
5,20.0,24.0,14,1500.468373,0.0002364956577,9.861999124e-06
5,20.0,24.0,14,1502.504286,0.0002466192001,1.066989036e-05
5,20.0,24.0,14,1504.5402,0.000260397826,1.239277059e-05
5,20.0,24.0,14,1506.576114,0.0002780968854,1.309022055e-05
5,20.0,24.0,14,1508.612027,0.000293956846,1.304477757e-05
5,20.0,24.0,14,1510.647941,0.0002981117041,1.3860119e-05
5,20.0,24.0,14,1512.683855,0.0002921885651,1.419674437e-05
5,20.0,24.0,14,1514.719768,0.0002911544975,1.367976642e-05
5,20.0,24.0,14,1516.755682,0.0003030402861,1.310585813e-05
5,20.0,24.0,14,1518.791596,0.0003170900084,1.333128814e-05
5,20.0,24.0,14,1520.827509,0.0003256414442,1.460055333e-05
5,20.0,24.0,14,1522.863423,0.0003369057714,1.628213345e-05
5,20.0,24.0,14,1524.899337,0.0003572237779,1.682972835e-05
5,20.0,24.0,14,1526.93525,0.0003769416489,1.66077753e-05
5,20.0,24.0,14,1528.971164,0.0003835753372,1.661872042e-05
5,20.0,24.0,14,1531.007078,0.0003841179786,1.686346577e-05
5,20.0,24.0,14,1533.042991,0.0003928071693,1.775258285e-05
5,20.0,24.0,14,1535.078905,0.0004111901162,1.999193703e-05
5,20.0,24.0,14,1537.114819,0.0004362954413,2.25579948e-05
5,20.0,24.0,14,1539.150732,0.0004623527774,2.407307371e-05
5,20.0,24.0,14,1541.186646,0.0004800094506,2.502992131e-05
5,20.0,24.0,14,1543.22256,0.0004902258707,2.487518258e-05
5,20.0,24.0,14,1545.258473,0.0005013644924,2.23673405e-05
5,20.0,24.0,14,1547.294387,0.0005183575564,2.167534314e-05
5,20.0,24.0,14,1549.330301,0.0005443635963,2.312500879e-05
5,20.0,24.0,14,1551.366214,0.0005779527819,2.484105122e-05
5,20.0,24.0,14,1553.402128,0.0006070805555,2.626905333e-05
5,20.0,24.0,14,1555.438042,0.0006209506408,2.709210491e-05
5,20.0,24.0,14,1557.473955,0.0006199801421,2.678738427e-05
5,20.0,24.0,14,1559.509869,0.0006153143553,2.732724424e-05
5,20.0,24.0,14,1561.545783,0.0006312841007,3.115276463e-05
5,20.0,24.0,14,1563.581696,0.0006659874875,3.496452077e-05
5,20.0,24.0,14,1565.61761,0.0006885779709,3.409475049e-05
5,20.0,24.0,14,1567.653524,0.0007012656745,3.073788709e-05
5,20.0,24.0,14,1569.689437,0.0007215851258,3.105800217e-05
5,20.0,24.0,14,1571.725351,0.0007409950161,3.22701791e-05
5,20.0,24.0,14,1573.761265,0.0007535995098,3.331934055e-05
5,20.0,24.0,14,1575.797178,0.0007758378174,3.478817316e-05
5,20.0,24.0,14,1577.833092,0.0008127535934,3.498951668e-05
5,20.0,24.0,14,1579.869006,0.0008446107376,3.443341975e-05
5,20.0,24.0,14,1581.904919,0.0008439452394,3.517780046e-05
5,20.0,24.0,14,1583.940833,0.000811903357,3.168975859e-05
5,20.0,24.0,14,1585.976747,0.0007852003322,2.729267017e-05
5,20.0,24.0,14,1588.01266,0.0008030979793,2.712554065e-05
5,20.0,24.0,14,1590.048574,0.0008479732888,3.042162071e-05
5,20.0,24.0,14,1592.084488,0.0008546303871,3.652721099e-05
5,20.0,24.0,14,1594.120401,0.0008270711273,3.904942879e-05
5,20.0,24.0,14,1596.156315,0.0008119516908,3.93155485e-05
5,20.0,24.0,14,1598.192229,0.0008062344867,3.623032309e-05
5,20.0,24.0,14,1600.228142,0.000796943271,3.180983105e-05
5,20.0,24.0,14,1602.264056,0.0007974801054,2.953872689e-05
5,20.0,24.0,14,1604.29997,0.0008066145847,2.649145374e-05
5,20.0,24.0,14,1606.335883,0.0008099699567,2.395046435e-05
5,20.0,24.0,14,1608.371797,0.0008071197,2.689821155e-05
5,20.0,24.0,14,1610.407711,0.000803018268,2.941590911e-05
5,20.0,24.0,14,1612.443624,0.0008130746451,3.074977413e-05
5,20.0,24.0,14,1614.479538,0.0008292087135,3.214718345e-05
5,20.0,24.0,14,1616.515452,0.0008179972002,2.898015487e-05
5,20.0,24.0,14,1618.551365,0.0007847329994,2.790517715e-05
5,20.0,24.0,14,1620.587279,0.0007646949691,3.153928369e-05
5,20.0,24.0,14,1622.623193,0.0007699797399,3.693437075e-05
5,20.0,24.0,14,1624.659106,0.0007840139322,3.930917797e-05
5,20.0,24.0,14,1626.69502,0.0007910726861,3.9173475e-05
5,20.0,24.0,14,1628.730934,0.0007918251278,3.757013222e-05
5,20.0,24.0,14,1630.766847,0.0007814974115,3.806706098e-05
5,20.0,24.0,14,1632.802761,0.0007572049209,3.927467977e-05
5,20.0,24.0,14,1634.838675,0.0007424858084,3.757129538e-05
5,20.0,24.0,14,1636.874588,0.0007445752194,3.555703694e-05
5,20.0,24.0,14,1638.910502,0.0007405939525,3.445845078e-05
5,20.0,24.0,14,1640.946416,0.0007206781923,3.729420469e-05
5,20.0,24.0,14,1642.982329,0.000702058786,3.604269589e-05
5,20.0,24.0,14,1645.018243,0.0006977452296,3.017838993e-05
5,20.0,24.0,14,1647.054157,0.0007078160711,2.857669638e-05
5,20.0,24.0,14,1649.09007,0.0007099911729,2.983589689e-05
5,20.0,24.0,14,1651.125984,0.0006712194074,2.912038049e-05
5,20.0,24.0,14,1653.161898,0.0006099197378,2.667080961e-05
5,20.0,24.0,14,1655.197811,0.0005758934714,2.554951517e-05
5,20.0,24.0,14,1657.233725,0.0005773000049,2.42044715e-05
5,20.0,24.0,14,1659.269639,0.0005798424456,2.683687979e-05
5,20.0,24.0,14,1661.305552,0.0005609970074,2.601965641e-05
5,20.0,24.0,14,1663.341466,0.0005398234991,2.363150557e-05
5,20.0,24.0,14,1665.37738,0.0005238360788,2.529025015e-05
5,20.0,24.0,14,1667.413293,0.0005011846037,2.407771256e-05
5,20.0,24.0,14,1669.449207,0.0004792871073,2.236034627e-05
5,20.0,24.0,14,1671.485121,0.0004614097487,2.294089715e-05
5,20.0,24.0,14,1673.521034,0.0004418407652,2.24274328e-05
5,20.0,24.0,14,1675.556948,0.0004262273808,2.165406426e-05
5,20.0,24.0,14,1677.592862,0.0004213025537,2.140828558e-05
5,20.0,24.0,14,1679.628775,0.000421701629,2.22940518e-05
5,20.0,24.0,14,1681.664689,0.0004164162979,2.123540457e-05
5,20.0,24.0,14,1683.700603,0.0004013115338,1.927926841e-05
5,20.0,24.0,14,1685.736516,0.0003790208607,1.853549287e-05
5,20.0,24.0,14,1687.77243,0.000354635373,1.924935941e-05
5,20.0,24.0,14,1689.808344,0.000327989071,1.81090274e-05
5,20.0,24.0,14,1691.844257,0.0002975567708,1.406319781e-05
5,20.0,24.0,14,1693.880171,0.0002827866367,1.328637288e-05
5,20.0,24.0,14,1695.916085,0.0002879367187,1.582730386e-05
5,20.0,24.0,14,1697.951998,0.0002805266653,1.468406388e-05
5,20.0,24.0,14,1699.987912,0.0002519671199,1.173417854e-05
5,20.0,24.0,14,1702.023826,0.0002320448987,1.096464227e-05
5,20.0,24.0,14,1704.059739,0.000230691548,1.077632335e-05
5,20.0,24.0,14,1706.095653,0.0002268425338,9.597284007e-06
5,20.0,24.0,14,1708.131567,0.0002118605763,9.056050088e-06
5,20.0,24.0,14,1710.16748,0.0001951695023,8.850792868e-06
5,20.0,24.0,14,1712.203394,0.000184432856,7.784744976e-06
5,20.0,24.0,14,1714.239308,0.0001771952994,6.943156671e-06
5,20.0,24.0,14,1716.275221,0.0001699455046,7.239508413e-06
5,20.0,24.0,14,1718.311135,0.0001665669072,9.077694389e-06
5,20.0,24.0,14,1720.347049,0.0001642429384,9.763204467e-06
5,20.0,24.0,14,1722.382962,0.0001541264968,8.701333645e-06
5,20.0,24.0,14,1724.418876,0.0001379641,7.339226682e-06
5,20.0,24.0,14,1726.45479,0.0001252730734,6.702132538e-06
5,20.0,24.0,14,1728.490703,0.0001218148367,6.442482804e-06
5,20.0,24.0,14,1730.526617,0.0001238354993,6.747076413e-06
5,20.0,24.0,14,1732.562531,0.0001236572438,6.94238374e-06
5,20.0,24.0,14,1734.598444,0.0001203680331,6.144455642e-06
5,20.0,24.0,14,1736.634358,0.0001162565067,5.537300997e-06
5,20.0,24.0,14,1738.670272,0.0001119205379,6.858337908e-06
5,20.0,24.0,14,1740.706185,0.0001090236788,7.699670209e-06
5,20.0,24.0,14,1742.742099,0.0001079705244,7.683140787e-06
5,20.0,24.0,14,1744.778013,0.0001059164845,7.456939374e-06
5,20.0,24.0,14,1746.813926,0.0001031234061,7.844745609e-06
5,20.0,24.0,14,1748.84984,0.0001006323054,7.69556474e-06
5,20.0,24.0,14,1750.885754,9.542181536e-05,5.936729808e-06
5,20.0,24.0,14,1752.921667,8.672152494e-05,4.541493925e-06
5,20.0,24.0,14,1754.957581,7.888928957e-05,3.452331855e-06
5,20.0,24.0,14,1756.993495,7.607958629e-05,2.463594522e-06
5,20.0,24.0,14,1759.029408,7.514386558e-05,2.926737208e-06
5,20.0,24.0,14,1761.065322,7.215339283e-05,3.353876762e-06
5,20.0,24.0,14,1763.101236,6.861048464e-05,3.060308655e-06
5,20.0,24.0,14,1765.137149,6.467774766e-05,2.307762672e-06
5,20.0,24.0,14,1767.173063,6.048621407e-05,2.11270813e-06
5,20.0,24.0,14,1769.208977,5.745758307e-05,2.51392844e-06
5,20.0,24.0,14,1771.24489,5.481967755e-05,2.693658361e-06
5,20.0,24.0,14,1773.280804,5.203398736e-05,2.438353006e-06
5,20.0,24.0,14,1775.316718,5.00876641e-05,2.24211269e-06
5,20.0,24.0,14,1777.352631,4.917511972e-05,2.038934159e-06
5,20.0,24.0,14,1779.388545,4.811699909e-05,1.872914977e-06
5,20.0,24.0,14,1781.424459,4.62318561e-05,1.753983868e-06
5,20.0,24.0,14,1783.460372,4.443918508e-05,1.622581024e-06
5,20.0,24.0,14,1785.496286,4.393908543e-05,1.789625501e-06
5,20.0,24.0,14,1787.5322,4.411583445e-05,2.106669692e-06
5,20.0,24.0,14,1789.568113,4.331309174e-05,2.272943661e-06
5,20.0,24.0,14,1791.604027,4.174782216e-05,2.182236368e-06
5,20.0,24.0,14,1793.639941,4.031488353e-05,1.820374394e-06
5,20.0,24.0,14,1795.675854,3.911683441e-05,1.547352638e-06
5,20.0,24.0,14,1797.711768,3.823206199e-05,1.323325172e-06
5,20.0,24.0,14,1799.747682,3.747156188e-05,1.208314891e-06
5,20.0,24.0,14,1801.783595,3.653742368e-05,1.361470394e-06
5,20.0,24.0,14,1803.819509,3.560075279e-05,1.433343241e-06
5,20.0,24.0,14,1805.855423,3.458160776e-05,1.35188412e-06
5,20.0,24.0,14,1807.891336,3.370721695e-05,1.288429313e-06
5,20.0,24.0,14,1809.92725,3.340988789e-05,1.349626057e-06
5,20.0,24.0,14,1811.963164,3.29510141e-05,1.347051643e-06
5,20.0,24.0,14,1813.999077,3.186009037e-05,1.328155269e-06
5,20.0,24.0,14,1816.034991,3.08154789e-05,1.517225256e-06
5,20.0,24.0,14,1818.070905,3.02601746e-05,1.540154941e-06
5,20.0,24.0,14,1820.106818,2.950816172e-05,1.228643161e-06
5,20.0,24.0,14,1822.142732,2.825005848e-05,9.719940882e-07
5,20.0,24.0,14,1824.178646,2.695276701e-05,8.517772666e-07
5,20.0,24.0,14,1826.214559,2.575621201e-05,7.315142722e-07
5,20.0,24.0,14,1828.250473,2.512987832e-05,6.515576663e-07
5,20.0,24.0,14,1830.286387,2.525783921e-05,6.107947859e-07
5,20.0,24.0,14,1832.3223,2.533397047e-05,6.891582615e-07
5,20.0,24.0,14,1834.358214,2.452268165e-05,7.212457085e-07
5,20.0,24.0,14,1836.394128,2.308195723e-05,6.812989293e-07
5,20.0,24.0,14,1838.430041,2.235015971e-05,6.793397915e-07
5,20.0,24.0,14,1840.465955,2.272933523e-05,6.96739123e-07
5,20.0,24.0,14,1842.501869,2.294218002e-05,7.258441032e-07
5,20.0,24.0,14,1844.537782,2.219940262e-05,7.156373485e-07
5,20.0,24.0,14,1846.573696,2.15586101e-05,7.082951303e-07
5,20.0,24.0,14,1848.60961,2.16772394e-05,7.578623773e-07
5,20.0,24.0,14,1850.645523,2.15344048e-05,8.613508939e-07
5,20.0,24.0,14,1852.681437,2.091405873e-05,8.613905614e-07
5,20.0,24.0,14,1854.717351,2.050539016e-05,7.898606145e-07
5,20.0,24.0,14,1856.753264,2.027013544e-05,7.165319408e-07
5,20.0,24.0,14,1858.789178,2.003496678e-05,6.769716263e-07
5,20.0,24.0,14,1860.825092,1.989968624e-05,6.691357017e-07
5,20.0,24.0,14,1862.861005,1.969617234e-05,6.385326304e-07
5,20.0,24.0,14,1864.896919,1.926667626e-05,5.80683474e-07
5,20.0,24.0,14,1866.932833,1.878820689e-05,4.941092721e-07
5,20.0,24.0,14,1868.968746,1.842661802e-05,4.816354659e-07
5,20.0,24.0,14,1871.00466,1.824168485e-05,5.107759953e-07
5,20.0,24.0,14,1873.040574,1.812161783e-05,5.351367952e-07
5,20.0,24.0,14,1875.076487,1.784293259e-05,5.759103589e-07
5,20.0,24.0,14,1877.112401,1.73858138e-05,6.092420858e-07
5,20.0,24.0,14,1879.148315,1.677787129e-05,5.467335507e-07
5,20.0,24.0,14,1881.184228,1.640958315e-05,4.379152742e-07
5,20.0,24.0,14,1883.220142,1.655409817e-05,4.363388637e-07
5,20.0,24.0,14,1885.256056,1.683492566e-05,4.676932133e-07
5,20.0,24.0,14,1887.291969,1.70287038e-05,5.257512807e-07
5,20.0,24.0,14,1889.327883,1.705976266e-05,5.722191658e-07
5,20.0,24.0,14,1891.363797,1.679981154e-05,5.462361539e-07
5,20.0,24.0,14,1893.39971,1.658876392e-05,4.970010654e-07
5,20.0,24.0,14,1895.435624,1.65303004e-05,4.786974307e-07
5,20.0,24.0,14,1897.471538,1.619463405e-05,4.446587388e-07
5,20.0,24.0,14,1899.507451,1.57523282e-05,4.060546806e-07
5,20.0,24.0,14,1901.543365,1.553844734e-05,4.295690156e-07
5,20.0,24.0,14,1903.579279,1.532338607e-05,4.966301113e-07
5,20.0,24.0,14,1905.615192,1.511563163e-05,4.829381035e-07
5,20.0,24.0,14,1907.651106,1.512472432e-05,4.52672987e-07
5,20.0,24.0,14,1909.68702,1.512022684e-05,4.586295401e-07
5,20.0,24.0,14,1911.722933,1.486046858e-05,4.38823002e-07
5,20.0,24.0,14,1913.758847,1.462802956e-05,4.023509431e-07
5,20.0,24.0,14,1915.794761,1.468578146e-05,3.915103352e-07
5,20.0,24.0,14,1917.830674,1.484511286e-05,3.95690085e-07
5,20.0,24.0,14,1919.866588,1.492404476e-05,3.906867668e-07
5,20.0,24.0,14,1921.902502,1.483524596e-05,3.959933591e-07
5,20.0,24.0,14,1923.938415,1.462467853e-05,4.300504551e-07
5,20.0,24.0,14,1925.974329,1.450765783e-05,4.676176688e-07
5,20.0,24.0,14,1928.010243,1.448988619e-05,5.079291133e-07
5,20.0,24.0,14,1930.046156,1.439763907e-05,4.959693789e-07
5,20.0,24.0,14,1932.08207,1.420641861e-05,4.550309394e-07
5,20.0,24.0,14,1934.117984,1.38965798e-05,4.230337497e-07
5,20.0,24.0,14,1936.153897,1.36326054e-05,4.208711838e-07
5,20.0,24.0,14,1938.189811,1.369908038e-05,4.538640329e-07
5,20.0,24.0,14,1940.225725,1.405984485e-05,4.822344298e-07
5,20.0,24.0,14,1942.261638,1.4317246e-05,4.773935889e-07
5,20.0,24.0,14,1944.297552,1.402494192e-05,4.348826016e-07
5,20.0,24.0,14,1946.333466,1.345918728e-05,3.817676434e-07
5,20.0,24.0,14,1948.369379,1.312990361e-05,3.56361432e-07
5,20.0,24.0,14,1950.405293,1.301676153e-05,3.545429221e-07
5,20.0,24.0,14,1952.441207,1.302238828e-05,3.684112235e-07
5,20.0,24.0,14,1954.47712,1.307936528e-05,3.850054588e-07
5,20.0,24.0,14,1956.513034,1.316148532e-05,3.897392071e-07
5,20.0,24.0,14,1958.548948,1.322730094e-05,4.049242435e-07
5,20.0,24.0,14,1960.584861,1.30369345e-05,3.991790305e-07
5,20.0,24.0,14,1962.620775,1.261859641e-05,3.623390953e-07
5,20.0,24.0,14,1964.656689,1.24031525e-05,3.144766281e-07
5,20.0,24.0,14,1966.692602,1.263649011e-05,2.859686657e-07
5,20.0,24.0,14,1968.728516,1.310624621e-05,3.22433724e-07
5,20.0,24.0,14,1970.76443,1.343078488e-05,3.839274877e-07
5,20.0,24.0,14,1972.800343,1.342304085e-05,3.964255744e-07
5,20.0,24.0,14,1974.836257,1.322070432e-05,4.217026969e-07
5,20.0,24.0,14,1976.872171,1.309533537e-05,4.522877586e-07
5,20.0,24.0,14,1978.908084,1.305128336e-05,4.447702958e-07
5,20.0,24.0,14,1980.943998,1.298404436e-05,4.192454462e-07
5,20.0,24.0,14,1982.979912,1.302436373e-05,3.780038779e-07
5,20.0,24.0,14,1985.015825,1.321785292e-05,3.581075404e-07
5,20.0,24.0,14,1987.051739,1.326677941e-05,3.713327013e-07
5,20.0,24.0,14,1989.087653,1.302578572e-05,4.066810415e-07
5,20.0,24.0,14,1991.123566,1.280891988e-05,3.875566316e-07
5,20.0,24.0,14,1993.15948,1.2845048e-05,3.545572994e-07
5,20.0,24.0,14,1995.195394,1.308362879e-05,3.586258265e-07
5,20.0,24.0,14,1997.231307,1.344943087e-05,4.244014828e-07
5,20.0,24.0,14,1999.267221,1.377173999e-05,4.904774201e-07
5,20.0,24.0,14,2001.303135,1.382340656e-05,4.798323482e-07
5,20.0,24.0,14,2003.339048,1.368078267e-05,4.166912904e-07
5,20.0,24.0,14,2005.374962,1.339693402e-05,4.243728479e-07
5,20.0,24.0,14,2007.410876,1.299425729e-05,4.65428331e-07
5,20.0,24.0,14,2009.446789,1.282380419e-05,4.438289591e-07
5,20.0,24.0,14,2011.482703,1.305569549e-05,4.317623297e-07
5,20.0,24.0,14,2013.518617,1.333508155e-05,4.125895408e-07
5,20.0,24.0,14,2015.55453,1.324792868e-05,3.704884482e-07
5,20.0,24.0,14,2017.590444,1.286832808e-05,3.286407044e-07
5,20.0,24.0,14,2019.626358,1.262222308e-05,3.552468173e-07
5,20.0,24.0,14,2021.662271,1.267029945e-05,3.815355347e-07
5,20.0,24.0,14,2023.698185,1.289489743e-05,3.715502833e-07
5,20.0,24.0,14,2025.734099,1.307742012e-05,3.935787816e-07
5,20.0,24.0,14,2027.770012,1.302151117e-05,3.964576351e-07
5,20.0,24.0,14,2029.805926,1.287986875e-05,3.866848823e-07
5,20.0,24.0,14,2031.84184,1.288129337e-05,4.164970825e-07
5,20.0,24.0,14,2033.877753,1.286766658e-05,4.576547793e-07
5,20.0,24.0,14,2035.913667,1.275435191e-05,4.342921178e-07
5,20.0,24.0,14,2037.949581,1.266651805e-05,4.031554605e-07
5,20.0,24.0,14,2039.985494,1.254549465e-05,3.966047308e-07
5,20.0,24.0,14,2042.021408,1.24475343e-05,4.16010804e-07
5,20.0,24.0,14,2044.057322,1.26663458e-05,4.19212153e-07
5,20.0,24.0,14,2046.093235,1.312744698e-05,4.235014579e-07
5,20.0,24.0,14,2048.129149,1.33789896e-05,4.60439755e-07
5,20.0,24.0,14,2050.165063,1.324676022e-05,4.80821588e-07
5,20.0,24.0,14,2052.200976,1.278923097e-05,4.334701517e-07
5,20.0,24.0,14,2054.23689,1.231984659e-05,3.713245159e-07
5,20.0,24.0,14,2056.272804,1.234495915e-05,3.351170291e-07
5,20.0,24.0,14,2058.308717,1.272091215e-05,3.421006248e-07
5,20.0,24.0,14,2060.344631,1.289490812e-05,3.803919133e-07
5,20.0,24.0,14,2062.380545,1.284111076e-05,4.131796566e-07
5,20.0,24.0,14,2064.416458,1.288494916e-05,3.818342312e-07
5,20.0,24.0,14,2066.452372,1.288135146e-05,3.449270074e-07
5,20.0,24.0,14,2068.488286,1.255596055e-05,3.397459566e-07
5,20.0,24.0,14,2070.524199,1.216672684e-05,3.020173964e-07
5,20.0,24.0,14,2072.560113,1.197474777e-05,2.621538797e-07
5,20.0,24.0,14,2074.596027,1.196144379e-05,2.725736452e-07
5,20.0,24.0,14,2076.63194,1.204757629e-05,2.953473346e-07
5,20.0,24.0,14,2078.667854,1.219159744e-05,3.116318923e-07
5,20.0,24.0,14,2080.703768,1.226058065e-05,3.549044473e-07
5,20.0,24.0,14,2082.739681,1.213908367e-05,3.675345122e-07
5,20.0,24.0,14,2084.775595,1.198259939e-05,3.463456321e-07
5,20.0,24.0,14,2086.811509,1.2033396e-05,3.471473313e-07
5,20.0,24.0,14,2088.847422,1.230519529e-05,4.025883541e-07
5,20.0,24.0,14,2090.883336,1.24937808e-05,4.273722806e-07
5,20.0,24.0,14,2092.91925,1.245968822e-05,4.375326605e-07
5,20.0,24.0,14,2094.955163,1.240043927e-05,4.237282275e-07
5,20.0,24.0,14,2096.991077,1.242633503e-05,3.83548595e-07
5,20.0,24.0,14,2099.026991,1.248559018e-05,3.785292893e-07
5,20.0,24.0,14,2101.062904,1.238704607e-05,3.746108917e-07
5,20.0,24.0,14,2103.098818,1.215224433e-05,3.480578392e-07
5,20.0,24.0,14,2105.134732,1.193891641e-05,3.477535278e-07
5,20.0,24.0,14,2107.170645,1.179418504e-05,3.864950901e-07
5,20.0,24.0,14,2109.206559,1.190687296e-05,4.285080565e-07
5,20.0,24.0,14,2111.242473,1.212358361e-05,4.33189413e-07
5,20.0,24.0,14,2113.278386,1.21454521e-05,4.16665491e-07
5,20.0,24.0,14,2115.3143,1.210320396e-05,3.865629611e-07
5,20.0,24.0,14,2117.350214,1.20543265e-05,3.630448355e-07
5,20.0,24.0,14,2119.386127,1.192606578e-05,3.446130769e-07
5,20.0,24.0,14,2121.422041,1.177556451e-05,3.178374271e-07
5,20.0,24.0,14,2123.457955,1.177501812e-05,3.011024916e-07
5,20.0,24.0,14,2125.493868,1.196481008e-05,3.221124292e-07
5,20.0,24.0,14,2127.529782,1.21371687e-05,3.626358793e-07
5,20.0,24.0,14,2129.565696,1.215258878e-05,4.091525359e-07
5,20.0,24.0,14,2131.601609,1.207335948e-05,3.591978437e-07
5,20.0,24.0,14,2133.637523,1.203997097e-05,3.031386318e-07
5,20.0,24.0,14,2135.673437,1.206952816e-05,3.067307596e-07
5,20.0,24.0,14,2137.70935,1.208881632e-05,3.591331609e-07
5,20.0,24.0,14,2139.745264,1.211239336e-05,3.658275211e-07
5,20.0,24.0,14,2141.781178,1.206196457e-05,3.182564453e-07
5,20.0,24.0,14,2143.817091,1.185118867e-05,2.730845245e-07
5,20.0,24.0,14,2145.853005,1.17267848e-05,2.555515552e-07
5,20.0,24.0,14,2147.888919,1.170420452e-05,2.635684783e-07
5,20.0,24.0,14,2149.924832,1.150745782e-05,2.905058761e-07
5,20.0,24.0,14,2151.960746,1.132450552e-05,3.027273167e-07
5,20.0,24.0,14,2153.99666,1.150420697e-05,3.094355023e-07
5,20.0,24.0,14,2156.032573,1.191070148e-05,3.371793819e-07
5,20.0,24.0,14,2158.068487,1.221763287e-05,3.557625814e-07
5,20.0,24.0,14,2160.104401,1.228860701e-05,3.437343464e-07
5,20.0,24.0,14,2162.140314,1.213100908e-05,3.29596318e-07
5,20.0,24.0,14,2164.176228,1.196804005e-05,3.160219338e-07
5,20.0,24.0,14,2166.212142,1.188329657e-05,2.938699432e-07
5,20.0,24.0,14,2168.248055,1.16791747e-05,2.753508196e-07
5,20.0,24.0,14,2170.283969,1.140069337e-05,3.008563901e-07
5,20.0,24.0,14,2172.319883,1.127802954e-05,3.316641059e-07
5,20.0,24.0,14,2174.355796,1.13402032e-05,3.158813621e-07
5,20.0,24.0,14,2176.39171,1.159699268e-05,3.245226254e-07
5,20.0,24.0,14,2178.427624,1.196515563e-05,3.303846934e-07
5,20.0,24.0,14,2180.463537,1.219458292e-05,3.04393017e-07
5,20.0,24.0,14,2182.499451,1.228119424e-05,3.14448756e-07
5,20.0,24.0,14,2184.535365,1.226906228e-05,3.646509811e-07
5,20.0,24.0,14,2186.571278,1.221245027e-05,3.888040012e-07
5,20.0,24.0,14,2188.607192,1.214963429e-05,3.843507336e-07
5,20.0,24.0,14,2190.643106,1.215056641e-05,3.659533076e-07
5,20.0,24.0,14,2192.679019,1.226154122e-05,3.447200895e-07
5,20.0,24.0,14,2194.714933,1.228935264e-05,3.304990418e-07
5,20.0,24.0,14,2196.750847,1.213587607e-05,3.489024767e-07
5,20.0,24.0,14,2198.78676,1.19376693e-05,3.550540197e-07
5,20.0,24.0,14,2200.822674,1.19869428e-05,3.623235039e-07
5,20.0,24.0,14,2202.858588,1.222317218e-05,3.577569824e-07
5,20.0,24.0,14,2204.894501,1.224963536e-05,3.494232654e-07
5,20.0,24.0,14,2206.930415,1.211821748e-05,3.763168999e-07
5,20.0,24.0,14,2208.966329,1.203783873e-05,3.815733974e-07
5,20.0,24.0,14,2211.002242,1.18835108e-05,3.621174952e-07
5,20.0,24.0,14,2213.038156,1.162717557e-05,3.396094433e-07
5,20.0,24.0,14,2215.07407,1.151507649e-05,3.044545629e-07
5,20.0,24.0,14,2217.109983,1.151579334e-05,3.024793701e-07
5,20.0,24.0,14,2219.145897,1.160357614e-05,3.153164485e-07
5,20.0,24.0,14,2221.181811,1.182686612e-05,3.422956723e-07
5,20.0,24.0,14,2223.217724,1.191884737e-05,3.40338678e-07
5,20.0,24.0,14,2225.253638,1.175522275e-05,3.297399442e-07
5,20.0,24.0,14,2227.289552,1.160176778e-05,3.26620346e-07
5,20.0,24.0,14,2229.325465,1.16027772e-05,3.112683303e-07
5,20.0,24.0,14,2231.361379,1.162162782e-05,3.039473011e-07
5,20.0,24.0,14,2233.397293,1.158245033e-05,3.338847613e-07
5,20.0,24.0,14,2235.433206,1.151901765e-05,3.892310119e-07
5,20.0,24.0,14,2237.46912,1.151849316e-05,4.296341732e-07
5,20.0,24.0,14,2239.505034,1.159869286e-05,3.850512801e-07
5,20.0,24.0,14,2241.540947,1.167684211e-05,3.454387756e-07
5,20.0,24.0,14,2243.576861,1.17094243e-05,3.35160994e-07
5,20.0,24.0,14,2245.612775,1.167907997e-05,3.08687856e-07
5,20.0,24.0,14,2247.648688,1.169046666e-05,3.248972803e-07
5,20.0,24.0,14,2249.684602,1.168696935e-05,3.726217143e-07
5,20.0,24.0,14,2251.720516,1.152010934e-05,3.858389996e-07
5,20.0,24.0,14,2253.756429,1.143415662e-05,3.648376058e-07
5,20.0,24.0,14,2255.792343,1.146556553e-05,3.478847792e-07
5,20.0,24.0,14,2257.828257,1.131609335e-05,3.681597182e-07
5,20.0,24.0,14,2259.86417,1.108883476e-05,3.795265637e-07
5,20.0,24.0,14,2261.900084,1.10793325e-05,3.692502172e-07
5,20.0,24.0,14,2263.935998,1.122041941e-05,3.644569532e-07
5,20.0,24.0,14,2265.971911,1.12738938e-05,2.974856623e-07
5,20.0,24.0,14,2268.007825,1.121524598e-05,2.986024333e-07
5,20.0,24.0,14,2270.043739,1.124479218e-05,3.172499908e-07
5,20.0,24.0,14,2272.079652,1.13900668e-05,3.393245097e-07
5,20.0,24.0,14,2274.115566,1.146219744e-05,3.600211463e-07
5,20.0,24.0,14,2276.15148,1.140807866e-05,3.668717626e-07
5,20.0,24.0,14,2278.187393,1.131424535e-05,3.82651066e-07
5,20.0,24.0,14,2280.223307,1.113871419e-05,3.82670896e-07
5,20.0,24.0,14,2282.259221,1.092982535e-05,3.374675893e-07
5,20.0,24.0,14,2284.295134,1.092247959e-05,2.907491065e-07
5,20.0,24.0,14,2286.331048,1.108544494e-05,2.989171278e-07
5,20.0,24.0,14,2288.366962,1.121453302e-05,3.470629728e-07
5,20.0,24.0,14,2290.402875,1.118557028e-05,4.034847744e-07
5,20.0,24.0,14,2292.438789,1.109018216e-05,4.181935167e-07
5,20.0,24.0,14,2294.474703,1.11474739e-05,3.995369667e-07
5,20.0,24.0,14,2296.510616,1.130097435e-05,4.013509993e-07
5,20.0,24.0,14,2298.54653,1.139385686e-05,4.422167458e-07
5,20.0,24.0,14,2300.582444,1.137702335e-05,4.582798108e-07
5,20.0,24.0,14,2302.618357,1.110286534e-05,4.253011113e-07
5,20.0,24.0,14,2304.654271,1.067400147e-05,3.603528675e-07
5,20.0,24.0,14,2306.690185,1.050894807e-05,3.587203804e-07
5,20.0,24.0,14,2308.726098,1.06129282e-05,3.591236983e-07
5,20.0,24.0,14,2310.762012,1.069082852e-05,3.439033224e-07
5,20.0,24.0,14,2312.797926,1.069925249e-05,3.43546261e-07
5,20.0,24.0,14,2314.833839,1.062575946e-05,3.292294709e-07
5,20.0,24.0,14,2316.869753,1.039318469e-05,3.365087216e-07
5,20.0,24.0,14,2318.905667,1.023844146e-05,3.44979572e-07
5,20.0,24.0,14,2320.94158,1.039082722e-05,3.195041174e-07
5,20.0,24.0,14,2322.977494,1.06276395e-05,3.225520695e-07
5,20.0,24.0,14,2325.013408,1.071844782e-05,3.435615567e-07
5,20.0,24.0,14,2327.049321,1.070788444e-05,3.45907558e-07
5,20.0,24.0,14,2329.085235,1.065822928e-05,3.211489132e-07
5,20.0,24.0,14,2331.121149,1.052292251e-05,2.87358144e-07
5,20.0,24.0,14,2333.157062,1.033945927e-05,2.796985536e-07
5,20.0,24.0,14,2335.192976,1.033085851e-05,3.131561441e-07
5,20.0,24.0,14,2337.22889,1.055212719e-05,3.130073445e-07
5,20.0,24.0,14,2339.264803,1.079259558e-05,3.124834036e-07
5,20.0,24.0,14,2341.300717,1.087790497e-05,3.41634887e-07
5,20.0,24.0,14,2343.336631,1.088046489e-05,3.695727908e-07
5,20.0,24.0,14,2345.372544,1.09210393e-05,3.741904301e-07
5,20.0,24.0,14,2347.408458,1.093041032e-05,3.702606257e-07
5,20.0,24.0,14,2349.444372,1.094879316e-05,3.72375164e-07
5,20.0,24.0,14,2351.480285,1.096748351e-05,3.504697088e-07
5,20.0,24.0,14,2353.516199,1.086475506e-05,3.145856145e-07
5,20.0,24.0,14,2355.552113,1.067609269e-05,3.274119089e-07
5,20.0,24.0,14,2357.588026,1.04579201e-05,3.628390024e-07
5,20.0,24.0,14,2359.62394,1.019615899e-05,3.762298433e-07
5,20.0,24.0,14,2361.659854,9.951291113e-06,3.715925135e-07
5,20.0,24.0,14,2363.695767,1.000775592e-05,3.84514398e-07
5,20.0,24.0,14,2365.731681,1.034680187e-05,3.864912987e-07
5,20.0,24.0,14,2367.767595,1.058287299e-05,3.323072258e-07
5,20.0,24.0,14,2369.803508,1.064948861e-05,2.94976113e-07
5,20.0,24.0,14,2371.839422,1.067220991e-05,3.17075127e-07
5,20.0,24.0,14,2373.875336,1.05978789e-05,3.217021661e-07
5,20.0,24.0,14,2375.911249,1.039247894e-05,3.017091142e-07
5,20.0,24.0,14,2377.947163,1.010667316e-05,2.936860125e-07
5,20.0,24.0,14,2379.983077,9.80810392e-06,2.992487117e-07
5,20.0,24.0,14,2382.01899,9.672356571e-06,2.97363744e-07
5,20.0,24.0,14,2384.054904,9.753608481e-06,2.894287391e-07
5,20.0,24.0,14,2386.090818,9.870661052e-06,2.854215166e-07
5,20.0,24.0,14,2388.126731,9.94428889e-06,2.795322055e-07
5,20.0,24.0,14,2390.162645,1.001525405e-05,2.892712588e-07
5,20.0,24.0,14,2392.198559,1.013606084e-05,3.234754049e-07
5,20.0,24.0,14,2394.234472,1.032207477e-05,3.388121322e-07
5,20.0,24.0,14,2396.270386,1.049815761e-05,3.209316552e-07
5,20.0,24.0,14,2398.3063,1.054495548e-05,3.217708415e-07
5,20.0,24.0,14,2400.342213,1.05293081e-05,3.253613764e-07
5,20.0,24.0,14,2402.378127,1.060035949e-05,3.062051224e-07
5,20.0,24.0,14,2404.414041,1.067335452e-05,2.740854306e-07
5,20.0,24.0,14,2406.449954,1.0669217e-05,2.506824644e-07
5,20.0,24.0,14,2408.485868,1.066378227e-05,2.532036754e-07
5,20.0,24.0,14,2410.521782,1.059895746e-05,2.944161351e-07
5,20.0,24.0,14,2412.557695,1.03656211e-05,3.296467401e-07
5,20.0,24.0,14,2414.593609,1.020948855e-05,3.369258275e-07
5,20.0,24.0,14,2416.629523,1.027658099e-05,3.394632936e-07
5,20.0,24.0,14,2418.665436,1.030001056e-05,3.397369802e-07
5,20.0,24.0,14,2420.70135,1.02251708e-05,3.387731879e-07
5,20.0,24.0,14,2422.737264,1.025792925e-05,3.211604364e-07
5,20.0,24.0,14,2424.773177,1.043583032e-05,2.874493246e-07
5,20.0,24.0,14,2426.809091,1.055494153e-05,2.697154817e-07
5,20.0,24.0,14,2428.845005,1.046449094e-05,2.66468685e-07
5,20.0,24.0,14,2430.880918,1.032910649e-05,2.443227788e-07
5,20.0,24.0,14,2432.916832,1.032655989e-05,2.439218725e-07
5,20.0,24.0,14,2434.952746,1.040166765e-05,2.781545173e-07
5,20.0,24.0,14,2436.988659,1.049173027e-05,2.878878057e-07
5,20.0,24.0,14,2439.024573,1.068441652e-05,3.190472669e-07
5,20.0,24.0,14,2441.060487,1.082063038e-05,3.661778136e-07
5,20.0,24.0,14,2443.0964,1.060649142e-05,3.78144313e-07
5,20.0,24.0,14,2445.132314,1.030297926e-05,3.502234906e-07
5,20.0,24.0,14,2447.168228,1.028730248e-05,3.218583927e-07
5,20.0,24.0,14,2449.204141,1.054300548e-05,3.005050309e-07
5,20.0,24.0,14,2451.240055,1.078214503e-05,3.016231656e-07
5,20.0,24.0,14,2453.275969,1.079850801e-05,3.249648922e-07
5,20.0,24.0,14,2455.311882,1.072651353e-05,3.275510579e-07
5,20.0,24.0,14,2457.347796,1.072409277e-05,2.985580159e-07
5,20.0,24.0,14,2459.38371,1.075415216e-05,2.753780469e-07
5,20.0,24.0,14,2461.419623,1.075815555e-05,2.746793744e-07
5,20.0,24.0,14,2463.455537,1.078066466e-05,2.82659756e-07
5,20.0,24.0,14,2465.491451,1.076215495e-05,2.927187894e-07
5,20.0,24.0,14,2467.527364,1.058879083e-05,3.013275259e-07
5,20.0,24.0,14,2469.563278,1.037575526e-05,3.109574596e-07
5,20.0,24.0,14,2471.599192,1.030070846e-05,3.269121183e-07
5,20.0,24.0,14,2473.635105,1.040233522e-05,3.355430736e-07
5,20.0,24.0,14,2475.671019,1.053732276e-05,3.322105255e-07
5,20.0,24.0,14,2477.706933,1.051046116e-05,2.979437633e-07
5,20.0,24.0,14,2479.742846,1.031634139e-05,2.550651377e-07
5,20.0,24.0,14,2481.77876,1.013661511e-05,2.369496687e-07
5,20.0,24.0,14,2483.814674,1.021615149e-05,2.377220655e-07
5,20.0,24.0,14,2485.850587,1.050546902e-05,2.626990251e-07
5,20.0,24.0,14,2487.886501,1.068452604e-05,2.71055528e-07
5,20.0,24.0,14,2489.922415,1.066851776e-05,2.938292661e-07
5,20.0,24.0,14,2491.958328,1.067077181e-05,3.284979734e-07
5,20.0,24.0,14,2493.994242,1.083800171e-05,3.831746358e-07
5,20.0,24.0,14,2496.030156,1.110849618e-05,4.172695525e-07
5,20.0,24.0,14,2498.066069,1.130018919e-05,3.857486211e-07
5,20.0,24.0,14,2500.101983,1.121165018e-05,3.270357889e-07
5,20.0,24.0,14,2502.137897,1.091250273e-05,2.774777722e-07
5,20.0,24.0,14,2504.17381,1.066449191e-05,2.639003991e-07
5,20.0,24.0,14,2506.209724,1.047305501e-05,2.743748723e-07
5,20.0,24.0,14,2508.245638,1.032341045e-05,2.829089655e-07
5,20.0,24.0,14,2510.281551,1.03904896e-05,2.778042635e-07
5,20.0,24.0,14,2512.317465,1.068398274e-05,2.82446519e-07
5,20.0,24.0,14,2514.353379,1.094947738e-05,3.059060104e-07
5,20.0,24.0,14,2516.389292,1.098192552e-05,2.907796444e-07
5,20.0,24.0,14,2518.425206,1.090773206e-05,2.502818368e-07
5,20.0,24.0,14,2520.46112,1.089836939e-05,2.584352563e-07
5,20.0,24.0,14,2522.497033,1.087979094e-05,2.848368913e-07
5,20.0,24.0,14,2524.532947,1.083751296e-05,2.9516768e-07
5,20.0,24.0,14,2526.568861,1.09237624e-05,2.959253723e-07
5,20.0,24.0,14,2528.604774,1.116405023e-05,2.908486656e-07
5,20.0,24.0,14,2530.640688,1.144961366e-05,2.877381614e-07
5,20.0,24.0,14,2532.676602,1.154387205e-05,2.942516639e-07
5,20.0,24.0,14,2534.712515,1.132511386e-05,3.027620557e-07
5,20.0,24.0,14,2536.748429,1.104604164e-05,3.121472102e-07
5,20.0,24.0,14,2538.784343,1.094325869e-05,3.290952171e-07
5,20.0,24.0,14,2540.820256,1.102672392e-05,3.244629866e-07
5,20.0,24.0,14,2542.85617,1.106959557e-05,2.890156505e-07
5,20.0,24.0,14,2544.892084,1.094800564e-05,2.685545855e-07
5,20.0,24.0,14,2546.927997,1.092424884e-05,2.81603499e-07
5,20.0,24.0,14,2548.963911,1.105580786e-05,2.936105597e-07
5,20.0,24.0,14,2550.999825,1.120254512e-05,3.19393817e-07
5,20.0,24.0,14,2553.035738,1.133033123e-05,3.26383465e-07
5,20.0,24.0,14,2555.071652,1.133518909e-05,3.140483059e-07
5,20.0,24.0,14,2557.107566,1.126752146e-05,2.833109183e-07
5,20.0,24.0,14,2559.143479,1.133589859e-05,2.646949098e-07
5,20.0,24.0,14,2561.179393,1.147573151e-05,2.816903834e-07
5,20.0,24.0,14,2563.215307,1.149004829e-05,2.96246127e-07
5,20.0,24.0,14,2565.25122,1.151676223e-05,3.160035523e-07
5,20.0,24.0,14,2567.287134,1.155209522e-05,3.438480255e-07
5,20.0,24.0,14,2569.323048,1.136093466e-05,3.334832371e-07
5,20.0,24.0,14,2571.358961,1.121782394e-05,2.916179774e-07
5,20.0,24.0,14,2573.394875,1.137469056e-05,2.761351881e-07
5,20.0,24.0,14,2575.430789,1.153783507e-05,2.87718e-07
5,20.0,24.0,14,2577.466702,1.150761101e-05,3.132794387e-07
5,20.0,24.0,14,2579.502616,1.146396844e-05,3.495153807e-07
5,20.0,24.0,14,2581.53853,1.16509957e-05,3.54877515e-07
5,20.0,24.0,14,2583.574443,1.194394661e-05,3.47054685e-07
5,20.0,24.0,14,2585.610357,1.203061395e-05,3.197648561e-07
5,20.0,24.0,14,2587.646271,1.186465484e-05,3.022559436e-07
5,20.0,24.0,14,2589.682184,1.165672582e-05,3.060079707e-07
5,20.0,24.0,14,2591.718098,1.15911709e-05,2.970774438e-07
5,20.0,24.0,14,2593.754012,1.1534852e-05,2.793101861e-07
5,20.0,24.0,14,2595.789925,1.150117097e-05,2.938393845e-07
5,20.0,24.0,14,2597.825839,1.168074673e-05,2.991366748e-07
5,20.0,24.0,14,2599.861753,1.197416508e-05,2.982555832e-07
5,20.0,24.0,14,2601.897666,1.214611695e-05,3.060334161e-07
5,20.0,24.0,14,2603.93358,1.208307566e-05,3.168658279e-07
5,20.0,24.0,14,2605.969494,1.205100695e-05,3.407429251e-07
5,20.0,24.0,14,2608.005407,1.228971413e-05,3.76216135e-07
5,20.0,24.0,14,2610.041321,1.255416264e-05,3.883265464e-07
5,20.0,24.0,14,2612.077235,1.262527013e-05,3.634355434e-07
5,20.0,24.0,14,2614.113148,1.261742411e-05,3.748647517e-07
5,20.0,24.0,14,2616.149062,1.262056242e-05,4.058955315e-07
5,20.0,24.0,14,2618.184976,1.265538017e-05,3.780988091e-07
5,20.0,24.0,14,2620.220889,1.280187346e-05,3.619122699e-07
5,20.0,24.0,14,2622.256803,1.289099366e-05,3.738255138e-07
5,20.0,24.0,14,2624.292717,1.280864622e-05,3.727893876e-07
5,20.0,24.0,14,2626.32863,1.281866139e-05,3.393356229e-07
5,20.0,24.0,14,2628.364544,1.305152656e-05,3.247546304e-07
5,20.0,24.0,14,2630.400458,1.326536304e-05,3.871424872e-07
5,20.0,24.0,14,2632.436371,1.337300307e-05,4.071202283e-07
5,20.0,24.0,14,2634.472285,1.352239635e-05,4.345233242e-07
5,20.0,24.0,14,2636.508199,1.359862019e-05,4.747302538e-07
5,20.0,24.0,14,2638.544112,1.36500219e-05,4.699832369e-07
5,20.0,24.0,14,2640.580026,1.385935894e-05,4.945139363e-07
5,20.0,24.0,14,2642.61594,1.405382665e-05,5.303961614e-07
5,20.0,24.0,14,2644.651853,1.411451448e-05,5.437562386e-07
5,20.0,24.0,14,2646.687767,1.415419335e-05,5.072845017e-07
5,20.0,24.0,14,2648.723681,1.408982728e-05,4.383312202e-07
5,20.0,24.0,14,2650.759594,1.393312097e-05,4.310422605e-07
5,20.0,24.0,14,2652.795508,1.37298332e-05,4.475044214e-07
5,20.0,24.0,14,2654.831422,1.355793534e-05,4.31919547e-07
5,20.0,24.0,14,2656.867335,1.378658609e-05,4.343746797e-07
5,20.0,24.0,14,2658.903249,1.415533801e-05,4.467328224e-07
5,20.0,24.0,14,2660.939163,1.418570458e-05,4.464703587e-07
5,20.0,24.0,14,2662.975076,1.399583339e-05,4.246665381e-07
5,20.0,24.0,14,2665.01099,1.375932227e-05,4.107804696e-07
5,20.0,24.0,14,2667.046904,1.365439443e-05,4.067917044e-07
5,20.0,24.0,14,2669.082817,1.391626112e-05,4.113894963e-07
5,20.0,24.0,14,2671.118731,1.443123725e-05,4.305170771e-07
5,20.0,24.0,14,2673.154645,1.483533267e-05,4.466234247e-07
5,20.0,24.0,14,2675.190558,1.500256524e-05,4.500527276e-07
5,20.0,24.0,14,2677.226472,1.487813771e-05,4.106125867e-07
5,20.0,24.0,14,2679.262386,1.460885812e-05,4.10324778e-07
5,20.0,24.0,14,2681.298299,1.465609732e-05,4.106869562e-07
5,20.0,24.0,14,2683.334213,1.49599286e-05,3.865090677e-07
5,20.0,24.0,14,2685.370127,1.524832431e-05,4.425404966e-07
5,20.0,24.0,14,2687.40604,1.544454052e-05,5.689853756e-07
5,20.0,24.0,14,2689.441954,1.555968306e-05,5.720547279e-07
5,20.0,24.0,14,2691.477868,1.57312275e-05,5.603255592e-07
5,20.0,24.0,14,2693.513781,1.576476891e-05,5.843709766e-07
5,20.0,24.0,14,2695.549695,1.556218432e-05,5.756460002e-07
5,20.0,24.0,14,2697.585609,1.552017011e-05,5.33372645e-07
5,20.0,24.0,14,2699.621522,1.576820719e-05,5.702971986e-07
5,20.0,24.0,14,2701.657436,1.630315179e-05,6.161339027e-07
5,20.0,24.0,14,2703.69335,1.702329246e-05,6.729769581e-07
5,20.0,24.0,14,2705.729263,1.728389977e-05,7.22432985e-07
5,20.0,24.0,14,2707.765177,1.672910558e-05,6.439116398e-07
5,20.0,24.0,14,2709.801091,1.602914421e-05,5.777790411e-07
5,20.0,24.0,14,2711.837004,1.587957882e-05,5.59352272e-07
5,20.0,24.0,14,2713.872918,1.615976669e-05,5.333096002e-07
5,20.0,24.0,14,2715.908832,1.653475447e-05,5.131627426e-07
5,20.0,24.0,14,2717.944745,1.676337687e-05,5.189211646e-07
5,20.0,24.0,14,2719.980659,1.692061407e-05,5.246651309e-07
5,20.0,24.0,14,2722.016573,1.720362373e-05,5.817536266e-07
5,20.0,24.0,14,2724.052486,1.750069875e-05,6.791935019e-07
5,20.0,24.0,14,2726.0884,1.747397721e-05,6.652133201e-07
5,20.0,24.0,14,2728.124314,1.732428567e-05,6.479147544e-07
5,20.0,24.0,14,2730.160227,1.778113352e-05,8.240802521e-07
5,20.0,24.0,14,2732.196141,1.881140911e-05,1.06403771e-06
5,20.0,24.0,14,2734.232055,1.970885652e-05,1.153588619e-06
5,20.0,24.0,14,2736.267968,2.0038332e-05,1.195765466e-06
5,20.0,24.0,14,2738.303882,1.996317053e-05,1.206951928e-06
5,20.0,24.0,14,2740.339796,1.959019209e-05,1.043672211e-06
5,20.0,24.0,14,2742.375709,1.930611271e-05,8.808718639e-07
5,20.0,24.0,14,2744.411623,1.960396261e-05,1.035153283e-06
5,20.0,24.0,14,2746.447537,1.999683125e-05,1.251033999e-06
5,20.0,24.0,14,2748.48345,1.996997617e-05,1.221418425e-06
5,20.0,24.0,14,2750.519364,2.000451432e-05,9.914831215e-07
5,20.0,24.0,14,2752.555278,2.0260442e-05,8.79756794e-07
5,20.0,24.0,14,2754.591191,2.03410256e-05,8.722023136e-07
5,20.0,24.0,14,2756.627105,2.033771121e-05,8.170361016e-07
5,20.0,24.0,14,2758.663019,2.06804301e-05,7.809375672e-07
5,20.0,24.0,14,2760.698932,2.139705652e-05,8.163859076e-07
5,20.0,24.0,14,2762.734846,2.210049827e-05,8.895528419e-07
5,20.0,24.0,14,2764.77076,2.274727808e-05,9.818250445e-07
5,20.0,24.0,14,2766.806673,2.364846334e-05,1.053467102e-06
5,20.0,24.0,14,2768.842587,2.479583506e-05,1.134746475e-06
5,20.0,24.0,14,2770.878501,2.524279739e-05,1.131061773e-06
5,20.0,24.0,14,2772.914414,2.466928423e-05,1.024522853e-06
5,20.0,24.0,14,2774.950328,2.382158731e-05,1.066196982e-06
5,20.0,24.0,14,2776.986242,2.316809877e-05,1.196641695e-06
5,20.0,24.0,14,2779.022155,2.294868762e-05,1.117711842e-06
5,20.0,24.0,14,2781.058069,2.302778494e-05,1.027146256e-06
5,20.0,24.0,14,2783.093983,2.369823401e-05,1.081898572e-06
5,20.0,24.0,14,2785.129896,2.521814269e-05,1.314172095e-06
5,20.0,24.0,14,2787.16581,2.668878605e-05,1.578545856e-06
5,20.0,24.0,14,2789.201724,2.775874779e-05,1.792135159e-06
5,20.0,24.0,14,2791.237637,2.827656376e-05,1.979682823e-06
5,20.0,24.0,14,2793.273551,2.812536151e-05,2.043742039e-06
5,20.0,24.0,14,2795.309465,2.80790053e-05,1.952313422e-06
5,20.0,24.0,14,2797.345378,2.822574999e-05,1.995559869e-06
5,20.0,24.0,14,2799.381292,2.835853866e-05,2.219953161e-06
5,20.0,24.0,14,2801.417206,2.892146545e-05,2.607617534e-06
5,20.0,24.0,14,2803.453119,2.945839933e-05,2.584462354e-06
5,20.0,24.0,14,2805.489033,2.947936808e-05,2.212195547e-06
5,20.0,24.0,14,2807.524947,2.958703959e-05,2.11868812e-06
5,20.0,24.0,14,2809.56086,2.975128355e-05,2.155988474e-06
5,20.0,24.0,14,2811.596774,2.959791852e-05,1.875318301e-06
5,20.0,24.0,14,2813.632688,3.002740091e-05,1.722698365e-06
5,20.0,24.0,14,2815.668601,3.128228252e-05,1.884847205e-06
5,20.0,24.0,14,2817.704515,3.241778968e-05,2.014952279e-06
5,20.0,24.0,14,2819.740429,3.317174365e-05,2.02936825e-06
5,20.0,24.0,14,2821.776342,3.361729087e-05,1.89883293e-06
5,20.0,24.0,14,2823.812256,3.399679101e-05,1.754183314e-06
5,20.0,24.0,14,2825.84817,3.415848252e-05,1.732068458e-06
5,20.0,24.0,14,2827.884083,3.398645852e-05,1.715488523e-06
5,20.0,24.0,14,2829.919997,3.396805238e-05,1.77073925e-06
5,20.0,24.0,14,2831.955911,3.461048953e-05,1.979846148e-06
5,20.0,24.0,14,2833.991824,3.575521309e-05,2.218881917e-06
5,20.0,24.0,14,2836.027738,3.568257778e-05,2.224936776e-06
5,20.0,24.0,14,2838.063652,3.432030659e-05,1.917475106e-06
5,20.0,24.0,14,2840.099565,3.416383607e-05,1.548734721e-06
5,20.0,24.0,14,2842.135479,3.555345022e-05,1.761945685e-06
5,20.0,24.0,14,2844.171393,3.664045617e-05,1.99829559e-06
5,20.0,24.0,14,2846.207306,3.710747889e-05,2.14205785e-06
5,20.0,24.0,14,2848.24322,3.830782074e-05,2.583881389e-06
5,20.0,24.0,14,2850.279134,4.025138438e-05,2.929492409e-06
5,20.0,24.0,14,2852.315047,4.090798204e-05,2.723833363e-06
5,20.0,24.0,14,2854.350961,3.98881072e-05,2.105473079e-06
5,20.0,24.0,14,2856.386875,3.921968591e-05,1.662461034e-06
5,20.0,24.0,14,2858.422788,3.977809534e-05,1.782614811e-06
5,20.0,24.0,14,2860.458702,4.104124704e-05,2.123046648e-06
5,20.0,24.0,14,2862.494616,4.262991012e-05,2.171619311e-06
5,20.0,24.0,14,2864.530529,4.433510103e-05,2.424248576e-06
5,20.0,24.0,14,2866.566443,4.57906406e-05,2.898321782e-06
5,20.0,24.0,14,2868.602357,4.605051542e-05,2.823352572e-06
5,20.0,24.0,14,2870.63827,4.486998189e-05,2.492717712e-06
5,20.0,24.0,14,2872.674184,4.383409896e-05,2.49863302e-06
5,20.0,24.0,14,2874.710098,4.471900434e-05,2.905600375e-06
5,20.0,24.0,14,2876.746011,4.733525258e-05,3.187916502e-06
5,20.0,24.0,14,2878.781925,4.906053824e-05,3.289983406e-06
5,20.0,24.0,14,2880.817839,4.8031274e-05,3.142230422e-06
5,20.0,24.0,14,2882.853752,4.703001694e-05,2.845659472e-06
5,20.0,24.0,14,2884.889666,4.872457021e-05,2.482461832e-06
5,20.0,24.0,14,2886.92558,5.110665915e-05,2.414732581e-06
5,20.0,24.0,14,2888.961493,5.22780572e-05,2.510184918e-06
5,20.0,24.0,14,2890.997407,5.273453561e-05,2.580424237e-06
5,20.0,24.0,14,2893.033321,5.291653812e-05,2.859090475e-06
5,20.0,24.0,14,2895.069234,5.278323215e-05,3.131181712e-06
5,20.0,24.0,14,2897.105148,5.312857127e-05,3.369336202e-06
5,20.0,24.0,14,2899.141062,5.392464873e-05,3.263036649e-06
5,20.0,24.0,14,2901.176975,5.491274714e-05,3.123423745e-06
5,20.0,24.0,14,2903.212889,5.816421538e-05,3.469346917e-06
5,20.0,24.0,14,2905.248803,6.217004098e-05,3.960596894e-06
5,20.0,24.0,14,2907.284716,6.345029471e-05,4.342308267e-06
5,20.0,24.0,14,2909.32063,6.386010002e-05,4.220380511e-06
5,20.0,24.0,14,2911.356544,6.524266354e-05,4.01903787e-06
5,20.0,24.0,14,2913.392457,6.514715939e-05,3.958770099e-06
5,20.0,24.0,14,2915.428371,6.344895067e-05,3.57244853e-06
5,20.0,24.0,14,2917.464285,6.408752398e-05,3.437555525e-06
5,20.0,24.0,14,2919.500198,6.800188932e-05,3.521114827e-06
5,20.0,24.0,14,2921.536112,7.277181087e-05,4.075717297e-06
5,20.0,24.0,14,2923.572026,7.44847466e-05,4.74176393e-06
5,20.0,24.0,14,2925.607939,7.318649178e-05,4.881784107e-06
5,20.0,24.0,14,2927.643853,7.324011896e-05,5.12536028e-06
5,20.0,24.0,14,2929.679767,7.431720806e-05,4.915144902e-06
5,20.0,24.0,14,2931.71568,7.573003178e-05,4.099719673e-06
5,20.0,24.0,14,2933.751594,7.699983001e-05,3.84792691e-06
5,20.0,24.0,14,2935.787508,7.797908823e-05,3.892506601e-06
5,20.0,24.0,14,2937.823421,8.276602103e-05,4.080275708e-06
5,20.0,24.0,14,2939.859335,9.002820274e-05,4.579411957e-06
5,20.0,24.0,14,2941.895249,9.272805822e-05,5.072431952e-06
5,20.0,24.0,14,2943.931162,8.915269033e-05,5.004160984e-06
5,20.0,24.0,14,2945.967076,8.475465786e-05,4.443253684e-06
5,20.0,24.0,14,2948.00299,8.461289622e-05,4.426122409e-06
5,20.0,24.0,14,2950.038903,8.923744722e-05,5.004231764e-06
5,20.0,24.0,14,2952.074817,9.5168589e-05,6.02638564e-06
5,20.0,24.0,14,2954.110731,9.853176964e-05,6.339658521e-06
5,20.0,24.0,14,2956.146644,0.0001011647167,6.075210285e-06
5,20.0,24.0,14,2958.182558,0.0001049554481,6.804809967e-06
5,20.0,24.0,14,2960.218472,0.000107250859,7.098775931e-06
5,20.0,24.0,14,2962.254385,0.0001086099609,6.78560196e-06
5,20.0,24.0,14,2964.290299,0.0001119733277,6.778213119e-06
5,20.0,24.0,14,2966.326213,0.0001147536103,7.179009882e-06
5,20.0,24.0,14,2968.362126,0.0001146581261,7.943411019e-06
5,20.0,24.0,14,2970.39804,0.0001154894121,8.121461816e-06
5,20.0,24.0,14,2972.433954,0.0001182432181,6.946787359e-06
5,20.0,24.0,14,2974.469867,0.0001191386272,6.016654092e-06
5,20.0,24.0,14,2976.505781,0.0001174932909,6.466125816e-06
5,20.0,24.0,14,2978.541695,0.0001158161472,6.918030422e-06
5,20.0,24.0,14,2980.577608,0.0001142433635,6.407946479e-06
5,20.0,24.0,14,2982.613522,0.0001129423906,6.018531213e-06
5,20.0,24.0,14,2984.649436,0.0001153117081,6.506874677e-06
5,20.0,24.0,14,2986.685349,0.0001219998688,7.346780034e-06
5,20.0,24.0,14,2988.721263,0.000128563344,7.497680113e-06
5,20.0,24.0,14,2990.757177,0.0001305092179,6.551398609e-06
5,20.0,24.0,14,2992.79309,0.000128802848,6.091693787e-06
5,20.0,24.0,14,2994.829004,0.000129152623,6.207799027e-06
5,20.0,24.0,14,2996.864918,0.0001334196199,6.401621141e-06
5,20.0,24.0,14,2998.900831,0.0001362383994,6.599099372e-06
5,20.0,24.0,14,3000.936745,0.0001394915456,7.539313095e-06
5,20.0,24.0,14,3002.972659,0.0001485343368,8.893713938e-06
5,20.0,24.0,14,3005.008572,0.0001573074071,9.182119479e-06
5,20.0,24.0,14,3007.044486,0.0001594078688,9.087100801e-06
5,20.0,24.0,14,3009.0804,0.0001592229681,1.005379505e-05
5,20.0,24.0,14,3011.116313,0.0001605221808,1.224721924e-05
5,20.0,24.0,14,3013.152227,0.0001613927552,1.268394499e-05
5,20.0,24.0,14,3015.188141,0.0001654035307,1.130674204e-05
5,20.0,24.0,14,3017.224054,0.0001745675787,1.044930168e-05
5,20.0,24.0,14,3019.259968,0.0001788284248,1.031936838e-05
5,20.0,24.0,14,3021.295882,0.0001733707653,9.386030398e-06
5,20.0,24.0,14,3023.331795,0.0001677097169,8.456856354e-06
5,20.0,24.0,14,3025.367709,0.0001703953593,9.268135824e-06
5,20.0,24.0,14,3027.403623,0.0001772279031,1.119795983e-05
5,20.0,24.0,14,3029.439536,0.0001817225392,1.201515881e-05
5,20.0,24.0,14,3031.47545,0.0001837628468,1.124384463e-05
5,20.0,24.0,14,3033.511364,0.0001827456194,9.967575701e-06
5,20.0,24.0,14,3035.547277,0.0001797085408,9.104232193e-06
5,20.0,24.0,14,3037.583191,0.000178578364,9.133448417e-06
5,20.0,24.0,14,3039.619105,0.0001834950212,8.929522604e-06
5,20.0,24.0,14,3041.655018,0.0001922507373,9.571921479e-06
5,20.0,24.0,14,3043.690932,0.0001951684874,1.013071058e-05
5,20.0,24.0,14,3045.726846,0.0001888907424,9.339535454e-06
5,20.0,24.0,14,3047.762759,0.000185395472,9.198611354e-06
5,20.0,24.0,14,3049.798673,0.0001922861382,9.964100706e-06
5,20.0,24.0,14,3051.834587,0.0002008601784,1.0437609e-05
5,20.0,24.0,14,3053.8705,0.0002008027753,9.996954234e-06
5,20.0,24.0,14,3055.906414,0.0001959562523,8.781340034e-06
5,20.0,24.0,14,3057.942328,0.0001986569583,7.362959279e-06
5,20.0,24.0,14,3059.978241,0.0002071604801,7.680396845e-06
5,20.0,24.0,14,3062.014155,0.0002185740116,9.778050314e-06
5,20.0,24.0,14,3064.050069,0.0002350375672,1.300931424e-05
5,20.0,24.0,14,3066.085982,0.0002431103762,1.508328185e-05
5,20.0,24.0,14,3068.121896,0.0002357503411,1.34432369e-05
5,20.0,24.0,14,3070.15781,0.0002275017358,1.085885702e-05
5,20.0,24.0,14,3072.193723,0.0002269801627,9.703218891e-06
5,20.0,24.0,14,3074.229637,0.0002303082441,1.021483477e-05
5,20.0,24.0,14,3076.265551,0.0002375909425,1.211039097e-05
5,20.0,24.0,14,3078.301464,0.0002491957226,1.377661078e-05
5,20.0,24.0,14,3080.337378,0.0002578069025,1.391322749e-05
5,20.0,24.0,14,3082.373292,0.0002596058751,1.259738771e-05
5,20.0,24.0,14,3084.409205,0.0002571482361,1.121436343e-05
5,20.0,24.0,14,3086.445119,0.0002528666103,1.248939078e-05
5,20.0,24.0,14,3088.481033,0.0002524378758,1.41908774e-05
5,20.0,24.0,14,3090.516946,0.0002579690894,1.448111212e-05
5,20.0,24.0,14,3092.55286,0.000262969838,1.402585253e-05
5,20.0,24.0,14,3094.588774,0.0002669700124,1.270673782e-05
5,20.0,24.0,14,3096.624687,0.0002754600573,1.24501006e-05
5,20.0,24.0,14,3098.660601,0.0002804659188,1.258510679e-05
5,20.0,24.0,14,3100.696515,0.0002745318236,1.157757537e-05
5,20.0,24.0,14,3102.732428,0.0002699048644,1.183511124e-05
5,20.0,24.0,14,3104.768342,0.0002755266606,1.3873701e-05
5,20.0,24.0,14,3106.804256,0.0002830338791,1.571979963e-05
5,20.0,24.0,14,3108.840169,0.0002828533474,1.562102706e-05
5,20.0,24.0,14,3110.876083,0.0002737812993,1.428008557e-05
5,20.0,24.0,14,3112.911997,0.0002673380017,1.259051649e-05
5,20.0,24.0,14,3114.94791,0.0002742090215,1.300151849e-05
5,20.0,24.0,14,3116.983824,0.0002826004176,1.303401834e-05
5,20.0,24.0,14,3119.019738,0.0002836201737,1.270744959e-05
5,20.0,24.0,14,3121.055651,0.0002881379327,1.265339146e-05
5,20.0,24.0,14,3123.091565,0.0003021252595,1.363803638e-05
5,20.0,24.0,14,3125.127479,0.0003136603751,1.403567056e-05
5,20.0,24.0,14,3127.163392,0.0003123416695,1.396901831e-05
5,20.0,24.0,14,3129.199306,0.0003083429655,1.395787953e-05
5,20.0,24.0,14,3131.23522,0.0003096715287,1.299705469e-05
5,20.0,24.0,14,3133.271133,0.000311749142,1.140751674e-05
5,20.0,24.0,14,3135.307047,0.0003137388404,1.179003078e-05
5,20.0,24.0,14,3137.342961,0.0003167096279,1.237317774e-05
5,20.0,24.0,14,3139.378874,0.0003170747889,1.234271396e-05
5,20.0,24.0,14,3141.414788,0.0003149573937,1.181430126e-05
5,20.0,24.0,14,3143.450702,0.0003201864603,1.145397645e-05
5,20.0,24.0,14,3145.486615,0.0003327104305,1.107040016e-05
5,20.0,24.0,14,3147.522529,0.0003398545748,1.309819561e-05
5,20.0,24.0,14,3149.558443,0.0003416177415,1.315292578e-05
5,20.0,24.0,14,3151.594356,0.000342120289,1.190946445e-05
5,20.0,24.0,14,3153.63027,0.0003392966353,1.281150032e-05
5,20.0,24.0,14,3155.666184,0.0003342415403,1.34475314e-05
5,20.0,24.0,14,3157.702097,0.000334433454,1.331446666e-05
5,20.0,24.0,14,3159.738011,0.0003396078752,1.349865152e-05
5,20.0,24.0,14,3161.773925,0.0003414149895,1.436169546e-05
5,20.0,24.0,14,3163.809838,0.0003418125668,1.327484106e-05
5,20.0,24.0,14,3165.845752,0.0003463908647,1.30444817e-05
5,20.0,24.0,14,3167.881666,0.0003501906951,1.356954636e-05
5,20.0,24.0,14,3169.917579,0.0003479506658,1.293758608e-05
5,20.0,24.0,14,3171.953493,0.0003500469335,1.191117695e-05
5,20.0,24.0,14,3173.989407,0.0003650552491,1.322843683e-05
5,20.0,24.0,14,3176.02532,0.0003812485774,1.337988444e-05
5,20.0,24.0,14,3178.061234,0.000388241962,1.455594747e-05
5,20.0,24.0,14,3180.097148,0.0003874517519,1.62550953e-05
5,20.0,24.0,14,3182.133061,0.0003870374023,1.672668518e-05
5,20.0,24.0,14,3184.168975,0.0003934401712,1.637813511e-05
5,20.0,24.0,14,3186.204889,0.0003997436019,1.689993856e-05
5,20.0,24.0,14,3188.240802,0.0003969237971,1.745635071e-05
5,20.0,24.0,14,3190.276716,0.0003877173976,1.735134981e-05
5,20.0,24.0,14,3192.31263,0.0003812391746,1.655329893e-05
5,20.0,24.0,14,3194.348543,0.0003860657903,1.608820948e-05
5,20.0,24.0,14,3196.384457,0.0004022458874,1.614941001e-05
5,20.0,24.0,14,3198.420371,0.0004165974505,1.619500717e-05
5,20.0,24.0,14,3200.456284,0.0004189099465,1.573565118e-05
5,20.0,24.0,14,3202.492198,0.0004140597781,1.608963033e-05
5,20.0,24.0,14,3204.528112,0.000409321623,1.536730882e-05
5,20.0,24.0,14,3206.564025,0.0004043468478,1.40455386e-05
5,20.0,24.0,14,3208.599939,0.0004030388846,1.373480698e-05
5,20.0,24.0,14,3210.635853,0.0004119086585,1.606610678e-05
5,20.0,24.0,14,3212.671766,0.0004224239721,1.921146314e-05
5,20.0,24.0,14,3214.70768,0.0004224189743,1.91554098e-05
5,20.0,24.0,14,3216.743594,0.0004146593663,1.676012758e-05
5,20.0,24.0,14,3218.779507,0.0004146511839,1.647286586e-05
5,20.0,24.0,14,3220.815421,0.0004254869908,1.709051043e-05
5,20.0,24.0,14,3222.851335,0.0004324876386,1.643658014e-05
5,20.0,24.0,14,3224.887248,0.0004309417607,1.625217184e-05
5,20.0,24.0,14,3226.923162,0.0004246569411,1.596225312e-05
5,20.0,24.0,14,3228.959076,0.0004188140953,1.648645281e-05
5,20.0,24.0,14,3230.994989,0.0004211454808,1.686272859e-05
5,20.0,24.0,14,3233.030903,0.0004303924377,1.813849553e-05
5,20.0,24.0,14,3235.066817,0.0004410700873,1.848070388e-05
5,20.0,24.0,14,3237.10273,0.0004533145044,1.690227771e-05
5,20.0,24.0,14,3239.138644,0.0004583153915,1.700781768e-05
5,20.0,24.0,14,3241.174558,0.0004489949568,1.788279522e-05
5,20.0,24.0,14,3243.210472,0.0004434707917,1.706111575e-05
5,20.0,24.0,14,3245.246385,0.0004557693619,1.661577668e-05
5,20.0,24.0,14,3247.282299,0.0004776092407,1.631294445e-05
5,20.0,24.0,14,3249.318213,0.0004965311623,1.801531703e-05
5,20.0,24.0,14,3251.354126,0.00049952125,2.034477601e-05
5,20.0,24.0,14,3253.39004,0.0004866898238,1.760638857e-05
5,20.0,24.0,14,3255.425954,0.0004774042209,1.476771084e-05
5,20.0,24.0,14,3257.461867,0.0004770762504,1.425747384e-05
5,20.0,24.0,14,3259.497781,0.0004733260346,1.429526599e-05
5,20.0,24.0,14,3261.533695,0.0004686583225,1.553045677e-05
5,20.0,24.0,14,3263.569608,0.0004717785099,1.633168925e-05
5,20.0,24.0,14,3265.605522,0.0004743383845,1.554003507e-05
5,20.0,24.0,14,3267.641436,0.0004700792685,1.521826418e-05
5,20.0,24.0,14,3269.677349,0.0004671910507,1.80508687e-05
5,20.0,24.0,14,3271.713263,0.0004708115884,1.863322476e-05
5,20.0,24.0,14,3273.749177,0.0004753189744,1.606716567e-05
5,20.0,24.0,14,3275.78509,0.0004759483157,1.608928233e-05
5,20.0,24.0,14,3277.821004,0.0004731656098,1.897008317e-05
5,20.0,24.0,14,3279.856918,0.0004802064827,2.151726333e-05
5,20.0,24.0,14,3281.892831,0.0005021423843,2.247808045e-05
5,20.0,24.0,14,3283.928745,0.0005185623647,2.196130062e-05
5,20.0,24.0,14,3285.964659,0.0005138152184,1.96386878e-05
5,20.0,24.0,14,3288.000572,0.0005004835105,1.653681522e-05
5,20.0,24.0,14,3290.036486,0.0004969818832,1.575698649e-05
5,20.0,24.0,14,3292.0724,0.0005051108683,1.510962576e-05
5,20.0,24.0,14,3294.108313,0.0005179545051,1.599810818e-05
5,20.0,24.0,14,3296.144227,0.0005250132386,1.721894124e-05
5,20.0,24.0,14,3298.180141,0.0005182019792,1.685457026e-05
5,20.0,24.0,14,3300.216054,0.0005104500853,1.695727188e-05
5,20.0,24.0,14,3302.251968,0.0005181637605,1.768344658e-05
5,20.0,24.0,14,3304.287882,0.0005318103045,1.782051633e-05
5,20.0,24.0,14,3306.323795,0.0005397096588,1.855941986e-05
5,20.0,24.0,14,3308.359709,0.0005400977894,1.906070073e-05
5,20.0,24.0,14,3310.395623,0.0005279840145,1.783079038e-05
5,20.0,24.0,14,3312.431536,0.0005140134824,1.800903476e-05
5,20.0,24.0,14,3314.46745,0.0005199522114,1.814777499e-05
5,20.0,24.0,14,3316.503364,0.0005349697633,1.835877799e-05
5,20.0,24.0,14,3318.539277,0.0005433004795,2.008142712e-05
5,20.0,24.0,14,3320.575191,0.0005503766112,2.01406179e-05
5,20.0,24.0,14,3322.611105,0.0005438909313,1.844804639e-05
5,20.0,24.0,14,3324.647018,0.0005218052681,1.737971839e-05
5,20.0,24.0,14,3326.682932,0.0005161751948,1.860837949e-05
5,20.0,24.0,14,3328.718846,0.0005368576454,1.812076226e-05
5,20.0,24.0,14,3330.754759,0.0005576500467,1.881745283e-05
5,20.0,24.0,14,3332.790673,0.000563010345,2.135031501e-05
5,20.0,24.0,14,3334.826587,0.0005559506804,1.837431282e-05
5,20.0,24.0,14,3336.8625,0.0005420572793,1.520953043e-05
5,20.0,24.0,14,3338.898414,0.0005278320381,1.567397131e-05
5,20.0,24.0,14,3340.934328,0.000521791025,1.625932123e-05
5,20.0,24.0,14,3342.970241,0.0005271420492,1.801171653e-05
5,20.0,24.0,14,3345.006155,0.000537750634,1.895650365e-05
5,20.0,24.0,14,3347.042069,0.0005434004519,1.966982795e-05
5,20.0,24.0,14,3349.077982,0.0005395345196,1.933907246e-05
5,20.0,24.0,14,3351.113896,0.0005382449139,1.860019523e-05
5,20.0,24.0,14,3353.14981,0.0005445672015,1.877453497e-05
5,20.0,24.0,14,3355.185723,0.0005495150368,1.844596811e-05
5,20.0,24.0,14,3357.221637,0.0005518439815,1.730991e-05
5,20.0,24.0,14,3359.257551,0.0005544275042,1.742853273e-05
5,20.0,24.0,14,3361.293464,0.0005519911321,1.90845194e-05
5,20.0,24.0,14,3363.329378,0.0005401671269,2.143497155e-05
5,20.0,24.0,14,3365.365292,0.0005346722262,2.053377553e-05
5,20.0,24.0,14,3367.401205,0.0005446029261,1.834836716e-05
5,20.0,24.0,14,3369.437119,0.0005528280192,1.693381535e-05
5,20.0,24.0,14,3371.473033,0.0005450238274,1.77626439e-05
5,20.0,24.0,14,3373.508946,0.0005263665738,1.867465445e-05
5,20.0,24.0,14,3375.54486,0.0005108355831,1.775480276e-05
5,20.0,24.0,14,3377.580774,0.0005092607925,1.693044849e-05
5,20.0,24.0,14,3379.616687,0.0005173118189,1.700102078e-05
5,20.0,24.0,14,3381.652601,0.0005210479659,1.891139704e-05
5,20.0,24.0,14,3383.688515,0.0005258057762,2.201601989e-05
5,20.0,24.0,14,3385.724428,0.0005411170376,2.197102197e-05
5,20.0,24.0,14,3387.760342,0.0005538633147,1.950261867e-05
5,20.0,24.0,14,3389.796256,0.0005500708677,2.047907198e-05
5,20.0,24.0,14,3391.832169,0.0005354237753,2.127721531e-05
5,20.0,24.0,14,3393.868083,0.0005227249106,1.902396201e-05
5,20.0,24.0,14,3395.903997,0.0005192665823,1.633375913e-05
5,20.0,24.0,14,3397.93991,0.0005331943807,1.551616678e-05
5,20.0,24.0,14,3399.975824,0.0005593957188,1.807038899e-05
5,20.0,24.0,14,3402.011738,0.0005685795714,2.141568701e-05
5,20.0,24.0,14,3404.047651,0.0005513129339,2.139447842e-05
5,20.0,24.0,14,3406.083565,0.0005328782563,1.757346985e-05
5,20.0,24.0,14,3408.119479,0.000519583382,1.712665258e-05
5,20.0,24.0,14,3410.155392,0.0005036627062,1.952310702e-05
5,20.0,24.0,14,3412.191306,0.0005013179869,2.148159587e-05
5,20.0,24.0,14,3414.22722,0.0005159325938,2.232744146e-05
5,20.0,24.0,14,3416.263133,0.0005246970609,2.289211162e-05
5,20.0,24.0,14,3418.299047,0.0005177398707,2.068570453e-05
5,20.0,24.0,14,3420.334961,0.0005063161226,2.055807249e-05
5,20.0,24.0,14,3422.370874,0.0005024929034,2.288201436e-05
5,20.0,24.0,14,3424.406788,0.0005078372359,2.270822794e-05
5,20.0,24.0,14,3426.442702,0.0005152553063,2.042554407e-05
5,20.0,24.0,14,3428.478615,0.0005104996903,1.895745136e-05
5,20.0,24.0,14,3430.514529,0.0004958314814,1.82476868e-05
5,20.0,24.0,14,3432.550443,0.0004903108011,1.718981143e-05
5,20.0,24.0,14,3434.586356,0.000489241457,1.804249598e-05
5,20.0,24.0,14,3436.62227,0.000480427422,1.918297874e-05
5,20.0,24.0,14,3438.658184,0.0004733356493,1.89662467e-05
5,20.0,24.0,14,3440.694097,0.0004727068197,1.823988328e-05
5,20.0,24.0,14,3442.730011,0.0004710876135,1.685535958e-05
5,20.0,24.0,14,3444.765925,0.0004681556914,1.585913843e-05
5,20.0,24.0,14,3446.801838,0.0004629678538,1.615587986e-05
5,20.0,24.0,14,3448.837752,0.0004512893969,1.708173763e-05
5,20.0,24.0,14,3450.873666,0.0004397117688,1.41257238e-05
5,20.0,24.0,14,3452.909579,0.0004338067153,1.4897318e-05
5,20.0,24.0,14,3454.945493,0.0004249162269,1.759703939e-05
5,20.0,24.0,14,3456.981407,0.0004103661254,1.672684507e-05
5,20.0,24.0,14,3459.01732,0.0003981568949,1.34728999e-05
5,20.0,24.0,14,3461.053234,0.0003942986125,1.092749379e-05
5,20.0,24.0,14,3463.089148,0.0004025935256,1.246239228e-05
5,20.0,24.0,14,3465.125061,0.0004145273742,1.627926475e-05
5,20.0,24.0,14,3467.160975,0.0004171400641,1.738166347e-05
5,20.0,24.0,14,3469.196889,0.000406642781,1.54520866e-05
5,20.0,24.0,14,3471.232802,0.0003930253488,1.337897143e-05
5,20.0,24.0,14,3473.268716,0.0003932801936,1.396842166e-05
5,20.0,24.0,14,3475.30463,0.0004028310949,1.696016878e-05
5,20.0,24.0,14,3477.340543,0.0004077261252,1.954552908e-05
5,20.0,24.0,14,3479.376457,0.0004101576211,1.967256638e-05
5,20.0,24.0,14,3481.412371,0.0004097288141,1.929232245e-05
5,20.0,24.0,14,3483.448284,0.0004003499467,1.837954329e-05
5,20.0,24.0,14,3485.484198,0.0003869797679,1.679967777e-05
5,20.0,24.0,14,3487.520112,0.0003805973431,1.552870609e-05
5,20.0,24.0,14,3489.556025,0.0003871107519,1.574183452e-05
5,20.0,24.0,14,3491.591939,0.0003919104285,1.458336262e-05
5,20.0,24.0,14,3493.627853,0.0003917061236,1.507549426e-05
5,20.0,24.0,14,3495.663766,0.0004016598874,1.695970178e-05
5,20.0,24.0,14,3497.69968,0.000408584001,1.893533323e-05
5,20.0,24.0,14,3499.735594,0.0004056962501,2.166066935e-05
5,20.0,24.0,14,3501.771507,0.0004052622707,2.471165254e-05
5,20.0,24.0,14,3503.807421,0.0004002205572,2.5615814e-05
5,20.0,24.0,14,3505.843335,0.0003872333481,2.376930089e-05
5,20.0,24.0,14,3507.879248,0.0003768062684,2.117023974e-05
5,20.0,24.0,14,3509.915162,0.0003725852723,1.985012035e-05
5,20.0,24.0,14,3511.951076,0.0003741838933,1.881649723e-05
5,20.0,24.0,14,3513.986989,0.0003756719079,2.011334891e-05
5,20.0,24.0,14,3516.022903,0.0003711060701,2.105650391e-05
5,20.0,24.0,14,3518.058817,0.0003680545217,2.031581718e-05
5,20.0,24.0,14,3520.09473,0.0003679242286,2.115376189e-05
5,20.0,24.0,14,3522.130644,0.0003623686728,2.172667029e-05
5,20.0,24.0,14,3524.166558,0.0003568943191,1.993093161e-05
5,20.0,24.0,14,3526.202471,0.0003626825028,1.782668628e-05
5,20.0,24.0,14,3528.238385,0.0003761911848,1.832727283e-05
5,20.0,24.0,14,3530.274299,0.0003860268109,2.007118295e-05
5,20.0,24.0,14,3532.310212,0.0003863656612,2.159581664e-05
5,20.0,24.0,14,3534.346126,0.0003740094878,2.17119985e-05
5,20.0,24.0,14,3536.38204,0.000351303441,2.194747707e-05
5,20.0,24.0,14,3538.417953,0.0003365565305,2.145482828e-05
5,20.0,24.0,14,3540.453867,0.0003368478857,1.947847216e-05
5,20.0,24.0,14,3542.489781,0.0003455378828,2.13238668e-05
5,20.0,24.0,14,3544.525694,0.0003567540076,2.531017948e-05
5,20.0,24.0,14,3546.561608,0.0003603490553,2.598389976e-05
5,20.0,24.0,14,3548.597522,0.0003574033779,2.356194449e-05
5,20.0,24.0,14,3550.633435,0.0003558937618,2.216960172e-05
5,20.0,24.0,14,3552.669349,0.0003578430989,2.224913982e-05
5,20.0,24.0,14,3554.705263,0.0003607174303,2.16178026e-05
5,20.0,24.0,14,3556.741176,0.0003604080758,2.126657893e-05
5,20.0,24.0,14,3558.77709,0.0003590985695,2.221366198e-05
5,20.0,24.0,14,3560.813004,0.0003668430846,2.310556674e-05
5,20.0,24.0,14,3562.848917,0.0003758046931,2.553509953e-05
5,20.0,24.0,14,3564.884831,0.0003647991902,2.77227021e-05
5,20.0,24.0,14,3566.920745,0.0003382706236,2.388710602e-05
5,20.0,24.0,14,3568.956658,0.0003168615467,1.815406989e-05
5,20.0,24.0,14,3570.992572,0.0003072218384,1.801141451e-05
5,20.0,24.0,14,3573.028486,0.0003077618419,1.806094403e-05
5,20.0,24.0,14,3575.064399,0.0003196938975,1.78384204e-05
5,20.0,24.0,14,3577.100313,0.0003382925291,1.957342602e-05
5,20.0,24.0,14,3579.136227,0.0003535594503,2.09500661e-05
5,20.0,24.0,14,3581.17214,0.0003616148342,2.341583655e-05
5,20.0,24.0,14,3583.208054,0.0003633475618,2.703214026e-05
5,20.0,24.0,14,3585.243968,0.0003601767629,2.860790122e-05
5,20.0,24.0,14,3587.279881,0.0003544319132,2.63347462e-05
5,20.0,24.0,14,3589.315795,0.000346923857,2.376691478e-05
5,20.0,24.0,14,3591.351709,0.0003368007717,2.298130547e-05
5,20.0,24.0,14,3593.387622,0.0003257986175,2.005979515e-05
5,20.0,24.0,14,3595.423536,0.0003216376034,1.88643501e-05
5,20.0,24.0,14,3597.45945,0.0003224327368,1.940734183e-05
5,20.0,24.0,14,3599.495363,0.0003201168844,1.865412514e-05
5,20.0,24.0,14,3601.531277,0.0003262972357,1.910740958e-05
5,20.0,24.0,14,3603.567191,0.0003485156071,2.760134799e-05
5,20.0,24.0,14,3605.603104,0.0003666121845,3.469911839e-05
5,20.0,24.0,14,3607.639018,0.0003615959529,3.384166312e-05
5,20.0,24.0,14,3609.674932,0.0003347554031,2.673397048e-05
5,20.0,24.0,14,3611.710845,0.0003022091166,1.933739219e-05
5,20.0,24.0,14,3613.746759,0.0002800165743,1.710865724e-05
5,20.0,24.0,14,3615.782673,0.0002728931906,1.744114818e-05
5,20.0,24.0,14,3617.818586,0.0002787384252,1.860428686e-05
5,20.0,24.0,14,3619.8545,0.0002872657008,1.874197602e-05
5,20.0,24.0,14,3621.890414,0.0002935040391,1.874250191e-05
5,20.0,24.0,14,3623.926327,0.000296996198,1.96925633e-05
5,20.0,24.0,14,3625.962241,0.0002984870073,2.070582056e-05
5,20.0,24.0,14,3627.998155,0.0003051196677,2.26479994e-05
5,20.0,24.0,14,3630.034068,0.0003101093757,2.550493706e-05
5,20.0,24.0,14,3632.069982,0.0003028970003,2.675950283e-05
5,20.0,24.0,14,3634.105896,0.0002930882342,2.752004026e-05
5,20.0,24.0,14,3636.141809,0.0002918612151,2.735746884e-05
5,20.0,24.0,14,3638.177723,0.0003060433263,2.609796063e-05
5,20.0,24.0,14,3640.213637,0.0003300454051,2.4817636e-05
5,20.0,24.0,14,3642.24955,0.0003398697932,2.523890481e-05
5,20.0,24.0,14,3644.285464,0.0003311623051,2.787678138e-05
5,20.0,24.0,14,3646.321378,0.0003144008489,2.696804795e-05
5,20.0,24.0,14,3648.357291,0.0002930626319,2.144993142e-05
5,20.0,24.0,14,3650.393205,0.0002769598749,2.060482577e-05
5,20.0,24.0,14,3652.429119,0.0002730375759,2.228677213e-05
5,20.0,24.0,14,3654.465032,0.0002704074373,2.121370273e-05
5,20.0,24.0,14,3656.500946,0.0002627123661,1.842700605e-05
5,20.0,24.0,14,3658.53686,0.0002611063926,1.780858031e-05
5,20.0,24.0,14,3660.572773,0.000269655042,2.108706614e-05
5,20.0,24.0,14,3662.608687,0.0002787099626,2.270404793e-05
5,20.0,24.0,14,3664.644601,0.0002773824548,2.275004028e-05
5,20.0,24.0,14,3666.680514,0.0002688630203,2.548266006e-05
5,20.0,24.0,14,3668.716428,0.000255863352,2.588671295e-05
5,20.0,24.0,14,3670.752342,0.0002343084321,2.120002895e-05
5,20.0,24.0,14,3672.788255,0.0002200952684,1.954120246e-05
5,20.0,24.0,14,3674.824169,0.000225788463,2.11562169e-05
5,20.0,24.0,14,3676.860083,0.0002378827843,2.121352732e-05
5,20.0,24.0,14,3678.895996,0.0002435148706,2.046348605e-05
5,20.0,24.0,14,3680.93191,0.000244692038,2.036601532e-05
5,20.0,24.0,14,3682.967824,0.0002472298891,2.050324998e-05
5,20.0,24.0,14,3685.003737,0.0002468861902,2.093783444e-05
5,20.0,24.0,14,3687.039651,0.0002371143687,1.968832184e-05
5,20.0,24.0,14,3689.075565,0.0002210002073,1.735422159e-05
5,20.0,24.0,14,3691.111478,0.0002055262972,1.489868218e-05
5,20.0,24.0,14,3693.147392,0.0002001473657,1.359732708e-05
5,20.0,24.0,14,3695.183306,0.0002073563168,1.63149216e-05
5,20.0,24.0,14,3697.219219,0.000219574863,2.240822092e-05
5,20.0,24.0,14,3699.255133,0.0002289417129,2.458090743e-05
5,20.0,24.0,14,3701.291047,0.0002247946511,1.97333425e-05
5,20.0,24.0,14,3703.32696,0.0002096508582,1.680327494e-05
5,20.0,24.0,14,3705.362874,0.0001989475552,1.896454974e-05
5,20.0,24.0,14,3707.398788,0.0001896406908,1.931114697e-05
5,20.0,24.0,14,3709.434701,0.0001738284124,1.714807191e-05
5,20.0,24.0,14,3711.470615,0.0001610840519,1.570612616e-05
5,20.0,24.0,14,3713.506529,0.0001562258956,1.510672675e-05
5,20.0,24.0,14,3715.542442,0.0001529058526,1.48418957e-05
5,20.0,24.0,14,3717.578356,0.0001490925718,1.402018426e-05
5,20.0,24.0,14,3719.61427,0.0001458657465,1.301397048e-05
5,20.0,24.0,14,3721.650183,0.0001449032182,1.30682504e-05
5,20.0,24.0,14,3723.686097,0.0001491712123,1.489025432e-05
5,20.0,24.0,14,3725.722011,0.0001517010547,1.730610854e-05
5,20.0,24.0,14,3727.757924,0.0001423523302,1.850669783e-05
5,20.0,24.0,14,3729.793838,0.0001276340565,1.718383972e-05
5,20.0,24.0,14,3731.829752,0.0001176002302,1.307369041e-05
5,20.0,24.0,14,3733.865665,0.0001111400133,9.811805431e-06
5,20.0,24.0,14,3735.901579,0.0001072528743,1.026333015e-05
5,20.0,24.0,14,3737.937493,0.0001064682242,1.019542723e-05
5,20.0,24.0,14,3739.973406,0.000105842597,9.393207286e-06
5,20.0,24.0,14,3742.00932,0.0001032026529,9.263484319e-06
5,20.0,24.0,14,3744.045234,9.86887378e-05,9.698612154e-06
5,20.0,24.0,14,3746.081147,9.392290557e-05,9.985705145e-06
5,20.0,24.0,14,3748.117061,9.168763483e-05,1.038249968e-05
5,20.0,24.0,14,3750.152975,9.298650405e-05,1.206761035e-05
5,20.0,24.0,14,3752.188888,9.342679555e-05,1.436337124e-05
5,20.0,24.0,14,3754.224802,9.087078771e-05,1.414330568e-05
5,20.0,24.0,14,3756.260716,8.648267855e-05,1.277990729e-05
5,20.0,24.0,14,3758.296629,8.379799771e-05,1.210269506e-05
5,20.0,24.0,14,3760.332543,8.549903864e-05,1.208668524e-05
5,20.0,24.0,14,3762.368457,8.317923491e-05,1.172789113e-05
5,20.0,24.0,14,3764.40437,7.399842237e-05,9.753168958e-06
5,20.0,24.0,14,3766.440284,6.751532208e-05,9.459564633e-06
5,20.0,24.0,14,3768.476198,6.737811637e-05,1.161422566e-05
5,20.0,24.0,14,3770.512111,6.916333888e-05,1.31796204e-05
5,20.0,24.0,14,3772.548025,6.734705116e-05,1.15086071e-05
5,20.0,24.0,14,3774.583939,6.12007776e-05,8.745489187e-06
5,20.0,24.0,14,3776.619852,5.650999403e-05,8.602498898e-06
5,20.0,24.0,14,3778.655766,5.649910096e-05,9.788353551e-06
5,20.0,24.0,14,3780.69168,5.750307689e-05,1.004115389e-05
5,20.0,24.0,14,3782.727593,5.664667939e-05,9.987248992e-06
5,20.0,24.0,14,3784.763507,5.407984672e-05,1.025726501e-05
5,20.0,24.0,14,3786.799421,5.001175948e-05,1.022201206e-05
5,20.0,24.0,14,3788.835334,4.502453391e-05,8.47930141e-06
5,20.0,24.0,14,3790.871248,4.033858391e-05,5.525370295e-06
5,20.0,24.0,14,3792.907162,3.701265887e-05,3.683464991e-06
5,20.0,24.0,14,3794.943075,3.497854184e-05,3.503945111e-06
5,20.0,24.0,14,3796.978989,3.339161932e-05,3.433314952e-06
5,20.0,24.0,14,3799.014903,3.172395594e-05,3.00089978e-06
5,20.0,24.0,14,3801.050816,3.015959392e-05,2.455137453e-06
5,20.0,24.0,14,3803.08673,2.89316265e-05,2.059867664e-06
5,20.0,24.0,14,3805.122644,2.723454346e-05,1.627771355e-06
5,20.0,24.0,14,3807.158557,2.538332785e-05,1.309842938e-06
5,20.0,24.0,14,3809.194471,2.478640526e-05,1.19603357e-06
5,20.0,24.0,14,3811.230385,2.511999465e-05,1.343212189e-06
5,20.0,24.0,14,3813.266298,2.522219559e-05,1.56126016e-06
5,20.0,24.0,14,3815.302212,2.457035918e-05,1.531523451e-06
5,20.0,24.0,14,3817.338126,2.297531193e-05,1.25271568e-06
5,20.0,24.0,14,3819.374039,2.119320844e-05,9.990568918e-07
5,20.0,24.0,14,3821.409953,2.0400001e-05,9.304864957e-07
5,20.0,24.0,14,3823.445867,2.050966949e-05,8.707300702e-07
5,20.0,24.0,14,3825.48178,2.088847461e-05,8.553945743e-07
5,20.0,24.0,14,3827.517694,2.115214433e-05,1.006949723e-06
5,20.0,24.0,14,3829.553608,2.09621923e-05,1.165811513e-06
5,20.0,24.0,14,3831.589521,2.082893709e-05,1.136788897e-06
5,20.0,24.0,14,3833.625435,2.10509397e-05,1.009979035e-06
5,20.0,24.0,14,3835.661349,2.071832399e-05,8.668158918e-07
5,20.0,24.0,14,3837.697262,1.970653745e-05,8.71145247e-07
5,20.0,24.0,14,3839.733176,1.90142093e-05,9.02093388e-07
5,20.0,24.0,14,3841.76909,1.871655283e-05,8.34538326e-07
5,20.0,24.0,14,3843.805003,1.815271035e-05,7.676910327e-07
5,20.0,24.0,14,3845.840917,1.757877281e-05,7.956338009e-07
5,20.0,24.0,14,3847.876831,1.741810205e-05,7.97535048e-07
5,20.0,24.0,14,3849.912744,1.734399608e-05,7.320521159e-07
5,20.0,24.0,14,3851.948658,1.722814055e-05,6.758470932e-07
5,20.0,24.0,14,3853.984572,1.725497998e-05,6.677154174e-07
5,20.0,24.0,14,3856.020485,1.708466519e-05,6.246111883e-07
5,20.0,24.0,14,3858.056399,1.653292573e-05,5.771509432e-07
5,20.0,24.0,14,3860.092313,1.619822463e-05,5.911828211e-07
5,20.0,24.0,14,3862.128226,1.631973341e-05,6.367126505e-07
5,20.0,24.0,14,3864.16414,1.644412671e-05,6.671047696e-07
5,20.0,24.0,14,3866.200054,1.662120099e-05,6.8271154e-07
5,20.0,24.0,14,3868.235967,1.702529064e-05,7.27115748e-07
5,20.0,24.0,14,3870.271881,1.693058974e-05,6.997802348e-07
5,20.0,24.0,14,3872.307795,1.603351877e-05,5.789807589e-07
5,20.0,24.0,14,3874.343708,1.538397813e-05,4.808011635e-07
5,20.0,24.0,14,3876.379622,1.544416323e-05,4.859585813e-07
5,20.0,24.0,14,3878.415536,1.557939992e-05,5.412080092e-07
5,20.0,24.0,14,3880.451449,1.554065059e-05,5.248214321e-07
5,20.0,24.0,14,3882.487363,1.546888295e-05,5.466828083e-07
5,20.0,24.0,14,3884.523277,1.544660769e-05,5.645596927e-07
5,20.0,24.0,14,3886.55919,1.558416029e-05,5.847686773e-07
5,20.0,24.0,14,3888.595104,1.562169776e-05,6.119378321e-07
5,20.0,24.0,14,3890.631018,1.527028808e-05,5.956099912e-07
5,20.0,24.0,14,3892.666931,1.497497727e-05,5.88459819e-07
5,20.0,24.0,14,3894.702845,1.506159309e-05,5.887165648e-07
5,20.0,24.0,14,3896.738759,1.517735181e-05,5.993024473e-07
5,20.0,24.0,14,3898.774672,1.510870824e-05,5.848472576e-07
5,20.0,24.0,14,3900.810586,1.509903797e-05,5.676657595e-07
5,20.0,24.0,14,3902.8465,1.520350094e-05,5.396275044e-07
5,20.0,24.0,14,3904.882413,1.499848839e-05,5.085306316e-07
5,20.0,24.0,14,3906.918327,1.466076703e-05,5.020137458e-07
5,20.0,24.0,14,3908.954241,1.472878032e-05,5.417275998e-07
5,20.0,24.0,14,3910.990154,1.497745949e-05,5.671402637e-07
5,20.0,24.0,14,3913.026068,1.499886922e-05,5.529547505e-07
5,20.0,24.0,14,3915.061982,1.48816492e-05,5.70863153e-07
5,20.0,24.0,14,3917.097895,1.484112498e-05,5.99898479e-07
5,20.0,24.0,14,3919.133809,1.488491561e-05,5.626704515e-07
5,20.0,24.0,14,3921.169723,1.482216792e-05,5.464426673e-07
5,20.0,24.0,14,3923.205636,1.465830512e-05,5.606445178e-07
5,20.0,24.0,14,3925.24155,1.463305085e-05,5.458368146e-07
5,20.0,24.0,14,3927.277464,1.472462802e-05,5.01553069e-07
5,20.0,24.0,14,3929.313377,1.470926684e-05,4.326918485e-07
5,20.0,24.0,14,3931.349291,1.463801371e-05,4.354645145e-07
5,20.0,24.0,14,3933.385205,1.475826495e-05,4.812074598e-07
5,20.0,24.0,14,3935.421118,1.498920414e-05,5.049549396e-07
5,20.0,24.0,14,3937.457032,1.504787611e-05,5.561972434e-07
5,20.0,24.0,14,3939.492946,1.501393916e-05,5.823713092e-07
5,20.0,24.0,14,3941.528859,1.500266062e-05,5.3919873e-07
5,20.0,24.0,14,3943.564773,1.48665593e-05,5.028962607e-07
5,20.0,24.0,14,3945.600687,1.479619174e-05,5.365819093e-07
5,20.0,24.0,14,3947.6366,1.499020089e-05,5.555926759e-07
5,20.0,24.0,14,3949.672514,1.512211677e-05,4.911380416e-07
5,20.0,24.0,14,3951.708428,1.494227661e-05,4.290263404e-07
5,20.0,24.0,14,3953.744341,1.470951304e-05,4.258841602e-07
5,20.0,24.0,14,3955.780255,1.464375847e-05,4.325237659e-07
5,20.0,24.0,14,3957.816169,1.467060279e-05,4.248715907e-07
5,20.0,24.0,14,3959.852082,1.483778034e-05,4.4651413e-07
5,20.0,24.0,14,3961.887996,1.504830551e-05,4.436865502e-07
5,20.0,24.0,14,3963.92391,1.507703067e-05,4.551866247e-07
5,20.0,24.0,14,3965.959823,1.505308284e-05,5.098559546e-07
5,20.0,24.0,14,3967.995737,1.505913616e-05,5.259529788e-07
5,20.0,24.0,14,3970.031651,1.477407005e-05,4.771715777e-07
5,20.0,24.0,14,3972.067564,1.430813762e-05,4.267587203e-07
5,20.0,24.0,14,3974.103478,1.422709247e-05,3.987528873e-07
5,20.0,24.0,14,3976.139392,1.44151759e-05,3.8093887e-07
5,20.0,24.0,14,3978.175305,1.444525343e-05,3.900080706e-07
5,20.0,24.0,14,3980.211219,1.434611976e-05,4.500779888e-07
5,20.0,24.0,14,3982.247133,1.428010165e-05,4.699477569e-07
5,20.0,24.0,14,3984.283046,1.41964868e-05,4.073515247e-07
5,20.0,24.0,14,3986.31896,1.401978615e-05,3.715538388e-07
5,20.0,24.0,14,3988.354874,1.397812328e-05,4.190041886e-07
5,20.0,24.0,14,3990.390787,1.41886131e-05,5.13838976e-07
5,20.0,24.0,14,3992.426701,1.434119741e-05,5.720075275e-07
5,20.0,24.0,14,3994.462615,1.431148684e-05,5.605101002e-07
5,20.0,24.0,14,3996.498528,1.417672631e-05,5.560556618e-07
5,20.0,24.0,14,3998.534442,1.389363249e-05,5.639554904e-07
6,24.0,28.0,19,1201.189064,4.289050311e-05,9.710739111e-07
6,24.0,28.0,19,1203.224977,4.293093321e-05,1.055720277e-06
6,24.0,28.0,19,1205.260891,4.248742503e-05,1.072857958e-06
6,24.0,28.0,19,1207.296805,4.254146045e-05,1.047705801e-06
6,24.0,28.0,19,1209.332718,4.346979334e-05,1.020794398e-06
6,24.0,28.0,19,1211.368632,4.3808596e-05,9.523743278e-07
6,24.0,28.0,19,1213.404546,4.28412692e-05,8.751409794e-07
6,24.0,28.0,19,1215.440459,4.150408734e-05,8.6048851e-07
6,24.0,28.0,19,1217.476373,4.093185588e-05,8.532211257e-07
6,24.0,28.0,19,1219.512287,4.105051896e-05,8.64779098e-07
6,24.0,28.0,19,1221.5482,4.085836423e-05,9.007327449e-07
6,24.0,28.0,19,1223.584114,4.068196682e-05,9.205218768e-07
6,24.0,28.0,19,1225.620028,4.151618782e-05,9.959172047e-07
6,24.0,28.0,19,1227.655941,4.264854208e-05,9.956943093e-07
6,24.0,28.0,19,1229.691855,4.28058922e-05,9.676837686e-07
6,24.0,28.0,19,1231.727769,4.212037709e-05,9.836769219e-07
6,24.0,28.0,19,1233.763682,4.157709723e-05,9.876779323e-07
6,24.0,28.0,19,1235.799596,4.138080821e-05,9.437146652e-07
6,24.0,28.0,19,1237.83551,4.111807294e-05,8.571809602e-07
6,24.0,28.0,19,1239.871423,4.093036509e-05,8.885141312e-07
6,24.0,28.0,19,1241.907337,4.105436086e-05,9.048779797e-07
6,24.0,28.0,19,1243.943251,4.136431603e-05,8.083972619e-07
6,24.0,28.0,19,1245.979164,4.173416255e-05,8.771541086e-07
6,24.0,28.0,19,1248.015078,4.180485043e-05,9.897412384e-07
6,24.0,28.0,19,1250.050992,4.133049391e-05,1.008617132e-06
6,24.0,28.0,19,1252.086905,4.072670793e-05,9.429109237e-07
6,24.0,28.0,19,1254.122819,4.049373509e-05,9.139485834e-07
6,24.0,28.0,19,1256.158733,4.059532162e-05,8.964763273e-07
6,24.0,28.0,19,1258.194646,4.089015011e-05,8.987006993e-07
6,24.0,28.0,19,1260.23056,4.110864499e-05,9.371699042e-07
6,24.0,28.0,19,1262.266474,4.093569239e-05,9.185193787e-07
6,24.0,28.0,19,1264.302387,4.096227657e-05,9.047388298e-07
6,24.0,28.0,19,1266.338301,4.174438954e-05,9.476438936e-07
6,24.0,28.0,19,1268.374215,4.269439193e-05,9.88954885e-07
6,24.0,28.0,19,1270.410128,4.336392225e-05,1.018303141e-06
6,24.0,28.0,19,1272.446042,4.347874399e-05,1.157322829e-06
6,24.0,28.0,19,1274.481956,4.305377674e-05,1.19362794e-06
6,24.0,28.0,19,1276.517869,4.291467403e-05,1.142350299e-06
6,24.0,28.0,19,1278.553783,4.29166525e-05,1.003129157e-06
6,24.0,28.0,19,1280.589697,4.252201601e-05,8.485121293e-07
6,24.0,28.0,19,1282.62561,4.238815816e-05,8.256259672e-07
6,24.0,28.0,19,1284.661524,4.307603678e-05,9.718577292e-07
6,24.0,28.0,19,1286.697438,4.412667081e-05,1.188795039e-06
6,24.0,28.0,19,1288.733351,4.44723531e-05,1.343297995e-06
6,24.0,28.0,19,1290.769265,4.381740576e-05,1.297442274e-06
6,24.0,28.0,19,1292.805179,4.304574789e-05,1.157931538e-06
6,24.0,28.0,19,1294.841092,4.273717353e-05,1.024855785e-06
6,24.0,28.0,19,1296.877006,4.295307118e-05,8.963299175e-07
6,24.0,28.0,19,1298.91292,4.324439871e-05,9.181802039e-07
6,24.0,28.0,19,1300.948833,4.336015115e-05,1.001215302e-06
6,24.0,28.0,19,1302.984747,4.38852995e-05,9.844301572e-07
6,24.0,28.0,19,1305.020661,4.497830611e-05,9.629388598e-07
6,24.0,28.0,19,1307.056574,4.572015602e-05,1.072048429e-06
6,24.0,28.0,19,1309.092488,4.572256019e-05,1.182128269e-06
6,24.0,28.0,19,1311.128402,4.572961864e-05,1.233589323e-06
6,24.0,28.0,19,1313.164315,4.604733028e-05,1.171152843e-06
6,24.0,28.0,19,1315.200229,4.644546769e-05,1.134004059e-06
6,24.0,28.0,19,1317.236143,4.683767682e-05,1.225724458e-06
6,24.0,28.0,19,1319.272056,4.70343352e-05,1.336885167e-06
6,24.0,28.0,19,1321.30797,4.705086985e-05,1.35289433e-06
6,24.0,28.0,19,1323.343884,4.72427604e-05,1.330495635e-06
6,24.0,28.0,19,1325.379797,4.757872573e-05,1.266212154e-06
6,24.0,28.0,19,1327.415711,4.812299903e-05,1.268605867e-06
6,24.0,28.0,19,1329.451625,4.915344677e-05,1.416899405e-06
6,24.0,28.0,19,1331.487538,4.98860666e-05,1.385180113e-06
6,24.0,28.0,19,1333.523452,5.023815845e-05,1.240309769e-06
6,24.0,28.0,19,1335.559366,5.131873795e-05,1.3190463e-06
6,24.0,28.0,19,1337.595279,5.246782946e-05,1.59964278e-06
6,24.0,28.0,19,1339.631193,5.203173643e-05,1.698130569e-06
6,24.0,28.0,19,1341.667107,5.121557041e-05,1.516020541e-06
6,24.0,28.0,19,1343.70302,5.234929837e-05,1.385030313e-06
6,24.0,28.0,19,1345.738934,5.438699902e-05,1.376670078e-06
6,24.0,28.0,19,1347.774848,5.456582697e-05,1.43991344e-06
6,24.0,28.0,19,1349.810761,5.300462492e-05,1.355531776e-06
6,24.0,28.0,19,1351.846675,5.23972402e-05,1.25352264e-06
6,24.0,28.0,19,1353.882589,5.347873856e-05,1.379994127e-06
6,24.0,28.0,19,1355.918502,5.473337737e-05,1.637264668e-06
6,24.0,28.0,19,1357.954416,5.529558011e-05,1.706851887e-06
6,24.0,28.0,19,1359.99033,5.545262032e-05,1.630457558e-06
6,24.0,28.0,19,1362.026243,5.618654118e-05,1.64082986e-06
6,24.0,28.0,19,1364.062157,5.766059667e-05,1.593025149e-06
6,24.0,28.0,19,1366.098071,5.869097639e-05,1.434053897e-06
6,24.0,28.0,19,1368.133984,5.873669726e-05,1.629928884e-06
6,24.0,28.0,19,1370.169898,5.923363661e-05,1.889617903e-06
6,24.0,28.0,19,1372.205812,6.119507815e-05,2.113136852e-06
6,24.0,28.0,19,1374.241725,6.282029043e-05,2.036554753e-06
6,24.0,28.0,19,1376.277639,6.29912557e-05,1.758478648e-06
6,24.0,28.0,19,1378.313553,6.320961987e-05,1.719985189e-06
6,24.0,28.0,19,1380.349466,6.480347583e-05,1.707062143e-06
6,24.0,28.0,19,1382.38538,6.701425125e-05,1.815924564e-06
6,24.0,28.0,19,1384.421294,6.82147798e-05,1.845987603e-06
6,24.0,28.0,19,1386.457207,6.846612401e-05,2.090308193e-06
6,24.0,28.0,19,1388.493121,6.877809629e-05,2.346591512e-06
6,24.0,28.0,19,1390.529035,6.905648213e-05,2.259898141e-06
6,24.0,28.0,19,1392.564948,6.933316913e-05,2.188490961e-06
6,24.0,28.0,19,1394.600862,7.011740641e-05,2.298475366e-06
6,24.0,28.0,19,1396.636776,7.146169275e-05,2.327403022e-06
6,24.0,28.0,19,1398.672689,7.303961561e-05,2.193042293e-06
6,24.0,28.0,19,1400.708603,7.429221923e-05,2.061842634e-06
6,24.0,28.0,19,1402.744517,7.540884993e-05,2.050635464e-06
6,24.0,28.0,19,1404.78043,7.689777725e-05,2.358202481e-06
6,24.0,28.0,19,1406.816344,7.847579138e-05,2.652802758e-06
6,24.0,28.0,19,1408.852258,7.987426958e-05,2.961637456e-06
6,24.0,28.0,19,1410.888171,8.158239145e-05,3.028045246e-06
6,24.0,28.0,19,1412.924085,8.489171313e-05,2.885427551e-06
6,24.0,28.0,19,1414.959999,8.843990286e-05,3.011100347e-06
6,24.0,28.0,19,1416.995912,8.82600479e-05,3.084595078e-06
6,24.0,28.0,19,1419.031826,8.490384047e-05,2.795380443e-06
6,24.0,28.0,19,1421.06774,8.403054516e-05,2.741638208e-06
6,24.0,28.0,19,1423.103653,8.689004911e-05,2.918566585e-06
6,24.0,28.0,19,1425.139567,8.984672419e-05,2.950393108e-06
6,24.0,28.0,19,1427.175481,9.203222562e-05,2.715274268e-06
6,24.0,28.0,19,1429.211394,9.447747967e-05,2.959412104e-06
6,24.0,28.0,19,1431.247308,9.611433079e-05,3.652752903e-06
6,24.0,28.0,19,1433.283222,9.628496103e-05,3.955321234e-06
6,24.0,28.0,19,1435.319135,9.688338314e-05,3.936574909e-06
6,24.0,28.0,19,1437.355049,9.922794672e-05,3.991721623e-06
6,24.0,28.0,19,1439.390963,0.0001022144434,4.337983261e-06
6,24.0,28.0,19,1441.426876,0.0001040222887,4.672911411e-06
6,24.0,28.0,19,1443.46279,0.0001049954889,4.591806444e-06
6,24.0,28.0,19,1445.498704,0.0001072985094,3.842816417e-06
6,24.0,28.0,19,1447.534617,0.0001104290158,3.76552931e-06
6,24.0,28.0,19,1449.570531,0.0001139539588,4.38327583e-06
6,24.0,28.0,19,1451.606445,0.000118439415,4.991240943e-06
6,24.0,28.0,19,1453.642358,0.0001200248862,4.889813659e-06
6,24.0,28.0,19,1455.678272,0.0001183393401,4.137970157e-06
6,24.0,28.0,19,1457.714186,0.0001186056969,3.754901488e-06
6,24.0,28.0,19,1459.750099,0.0001223782188,4.08781115e-06
6,24.0,28.0,19,1461.786013,0.0001274701118,4.959042349e-06
6,24.0,28.0,19,1463.821927,0.000131250517,5.712323935e-06
6,24.0,28.0,19,1465.85784,0.0001345598365,5.492233805e-06
6,24.0,28.0,19,1467.893754,0.0001380010476,4.965147789e-06
6,24.0,28.0,19,1469.929668,0.0001406884185,4.79493911e-06
6,24.0,28.0,19,1471.965581,0.0001437729058,4.644261142e-06
6,24.0,28.0,19,1474.001495,0.0001454959029,5.10795338e-06
6,24.0,28.0,19,1476.037409,0.0001463399709,5.318353002e-06
6,24.0,28.0,19,1478.073322,0.0001498411829,5.901174901e-06
6,24.0,28.0,19,1480.109236,0.0001538296081,6.085808224e-06
6,24.0,28.0,19,1482.14515,0.0001569976279,6.421949717e-06
6,24.0,28.0,19,1484.181063,0.0001622356934,7.045585894e-06
6,24.0,28.0,19,1486.216977,0.0001692991262,7.880035577e-06
6,24.0,28.0,19,1488.252891,0.0001746325944,8.091199791e-06
6,24.0,28.0,19,1490.288804,0.0001761118573,7.049339767e-06
6,24.0,28.0,19,1492.324718,0.0001782771657,6.279020612e-06
6,24.0,28.0,19,1494.360632,0.0001872489642,6.718599713e-06
6,24.0,28.0,19,1496.396545,0.0001978601949,7.841305541e-06
6,24.0,28.0,19,1498.432459,0.0002024443518,8.492244779e-06
6,24.0,28.0,19,1500.468373,0.000203843606,8.251616779e-06
6,24.0,28.0,19,1502.504286,0.0002050571669,7.953663613e-06
6,24.0,28.0,19,1504.5402,0.0002078426541,7.812013175e-06
6,24.0,28.0,19,1506.576114,0.0002171011992,8.073244464e-06
6,24.0,28.0,19,1508.612027,0.0002303063544,8.641283255e-06
6,24.0,28.0,19,1510.647941,0.0002392784952,8.537972983e-06
6,24.0,28.0,19,1512.683855,0.0002434414044,8.784422665e-06
6,24.0,28.0,19,1514.719768,0.0002472326973,9.785701598e-06
6,24.0,28.0,19,1516.755682,0.0002520303844,1.063093912e-05
6,24.0,28.0,19,1518.791596,0.0002586965612,1.061985143e-05
6,24.0,28.0,19,1520.827509,0.0002664209928,9.518373493e-06
6,24.0,28.0,19,1522.863423,0.0002708072363,9.558240193e-06
6,24.0,28.0,19,1524.899337,0.0002711330567,9.790823826e-06
6,24.0,28.0,19,1526.93525,0.0002768400501,9.080000278e-06
6,24.0,28.0,19,1528.971164,0.0002879344104,9.456630856e-06
6,24.0,28.0,19,1531.007078,0.0002957024222,9.672190714e-06
6,24.0,28.0,19,1533.042991,0.0003008112479,1.100662173e-05
6,24.0,28.0,19,1535.078905,0.0003047042638,1.207682316e-05
6,24.0,28.0,19,1537.114819,0.0003071761183,1.204279034e-05
6,24.0,28.0,19,1539.150732,0.0003134245279,1.237316798e-05
6,24.0,28.0,19,1541.186646,0.0003278140252,1.06621498e-05
6,24.0,28.0,19,1543.22256,0.0003450700263,1.109075809e-05
6,24.0,28.0,19,1545.258473,0.000360388393,1.274114487e-05
6,24.0,28.0,19,1547.294387,0.0003718867319,1.32670596e-05
6,24.0,28.0,19,1549.330301,0.0003760613318,1.485240537e-05
6,24.0,28.0,19,1551.366214,0.0003863918813,1.63463049e-05
6,24.0,28.0,19,1553.402128,0.0004054976682,1.651377214e-05
6,24.0,28.0,19,1555.438042,0.0004111595096,1.554772951e-05
6,24.0,28.0,19,1557.473955,0.0004058004468,1.470152665e-05
6,24.0,28.0,19,1559.509869,0.0004112474555,1.412909658e-05
6,24.0,28.0,19,1561.545783,0.000426837651,1.417643303e-05
6,24.0,28.0,19,1563.581696,0.0004373755156,1.463542639e-05
6,24.0,28.0,19,1565.61761,0.0004398110201,1.420955457e-05
6,24.0,28.0,19,1567.653524,0.0004425580752,1.305322701e-05
6,24.0,28.0,19,1569.689437,0.0004597703467,1.501242482e-05
6,24.0,28.0,19,1571.725351,0.0004997447856,1.855429692e-05
6,24.0,28.0,19,1573.761265,0.0005448877542,2.021537562e-05
6,24.0,28.0,19,1575.797178,0.0005670978735,1.963642134e-05
6,24.0,28.0,19,1577.833092,0.0005591043285,1.952515335e-05
6,24.0,28.0,19,1579.869006,0.0005424224288,1.942658593e-05
6,24.0,28.0,19,1581.904919,0.0005368138843,2.04438714e-05
6,24.0,28.0,19,1583.940833,0.0005474636119,2.077251435e-05
6,24.0,28.0,19,1585.976747,0.0005763172008,2.191190578e-05
6,24.0,28.0,19,1588.01266,0.0006021813223,2.304514966e-05
6,24.0,28.0,19,1590.048574,0.000605379022,2.171664411e-05
6,24.0,28.0,19,1592.084488,0.0005981827509,2.15292929e-05
6,24.0,28.0,19,1594.120401,0.0005977614562,2.210328295e-05
6,24.0,28.0,19,1596.156315,0.0006107448644,2.291112107e-05
6,24.0,28.0,19,1598.192229,0.0006263008112,2.448186468e-05
6,24.0,28.0,19,1600.228142,0.0006356091357,2.506742878e-05
6,24.0,28.0,19,1602.264056,0.0006526681623,2.391957475e-05
6,24.0,28.0,19,1604.29997,0.0006782803242,2.419827992e-05
6,24.0,28.0,19,1606.335883,0.000687521267,2.316056911e-05
6,24.0,28.0,19,1608.371797,0.000676421435,2.031701698e-05
6,24.0,28.0,19,1610.407711,0.0006719737486,1.997155143e-05
6,24.0,28.0,19,1612.443624,0.0006935847263,2.241965484e-05
6,24.0,28.0,19,1614.479538,0.0007317443886,2.376503664e-05
6,24.0,28.0,19,1616.515452,0.0007649449707,2.404994396e-05
6,24.0,28.0,19,1618.551365,0.0007826359649,2.491714889e-05
6,24.0,28.0,19,1620.587279,0.0007849396255,2.396065054e-05
6,24.0,28.0,19,1622.623193,0.0007831034635,2.13944147e-05
6,24.0,28.0,19,1624.659106,0.0007866381905,2.10832614e-05
6,24.0,28.0,19,1626.69502,0.0007904491947,2.205209493e-05
6,24.0,28.0,19,1628.730934,0.0007966628049,2.174061522e-05
6,24.0,28.0,19,1630.766847,0.000805890785,2.447012763e-05
6,24.0,28.0,19,1632.802761,0.000797665567,2.759369772e-05
6,24.0,28.0,19,1634.838675,0.0007780175756,2.932296045e-05
6,24.0,28.0,19,1636.874588,0.0007794524668,2.853836894e-05
6,24.0,28.0,19,1638.910502,0.0007968251925,2.827488918e-05
6,24.0,28.0,19,1640.946416,0.0008171553523,2.793663841e-05
6,24.0,28.0,19,1642.982329,0.0008400931246,2.391852297e-05
6,24.0,28.0,19,1645.018243,0.0008473273844,2.478685265e-05
6,24.0,28.0,19,1647.054157,0.0008434575873,2.587344265e-05
6,24.0,28.0,19,1649.09007,0.0008466611776,2.351910651e-05
6,24.0,28.0,19,1651.125984,0.000833049539,2.487325076e-05
6,24.0,28.0,19,1653.161898,0.0008021938987,2.533283845e-05
6,24.0,28.0,19,1655.197811,0.000777916463,2.427219934e-05
6,24.0,28.0,19,1657.233725,0.0007665880879,2.434715154e-05
6,24.0,28.0,19,1659.269639,0.000766163397,2.718848087e-05
6,24.0,28.0,19,1661.305552,0.0007643837338,2.949497379e-05
6,24.0,28.0,19,1663.341466,0.0007644234273,3.117051302e-05
6,24.0,28.0,19,1665.37738,0.0007696218311,3.019876081e-05
6,24.0,28.0,19,1667.413293,0.0007720432635,2.851298735e-05
6,24.0,28.0,19,1669.449207,0.0007688793267,2.648492453e-05
6,24.0,28.0,19,1671.485121,0.0007650537206,2.478439592e-05
6,24.0,28.0,19,1673.521034,0.0007590110756,2.880793813e-05
6,24.0,28.0,19,1675.556948,0.0007378531604,2.735366476e-05
6,24.0,28.0,19,1677.592862,0.0007015119519,2.476226006e-05
6,24.0,28.0,19,1679.628775,0.0006628715282,2.26443955e-05
6,24.0,28.0,19,1681.664689,0.000631372176,2.190648077e-05
6,24.0,28.0,19,1683.700603,0.0006122048784,2.102817308e-05
6,24.0,28.0,19,1685.736516,0.0006100657575,1.966641162e-05
6,24.0,28.0,19,1687.77243,0.0006115315116,1.966418852e-05
6,24.0,28.0,19,1689.808344,0.0005978625431,2.122952824e-05
6,24.0,28.0,19,1691.844257,0.0005717196474,2.655819338e-05
6,24.0,28.0,19,1693.880171,0.0005404456169,2.585275034e-05
6,24.0,28.0,19,1695.916085,0.0005161940684,2.046037531e-05
6,24.0,28.0,19,1697.951998,0.000494662287,1.829703518e-05
6,24.0,28.0,19,1699.987912,0.0004640189946,1.749147416e-05
6,24.0,28.0,19,1702.023826,0.0004371534353,1.698869897e-05
6,24.0,28.0,19,1704.059739,0.0004186047345,1.620825046e-05
6,24.0,28.0,19,1706.095653,0.0004056119453,1.596143055e-05
6,24.0,28.0,19,1708.131567,0.0004026211006,1.736171201e-05
6,24.0,28.0,19,1710.16748,0.0004036146516,1.807540554e-05
6,24.0,28.0,19,1712.203394,0.0004033864702,1.896804294e-05
6,24.0,28.0,19,1714.239308,0.0003973086605,2.043782145e-05
6,24.0,28.0,19,1716.275221,0.0003716540332,1.836978587e-05
6,24.0,28.0,19,1718.311135,0.0003308446693,1.369935723e-05
6,24.0,28.0,19,1720.347049,0.0003011902247,1.046940574e-05
6,24.0,28.0,19,1722.382962,0.0002927779319,1.288583052e-05
6,24.0,28.0,19,1724.418876,0.0002888947444,1.586630655e-05
6,24.0,28.0,19,1726.45479,0.0002805971145,1.495437752e-05
6,24.0,28.0,19,1728.490703,0.0002708132832,1.370277904e-05
6,24.0,28.0,19,1730.526617,0.0002560017438,1.239321559e-05
6,24.0,28.0,19,1732.562531,0.0002368721988,1.070118999e-05
6,24.0,28.0,19,1734.598444,0.0002239047186,9.817216157e-06
6,24.0,28.0,19,1736.634358,0.0002173716717,8.618169018e-06
6,24.0,28.0,19,1738.670272,0.0002061638273,7.080857251e-06
6,24.0,28.0,19,1740.706185,0.0001909495121,5.412133515e-06
6,24.0,28.0,19,1742.742099,0.0001813880187,5.336711862e-06
6,24.0,28.0,19,1744.778013,0.000177987509,5.742021293e-06
6,24.0,28.0,19,1746.813926,0.0001756366456,6.388824053e-06
6,24.0,28.0,19,1748.84984,0.0001699288062,6.237530925e-06
6,24.0,28.0,19,1750.885754,0.0001607210276,5.826206004e-06
6,24.0,28.0,19,1752.921667,0.0001529334029,6.090655018e-06
6,24.0,28.0,19,1754.957581,0.0001465583551,5.965617091e-06
6,24.0,28.0,19,1756.993495,0.0001395239148,5.222829279e-06
6,24.0,28.0,19,1759.029408,0.0001323727883,4.692352292e-06
6,24.0,28.0,19,1761.065322,0.0001248680106,5.062361412e-06
6,24.0,28.0,19,1763.101236,0.0001174405816,5.649276649e-06
6,24.0,28.0,19,1765.137149,0.0001115027793,5.725176971e-06
6,24.0,28.0,19,1767.173063,0.0001087104777,5.137500403e-06
6,24.0,28.0,19,1769.208977,0.0001083235078,4.341524921e-06
6,24.0,28.0,19,1771.24489,0.000106790729,3.973573149e-06
6,24.0,28.0,19,1773.280804,0.0001019949963,4.082325966e-06
6,24.0,28.0,19,1775.316718,9.502608265e-05,4.147892373e-06
6,24.0,28.0,19,1777.352631,8.893761175e-05,3.918237618e-06
6,24.0,28.0,19,1779.388545,8.464502198e-05,3.557908253e-06
6,24.0,28.0,19,1781.424459,8.155299884e-05,3.383697209e-06
6,24.0,28.0,19,1783.460372,8.007031276e-05,3.398533224e-06
6,24.0,28.0,19,1785.496286,7.912918734e-05,3.07036783e-06
6,24.0,28.0,19,1787.5322,7.730918972e-05,2.995778909e-06
6,24.0,28.0,19,1789.568113,7.444819593e-05,3.094680058e-06
6,24.0,28.0,19,1791.604027,7.074961669e-05,2.829147943e-06
6,24.0,28.0,19,1793.639941,6.767597133e-05,2.609048536e-06
6,24.0,28.0,19,1795.675854,6.563304062e-05,2.5122199e-06
6,24.0,28.0,19,1797.711768,6.351561625e-05,2.279092712e-06
6,24.0,28.0,19,1799.747682,6.142528188e-05,2.167073296e-06
6,24.0,28.0,19,1801.783595,5.944612655e-05,2.241868128e-06
6,24.0,28.0,19,1803.819509,5.718349996e-05,2.423477103e-06
6,24.0,28.0,19,1805.855423,5.459501872e-05,2.201269795e-06
6,24.0,28.0,19,1807.891336,5.184639838e-05,1.85428724e-06
6,24.0,28.0,19,1809.92725,5.011537636e-05,1.699128111e-06
6,24.0,28.0,19,1811.963164,4.957959945e-05,1.598201131e-06
6,24.0,28.0,19,1813.999077,4.900768311e-05,1.620451032e-06
6,24.0,28.0,19,1816.034991,4.79445545e-05,1.68500583e-06
6,24.0,28.0,19,1818.070905,4.677124722e-05,1.628851303e-06
6,24.0,28.0,19,1820.106818,4.550877063e-05,1.498798196e-06
6,24.0,28.0,19,1822.142732,4.380923932e-05,1.334953698e-06
6,24.0,28.0,19,1824.178646,4.2482605e-05,1.241952241e-06
6,24.0,28.0,19,1826.214559,4.231550529e-05,1.389363814e-06
6,24.0,28.0,19,1828.250473,4.16198543e-05,1.391405884e-06
6,24.0,28.0,19,1830.286387,3.929166538e-05,1.17924663e-06
6,24.0,28.0,19,1832.3223,3.708063962e-05,1.108288779e-06
6,24.0,28.0,19,1834.358214,3.580666985e-05,1.016175184e-06
6,24.0,28.0,19,1836.394128,3.480260022e-05,9.36110419e-07
6,24.0,28.0,19,1838.430041,3.380080383e-05,9.557311108e-07
6,24.0,28.0,19,1840.465955,3.273971825e-05,1.001923149e-06
6,24.0,28.0,19,1842.501869,3.197849902e-05,1.024919111e-06
6,24.0,28.0,19,1844.537782,3.167891519e-05,9.276573516e-07
6,24.0,28.0,19,1846.573696,3.152826536e-05,8.807899633e-07
6,24.0,28.0,19,1848.60961,3.122695483e-05,8.335480372e-07
6,24.0,28.0,19,1850.645523,3.072251374e-05,8.134370774e-07
6,24.0,28.0,19,1852.681437,3.022927976e-05,8.268706173e-07
6,24.0,28.0,19,1854.717351,2.949546426e-05,8.482329245e-07
6,24.0,28.0,19,1856.753264,2.824671652e-05,8.648604643e-07
6,24.0,28.0,19,1858.789178,2.706718436e-05,8.497103175e-07
6,24.0,28.0,19,1860.825092,2.635434749e-05,8.488978258e-07
6,24.0,28.0,19,1862.861005,2.577077624e-05,7.597738019e-07
6,24.0,28.0,19,1864.896919,2.50711524e-05,6.903906388e-07
6,24.0,28.0,19,1866.932833,2.438461896e-05,7.089832327e-07
6,24.0,28.0,19,1868.968746,2.379735175e-05,7.591665158e-07
6,24.0,28.0,19,1871.00466,2.304989559e-05,7.810623607e-07
6,24.0,28.0,19,1873.040574,2.223783028e-05,8.08778453e-07
6,24.0,28.0,19,1875.076487,2.170475992e-05,7.564227259e-07
6,24.0,28.0,19,1877.112401,2.143280222e-05,6.342448328e-07
6,24.0,28.0,19,1879.148315,2.14600594e-05,6.43866504e-07
6,24.0,28.0,19,1881.184228,2.162459272e-05,7.183526175e-07
6,24.0,28.0,19,1883.220142,2.159168969e-05,6.9335539e-07
6,24.0,28.0,19,1885.256056,2.125115622e-05,6.239397325e-07
6,24.0,28.0,19,1887.291969,2.081424887e-05,6.180807436e-07
6,24.0,28.0,19,1889.327883,2.049415404e-05,5.703750938e-07
6,24.0,28.0,19,1891.363797,2.012566092e-05,5.549066961e-07
6,24.0,28.0,19,1893.39971,1.963764454e-05,5.710393471e-07
6,24.0,28.0,19,1895.435624,1.918947415e-05,5.106409899e-07
6,24.0,28.0,19,1897.471538,1.879667897e-05,4.040102164e-07
6,24.0,28.0,19,1899.507451,1.842148831e-05,3.877372214e-07
6,24.0,28.0,19,1901.543365,1.813985951e-05,4.337489567e-07
6,24.0,28.0,19,1903.579279,1.788775561e-05,4.652876619e-07
6,24.0,28.0,19,1905.615192,1.754161231e-05,4.889357178e-07
6,24.0,28.0,19,1907.651106,1.72815576e-05,4.530247662e-07
6,24.0,28.0,19,1909.68702,1.70895772e-05,3.860367144e-07
6,24.0,28.0,19,1911.722933,1.670052237e-05,3.544653963e-07
6,24.0,28.0,19,1913.758847,1.616431672e-05,3.586450706e-07
6,24.0,28.0,19,1915.794761,1.556311675e-05,3.537738303e-07
6,24.0,28.0,19,1917.830674,1.509240643e-05,3.344526852e-07
6,24.0,28.0,19,1919.866588,1.513572951e-05,3.180677432e-07
6,24.0,28.0,19,1921.902502,1.536524089e-05,3.210637342e-07
6,24.0,28.0,19,1923.938415,1.509940761e-05,3.436659778e-07
6,24.0,28.0,19,1925.974329,1.453844467e-05,3.662780399e-07
6,24.0,28.0,19,1928.010243,1.426155478e-05,3.55093196e-07
6,24.0,28.0,19,1930.046156,1.417800859e-05,3.427863212e-07
6,24.0,28.0,19,1932.08207,1.400592186e-05,3.329443097e-07
6,24.0,28.0,19,1934.117984,1.388822368e-05,3.038518539e-07
6,24.0,28.0,19,1936.153897,1.382163077e-05,3.058431029e-07
6,24.0,28.0,19,1938.189811,1.367886995e-05,3.345643495e-07
6,24.0,28.0,19,1940.225725,1.339560538e-05,3.123486092e-07
6,24.0,28.0,19,1942.261638,1.301086029e-05,2.980141976e-07
6,24.0,28.0,19,1944.297552,1.283257468e-05,3.330169025e-07
6,24.0,28.0,19,1946.333466,1.288618861e-05,3.295705743e-07
6,24.0,28.0,19,1948.369379,1.285499577e-05,3.310763344e-07
6,24.0,28.0,19,1950.405293,1.267678804e-05,3.598247343e-07
6,24.0,28.0,19,1952.441207,1.248680927e-05,3.770720686e-07
6,24.0,28.0,19,1954.47712,1.23019684e-05,3.506549723e-07
6,24.0,28.0,19,1956.513034,1.215471635e-05,3.091197875e-07
6,24.0,28.0,19,1958.548948,1.207902298e-05,2.780003532e-07
6,24.0,28.0,19,1960.584861,1.207442852e-05,2.9046079e-07
6,24.0,28.0,19,1962.620775,1.213086983e-05,3.153529491e-07
6,24.0,28.0,19,1964.656689,1.205901652e-05,3.208989398e-07
6,24.0,28.0,19,1966.692602,1.17778495e-05,2.759318711e-07
6,24.0,28.0,19,1968.728516,1.154969963e-05,2.587170091e-07
6,24.0,28.0,19,1970.76443,1.149157663e-05,2.583015301e-07
6,24.0,28.0,19,1972.800343,1.141423987e-05,2.556175974e-07
6,24.0,28.0,19,1974.836257,1.129094989e-05,2.503404501e-07
6,24.0,28.0,19,1976.872171,1.1271231e-05,2.510025389e-07
6,24.0,28.0,19,1978.908084,1.121318908e-05,2.497703315e-07
6,24.0,28.0,19,1980.943998,1.097661461e-05,2.59174549e-07
6,24.0,28.0,19,1982.979912,1.072150396e-05,2.548932862e-07
6,24.0,28.0,19,1985.015825,1.052260976e-05,2.327528106e-07
6,24.0,28.0,19,1987.051739,1.034528035e-05,2.169885208e-07
6,24.0,28.0,19,1989.087653,1.026095044e-05,2.153432376e-07
6,24.0,28.0,19,1991.123566,1.024505614e-05,2.041539218e-07
6,24.0,28.0,19,1993.15948,1.02633258e-05,1.767407811e-07
6,24.0,28.0,19,1995.195394,1.035881806e-05,1.657054689e-07
6,24.0,28.0,19,1997.231307,1.04384563e-05,2.086334276e-07
6,24.0,28.0,19,1999.267221,1.045951725e-05,2.524637077e-07
6,24.0,28.0,19,2001.303135,1.042397783e-05,2.561765273e-07
6,24.0,28.0,19,2003.339048,1.020771068e-05,2.425816355e-07
6,24.0,28.0,19,2005.374962,9.865749286e-06,2.235358227e-07
6,24.0,28.0,19,2007.410876,9.695505426e-06,2.078521932e-07
6,24.0,28.0,19,2009.446789,9.727209802e-06,2.016885974e-07
6,24.0,28.0,19,2011.482703,9.764837737e-06,2.02875771e-07
6,24.0,28.0,19,2013.518617,9.816902311e-06,1.978408277e-07
6,24.0,28.0,19,2015.55453,9.893538382e-06,2.017951476e-07
6,24.0,28.0,19,2017.590444,9.928338202e-06,2.246496853e-07
6,24.0,28.0,19,2019.626358,9.951851549e-06,2.479610825e-07
6,24.0,28.0,19,2021.662271,9.959570543e-06,2.479928858e-07
6,24.0,28.0,19,2023.698185,9.909077782e-06,2.304628313e-07
6,24.0,28.0,19,2025.734099,9.863118438e-06,2.233766292e-07
6,24.0,28.0,19,2027.770012,9.827175616e-06,2.254215501e-07
6,24.0,28.0,19,2029.805926,9.829189445e-06,2.025694832e-07
6,24.0,28.0,19,2031.84184,9.895619521e-06,2.027429534e-07
6,24.0,28.0,19,2033.877753,9.853238927e-06,2.162768375e-07
6,24.0,28.0,19,2035.913667,9.735408588e-06,2.212277198e-07
6,24.0,28.0,19,2037.949581,9.733370722e-06,2.273211761e-07
6,24.0,28.0,19,2039.985494,9.768589063e-06,2.319008396e-07
6,24.0,28.0,19,2042.021408,9.692357143e-06,2.535778312e-07
6,24.0,28.0,19,2044.057322,9.543652123e-06,2.678078447e-07
6,24.0,28.0,19,2046.093235,9.469073949e-06,2.552054916e-07
6,24.0,28.0,19,2048.129149,9.504901042e-06,2.451461191e-07
6,24.0,28.0,19,2050.165063,9.620427593e-06,2.298101626e-07
6,24.0,28.0,19,2052.200976,9.703050465e-06,2.137664562e-07
6,24.0,28.0,19,2054.23689,9.680383659e-06,2.150790695e-07
6,24.0,28.0,19,2056.272804,9.725947717e-06,2.154087152e-07
6,24.0,28.0,19,2058.308717,9.842429842e-06,2.103739371e-07
6,24.0,28.0,19,2060.344631,9.93261327e-06,2.206442436e-07
6,24.0,28.0,19,2062.380545,1.002912147e-05,2.229405431e-07
6,24.0,28.0,19,2064.416458,9.981921015e-06,2.180973842e-07
6,24.0,28.0,19,2066.452372,9.780964379e-06,2.074015438e-07
6,24.0,28.0,19,2068.488286,9.663496557e-06,1.881725243e-07
6,24.0,28.0,19,2070.524199,9.70316256e-06,1.594417521e-07
6,24.0,28.0,19,2072.560113,9.829894232e-06,1.685554252e-07
6,24.0,28.0,19,2074.596027,9.866689566e-06,1.836682e-07
6,24.0,28.0,19,2076.63194,9.777609118e-06,1.972597527e-07
6,24.0,28.0,19,2078.667854,9.839130423e-06,2.045349473e-07
6,24.0,28.0,19,2080.703768,1.012323874e-05,2.1133311e-07
6,24.0,28.0,19,2082.739681,1.031594331e-05,2.367793512e-07
6,24.0,28.0,19,2084.775595,1.033477268e-05,2.350635968e-07
6,24.0,28.0,19,2086.811509,1.037168862e-05,2.162184575e-07
6,24.0,28.0,19,2088.847422,1.042592506e-05,2.257069845e-07
6,24.0,28.0,19,2090.883336,1.042210134e-05,2.356467005e-07
6,24.0,28.0,19,2092.91925,1.041387027e-05,2.472680326e-07
6,24.0,28.0,19,2094.955163,1.053840569e-05,2.57485424e-07
6,24.0,28.0,19,2096.991077,1.084585535e-05,2.693328241e-07
6,24.0,28.0,19,2099.026991,1.114204746e-05,2.57247693e-07
6,24.0,28.0,19,2101.062904,1.119265171e-05,2.394904378e-07
6,24.0,28.0,19,2103.098818,1.099297488e-05,2.253277154e-07
6,24.0,28.0,19,2105.134732,1.076875994e-05,2.264599084e-07
6,24.0,28.0,19,2107.170645,1.069059345e-05,2.474339703e-07
6,24.0,28.0,19,2109.206559,1.07743873e-05,2.504102997e-07
6,24.0,28.0,19,2111.242473,1.102452385e-05,2.653106371e-07
6,24.0,28.0,19,2113.278386,1.126190508e-05,3.042097114e-07
6,24.0,28.0,19,2115.3143,1.130874565e-05,3.029393178e-07
6,24.0,28.0,19,2117.350214,1.123625174e-05,2.56575518e-07
6,24.0,28.0,19,2119.386127,1.118778169e-05,2.347802677e-07
6,24.0,28.0,19,2121.422041,1.115783837e-05,2.610078589e-07
6,24.0,28.0,19,2123.457955,1.111733698e-05,2.705795622e-07
6,24.0,28.0,19,2125.493868,1.118562017e-05,2.679364165e-07
6,24.0,28.0,19,2127.529782,1.140906232e-05,3.061355228e-07
6,24.0,28.0,19,2129.565696,1.164845015e-05,3.345178627e-07
6,24.0,28.0,19,2131.601609,1.184957145e-05,3.216686977e-07
6,24.0,28.0,19,2133.637523,1.203495702e-05,3.19964172e-07
6,24.0,28.0,19,2135.673437,1.216811242e-05,3.221126773e-07
6,24.0,28.0,19,2137.70935,1.223814777e-05,3.215007024e-07
6,24.0,28.0,19,2139.745264,1.233072976e-05,3.029757522e-07
6,24.0,28.0,19,2141.781178,1.258140077e-05,2.779062519e-07
6,24.0,28.0,19,2143.817091,1.290659029e-05,2.882368663e-07
6,24.0,28.0,19,2145.853005,1.302367465e-05,3.070133006e-07
6,24.0,28.0,19,2147.888919,1.297773369e-05,3.005989004e-07
6,24.0,28.0,19,2149.924832,1.294665751e-05,2.898563623e-07
6,24.0,28.0,19,2151.960746,1.290721956e-05,2.831641452e-07
6,24.0,28.0,19,2153.99666,1.287520394e-05,2.950929411e-07
6,24.0,28.0,19,2156.032573,1.301591232e-05,2.70435355e-07
6,24.0,28.0,19,2158.068487,1.323944609e-05,2.285995391e-07
6,24.0,28.0,19,2160.104401,1.332757689e-05,2.271946257e-07
6,24.0,28.0,19,2162.140314,1.325376246e-05,2.338925763e-07
6,24.0,28.0,19,2164.176228,1.312598426e-05,2.584598679e-07
6,24.0,28.0,19,2166.212142,1.313397457e-05,2.451590807e-07
6,24.0,28.0,19,2168.248055,1.335939999e-05,2.349171461e-07
6,24.0,28.0,19,2170.283969,1.364906919e-05,2.533099757e-07
6,24.0,28.0,19,2172.319883,1.378346711e-05,2.980046241e-07
6,24.0,28.0,19,2174.355796,1.376582365e-05,3.181253538e-07
6,24.0,28.0,19,2176.39171,1.38032714e-05,2.925358519e-07
6,24.0,28.0,19,2178.427624,1.400475892e-05,2.898811457e-07
6,24.0,28.0,19,2180.463537,1.413185634e-05,3.040173042e-07
6,24.0,28.0,19,2182.499451,1.40548565e-05,2.904178763e-07
6,24.0,28.0,19,2184.535365,1.399666308e-05,2.614423906e-07
6,24.0,28.0,19,2186.571278,1.41010186e-05,2.567171985e-07
6,24.0,28.0,19,2188.607192,1.42710087e-05,3.087016462e-07
6,24.0,28.0,19,2190.643106,1.443230959e-05,3.534551625e-07
6,24.0,28.0,19,2192.679019,1.456868748e-05,3.42103118e-07
6,24.0,28.0,19,2194.714933,1.467782645e-05,3.157534094e-07
6,24.0,28.0,19,2196.750847,1.481339515e-05,3.157780479e-07
6,24.0,28.0,19,2198.78676,1.49611455e-05,2.983051355e-07
6,24.0,28.0,19,2200.822674,1.503721674e-05,2.873431082e-07
6,24.0,28.0,19,2202.858588,1.498339771e-05,3.051206838e-07
6,24.0,28.0,19,2204.894501,1.492459662e-05,3.261994473e-07
6,24.0,28.0,19,2206.930415,1.503832175e-05,3.508257773e-07
6,24.0,28.0,19,2208.966329,1.523147561e-05,3.267317632e-07
6,24.0,28.0,19,2211.002242,1.545653813e-05,3.183116691e-07
6,24.0,28.0,19,2213.038156,1.579137225e-05,3.603475192e-07
6,24.0,28.0,19,2215.07407,1.594169318e-05,3.706075991e-07
6,24.0,28.0,19,2217.109983,1.577542522e-05,3.512900116e-07
6,24.0,28.0,19,2219.145897,1.558630539e-05,3.809605494e-07
6,24.0,28.0,19,2221.181811,1.553933725e-05,3.940274252e-07
6,24.0,28.0,19,2223.217724,1.556098012e-05,3.759312222e-07
6,24.0,28.0,19,2225.253638,1.570674624e-05,3.720789443e-07
6,24.0,28.0,19,2227.289552,1.601229211e-05,4.020851556e-07
6,24.0,28.0,19,2229.325465,1.625825023e-05,4.135346544e-07
6,24.0,28.0,19,2231.361379,1.631672354e-05,4.235549766e-07
6,24.0,28.0,19,2233.397293,1.621322878e-05,4.219112026e-07
6,24.0,28.0,19,2235.433206,1.607087705e-05,3.657631543e-07
6,24.0,28.0,19,2237.46912,1.602646342e-05,3.394970965e-07
6,24.0,28.0,19,2239.505034,1.606162705e-05,3.469627586e-07
6,24.0,28.0,19,2241.540947,1.61959038e-05,3.499770216e-07
6,24.0,28.0,19,2243.576861,1.636682575e-05,3.823655941e-07
6,24.0,28.0,19,2245.612775,1.63781655e-05,3.909227568e-07
6,24.0,28.0,19,2247.648688,1.628394376e-05,3.564446869e-07
6,24.0,28.0,19,2249.684602,1.63030872e-05,3.654317519e-07
6,24.0,28.0,19,2251.720516,1.648970802e-05,4.042913553e-07
6,24.0,28.0,19,2253.756429,1.673252546e-05,4.310919359e-07
6,24.0,28.0,19,2255.792343,1.696630384e-05,4.492381471e-07
6,24.0,28.0,19,2257.828257,1.705025131e-05,4.644850987e-07
6,24.0,28.0,19,2259.86417,1.693789054e-05,4.640162823e-07
6,24.0,28.0,19,2261.900084,1.680296432e-05,4.332786178e-07
6,24.0,28.0,19,2263.935998,1.685719863e-05,4.204216554e-07
6,24.0,28.0,19,2265.971911,1.705900039e-05,4.361306327e-07
6,24.0,28.0,19,2268.007825,1.703689642e-05,4.085458976e-07
6,24.0,28.0,19,2270.043739,1.680499346e-05,3.511385048e-07
6,24.0,28.0,19,2272.079652,1.662203226e-05,3.684111748e-07
6,24.0,28.0,19,2274.115566,1.654459435e-05,3.916806035e-07
6,24.0,28.0,19,2276.15148,1.673053767e-05,3.881880173e-07
6,24.0,28.0,19,2278.187393,1.715375166e-05,3.761233347e-07
6,24.0,28.0,19,2280.223307,1.736821151e-05,3.472000862e-07
6,24.0,28.0,19,2282.259221,1.716710941e-05,3.521852936e-07
6,24.0,28.0,19,2284.295134,1.689787705e-05,3.461872798e-07
6,24.0,28.0,19,2286.331048,1.678744744e-05,3.277963274e-07
6,24.0,28.0,19,2288.366962,1.671552176e-05,3.374931592e-07
6,24.0,28.0,19,2290.402875,1.666334947e-05,3.769814889e-07
6,24.0,28.0,19,2292.438789,1.664596829e-05,3.786903493e-07
6,24.0,28.0,19,2294.474703,1.663388292e-05,3.906546994e-07
6,24.0,28.0,19,2296.510616,1.677986793e-05,4.115767478e-07
6,24.0,28.0,19,2298.54653,1.708869749e-05,3.903117321e-07
6,24.0,28.0,19,2300.582444,1.722230833e-05,3.685480047e-07
6,24.0,28.0,19,2302.618357,1.694221937e-05,3.873361893e-07
6,24.0,28.0,19,2304.654271,1.649889427e-05,3.989302167e-07
6,24.0,28.0,19,2306.690185,1.645148441e-05,3.927846867e-07
6,24.0,28.0,19,2308.726098,1.664415215e-05,3.740452083e-07
6,24.0,28.0,19,2310.762012,1.654364549e-05,3.425975272e-07
6,24.0,28.0,19,2312.797926,1.628625439e-05,3.575930679e-07
6,24.0,28.0,19,2314.833839,1.629867258e-05,3.974790948e-07
6,24.0,28.0,19,2316.869753,1.655917709e-05,3.982352822e-07
6,24.0,28.0,19,2318.905667,1.681025793e-05,3.88545521e-07
6,24.0,28.0,19,2320.94158,1.689014954e-05,3.697178312e-07
6,24.0,28.0,19,2322.977494,1.673624525e-05,3.901919571e-07
6,24.0,28.0,19,2325.013408,1.651293886e-05,4.244098156e-07
6,24.0,28.0,19,2327.049321,1.645599827e-05,4.145537709e-07
6,24.0,28.0,19,2329.085235,1.663057844e-05,3.815268549e-07
6,24.0,28.0,19,2331.121149,1.670181571e-05,3.751878885e-07
6,24.0,28.0,19,2333.157062,1.647160024e-05,3.507306609e-07
6,24.0,28.0,19,2335.192976,1.629276612e-05,3.728618084e-07
6,24.0,28.0,19,2337.22889,1.637920114e-05,4.091502997e-07
6,24.0,28.0,19,2339.264803,1.64416489e-05,4.024497744e-07
6,24.0,28.0,19,2341.300717,1.634455601e-05,4.134858607e-07
6,24.0,28.0,19,2343.336631,1.638968302e-05,4.35196033e-07
6,24.0,28.0,19,2345.372544,1.662763143e-05,4.516642064e-07
6,24.0,28.0,19,2347.408458,1.675632217e-05,4.291034058e-07
6,24.0,28.0,19,2349.444372,1.662914249e-05,3.690832381e-07
6,24.0,28.0,19,2351.480285,1.653622477e-05,3.383249845e-07
6,24.0,28.0,19,2353.516199,1.663822341e-05,3.589788535e-07
6,24.0,28.0,19,2355.552113,1.660825793e-05,3.515603912e-07
6,24.0,28.0,19,2357.588026,1.635584112e-05,3.401852531e-07
6,24.0,28.0,19,2359.62394,1.616018354e-05,3.596048221e-07
6,24.0,28.0,19,2361.659854,1.606089672e-05,3.649077949e-07
6,24.0,28.0,19,2363.695767,1.597205306e-05,3.681503678e-07
6,24.0,28.0,19,2365.731681,1.594801757e-05,3.783633023e-07
6,24.0,28.0,19,2367.767595,1.605233562e-05,4.025941281e-07
6,24.0,28.0,19,2369.803508,1.623193087e-05,4.30849615e-07
6,24.0,28.0,19,2371.839422,1.625838805e-05,4.03629329e-07
6,24.0,28.0,19,2373.875336,1.603755403e-05,3.786091819e-07
6,24.0,28.0,19,2375.911249,1.579350111e-05,3.856783605e-07
6,24.0,28.0,19,2377.947163,1.572362499e-05,4.017082248e-07
6,24.0,28.0,19,2379.983077,1.576840699e-05,4.265474004e-07
6,24.0,28.0,19,2382.01899,1.579208939e-05,4.203884075e-07
6,24.0,28.0,19,2384.054904,1.577451207e-05,3.846278164e-07
6,24.0,28.0,19,2386.090818,1.576261629e-05,3.578336423e-07
6,24.0,28.0,19,2388.126731,1.569460752e-05,3.430423525e-07
6,24.0,28.0,19,2390.162645,1.553772165e-05,3.348686171e-07
6,24.0,28.0,19,2392.198559,1.550432131e-05,2.996710027e-07
6,24.0,28.0,19,2394.234472,1.562792717e-05,2.960568424e-07
6,24.0,28.0,19,2396.270386,1.568434821e-05,3.238482655e-07
6,24.0,28.0,19,2398.3063,1.57223496e-05,3.508915129e-07
6,24.0,28.0,19,2400.342213,1.594498527e-05,3.531205183e-07
6,24.0,28.0,19,2402.378127,1.612390331e-05,3.434441207e-07
6,24.0,28.0,19,2404.414041,1.602028568e-05,3.521018224e-07
6,24.0,28.0,19,2406.449954,1.583044106e-05,3.634962002e-07
6,24.0,28.0,19,2408.485868,1.573934187e-05,3.738441861e-07
6,24.0,28.0,19,2410.521782,1.57473779e-05,3.473956663e-07
6,24.0,28.0,19,2412.557695,1.583620536e-05,3.466195835e-07
6,24.0,28.0,19,2414.593609,1.587734226e-05,3.394071682e-07
6,24.0,28.0,19,2416.629523,1.572992585e-05,3.154330883e-07
6,24.0,28.0,19,2418.665436,1.562996056e-05,3.100662162e-07
6,24.0,28.0,19,2420.70135,1.563898771e-05,3.252398152e-07
6,24.0,28.0,19,2422.737264,1.545902061e-05,3.399320507e-07
6,24.0,28.0,19,2424.773177,1.514670514e-05,3.324225082e-07
6,24.0,28.0,19,2426.809091,1.505714934e-05,3.309983637e-07
6,24.0,28.0,19,2428.845005,1.517788776e-05,3.301972189e-07
6,24.0,28.0,19,2430.880918,1.528113172e-05,3.386549931e-07
6,24.0,28.0,19,2432.916832,1.529667314e-05,3.5005251e-07
6,24.0,28.0,19,2434.952746,1.525489534e-05,3.530877428e-07
6,24.0,28.0,19,2436.988659,1.538551573e-05,3.303945163e-07
6,24.0,28.0,19,2439.024573,1.562530903e-05,3.316189649e-07
6,24.0,28.0,19,2441.060487,1.569841507e-05,3.397061208e-07
6,24.0,28.0,19,2443.0964,1.564845765e-05,3.214458384e-07
6,24.0,28.0,19,2445.132314,1.555121171e-05,3.176272085e-07
6,24.0,28.0,19,2447.168228,1.54045472e-05,3.593172615e-07
6,24.0,28.0,19,2449.204141,1.542490771e-05,3.730729362e-07
6,24.0,28.0,19,2451.240055,1.559438976e-05,3.53125734e-07
6,24.0,28.0,19,2453.275969,1.555935465e-05,3.388126236e-07
6,24.0,28.0,19,2455.311882,1.533712365e-05,3.286002076e-07
6,24.0,28.0,19,2457.347796,1.523734414e-05,3.105999235e-07
6,24.0,28.0,19,2459.38371,1.526319001e-05,3.342708766e-07
6,24.0,28.0,19,2461.419623,1.532462523e-05,3.699716721e-07
6,24.0,28.0,19,2463.455537,1.552596643e-05,3.539624616e-07
6,24.0,28.0,19,2465.491451,1.578573137e-05,3.131379669e-07
6,24.0,28.0,19,2467.527364,1.589966911e-05,3.044331195e-07
6,24.0,28.0,19,2469.563278,1.584691204e-05,2.998043115e-07
6,24.0,28.0,19,2471.599192,1.575457621e-05,3.03627985e-07
6,24.0,28.0,19,2473.635105,1.576182311e-05,3.208078773e-07
6,24.0,28.0,19,2475.671019,1.584134151e-05,3.209191319e-07
6,24.0,28.0,19,2477.706933,1.593380161e-05,3.196243582e-07
6,24.0,28.0,19,2479.742846,1.603293852e-05,3.084063928e-07
6,24.0,28.0,19,2481.77876,1.594669993e-05,3.220578283e-07
6,24.0,28.0,19,2483.814674,1.569817439e-05,3.336672354e-07
6,24.0,28.0,19,2485.850587,1.558413472e-05,3.199513432e-07
6,24.0,28.0,19,2487.886501,1.56476634e-05,3.3220504e-07
6,24.0,28.0,19,2489.922415,1.578281e-05,3.782402715e-07
6,24.0,28.0,19,2491.958328,1.593702032e-05,4.099865826e-07
6,24.0,28.0,19,2493.994242,1.595377494e-05,3.986690399e-07
6,24.0,28.0,19,2496.030156,1.572373856e-05,3.650231314e-07
6,24.0,28.0,19,2498.066069,1.54953947e-05,3.581048135e-07
6,24.0,28.0,19,2500.101983,1.54278651e-05,3.618811377e-07
6,24.0,28.0,19,2502.137897,1.532448086e-05,3.291386075e-07
6,24.0,28.0,19,2504.17381,1.517926014e-05,3.053421137e-07
6,24.0,28.0,19,2506.209724,1.521546998e-05,3.301994182e-07
6,24.0,28.0,19,2508.245638,1.542074714e-05,3.458108741e-07
6,24.0,28.0,19,2510.281551,1.55668496e-05,3.439424487e-07
6,24.0,28.0,19,2512.317465,1.555352229e-05,3.411905656e-07
6,24.0,28.0,19,2514.353379,1.543627569e-05,3.200288338e-07
6,24.0,28.0,19,2516.389292,1.529534449e-05,3.199565883e-07
6,24.0,28.0,19,2518.425206,1.532192836e-05,3.333585147e-07
6,24.0,28.0,19,2520.46112,1.553334363e-05,3.433857394e-07
6,24.0,28.0,19,2522.497033,1.57343222e-05,3.501805988e-07
6,24.0,28.0,19,2524.532947,1.592914448e-05,3.4903023e-07
6,24.0,28.0,19,2526.568861,1.609580452e-05,3.73166544e-07
6,24.0,28.0,19,2528.604774,1.606845305e-05,3.69681997e-07
6,24.0,28.0,19,2530.640688,1.583799535e-05,3.410586348e-07
6,24.0,28.0,19,2532.676602,1.567528032e-05,3.038049238e-07
6,24.0,28.0,19,2534.712515,1.572845987e-05,2.665357011e-07
6,24.0,28.0,19,2536.748429,1.578785942e-05,2.501150151e-07
6,24.0,28.0,19,2538.784343,1.582528378e-05,2.916163078e-07
6,24.0,28.0,19,2540.820256,1.59972577e-05,3.370309581e-07
6,24.0,28.0,19,2542.85617,1.621062785e-05,3.144723659e-07
6,24.0,28.0,19,2544.892084,1.624836454e-05,3.04205701e-07
6,24.0,28.0,19,2546.927997,1.610488468e-05,3.123711732e-07
6,24.0,28.0,19,2548.963911,1.597516361e-05,3.045557379e-07
6,24.0,28.0,19,2550.999825,1.596755658e-05,3.199618322e-07
6,24.0,28.0,19,2553.035738,1.59807166e-05,3.329583778e-07
6,24.0,28.0,19,2555.071652,1.589261622e-05,3.352194225e-07
6,24.0,28.0,19,2557.107566,1.578091441e-05,3.557134585e-07
6,24.0,28.0,19,2559.143479,1.586685296e-05,3.331977059e-07
6,24.0,28.0,19,2561.179393,1.614248824e-05,3.313579035e-07
6,24.0,28.0,19,2563.215307,1.621110994e-05,3.729486792e-07
6,24.0,28.0,19,2565.25122,1.590234224e-05,3.857108464e-07
6,24.0,28.0,19,2567.287134,1.565912948e-05,3.599164331e-07
6,24.0,28.0,19,2569.323048,1.571228997e-05,3.424301001e-07
6,24.0,28.0,19,2571.358961,1.586421039e-05,3.469319924e-07
6,24.0,28.0,19,2573.394875,1.599375216e-05,3.558113906e-07
6,24.0,28.0,19,2575.430789,1.598408642e-05,2.952939534e-07
6,24.0,28.0,19,2577.466702,1.590342572e-05,2.441791229e-07
6,24.0,28.0,19,2579.502616,1.586686489e-05,2.985583345e-07
6,24.0,28.0,19,2581.53853,1.576154943e-05,3.319790615e-07
6,24.0,28.0,19,2583.574443,1.566885853e-05,3.028000992e-07
6,24.0,28.0,19,2585.610357,1.577965851e-05,3.00088438e-07
6,24.0,28.0,19,2587.646271,1.601574084e-05,3.151742584e-07
6,24.0,28.0,19,2589.682184,1.623351495e-05,3.261752498e-07
6,24.0,28.0,19,2591.718098,1.635567834e-05,3.648672285e-07
6,24.0,28.0,19,2593.754012,1.625052732e-05,3.587346989e-07
6,24.0,28.0,19,2595.789925,1.594753102e-05,3.042063027e-07
6,24.0,28.0,19,2597.825839,1.577395432e-05,2.713879397e-07
6,24.0,28.0,19,2599.861753,1.600213169e-05,2.570853043e-07
6,24.0,28.0,19,2601.897666,1.638745519e-05,2.706314116e-07
6,24.0,28.0,19,2603.93358,1.655493301e-05,3.133800502e-07
6,24.0,28.0,19,2605.969494,1.652386054e-05,3.435328534e-07
6,24.0,28.0,19,2608.005407,1.632258735e-05,3.337324925e-07
6,24.0,28.0,19,2610.041321,1.603900282e-05,3.013209408e-07
6,24.0,28.0,19,2612.077235,1.591826587e-05,2.885777977e-07
6,24.0,28.0,19,2614.113148,1.607965523e-05,3.044764788e-07
6,24.0,28.0,19,2616.149062,1.639780935e-05,3.318047266e-07
6,24.0,28.0,19,2618.184976,1.653123781e-05,3.384593466e-07
6,24.0,28.0,19,2620.220889,1.644756286e-05,3.107328824e-07
6,24.0,28.0,19,2622.256803,1.65295387e-05,2.822244171e-07
6,24.0,28.0,19,2624.292717,1.679570568e-05,3.258974397e-07
6,24.0,28.0,19,2626.32863,1.676743151e-05,3.71179194e-07
6,24.0,28.0,19,2628.364544,1.6618988e-05,3.694141127e-07
6,24.0,28.0,19,2630.400458,1.677620684e-05,3.752445537e-07
6,24.0,28.0,19,2632.436371,1.692580015e-05,3.688820372e-07
6,24.0,28.0,19,2634.472285,1.692937691e-05,3.556895643e-07
6,24.0,28.0,19,2636.508199,1.694967072e-05,3.586146785e-07
6,24.0,28.0,19,2638.544112,1.680888135e-05,3.536049132e-07
6,24.0,28.0,19,2640.580026,1.658214097e-05,3.687075007e-07
6,24.0,28.0,19,2642.61594,1.669944348e-05,3.765556803e-07
6,24.0,28.0,19,2644.651853,1.70499831e-05,3.376975687e-07
6,24.0,28.0,19,2646.687767,1.723719848e-05,3.486952277e-07
6,24.0,28.0,19,2648.723681,1.732798152e-05,4.309211297e-07
6,24.0,28.0,19,2650.759594,1.740527752e-05,4.900243442e-07
6,24.0,28.0,19,2652.795508,1.740539322e-05,5.089387088e-07
6,24.0,28.0,19,2654.831422,1.754597332e-05,4.717202689e-07
6,24.0,28.0,19,2656.867335,1.777268603e-05,4.358142103e-07
6,24.0,28.0,19,2658.903249,1.782004443e-05,4.192579388e-07
6,24.0,28.0,19,2660.939163,1.772788231e-05,4.033681978e-07
6,24.0,28.0,19,2662.975076,1.766062997e-05,3.873941679e-07
6,24.0,28.0,19,2665.01099,1.768667234e-05,3.807835544e-07
6,24.0,28.0,19,2667.046904,1.785656222e-05,4.085937711e-07
6,24.0,28.0,19,2669.082817,1.823108992e-05,4.70965525e-07
6,24.0,28.0,19,2671.118731,1.859748193e-05,5.213797864e-07
6,24.0,28.0,19,2673.154645,1.86145817e-05,5.415591053e-07
6,24.0,28.0,19,2675.190558,1.838130017e-05,5.202584319e-07
6,24.0,28.0,19,2677.226472,1.830351209e-05,4.438134619e-07
6,24.0,28.0,19,2679.262386,1.8475588e-05,3.953156543e-07
6,24.0,28.0,19,2681.298299,1.869549156e-05,4.030340141e-07
6,24.0,28.0,19,2683.334213,1.889465641e-05,4.905989472e-07
6,24.0,28.0,19,2685.370127,1.915154859e-05,6.053508742e-07
6,24.0,28.0,19,2687.40604,1.93680154e-05,6.487270506e-07
6,24.0,28.0,19,2689.441954,1.962170391e-05,6.575143253e-07
6,24.0,28.0,19,2691.477868,2.009071159e-05,6.501928489e-07
6,24.0,28.0,19,2693.513781,2.043697167e-05,6.927313447e-07
6,24.0,28.0,19,2695.549695,2.04640059e-05,6.837633614e-07
6,24.0,28.0,19,2697.585609,2.043144203e-05,6.797762598e-07
6,24.0,28.0,19,2699.621522,2.055552417e-05,7.756222957e-07
6,24.0,28.0,19,2701.657436,2.096708461e-05,9.168076498e-07
6,24.0,28.0,19,2703.69335,2.145926626e-05,9.769537424e-07
6,24.0,28.0,19,2705.729263,2.166092571e-05,9.241592539e-07
6,24.0,28.0,19,2707.765177,2.152157779e-05,8.218486913e-07
6,24.0,28.0,19,2709.801091,2.126551509e-05,7.523240252e-07
6,24.0,28.0,19,2711.837004,2.120993842e-05,7.59682297e-07
6,24.0,28.0,19,2713.872918,2.140148646e-05,7.385150876e-07
6,24.0,28.0,19,2715.908832,2.145514779e-05,6.535892077e-07
6,24.0,28.0,19,2717.944745,2.119532108e-05,6.127943169e-07
6,24.0,28.0,19,2719.980659,2.097737621e-05,6.71182654e-07
6,24.0,28.0,19,2722.016573,2.102163358e-05,7.928781887e-07
6,24.0,28.0,19,2724.052486,2.13275628e-05,8.552216158e-07
6,24.0,28.0,19,2726.0884,2.195875688e-05,9.108077059e-07
6,24.0,28.0,19,2728.124314,2.27473607e-05,1.016719955e-06
6,24.0,28.0,19,2730.160227,2.331251891e-05,1.143324656e-06
6,24.0,28.0,19,2732.196141,2.361343454e-05,1.220965022e-06
6,24.0,28.0,19,2734.232055,2.363002765e-05,1.175941782e-06
6,24.0,28.0,19,2736.267968,2.346401924e-05,1.147760632e-06
6,24.0,28.0,19,2738.303882,2.356715415e-05,1.219556419e-06
6,24.0,28.0,19,2740.339796,2.400916093e-05,1.221933743e-06
6,24.0,28.0,19,2742.375709,2.442269898e-05,1.132426972e-06
6,24.0,28.0,19,2744.411623,2.44491767e-05,1.146667466e-06
6,24.0,28.0,19,2746.447537,2.440646753e-05,1.363539072e-06
6,24.0,28.0,19,2748.48345,2.460113497e-05,1.506798248e-06
6,24.0,28.0,19,2750.519364,2.478845725e-05,1.341412295e-06
6,24.0,28.0,19,2752.555278,2.519832994e-05,1.071153069e-06
6,24.0,28.0,19,2754.591191,2.587568117e-05,9.776560185e-07
6,24.0,28.0,19,2756.627105,2.602360851e-05,9.642975996e-07
6,24.0,28.0,19,2758.663019,2.541935043e-05,9.16197039e-07
6,24.0,28.0,19,2760.698932,2.496806315e-05,8.219560932e-07
6,24.0,28.0,19,2762.734846,2.533803687e-05,7.396237824e-07
6,24.0,28.0,19,2764.77076,2.629246233e-05,7.802129136e-07
6,24.0,28.0,19,2766.806673,2.759309861e-05,8.257699064e-07
6,24.0,28.0,19,2768.842587,2.848779877e-05,8.89216963e-07
6,24.0,28.0,19,2770.878501,2.844601409e-05,9.45773284e-07
6,24.0,28.0,19,2772.914414,2.843910157e-05,1.018673788e-06
6,24.0,28.0,19,2774.950328,2.913856241e-05,1.109936383e-06
6,24.0,28.0,19,2776.986242,2.980986103e-05,1.156926145e-06
6,24.0,28.0,19,2779.022155,2.971608596e-05,1.107159694e-06
6,24.0,28.0,19,2781.058069,2.915917751e-05,1.06286717e-06
6,24.0,28.0,19,2783.093983,2.901805155e-05,1.074180556e-06
6,24.0,28.0,19,2785.129896,2.966817077e-05,1.070794077e-06
6,24.0,28.0,19,2787.16581,3.031868848e-05,9.762423343e-07
6,24.0,28.0,19,2789.201724,3.066276078e-05,9.64375294e-07
6,24.0,28.0,19,2791.237637,3.129104662e-05,1.028755549e-06
6,24.0,28.0,19,2793.273551,3.200867111e-05,1.028028962e-06
6,24.0,28.0,19,2795.309465,3.243309249e-05,1.09037022e-06
6,24.0,28.0,19,2797.345378,3.26097671e-05,1.212017664e-06
6,24.0,28.0,19,2799.381292,3.254336491e-05,1.272525535e-06
6,24.0,28.0,19,2801.417206,3.290765168e-05,1.224770184e-06
6,24.0,28.0,19,2803.453119,3.448360247e-05,1.226873062e-06
6,24.0,28.0,19,2805.489033,3.616080808e-05,1.36851903e-06
6,24.0,28.0,19,2807.524947,3.676327792e-05,1.474793506e-06
6,24.0,28.0,19,2809.56086,3.669186848e-05,1.436153577e-06
6,24.0,28.0,19,2811.596774,3.651777483e-05,1.314337069e-06
6,24.0,28.0,19,2813.632688,3.637931647e-05,1.211504397e-06
6,24.0,28.0,19,2815.668601,3.641727933e-05,1.262814648e-06
6,24.0,28.0,19,2817.704515,3.679524202e-05,1.384794117e-06
6,24.0,28.0,19,2819.740429,3.748007277e-05,1.595911065e-06
6,24.0,28.0,19,2821.776342,3.848842794e-05,1.700994783e-06
6,24.0,28.0,19,2823.812256,4.00288939e-05,1.609408616e-06
6,24.0,28.0,19,2825.84817,4.177337654e-05,1.604953296e-06
6,24.0,28.0,19,2827.884083,4.259947397e-05,1.626712309e-06
6,24.0,28.0,19,2829.919997,4.244755357e-05,1.684569981e-06
6,24.0,28.0,19,2831.955911,4.231685175e-05,1.673179707e-06
6,24.0,28.0,19,2833.991824,4.308872525e-05,1.700212662e-06
6,24.0,28.0,19,2836.027738,4.523082948e-05,1.815098506e-06
6,24.0,28.0,19,2838.063652,4.731216553e-05,1.827401423e-06
6,24.0,28.0,19,2840.099565,4.790887555e-05,1.718120072e-06
6,24.0,28.0,19,2842.135479,4.783596278e-05,1.942222638e-06
6,24.0,28.0,19,2844.171393,4.804050348e-05,2.259060765e-06
6,24.0,28.0,19,2846.207306,4.888745347e-05,2.28034107e-06
6,24.0,28.0,19,2848.24322,5.046937718e-05,2.310372417e-06
6,24.0,28.0,19,2850.279134,5.238591481e-05,2.523898418e-06
6,24.0,28.0,19,2852.315047,5.439170403e-05,2.923365386e-06
6,24.0,28.0,19,2854.350961,5.58428367e-05,3.108097644e-06
6,24.0,28.0,19,2856.386875,5.591614079e-05,2.853014131e-06
6,24.0,28.0,19,2858.422788,5.573815263e-05,2.409044225e-06
6,24.0,28.0,19,2860.458702,5.676593027e-05,2.30073593e-06
6,24.0,28.0,19,2862.494616,5.801968915e-05,2.52867672e-06
6,24.0,28.0,19,2864.530529,5.844198642e-05,2.654195631e-06
6,24.0,28.0,19,2866.566443,5.820355388e-05,2.628167304e-06
6,24.0,28.0,19,2868.602357,5.771233921e-05,2.827183139e-06
6,24.0,28.0,19,2870.63827,5.771471354e-05,2.987586769e-06
6,24.0,28.0,19,2872.674184,5.824825894e-05,2.816566852e-06
6,24.0,28.0,19,2874.710098,5.971772324e-05,2.682552992e-06
6,24.0,28.0,19,2876.746011,6.169647089e-05,2.788288366e-06
6,24.0,28.0,19,2878.781925,6.228378566e-05,3.093297354e-06
6,24.0,28.0,19,2880.817839,6.265378097e-05,3.525594523e-06
6,24.0,28.0,19,2882.853752,6.450908794e-05,4.180406398e-06
6,24.0,28.0,19,2884.889666,6.749569591e-05,4.693901836e-06
6,24.0,28.0,19,2886.92558,7.029973588e-05,4.725390258e-06
6,24.0,28.0,19,2888.961493,7.107580225e-05,4.457670224e-06
6,24.0,28.0,19,2890.997407,7.117000415e-05,4.063203834e-06
6,24.0,28.0,19,2893.033321,7.243909746e-05,3.948451911e-06
6,24.0,28.0,19,2895.069234,7.389683243e-05,4.024835111e-06
6,24.0,28.0,19,2897.105148,7.40077768e-05,4.176445064e-06
6,24.0,28.0,19,2899.141062,7.327657577e-05,3.821264056e-06
6,24.0,28.0,19,2901.176975,7.374499321e-05,3.510084732e-06
6,24.0,28.0,19,2903.212889,7.554366248e-05,3.476622791e-06
6,24.0,28.0,19,2905.248803,7.823964397e-05,3.26418655e-06
6,24.0,28.0,19,2907.284716,8.143722235e-05,3.157782192e-06
6,24.0,28.0,19,2909.32063,8.320187746e-05,3.475249595e-06
6,24.0,28.0,19,2911.356544,8.32231364e-05,3.910925397e-06
6,24.0,28.0,19,2913.392457,8.390821018e-05,3.976210177e-06
6,24.0,28.0,19,2915.428371,8.610248899e-05,3.648453481e-06
6,24.0,28.0,19,2917.464285,8.86406621e-05,3.543866143e-06
6,24.0,28.0,19,2919.500198,9.167869587e-05,3.920438595e-06
6,24.0,28.0,19,2921.536112,9.585931015e-05,4.722864594e-06
6,24.0,28.0,19,2923.572026,9.90382628e-05,4.997422059e-06
6,24.0,28.0,19,2925.607939,9.892084687e-05,5.071799975e-06
6,24.0,28.0,19,2927.643853,9.785933937e-05,4.719261938e-06
6,24.0,28.0,19,2929.679767,9.745167283e-05,4.152753807e-06
6,24.0,28.0,19,2931.71568,9.555568641e-05,3.799072069e-06
6,24.0,28.0,19,2933.751594,9.261088386e-05,3.664209578e-06
6,24.0,28.0,19,2935.787508,9.163954883e-05,3.758828494e-06
6,24.0,28.0,19,2937.823421,9.401196268e-05,3.958217552e-06
6,24.0,28.0,19,2939.859335,9.849050483e-05,4.24650459e-06
6,24.0,28.0,19,2941.895249,0.0001031027022,4.616695993e-06
6,24.0,28.0,19,2943.931162,0.0001076186897,5.231757484e-06
6,24.0,28.0,19,2945.967076,0.000113033276,5.831342327e-06
6,24.0,28.0,19,2948.00299,0.0001167560646,6.275584302e-06
6,24.0,28.0,19,2950.038903,0.000116994288,6.891165377e-06
6,24.0,28.0,19,2952.074817,0.0001171912658,7.275819805e-06
6,24.0,28.0,19,2954.110731,0.0001193022151,6.697632201e-06
6,24.0,28.0,19,2956.146644,0.0001226207839,5.774322076e-06
6,24.0,28.0,19,2958.182558,0.000125373646,5.497215774e-06
6,24.0,28.0,19,2960.218472,0.0001265303339,5.649805669e-06
6,24.0,28.0,19,2962.254385,0.0001263865506,5.499364658e-06
6,24.0,28.0,19,2964.290299,0.0001266505633,5.5022751e-06
6,24.0,28.0,19,2966.326213,0.000128631441,5.842576157e-06
6,24.0,28.0,19,2968.362126,0.0001324732069,5.434124976e-06
6,24.0,28.0,19,2970.39804,0.0001368618341,4.778350743e-06
6,24.0,28.0,19,2972.433954,0.0001387190391,4.48937097e-06
6,24.0,28.0,19,2974.469867,0.0001385849301,4.655535373e-06
6,24.0,28.0,19,2976.505781,0.000139714505,5.159966666e-06
6,24.0,28.0,19,2978.541695,0.0001442208299,5.823057689e-06
6,24.0,28.0,19,2980.577608,0.00015146408,6.644995163e-06
6,24.0,28.0,19,2982.613522,0.0001555648613,6.879424293e-06
6,24.0,28.0,19,2984.649436,0.0001561273373,6.560990207e-06
6,24.0,28.0,19,2986.685349,0.0001568511716,6.981603567e-06
6,24.0,28.0,19,2988.721263,0.0001574945659,7.320122747e-06
6,24.0,28.0,19,2990.757177,0.000161531071,6.997411587e-06
6,24.0,28.0,19,2992.79309,0.0001695703823,7.052217804e-06
6,24.0,28.0,19,2994.829004,0.0001728897651,7.177758714e-06
6,24.0,28.0,19,2996.864918,0.0001730230696,7.309185539e-06
6,24.0,28.0,19,2998.900831,0.000179359092,7.26327375e-06
6,24.0,28.0,19,3000.936745,0.000187797305,7.702457002e-06
6,24.0,28.0,19,3002.972659,0.0001933092302,8.076401872e-06
6,24.0,28.0,19,3005.008572,0.0001964044703,8.24746711e-06
6,24.0,28.0,19,3007.044486,0.0001951418405,8.179246188e-06
6,24.0,28.0,19,3009.0804,0.0001920934747,8.094716475e-06
6,24.0,28.0,19,3011.116313,0.0001925596343,7.969208741e-06
6,24.0,28.0,19,3013.152227,0.0001985085971,8.532371482e-06
6,24.0,28.0,19,3015.188141,0.0002073804697,8.009346622e-06
6,24.0,28.0,19,3017.224054,0.0002151759001,7.124519219e-06
6,24.0,28.0,19,3019.259968,0.0002221949885,8.031452529e-06
6,24.0,28.0,19,3021.295882,0.0002249261167,8.541681796e-06
6,24.0,28.0,19,3023.331795,0.000216846104,8.070705587e-06
6,24.0,28.0,19,3025.367709,0.0002099143203,7.324756589e-06
6,24.0,28.0,19,3027.403623,0.0002167586522,7.601047224e-06
6,24.0,28.0,19,3029.439536,0.0002266014761,8.739894557e-06
6,24.0,28.0,19,3031.47545,0.0002317749037,1.038112705e-05
6,24.0,28.0,19,3033.511364,0.0002335606988,1.019995098e-05
6,24.0,28.0,19,3035.547277,0.0002368176656,9.515151598e-06
6,24.0,28.0,19,3037.583191,0.0002448860794,1.001557066e-05
6,24.0,28.0,19,3039.619105,0.0002526146565,1.019019548e-05
6,24.0,28.0,19,3041.655018,0.0002594337804,9.451629377e-06
6,24.0,28.0,19,3043.690932,0.0002695811181,9.01712653e-06
6,24.0,28.0,19,3045.726846,0.0002771925558,1.004287265e-05
6,24.0,28.0,19,3047.762759,0.0002768521252,1.052325676e-05
6,24.0,28.0,19,3049.798673,0.0002793413494,1.106580977e-05
6,24.0,28.0,19,3051.834587,0.000289251586,1.06666272e-05
6,24.0,28.0,19,3053.8705,0.0002946730638,9.846912023e-06
6,24.0,28.0,19,3055.906414,0.0002926096746,1.065521831e-05
6,24.0,28.0,19,3057.942328,0.0002931011246,1.094633115e-05
6,24.0,28.0,19,3059.978241,0.0002954338454,1.014680748e-05
6,24.0,28.0,19,3062.014155,0.0002922606446,9.974298718e-06
6,24.0,28.0,19,3064.050069,0.000290885146,1.029267871e-05
6,24.0,28.0,19,3066.085982,0.0002929646356,1.037087159e-05
6,24.0,28.0,19,3068.121896,0.0002931664782,1.1169585e-05
6,24.0,28.0,19,3070.15781,0.0003036870759,1.097218637e-05
6,24.0,28.0,19,3072.193723,0.0003255576564,1.119232086e-05
6,24.0,28.0,19,3074.229637,0.0003388678834,1.197268798e-05
6,24.0,28.0,19,3076.265551,0.0003352231646,1.119535108e-05
6,24.0,28.0,19,3078.301464,0.0003253323066,1.03929621e-05
6,24.0,28.0,19,3080.337378,0.0003223550169,9.66036502e-06
6,24.0,28.0,19,3082.373292,0.0003277112588,1.091622322e-05
6,24.0,28.0,19,3084.409205,0.0003366818281,1.272314661e-05
6,24.0,28.0,19,3086.445119,0.0003439012209,1.229351299e-05
6,24.0,28.0,19,3088.481033,0.000348890263,1.087674071e-05
6,24.0,28.0,19,3090.516946,0.0003591767725,1.055958659e-05
6,24.0,28.0,19,3092.55286,0.0003711126443,1.23034423e-05
6,24.0,28.0,19,3094.588774,0.0003741109584,1.32614346e-05
6,24.0,28.0,19,3096.624687,0.0003731102833,1.251793146e-05
6,24.0,28.0,19,3098.660601,0.0003767188452,1.259687722e-05
6,24.0,28.0,19,3100.696515,0.0003839483397,1.210619986e-05
6,24.0,28.0,19,3102.732428,0.0003912303905,1.164601127e-05
6,24.0,28.0,19,3104.768342,0.0003976980818,1.367400898e-05
6,24.0,28.0,19,3106.804256,0.0004010904641,1.431678696e-05
6,24.0,28.0,19,3108.840169,0.0004017411042,1.305484179e-05
6,24.0,28.0,19,3110.876083,0.0004022351632,1.290910028e-05
6,24.0,28.0,19,3112.911997,0.0004015851303,1.305207569e-05
6,24.0,28.0,19,3114.94791,0.0004021111936,1.319964959e-05
6,24.0,28.0,19,3116.983824,0.000408506385,1.25509787e-05
6,24.0,28.0,19,3119.019738,0.0004147678507,1.220457685e-05
6,24.0,28.0,19,3121.055651,0.0004086665231,1.249023563e-05
6,24.0,28.0,19,3123.091565,0.0003967777984,1.165459851e-05
6,24.0,28.0,19,3125.127479,0.0003987316044,1.238184443e-05
6,24.0,28.0,19,3127.163392,0.0004150328768,1.24743671e-05
6,24.0,28.0,19,3129.199306,0.0004331009951,1.231093871e-05
6,24.0,28.0,19,3131.23522,0.0004463604882,1.176475496e-05
6,24.0,28.0,19,3133.271133,0.0004497800532,1.147633058e-05
6,24.0,28.0,19,3135.307047,0.0004451071191,1.251572737e-05
6,24.0,28.0,19,3137.342961,0.0004448410731,1.366898592e-05
6,24.0,28.0,19,3139.378874,0.0004510965305,1.510850772e-05
6,24.0,28.0,19,3141.414788,0.0004546845272,1.49717359e-05
6,24.0,28.0,19,3143.450702,0.0004581368739,1.427448149e-05
6,24.0,28.0,19,3145.486615,0.0004660622041,1.555418313e-05
6,24.0,28.0,19,3147.522529,0.00047618948,1.581146183e-05
6,24.0,28.0,19,3149.558443,0.0004777790256,1.596400166e-05
6,24.0,28.0,19,3151.594356,0.0004676657949,1.440805183e-05
6,24.0,28.0,19,3153.63027,0.0004642302498,1.396460776e-05
6,24.0,28.0,19,3155.666184,0.0004694406823,1.516424861e-05
6,24.0,28.0,19,3157.702097,0.0004691098061,1.388699777e-05
6,24.0,28.0,19,3159.738011,0.000471077788,1.318038792e-05
6,24.0,28.0,19,3161.773925,0.0004852794772,1.581447786e-05
6,24.0,28.0,19,3163.809838,0.0004987296332,1.720677634e-05
6,24.0,28.0,19,3165.845752,0.0004962303201,1.540513853e-05
6,24.0,28.0,19,3167.881666,0.0004813999215,1.471430313e-05
6,24.0,28.0,19,3169.917579,0.0004701183338,1.508117395e-05
6,24.0,28.0,19,3171.953493,0.0004724306026,1.545230922e-05
6,24.0,28.0,19,3173.989407,0.0004852006949,1.5355252e-05
6,24.0,28.0,19,3176.02532,0.0005007249631,1.491850724e-05
6,24.0,28.0,19,3178.061234,0.0005141793751,1.437819506e-05
6,24.0,28.0,19,3180.097148,0.0005165568423,1.551785116e-05
6,24.0,28.0,19,3182.133061,0.0005062165519,1.689503258e-05
6,24.0,28.0,19,3184.168975,0.0005003964756,1.621323604e-05
6,24.0,28.0,19,3186.204889,0.0005077935323,1.563028071e-05
6,24.0,28.0,19,3188.240802,0.0005156892464,1.656737919e-05
6,24.0,28.0,19,3190.276716,0.0005209908178,1.582276784e-05
6,24.0,28.0,19,3192.31263,0.0005263994609,1.329912562e-05
6,24.0,28.0,19,3194.348543,0.0005221344181,1.24437903e-05
6,24.0,28.0,19,3196.384457,0.0005141640367,1.287284584e-05
6,24.0,28.0,19,3198.420371,0.0005145670482,1.370779354e-05
6,24.0,28.0,19,3200.456284,0.0005130483609,1.404578708e-05
6,24.0,28.0,19,3202.492198,0.000510916668,1.281818448e-05
6,24.0,28.0,19,3204.528112,0.0005187562579,1.277041827e-05
6,24.0,28.0,19,3206.564025,0.000527426552,1.358230192e-05
6,24.0,28.0,19,3208.599939,0.0005318744799,1.368512841e-05
6,24.0,28.0,19,3210.635853,0.0005330943354,1.475566446e-05
6,24.0,28.0,19,3212.671766,0.0005340135226,1.469548064e-05
6,24.0,28.0,19,3214.70768,0.0005436187706,1.356167015e-05
6,24.0,28.0,19,3216.743594,0.0005571657516,1.336239941e-05
6,24.0,28.0,19,3218.779507,0.0005638194592,1.42716763e-05
6,24.0,28.0,19,3220.815421,0.0005606438412,1.34485612e-05
6,24.0,28.0,19,3222.851335,0.0005532145057,1.34447357e-05
6,24.0,28.0,19,3224.887248,0.000555846756,1.591515502e-05
6,24.0,28.0,19,3226.923162,0.0005694029239,1.634973007e-05
6,24.0,28.0,19,3228.959076,0.0005791091502,1.567299179e-05
6,24.0,28.0,19,3230.994989,0.000579330517,1.700092259e-05
6,24.0,28.0,19,3233.030903,0.0005741719531,1.693855729e-05
6,24.0,28.0,19,3235.066817,0.0005728128579,1.627707009e-05
6,24.0,28.0,19,3237.10273,0.0005781367982,1.518177565e-05
6,24.0,28.0,19,3239.138644,0.00058072681,1.525621123e-05
6,24.0,28.0,19,3241.174558,0.0005883718534,1.660330062e-05
6,24.0,28.0,19,3243.210472,0.0006121895391,1.755832142e-05
6,24.0,28.0,19,3245.246385,0.0006300675464,1.969189953e-05
6,24.0,28.0,19,3247.282299,0.0006240478431,2.209954659e-05
6,24.0,28.0,19,3249.318213,0.0006038900287,2.023982855e-05
6,24.0,28.0,19,3251.354126,0.000584531879,1.790250911e-05
6,24.0,28.0,19,3253.39004,0.0005829411955,1.645234943e-05
6,24.0,28.0,19,3255.425954,0.0005959593201,1.503901285e-05
6,24.0,28.0,19,3257.461867,0.0005963859045,1.385532251e-05
6,24.0,28.0,19,3259.497781,0.0005885569654,1.396703949e-05
6,24.0,28.0,19,3261.533695,0.0005868666953,1.502062416e-05
6,24.0,28.0,19,3263.569608,0.0005871279207,1.661126215e-05
6,24.0,28.0,19,3265.605522,0.0005949402472,1.875706265e-05
6,24.0,28.0,19,3267.641436,0.0006029947354,1.981248497e-05
6,24.0,28.0,19,3269.677349,0.0005995868217,2.004697295e-05
6,24.0,28.0,19,3271.713263,0.0005943054212,1.816632701e-05
6,24.0,28.0,19,3273.749177,0.0005963355545,1.729515175e-05
6,24.0,28.0,19,3275.78509,0.0006096890804,1.737750992e-05
6,24.0,28.0,19,3277.821004,0.000625568734,1.745751534e-05
6,24.0,28.0,19,3279.856918,0.0006274309348,1.720538409e-05
6,24.0,28.0,19,3281.892831,0.0006184187161,1.49333765e-05
6,24.0,28.0,19,3283.928745,0.0006182355236,1.424657853e-05
6,24.0,28.0,19,3285.964659,0.0006366188431,1.659887278e-05
6,24.0,28.0,19,3288.000572,0.0006525836098,1.617286066e-05
6,24.0,28.0,19,3290.036486,0.0006555289599,1.483095158e-05
6,24.0,28.0,19,3292.0724,0.0006578381651,1.524485296e-05
6,24.0,28.0,19,3294.108313,0.0006568755877,1.77421238e-05
6,24.0,28.0,19,3296.144227,0.0006547932159,1.755081902e-05
6,24.0,28.0,19,3298.180141,0.0006606798471,1.67763338e-05
6,24.0,28.0,19,3300.216054,0.0006663605983,1.689519211e-05
6,24.0,28.0,19,3302.251968,0.0006686566955,1.509165442e-05
6,24.0,28.0,19,3304.287882,0.0006673268028,1.568696356e-05
6,24.0,28.0,19,3306.323795,0.000659301193,1.931689559e-05
6,24.0,28.0,19,3308.359709,0.0006518332357,2.037045277e-05
6,24.0,28.0,19,3310.395623,0.0006448205384,1.811463324e-05
6,24.0,28.0,19,3312.431536,0.0006342839197,1.549182802e-05
6,24.0,28.0,19,3314.46745,0.000623837631,1.346962766e-05
6,24.0,28.0,19,3316.503364,0.0006167138642,1.380602381e-05
6,24.0,28.0,19,3318.539277,0.0006237601858,1.674520327e-05
6,24.0,28.0,19,3320.575191,0.0006456662087,2.038777574e-05
6,24.0,28.0,19,3322.611105,0.0006671047699,2.137259388e-05
6,24.0,28.0,19,3324.647018,0.0006839078188,1.820959362e-05
6,24.0,28.0,19,3326.682932,0.0006932252195,1.723623116e-05
6,24.0,28.0,19,3328.718846,0.0006875978365,1.98080806e-05
6,24.0,28.0,19,3330.754759,0.000669042457,2.160022231e-05
6,24.0,28.0,19,3332.790673,0.0006549329076,2.202270699e-05
6,24.0,28.0,19,3334.826587,0.0006601637401,2.095403073e-05
6,24.0,28.0,19,3336.8625,0.0006762743766,1.982231476e-05
6,24.0,28.0,19,3338.898414,0.0006917147474,1.85463749e-05
6,24.0,28.0,19,3340.934328,0.0007010047875,1.845047892e-05
6,24.0,28.0,19,3342.970241,0.0006921716982,1.989789528e-05
6,24.0,28.0,19,3345.006155,0.0006745983083,2.011338969e-05
6,24.0,28.0,19,3347.042069,0.0006705990648,1.964209043e-05
6,24.0,28.0,19,3349.077982,0.0006754213454,1.937804349e-05
6,24.0,28.0,19,3351.113896,0.0006790764576,1.944717839e-05
6,24.0,28.0,19,3353.14981,0.0006877375091,1.949794447e-05
6,24.0,28.0,19,3355.185723,0.0006973169535,1.966964989e-05
6,24.0,28.0,19,3357.221637,0.0006952484842,1.926197601e-05
6,24.0,28.0,19,3359.257551,0.0006823467436,1.794984781e-05
6,24.0,28.0,19,3361.293464,0.0006682860147,1.778348632e-05
6,24.0,28.0,19,3363.329378,0.0006613671458,1.841663688e-05
6,24.0,28.0,19,3365.365292,0.0006588671454,1.906702615e-05
6,24.0,28.0,19,3367.401205,0.0006523589771,1.974483892e-05
6,24.0,28.0,19,3369.437119,0.0006514617362,2.090307933e-05
6,24.0,28.0,19,3371.473033,0.0006562274499,1.86989215e-05
6,24.0,28.0,19,3373.508946,0.0006499662591,1.648876152e-05
6,24.0,28.0,19,3375.54486,0.000635107632,2.084984149e-05
6,24.0,28.0,19,3377.580774,0.0006239852193,2.141488965e-05
6,24.0,28.0,19,3379.616687,0.000623390741,1.862204962e-05
6,24.0,28.0,19,3381.652601,0.0006230018808,1.711345783e-05
6,24.0,28.0,19,3383.688515,0.0006207781033,1.674713036e-05
6,24.0,28.0,19,3385.724428,0.0006264510775,1.953589664e-05
6,24.0,28.0,19,3387.760342,0.000627619571,1.978912899e-05
6,24.0,28.0,19,3389.796256,0.0006211166991,1.666330862e-05
6,24.0,28.0,19,3391.832169,0.0006157409031,1.724385682e-05
6,24.0,28.0,19,3393.868083,0.0006096576239,1.874468172e-05
6,24.0,28.0,19,3395.903997,0.00060477595,1.870548971e-05
6,24.0,28.0,19,3397.93991,0.0005954566806,1.775725117e-05
6,24.0,28.0,19,3399.975824,0.0005815555585,1.796382901e-05
6,24.0,28.0,19,3402.011738,0.0005790906196,1.868808442e-05
6,24.0,28.0,19,3404.047651,0.0005837195276,1.821815396e-05
6,24.0,28.0,19,3406.083565,0.0005716133993,1.658348177e-05
6,24.0,28.0,19,3408.119479,0.0005537643662,1.582217592e-05
6,24.0,28.0,19,3410.155392,0.0005569677612,1.715216872e-05
6,24.0,28.0,19,3412.191306,0.0005631550958,1.860952293e-05
6,24.0,28.0,19,3414.22722,0.00054827809,1.649973085e-05
6,24.0,28.0,19,3416.263133,0.0005252663835,1.486829265e-05
6,24.0,28.0,19,3418.299047,0.0005142730339,1.547785423e-05
6,24.0,28.0,19,3420.334961,0.0005119012846,1.726303968e-05
6,24.0,28.0,19,3422.370874,0.0005143805303,1.564421888e-05
6,24.0,28.0,19,3424.406788,0.000524502079,1.45618285e-05
6,24.0,28.0,19,3426.442702,0.000527948757,1.516134188e-05
6,24.0,28.0,19,3428.478615,0.0005139742447,1.412947689e-05
6,24.0,28.0,19,3430.514529,0.0004916795237,1.299604897e-05
6,24.0,28.0,19,3432.550443,0.000470692119,1.269798338e-05
6,24.0,28.0,19,3434.586356,0.0004524413203,1.377028688e-05
6,24.0,28.0,19,3436.62227,0.0004393595267,1.510451811e-05
6,24.0,28.0,19,3438.658184,0.0004363762498,1.527505878e-05
6,24.0,28.0,19,3440.694097,0.0004353050881,1.534376669e-05
6,24.0,28.0,19,3442.730011,0.0004314374254,1.629533897e-05
6,24.0,28.0,19,3444.765925,0.0004294583862,1.646171938e-05
6,24.0,28.0,19,3446.801838,0.0004247679787,1.618612992e-05
6,24.0,28.0,19,3448.837752,0.0004146307437,1.470961204e-05
6,24.0,28.0,19,3450.873666,0.0004046704693,1.512107999e-05
6,24.0,28.0,19,3452.909579,0.0003973312923,1.607750842e-05
6,24.0,28.0,19,3454.945493,0.0003926504931,1.530426447e-05
6,24.0,28.0,19,3456.981407,0.0003889537437,1.37346463e-05
6,24.0,28.0,19,3459.01732,0.0003815035851,1.238771215e-05
6,24.0,28.0,19,3461.053234,0.0003731193142,1.293170362e-05
6,24.0,28.0,19,3463.089148,0.0003673889935,1.293596489e-05
6,24.0,28.0,19,3465.125061,0.0003636887164,1.202475672e-05
6,24.0,28.0,19,3467.160975,0.0003641479687,1.10955584e-05
6,24.0,28.0,19,3469.196889,0.0003639258215,1.219788778e-05
6,24.0,28.0,19,3471.232802,0.0003545241979,1.296979266e-05
6,24.0,28.0,19,3473.268716,0.0003415859603,1.209246491e-05
6,24.0,28.0,19,3475.30463,0.0003328097767,1.180958483e-05
6,24.0,28.0,19,3477.340543,0.0003271246709,1.189572529e-05
6,24.0,28.0,19,3479.376457,0.0003221974026,1.245562478e-05
6,24.0,28.0,19,3481.412371,0.0003123679542,1.169063795e-05
6,24.0,28.0,19,3483.448284,0.0003017882068,1.026669115e-05
6,24.0,28.0,19,3485.484198,0.0003033452273,1.060355395e-05
6,24.0,28.0,19,3487.520112,0.0003079468103,1.186227682e-05
6,24.0,28.0,19,3489.556025,0.0002991900914,1.235746272e-05
6,24.0,28.0,19,3491.591939,0.0002864743039,1.123902313e-05
6,24.0,28.0,19,3493.627853,0.0002791484761,1.046213687e-05
6,24.0,28.0,19,3495.663766,0.0002701864333,9.662964431e-06
6,24.0,28.0,19,3497.69968,0.0002605769067,9.881317045e-06
6,24.0,28.0,19,3499.735594,0.0002582144672,1.078963762e-05
6,24.0,28.0,19,3501.771507,0.0002604124837,1.108559661e-05
6,24.0,28.0,19,3503.807421,0.0002615181386,1.149047231e-05
6,24.0,28.0,19,3505.843335,0.0002595200994,1.195795344e-05
6,24.0,28.0,19,3507.879248,0.0002538542282,1.146782411e-05
6,24.0,28.0,19,3509.915162,0.0002485945002,1.082871651e-05
6,24.0,28.0,19,3511.951076,0.0002464261978,1.027648327e-05
6,24.0,28.0,19,3513.986989,0.0002444363174,9.750634396e-06
6,24.0,28.0,19,3516.022903,0.0002394887651,9.389506189e-06
6,24.0,28.0,19,3518.058817,0.0002283397881,8.961480543e-06
6,24.0,28.0,19,3520.09473,0.0002135309263,9.166380866e-06
6,24.0,28.0,19,3522.130644,0.0002048075102,8.923281444e-06
6,24.0,28.0,19,3524.166558,0.0002038904639,9.275432157e-06
6,24.0,28.0,19,3526.202471,0.0002009587645,9.032653169e-06
6,24.0,28.0,19,3528.238385,0.0001931352732,7.992019021e-06
6,24.0,28.0,19,3530.274299,0.0001888717527,7.481028872e-06
6,24.0,28.0,19,3532.310212,0.0001901922236,7.591385866e-06
6,24.0,28.0,19,3534.346126,0.0001939754582,8.365645763e-06
6,24.0,28.0,19,3536.38204,0.0001972567698,8.747508e-06
6,24.0,28.0,19,3538.417953,0.0001972174009,8.456827736e-06
6,24.0,28.0,19,3540.453867,0.0001945006169,8.906516651e-06
6,24.0,28.0,19,3542.489781,0.0001900082502,9.234134793e-06
6,24.0,28.0,19,3544.525694,0.0001823492234,8.774663435e-06
6,24.0,28.0,19,3546.561608,0.0001739495969,8.292446216e-06
6,24.0,28.0,19,3548.597522,0.0001696766096,7.896917855e-06
6,24.0,28.0,19,3550.633435,0.0001699708732,7.759447097e-06
6,24.0,28.0,19,3552.669349,0.0001710788131,7.79460401e-06
6,24.0,28.0,19,3554.705263,0.0001696237875,7.735136893e-06
6,24.0,28.0,19,3556.741176,0.0001671154276,7.752161801e-06
6,24.0,28.0,19,3558.77709,0.0001649711892,8.567865633e-06
6,24.0,28.0,19,3560.813004,0.0001600561855,9.747926928e-06
6,24.0,28.0,19,3562.848917,0.0001520277171,9.526448028e-06
6,24.0,28.0,19,3564.884831,0.0001462627339,8.175128222e-06
6,24.0,28.0,19,3566.920745,0.0001447079018,7.5050873e-06
6,24.0,28.0,19,3568.956658,0.0001434494927,7.63619406e-06
6,24.0,28.0,19,3570.992572,0.0001419445369,7.98670978e-06
6,24.0,28.0,19,3573.028486,0.000141308733,8.889745467e-06
6,24.0,28.0,19,3575.064399,0.0001390895589,9.754420084e-06
6,24.0,28.0,19,3577.100313,0.0001357017118,9.995123672e-06
6,24.0,28.0,19,3579.136227,0.0001336117208,9.283277983e-06
6,24.0,28.0,19,3581.17214,0.0001297149462,8.305903982e-06
6,24.0,28.0,19,3583.208054,0.0001230202017,7.393647203e-06
6,24.0,28.0,19,3585.243968,0.0001171985555,6.406386094e-06
6,24.0,28.0,19,3587.279881,0.0001143196573,5.994424037e-06
6,24.0,28.0,19,3589.315795,0.0001159572056,6.730938676e-06
6,24.0,28.0,19,3591.351709,0.0001206366372,8.087815098e-06
6,24.0,28.0,19,3593.387622,0.0001238649242,8.979502116e-06
6,24.0,28.0,19,3595.423536,0.000122193374,8.910744082e-06
6,24.0,28.0,19,3597.45945,0.0001173433159,8.344309681e-06
6,24.0,28.0,19,3599.495363,0.0001140783746,8.118329402e-06
6,24.0,28.0,19,3601.531277,0.0001130184143,8.244358978e-06
6,24.0,28.0,19,3603.567191,0.0001126033033,8.556961402e-06
6,24.0,28.0,19,3605.603104,0.0001117524002,8.984425612e-06
6,24.0,28.0,19,3607.639018,0.000109244562,9.043251313e-06
6,24.0,28.0,19,3609.674932,0.0001064982186,8.789375155e-06
6,24.0,28.0,19,3611.710845,0.0001042855498,8.58823016e-06
6,24.0,28.0,19,3613.746759,0.0001019549863,8.363817841e-06
6,24.0,28.0,19,3615.782673,0.0001007901089,7.684217686e-06
6,24.0,28.0,19,3617.818586,0.0001001242278,7.003791657e-06
6,24.0,28.0,19,3619.8545,9.721823183e-05,6.909959186e-06
6,24.0,28.0,19,3621.890414,9.22214592e-05,6.774128039e-06
6,24.0,28.0,19,3623.926327,8.871304256e-05,6.608310358e-06
6,24.0,28.0,19,3625.962241,8.594128695e-05,6.384661948e-06
6,24.0,28.0,19,3627.998155,8.113679613e-05,5.967556344e-06
6,24.0,28.0,19,3630.034068,7.680741479e-05,5.81178563e-06
6,24.0,28.0,19,3632.069982,7.434617065e-05,5.911335879e-06
6,24.0,28.0,19,3634.105896,7.302792115e-05,5.950773452e-06
6,24.0,28.0,19,3636.141809,7.295011401e-05,5.808468542e-06
6,24.0,28.0,19,3638.177723,7.230201725e-05,5.471015285e-06
6,24.0,28.0,19,3640.213637,7.059288033e-05,5.077564678e-06
6,24.0,28.0,19,3642.24955,7.04369128e-05,5.091042428e-06
6,24.0,28.0,19,3644.285464,7.158422281e-05,5.247379858e-06
6,24.0,28.0,19,3646.321378,7.033244468e-05,4.952400298e-06
6,24.0,28.0,19,3648.357291,6.61367734e-05,4.318860346e-06
6,24.0,28.0,19,3650.393205,6.302463815e-05,4.069883104e-06
6,24.0,28.0,19,3652.429119,6.184114454e-05,4.247912239e-06
6,24.0,28.0,19,3654.465032,6.052104886e-05,4.703215032e-06
6,24.0,28.0,19,3656.500946,6.107207845e-05,5.495028237e-06
6,24.0,28.0,19,3658.53686,6.493073552e-05,6.497482484e-06
6,24.0,28.0,19,3660.572773,6.806516426e-05,8.169062648e-06
6,24.0,28.0,19,3662.608687,6.657053605e-05,8.34663325e-06
6,24.0,28.0,19,3664.644601,6.260817757e-05,6.713380303e-06
6,24.0,28.0,19,3666.680514,6.018372469e-05,5.993585411e-06
6,24.0,28.0,19,3668.716428,5.834321195e-05,6.055565471e-06
6,24.0,28.0,19,3670.752342,5.542872695e-05,6.139106838e-06
6,24.0,28.0,19,3672.788255,5.272780247e-05,6.009520714e-06
6,24.0,28.0,19,3674.824169,5.113125115e-05,5.608865166e-06
6,24.0,28.0,19,3676.860083,4.993472756e-05,5.34156296e-06
6,24.0,28.0,19,3678.895996,4.832568821e-05,5.07026848e-06
6,24.0,28.0,19,3680.93191,4.539911882e-05,4.457794654e-06
6,24.0,28.0,19,3682.967824,4.261809492e-05,3.982618424e-06
6,24.0,28.0,19,3685.003737,4.24873712e-05,4.063720409e-06
6,24.0,28.0,19,3687.039651,4.294575057e-05,4.228401047e-06
6,24.0,28.0,19,3689.075565,4.150998338e-05,4.109870974e-06
6,24.0,28.0,19,3691.111478,3.924825138e-05,3.930199097e-06
6,24.0,28.0,19,3693.147392,3.834873388e-05,3.886288703e-06
6,24.0,28.0,19,3695.183306,3.930885531e-05,3.748797492e-06
6,24.0,28.0,19,3697.219219,3.990113234e-05,3.669315874e-06
6,24.0,28.0,19,3699.255133,3.856151921e-05,3.585909631e-06
6,24.0,28.0,19,3701.291047,3.650386788e-05,3.542422578e-06
6,24.0,28.0,19,3703.32696,3.478948083e-05,3.422997253e-06
6,24.0,28.0,19,3705.362874,3.340362817e-05,3.191318999e-06
6,24.0,28.0,19,3707.398788,3.281278927e-05,3.049483069e-06
6,24.0,28.0,19,3709.434701,3.237613253e-05,3.040143769e-06
6,24.0,28.0,19,3711.470615,3.136702397e-05,2.931453602e-06
6,24.0,28.0,19,3713.506529,3.098745318e-05,3.144358212e-06
6,24.0,28.0,19,3715.542442,3.160373327e-05,3.680569078e-06
6,24.0,28.0,19,3717.578356,3.153784268e-05,3.773708159e-06
6,24.0,28.0,19,3719.61427,3.032085211e-05,3.606509322e-06
6,24.0,28.0,19,3721.650183,2.902169885e-05,3.377909346e-06
6,24.0,28.0,19,3723.686097,2.73896857e-05,2.89955455e-06
6,24.0,28.0,19,3725.722011,2.550000683e-05,2.369592021e-06
6,24.0,28.0,19,3727.757924,2.407113922e-05,1.938324869e-06
6,24.0,28.0,19,3729.793838,2.305211836e-05,1.778699589e-06
6,24.0,28.0,19,3731.829752,2.273538348e-05,1.89778544e-06
6,24.0,28.0,19,3733.865665,2.30357874e-05,2.118592422e-06
6,24.0,28.0,19,3735.901579,2.315274627e-05,2.288424528e-06
6,24.0,28.0,19,3737.937493,2.287047747e-05,2.460360108e-06
6,24.0,28.0,19,3739.973406,2.255742842e-05,2.576884315e-06
6,24.0,28.0,19,3742.00932,2.202322498e-05,2.516409945e-06
6,24.0,28.0,19,3744.045234,2.104873828e-05,2.291837936e-06
6,24.0,28.0,19,3746.081147,2.014027342e-05,2.105099549e-06
6,24.0,28.0,19,3748.117061,1.97020317e-05,2.01234744e-06
6,24.0,28.0,19,3750.152975,1.957725138e-05,1.955476356e-06
6,24.0,28.0,19,3752.188888,1.953420954e-05,1.974080864e-06
6,24.0,28.0,19,3754.224802,1.933610816e-05,1.894248554e-06
6,24.0,28.0,19,3756.260716,1.867686919e-05,1.690051914e-06
6,24.0,28.0,19,3758.296629,1.770467619e-05,1.527092942e-06
6,24.0,28.0,19,3760.332543,1.699928053e-05,1.504727534e-06
6,24.0,28.0,19,3762.368457,1.711708436e-05,1.661818025e-06
6,24.0,28.0,19,3764.40437,1.771150712e-05,1.956825777e-06
6,24.0,28.0,19,3766.440284,1.777934632e-05,2.184944241e-06
6,24.0,28.0,19,3768.476198,1.728095937e-05,2.202908666e-06
6,24.0,28.0,19,3770.512111,1.640395058e-05,2.029760769e-06
6,24.0,28.0,19,3772.548025,1.540557351e-05,1.803513525e-06
6,24.0,28.0,19,3774.583939,1.490760857e-05,1.688781968e-06
6,24.0,28.0,19,3776.619852,1.503896544e-05,1.763231514e-06
6,24.0,28.0,19,3778.655766,1.537169918e-05,1.833807629e-06
6,24.0,28.0,19,3780.69168,1.539589449e-05,1.628012615e-06
6,24.0,28.0,19,3782.727593,1.518328507e-05,1.47848337e-06
6,24.0,28.0,19,3784.763507,1.509030559e-05,1.553781627e-06
6,24.0,28.0,19,3786.799421,1.523257937e-05,2.012722835e-06
6,24.0,28.0,19,3788.835334,1.506863135e-05,2.400549668e-06
6,24.0,28.0,19,3790.871248,1.40258565e-05,1.975832815e-06
6,24.0,28.0,19,3792.907162,1.27037385e-05,1.353682788e-06
6,24.0,28.0,19,3794.943075,1.19101188e-05,1.058449049e-06
6,24.0,28.0,19,3796.978989,1.164871659e-05,9.729356111e-07
6,24.0,28.0,19,3799.014903,1.140473152e-05,8.666542644e-07
6,24.0,28.0,19,3801.050816,1.095488185e-05,7.313936116e-07
6,24.0,28.0,19,3803.08673,1.060879288e-05,6.697953246e-07
6,24.0,28.0,19,3805.122644,1.062075272e-05,6.91260938e-07
6,24.0,28.0,19,3807.158557,1.087779395e-05,8.04936621e-07
6,24.0,28.0,19,3809.194471,1.116496018e-05,1.156178227e-06
6,24.0,28.0,19,3811.230385,1.120756457e-05,1.320268523e-06
6,24.0,28.0,19,3813.266298,1.070812163e-05,1.004593355e-06
6,24.0,28.0,19,3815.302212,1.002950157e-05,6.310790064e-07
6,24.0,28.0,19,3817.338126,9.821208032e-06,5.143757519e-07
6,24.0,28.0,19,3819.374039,9.914864258e-06,5.230653895e-07
6,24.0,28.0,19,3821.409953,9.910772817e-06,5.706529733e-07
6,24.0,28.0,19,3823.445867,9.840960725e-06,6.854214356e-07
6,24.0,28.0,19,3825.48178,9.724625504e-06,6.936261317e-07
6,24.0,28.0,19,3827.517694,9.506882042e-06,5.820044709e-07
6,24.0,28.0,19,3829.553608,9.244605115e-06,4.819076753e-07
6,24.0,28.0,19,3831.589521,9.065355258e-06,4.146301509e-07
6,24.0,28.0,19,3833.625435,8.988637778e-06,3.747032921e-07
6,24.0,28.0,19,3835.661349,8.953429373e-06,3.885290064e-07
6,24.0,28.0,19,3837.697262,8.959250095e-06,4.462711426e-07
6,24.0,28.0,19,3839.733176,9.096442039e-06,5.499515256e-07
6,24.0,28.0,19,3841.76909,9.299142548e-06,6.364284575e-07
6,24.0,28.0,19,3843.805003,9.339093452e-06,6.130456453e-07
6,24.0,28.0,19,3845.840917,9.300852779e-06,5.381843229e-07
6,24.0,28.0,19,3847.876831,9.262560601e-06,4.9321383e-07
6,24.0,28.0,19,3849.912744,9.109908629e-06,4.738742523e-07
6,24.0,28.0,19,3851.948658,8.895062532e-06,4.737321291e-07
6,24.0,28.0,19,3853.984572,8.710943066e-06,4.624535502e-07
6,24.0,28.0,19,3856.020485,8.570017418e-06,3.917764884e-07
6,24.0,28.0,19,3858.056399,8.44518488e-06,3.246513729e-07
6,24.0,28.0,19,3860.092313,8.322080369e-06,3.051059424e-07
6,24.0,28.0,19,3862.128226,8.311595886e-06,3.078219666e-07
6,24.0,28.0,19,3864.16414,8.400620887e-06,3.044847281e-07
6,24.0,28.0,19,3866.200054,8.4796579e-06,3.233626677e-07
6,24.0,28.0,19,3868.235967,8.49742685e-06,3.755334033e-07
6,24.0,28.0,19,3870.271881,8.360301242e-06,4.009622543e-07
6,24.0,28.0,19,3872.307795,8.279950592e-06,4.040760676e-07
6,24.0,28.0,19,3874.343708,8.423022622e-06,4.226962056e-07
6,24.0,28.0,19,3876.379622,8.477074245e-06,4.281235527e-07
6,24.0,28.0,19,3878.415536,8.391647185e-06,4.066894863e-07
6,24.0,28.0,19,3880.451449,8.371796393e-06,3.684333376e-07
6,24.0,28.0,19,3882.487363,8.373870805e-06,3.417917536e-07
6,24.0,28.0,19,3884.523277,8.332341078e-06,3.303998125e-07
6,24.0,28.0,19,3886.55919,8.258236685e-06,3.038792107e-07
6,24.0,28.0,19,3888.595104,8.188414916e-06,2.695200241e-07
6,24.0,28.0,19,3890.631018,8.156956636e-06,2.645682222e-07
6,24.0,28.0,19,3892.666931,8.207035761e-06,2.863309872e-07
6,24.0,28.0,19,3894.702845,8.386535268e-06,3.005571123e-07
6,24.0,28.0,19,3896.738759,8.534827954e-06,2.990863385e-07
6,24.0,28.0,19,3898.774672,8.523804152e-06,2.938031774e-07
6,24.0,28.0,19,3900.810586,8.517096054e-06,3.19086042e-07
6,24.0,28.0,19,3902.8465,8.608510859e-06,3.591044728e-07
6,24.0,28.0,19,3904.882413,8.583214087e-06,3.490910204e-07
6,24.0,28.0,19,3906.918327,8.34764915e-06,2.940960303e-07
6,24.0,28.0,19,3908.954241,8.137795443e-06,2.432980267e-07
6,24.0,28.0,19,3910.990154,8.141939858e-06,2.18957319e-07
6,24.0,28.0,19,3913.026068,8.243846164e-06,2.299372259e-07
6,24.0,28.0,19,3915.061982,8.228317473e-06,2.417585059e-07
6,24.0,28.0,19,3917.097895,8.131236121e-06,2.339510948e-07
6,24.0,28.0,19,3919.133809,8.112883576e-06,2.205928184e-07
6,24.0,28.0,19,3921.169723,8.185133888e-06,2.109896006e-07
6,24.0,28.0,19,3923.205636,8.295028733e-06,2.152635586e-07
6,24.0,28.0,19,3925.24155,8.392888193e-06,2.409099334e-07
6,24.0,28.0,19,3927.277464,8.413895491e-06,2.596052085e-07
6,24.0,28.0,19,3929.313377,8.428567731e-06,2.57977063e-07
6,24.0,28.0,19,3931.349291,8.459420352e-06,2.383012755e-07
6,24.0,28.0,19,3933.385205,8.444798586e-06,2.311716865e-07
6,24.0,28.0,19,3935.421118,8.441304463e-06,2.501137333e-07
6,24.0,28.0,19,3937.457032,8.461628838e-06,2.525116545e-07
6,24.0,28.0,19,3939.492946,8.397909902e-06,2.273097393e-07
6,24.0,28.0,19,3941.528859,8.246964427e-06,2.087849164e-07
6,24.0,28.0,19,3943.564773,8.154915855e-06,2.134234612e-07
6,24.0,28.0,19,3945.600687,8.277605501e-06,2.193858581e-07
6,24.0,28.0,19,3947.6366,8.527997572e-06,2.07362543e-07
6,24.0,28.0,19,3949.672514,8.676519401e-06,2.0898919e-07
6,24.0,28.0,19,3951.708428,8.750686522e-06,2.16531928e-07
6,24.0,28.0,19,3953.744341,8.788853415e-06,2.1334579e-07
6,24.0,28.0,19,3955.780255,8.72201144e-06,2.120552758e-07
6,24.0,28.0,19,3957.816169,8.651180565e-06,2.109102774e-07
6,24.0,28.0,19,3959.852082,8.70573776e-06,2.095917552e-07
6,24.0,28.0,19,3961.887996,8.795395303e-06,2.19471891e-07
6,24.0,28.0,19,3963.92391,8.78209222e-06,2.470069259e-07
6,24.0,28.0,19,3965.959823,8.68884728e-06,2.708633111e-07
6,24.0,28.0,19,3967.995737,8.621371739e-06,2.863128192e-07
6,24.0,28.0,19,3970.031651,8.7042311e-06,2.876818314e-07
6,24.0,28.0,19,3972.067564,8.91264155e-06,2.727995319e-07
6,24.0,28.0,19,3974.103478,8.976072465e-06,2.406231124e-07
6,24.0,28.0,19,3976.139392,8.813875793e-06,2.156540882e-07
6,24.0,28.0,19,3978.175305,8.644266536e-06,2.261156763e-07
6,24.0,28.0,19,3980.211219,8.636258139e-06,2.45588466e-07
6,24.0,28.0,19,3982.247133,8.725476867e-06,2.419192537e-07
6,24.0,28.0,19,3984.283046,8.848808551e-06,2.387429158e-07
6,24.0,28.0,19,3986.31896,9.011261958e-06,2.410847936e-07
6,24.0,28.0,19,3988.354874,9.081363784e-06,2.348239398e-07
6,24.0,28.0,19,3990.390787,9.026653318e-06,2.345953667e-07
6,24.0,28.0,19,3992.426701,8.986195876e-06,2.539727781e-07
6,24.0,28.0,19,3994.462615,9.006510032e-06,2.634656677e-07
6,24.0,28.0,19,3996.498528,9.087855524e-06,2.402043243e-07
6,24.0,28.0,19,3998.534442,9.172329217e-06,2.115124207e-07
7,28.0,32.0,23,1201.189064,4.271703713e-05,8.591581396e-07
7,28.0,32.0,23,1203.224977,4.250157845e-05,8.35616312e-07
7,28.0,32.0,23,1205.260891,4.228201594e-05,8.534652389e-07
7,28.0,32.0,23,1207.296805,4.199090273e-05,8.347650482e-07
7,28.0,32.0,23,1209.332718,4.173470157e-05,8.347785715e-07
7,28.0,32.0,23,1211.368632,4.154233754e-05,9.005939459e-07
7,28.0,32.0,23,1213.404546,4.14173489e-05,9.592378525e-07
7,28.0,32.0,23,1215.440459,4.13060688e-05,9.338783979e-07
7,28.0,32.0,23,1217.476373,4.116359415e-05,9.114291702e-07
7,28.0,32.0,23,1219.512287,4.109867788e-05,9.472999286e-07
7,28.0,32.0,23,1221.5482,4.1208401e-05,1.03459592e-06
7,28.0,32.0,23,1223.584114,4.148175255e-05,1.057112112e-06
7,28.0,32.0,23,1225.620028,4.176815309e-05,1.060309115e-06
7,28.0,32.0,23,1227.655941,4.185129108e-05,1.067515341e-06
7,28.0,32.0,23,1229.691855,4.134128892e-05,9.697884237e-07
7,28.0,32.0,23,1231.727769,4.036306856e-05,7.789497534e-07
7,28.0,32.0,23,1233.763682,3.994689713e-05,7.037983789e-07
7,28.0,32.0,23,1235.799596,4.022569764e-05,7.643914403e-07
7,28.0,32.0,23,1237.83551,4.036141809e-05,9.085146677e-07
7,28.0,32.0,23,1239.871423,4.011374576e-05,9.586511258e-07
7,28.0,32.0,23,1241.907337,3.95702662e-05,9.385768171e-07
7,28.0,32.0,23,1243.943251,3.932050325e-05,9.391015096e-07
7,28.0,32.0,23,1245.979164,3.950457301e-05,9.362338416e-07
7,28.0,32.0,23,1248.015078,3.93908866e-05,9.197747594e-07
7,28.0,32.0,23,1250.050992,3.921921662e-05,9.358740139e-07
7,28.0,32.0,23,1252.086905,3.942200656e-05,1.04454541e-06
7,28.0,32.0,23,1254.122819,3.992006095e-05,1.133199021e-06
7,28.0,32.0,23,1256.158733,4.04456576e-05,1.131244192e-06
7,28.0,32.0,23,1258.194646,4.09475299e-05,1.10821379e-06
7,28.0,32.0,23,1260.23056,4.116180867e-05,1.170386817e-06
7,28.0,32.0,23,1262.266474,4.071210546e-05,1.117694235e-06
7,28.0,32.0,23,1264.302387,4.04729799e-05,9.215292855e-07
7,28.0,32.0,23,1266.338301,4.064033172e-05,9.313327983e-07
7,28.0,32.0,23,1268.374215,4.041213158e-05,9.739436803e-07
7,28.0,32.0,23,1270.410128,4.025797332e-05,8.904957971e-07
7,28.0,32.0,23,1272.446042,4.058327013e-05,8.845358845e-07
7,28.0,32.0,23,1274.481956,4.072940052e-05,9.82695225e-07
7,28.0,32.0,23,1276.517869,4.07692173e-05,1.048610575e-06
7,28.0,32.0,23,1278.553783,4.109450838e-05,9.888854513e-07
7,28.0,32.0,23,1280.589697,4.167482937e-05,9.396307969e-07
7,28.0,32.0,23,1282.62561,4.258888118e-05,9.564092209e-07
7,28.0,32.0,23,1284.661524,4.31779197e-05,1.054640586e-06
7,28.0,32.0,23,1286.697438,4.294478664e-05,1.105936689e-06
7,28.0,32.0,23,1288.733351,4.292393384e-05,1.066673065e-06
7,28.0,32.0,23,1290.769265,4.38224137e-05,1.229326512e-06
7,28.0,32.0,23,1292.805179,4.441909558e-05,1.288930856e-06
7,28.0,32.0,23,1294.841092,4.411146072e-05,1.280836287e-06
7,28.0,32.0,23,1296.877006,4.435618681e-05,1.354952608e-06
7,28.0,32.0,23,1298.91292,4.494313057e-05,1.394620774e-06
7,28.0,32.0,23,1300.948833,4.452460214e-05,1.152331281e-06
7,28.0,32.0,23,1302.984747,4.436880488e-05,9.924422629e-07
7,28.0,32.0,23,1305.020661,4.601622853e-05,1.248685586e-06
7,28.0,32.0,23,1307.056574,4.820673632e-05,1.493364572e-06
7,28.0,32.0,23,1309.092488,4.875186695e-05,1.465507605e-06
7,28.0,32.0,23,1311.128402,4.78753141e-05,1.428780164e-06
7,28.0,32.0,23,1313.164315,4.795178386e-05,1.378554369e-06
7,28.0,32.0,23,1315.200229,4.889053449e-05,1.366467019e-06
7,28.0,32.0,23,1317.236143,4.866849541e-05,1.354443891e-06
7,28.0,32.0,23,1319.272056,4.769492079e-05,1.156177695e-06
7,28.0,32.0,23,1321.30797,4.721808883e-05,1.074413791e-06
7,28.0,32.0,23,1323.343884,4.754491409e-05,1.224813254e-06
7,28.0,32.0,23,1325.379797,4.822626087e-05,1.471784536e-06
7,28.0,32.0,23,1327.415711,4.915994841e-05,1.551240848e-06
7,28.0,32.0,23,1329.451625,5.039759236e-05,1.471183729e-06
7,28.0,32.0,23,1331.487538,5.109447979e-05,1.48275568e-06
7,28.0,32.0,23,1333.523452,5.107184298e-05,1.573354404e-06
7,28.0,32.0,23,1335.559366,5.06697925e-05,1.576314798e-06
7,28.0,32.0,23,1337.595279,5.005880874e-05,1.463524108e-06
7,28.0,32.0,23,1339.631193,5.016012358e-05,1.218041552e-06
7,28.0,32.0,23,1341.667107,5.180697537e-05,1.202558969e-06
7,28.0,32.0,23,1343.70302,5.404452555e-05,1.402132514e-06
7,28.0,32.0,23,1345.738934,5.536339578e-05,1.610591424e-06
7,28.0,32.0,23,1347.774848,5.566809461e-05,1.69604185e-06
7,28.0,32.0,23,1349.810761,5.561995254e-05,1.77387839e-06
7,28.0,32.0,23,1351.846675,5.557854177e-05,1.740590937e-06
7,28.0,32.0,23,1353.882589,5.609129613e-05,1.600179437e-06
7,28.0,32.0,23,1355.918502,5.687423927e-05,1.696699604e-06
7,28.0,32.0,23,1357.954416,5.70561994e-05,1.759815003e-06
7,28.0,32.0,23,1359.99033,5.757393257e-05,1.60802567e-06
7,28.0,32.0,23,1362.026243,5.911310984e-05,1.57805318e-06
7,28.0,32.0,23,1364.062157,6.051568839e-05,1.669788579e-06
7,28.0,32.0,23,1366.098071,6.156977497e-05,1.590998373e-06
7,28.0,32.0,23,1368.133984,6.279757904e-05,1.716086324e-06
7,28.0,32.0,23,1370.169898,6.290186866e-05,1.864992953e-06
7,28.0,32.0,23,1372.205812,6.198529559e-05,1.773220124e-06
7,28.0,32.0,23,1374.241725,6.355543634e-05,1.936496122e-06
7,28.0,32.0,23,1376.277639,6.72810268e-05,2.224585373e-06
7,28.0,32.0,23,1378.313553,6.891180779e-05,2.052747681e-06
7,28.0,32.0,23,1380.349466,6.837950134e-05,1.923245061e-06
7,28.0,32.0,23,1382.38538,6.867828277e-05,2.025801936e-06
7,28.0,32.0,23,1384.421294,7.007217898e-05,2.051236261e-06
7,28.0,32.0,23,1386.457207,7.105253807e-05,2.124446594e-06
7,28.0,32.0,23,1388.493121,7.211761953e-05,2.334053874e-06
7,28.0,32.0,23,1390.529035,7.358121368e-05,2.455301413e-06
7,28.0,32.0,23,1392.564948,7.455229261e-05,2.339393917e-06
7,28.0,32.0,23,1394.600862,7.600166056e-05,2.304319098e-06
7,28.0,32.0,23,1396.636776,7.761094321e-05,2.37684476e-06
7,28.0,32.0,23,1398.672689,7.808275187e-05,2.539333284e-06
7,28.0,32.0,23,1400.708603,7.936382505e-05,2.656412941e-06
7,28.0,32.0,23,1402.744517,8.250911137e-05,2.560908933e-06
7,28.0,32.0,23,1404.78043,8.486838784e-05,2.932115128e-06
7,28.0,32.0,23,1406.816344,8.521695698e-05,2.979585966e-06
7,28.0,32.0,23,1408.852258,8.486169167e-05,2.561596453e-06
7,28.0,32.0,23,1410.888171,8.569529222e-05,2.310043895e-06
7,28.0,32.0,23,1412.924085,8.817973983e-05,2.349541614e-06
7,28.0,32.0,23,1414.959999,8.994231249e-05,2.604409655e-06
7,28.0,32.0,23,1416.995912,9.027903744e-05,2.594738696e-06
7,28.0,32.0,23,1419.031826,9.171053288e-05,2.606408801e-06
7,28.0,32.0,23,1421.06774,9.505472567e-05,3.022047669e-06
7,28.0,32.0,23,1423.103653,9.89828561e-05,3.424242427e-06
7,28.0,32.0,23,1425.139567,0.0001027768969,3.461538513e-06
7,28.0,32.0,23,1427.175481,0.0001053148032,3.393586325e-06
7,28.0,32.0,23,1429.211394,0.0001055513262,3.14557833e-06
7,28.0,32.0,23,1431.247308,0.0001040845298,3.18137347e-06
7,28.0,32.0,23,1433.283222,0.0001044523016,3.533700962e-06
7,28.0,32.0,23,1435.319135,0.0001093101792,4.121896022e-06
7,28.0,32.0,23,1437.355049,0.0001149440727,4.297910397e-06
7,28.0,32.0,23,1439.390963,0.000117390901,4.411845028e-06
7,28.0,32.0,23,1441.426876,0.0001175345711,4.952923795e-06
7,28.0,32.0,23,1443.46279,0.0001186379503,5.131343026e-06
7,28.0,32.0,23,1445.498704,0.0001218003046,4.572079377e-06
7,28.0,32.0,23,1447.534617,0.0001256160312,4.235939312e-06
7,28.0,32.0,23,1449.570531,0.0001284720696,4.283400484e-06
7,28.0,32.0,23,1451.606445,0.0001275908532,4.167084556e-06
7,28.0,32.0,23,1453.642358,0.0001235035979,3.94842493e-06
7,28.0,32.0,23,1455.678272,0.0001225001686,3.72577439e-06
7,28.0,32.0,23,1457.714186,0.0001270816223,3.663726563e-06
7,28.0,32.0,23,1459.750099,0.0001315345036,3.366146765e-06
7,28.0,32.0,23,1461.786013,0.0001334688112,3.072575253e-06
7,28.0,32.0,23,1463.821927,0.0001357398493,2.939087882e-06
7,28.0,32.0,23,1465.85784,0.0001372890847,3.525782518e-06
7,28.0,32.0,23,1467.893754,0.0001380104161,4.158979384e-06
7,28.0,32.0,23,1469.929668,0.0001414770447,4.280371598e-06
7,28.0,32.0,23,1471.965581,0.0001479662387,3.904197707e-06
7,28.0,32.0,23,1474.001495,0.0001558297742,4.292314014e-06
7,28.0,32.0,23,1476.037409,0.0001645950255,5.70820502e-06
7,28.0,32.0,23,1478.073322,0.0001753511054,6.407106877e-06
7,28.0,32.0,23,1480.109236,0.0001849025167,5.923433241e-06
7,28.0,32.0,23,1482.14515,0.0001848295918,5.289037515e-06
7,28.0,32.0,23,1484.181063,0.0001787820372,5.177785789e-06
7,28.0,32.0,23,1486.216977,0.0001779555416,4.531739696e-06
7,28.0,32.0,23,1488.252891,0.000183448336,5.256307187e-06
7,28.0,32.0,23,1490.288804,0.0001900737874,6.5366933e-06
7,28.0,32.0,23,1492.324718,0.0001964926573,6.857338148e-06
7,28.0,32.0,23,1494.360632,0.0002053769565,7.487561281e-06
7,28.0,32.0,23,1496.396545,0.000216421752,8.519401318e-06
7,28.0,32.0,23,1498.432459,0.000223171389,8.304824933e-06
7,28.0,32.0,23,1500.468373,0.0002224373051,6.967887509e-06
7,28.0,32.0,23,1502.504286,0.0002216098642,6.391188648e-06
7,28.0,32.0,23,1504.5402,0.000225998495,6.886985918e-06
7,28.0,32.0,23,1506.576114,0.0002346609347,8.389513781e-06
7,28.0,32.0,23,1508.612027,0.0002443475768,9.897198849e-06
7,28.0,32.0,23,1510.647941,0.0002514067,9.79314697e-06
7,28.0,32.0,23,1512.683855,0.0002588284463,8.696620772e-06
7,28.0,32.0,23,1514.719768,0.0002713937088,8.313233886e-06
7,28.0,32.0,23,1516.755682,0.0002840612498,8.120762799e-06
7,28.0,32.0,23,1518.791596,0.0002918271002,8.127539892e-06
7,28.0,32.0,23,1520.827509,0.000295842425,9.37984261e-06
7,28.0,32.0,23,1522.863423,0.0002979793128,1.069389579e-05
7,28.0,32.0,23,1524.899337,0.0003024077487,1.196561865e-05
7,28.0,32.0,23,1526.93525,0.0003077727423,1.258378391e-05
7,28.0,32.0,23,1528.971164,0.0003130027977,1.257171145e-05
7,28.0,32.0,23,1531.007078,0.0003198918228,1.207830378e-05
7,28.0,32.0,23,1533.042991,0.0003208888031,1.012606906e-05
7,28.0,32.0,23,1535.078905,0.0003207929053,8.451244113e-06
7,28.0,32.0,23,1537.114819,0.0003366117342,9.805032021e-06
7,28.0,32.0,23,1539.150732,0.0003625365442,1.13155457e-05
7,28.0,32.0,23,1541.186646,0.0003764518732,1.219928167e-05
7,28.0,32.0,23,1543.22256,0.0003728867467,1.065783834e-05
7,28.0,32.0,23,1545.258473,0.0003692122825,1.037877302e-05
7,28.0,32.0,23,1547.294387,0.0003783205032,1.324662424e-05
7,28.0,32.0,23,1549.330301,0.0003969019892,1.427295544e-05
7,28.0,32.0,23,1551.366214,0.0004174150846,1.552285141e-05
7,28.0,32.0,23,1553.402128,0.0004294526802,1.592823548e-05
7,28.0,32.0,23,1555.438042,0.0004350208112,1.465489777e-05
7,28.0,32.0,23,1557.473955,0.0004467989276,1.49365538e-05
7,28.0,32.0,23,1559.509869,0.0004656263797,1.551601348e-05
7,28.0,32.0,23,1561.545783,0.0004811364783,1.418791787e-05
7,28.0,32.0,23,1563.581696,0.0004848244263,1.520979079e-05
7,28.0,32.0,23,1565.61761,0.000484514902,1.698666069e-05
7,28.0,32.0,23,1567.653524,0.000492523357,1.581820319e-05
7,28.0,32.0,23,1569.689437,0.000508912819,1.512882956e-05
7,28.0,32.0,23,1571.725351,0.000527454473,1.587907369e-05
7,28.0,32.0,23,1573.761265,0.0005388388034,1.671891048e-05
7,28.0,32.0,23,1575.797178,0.0005437774126,1.581275424e-05
7,28.0,32.0,23,1577.833092,0.0005504117259,1.621446855e-05
7,28.0,32.0,23,1579.869006,0.0005600383314,1.712798029e-05
7,28.0,32.0,23,1581.904919,0.0005704934197,1.744240651e-05
7,28.0,32.0,23,1583.940833,0.0005787079885,1.687068187e-05
7,28.0,32.0,23,1585.976747,0.0005807854728,1.630855898e-05
7,28.0,32.0,23,1588.01266,0.0005822989968,1.753634655e-05
7,28.0,32.0,23,1590.048574,0.0006008183442,1.782063243e-05
7,28.0,32.0,23,1592.084488,0.0006367966806,1.674486221e-05
7,28.0,32.0,23,1594.120401,0.0006649575189,1.74830944e-05
7,28.0,32.0,23,1596.156315,0.0006742282749,2.064608285e-05
7,28.0,32.0,23,1598.192229,0.0006746415047,2.40599973e-05
7,28.0,32.0,23,1600.228142,0.0006700685099,2.408425653e-05
7,28.0,32.0,23,1602.264056,0.0006668438124,2.206879489e-05
7,28.0,32.0,23,1604.29997,0.0006733382163,1.820721853e-05
7,28.0,32.0,23,1606.335883,0.0006898743213,1.961574739e-05
7,28.0,32.0,23,1608.371797,0.0007166559535,2.19301593e-05
7,28.0,32.0,23,1610.407711,0.0007415864448,2.265836754e-05
7,28.0,32.0,23,1612.443624,0.0007499756839,2.34000738e-05
7,28.0,32.0,23,1614.479538,0.0007500280448,2.546691472e-05
7,28.0,32.0,23,1616.515452,0.0007512640824,2.449004874e-05
7,28.0,32.0,23,1618.551365,0.0007534199585,2.46198209e-05
7,28.0,32.0,23,1620.587279,0.0007692064784,2.88931379e-05
7,28.0,32.0,23,1622.623193,0.0007965646396,2.798513919e-05
7,28.0,32.0,23,1624.659106,0.0008080364316,2.382035516e-05
7,28.0,32.0,23,1626.69502,0.0008074210813,2.368792386e-05
7,28.0,32.0,23,1628.730934,0.0008164048107,2.437863121e-05
7,28.0,32.0,23,1630.766847,0.0008220476814,2.464743195e-05
7,28.0,32.0,23,1632.802761,0.0008059130452,2.160689254e-05
7,28.0,32.0,23,1634.838675,0.0007886754063,2.267455461e-05
7,28.0,32.0,23,1636.874588,0.0007924233077,2.574410264e-05
7,28.0,32.0,23,1638.910502,0.0008080195967,2.418362275e-05
7,28.0,32.0,23,1640.946416,0.0008099380342,2.319759466e-05
7,28.0,32.0,23,1642.982329,0.0007951917889,2.35303372e-05
7,28.0,32.0,23,1645.018243,0.0007920682137,2.062987633e-05
7,28.0,32.0,23,1647.054157,0.0008000525161,2.103239821e-05
7,28.0,32.0,23,1649.09007,0.000783265642,2.363863935e-05
7,28.0,32.0,23,1651.125984,0.0007466191902,2.286486648e-05
7,28.0,32.0,23,1653.161898,0.000739274403,2.264064331e-05
7,28.0,32.0,23,1655.197811,0.0007534309162,2.443976855e-05
7,28.0,32.0,23,1657.233725,0.0007434729883,2.450593225e-05
7,28.0,32.0,23,1659.269639,0.0007307713998,2.313681842e-05
7,28.0,32.0,23,1661.305552,0.0007394055808,2.007525477e-05
7,28.0,32.0,23,1663.341466,0.000743614885,1.914759013e-05
7,28.0,32.0,23,1665.37738,0.000734978532,2.144857729e-05
7,28.0,32.0,23,1667.413293,0.0007143272097,2.218449839e-05
7,28.0,32.0,23,1669.449207,0.0006836131123,2.192881e-05
7,28.0,32.0,23,1671.485121,0.0006627501757,2.602265264e-05
7,28.0,32.0,23,1673.521034,0.0006669618147,2.675169556e-05
7,28.0,32.0,23,1675.556948,0.0006845269307,2.506570747e-05
7,28.0,32.0,23,1677.592862,0.0006833285581,2.406933326e-05
7,28.0,32.0,23,1679.628775,0.0006534756787,2.276208341e-05
7,28.0,32.0,23,1681.664689,0.0006193122194,2.014486313e-05
7,28.0,32.0,23,1683.700603,0.0005965603974,1.804687239e-05
7,28.0,32.0,23,1685.736516,0.0005765482625,1.890744856e-05
7,28.0,32.0,23,1687.77243,0.0005555187117,1.888385365e-05
7,28.0,32.0,23,1689.808344,0.00053821822,1.784194685e-05
7,28.0,32.0,23,1691.844257,0.0005235682236,1.607239378e-05
7,28.0,32.0,23,1693.880171,0.0005141597486,1.68167292e-05
7,28.0,32.0,23,1695.916085,0.0005056037453,1.905534364e-05
7,28.0,32.0,23,1697.951998,0.0004904116655,1.859297984e-05
7,28.0,32.0,23,1699.987912,0.0004755096496,1.619899476e-05
7,28.0,32.0,23,1702.023826,0.0004624933961,1.607680283e-05
7,28.0,32.0,23,1704.059739,0.0004397790029,1.615346267e-05
7,28.0,32.0,23,1706.095653,0.0004026657586,1.388269072e-05
7,28.0,32.0,23,1708.131567,0.0003693331224,1.250030247e-05
7,28.0,32.0,23,1710.16748,0.0003619263856,1.236299147e-05
7,28.0,32.0,23,1712.203394,0.0003705598379,1.266358024e-05
7,28.0,32.0,23,1714.239308,0.0003620674539,1.11355579e-05
7,28.0,32.0,23,1716.275221,0.0003335654034,8.614222349e-06
7,28.0,32.0,23,1718.311135,0.00031216629,8.326195991e-06
7,28.0,32.0,23,1720.347049,0.0003035683782,1.016990165e-05
7,28.0,32.0,23,1722.382962,0.0002955720279,1.029623305e-05
7,28.0,32.0,23,1724.418876,0.0002874181397,1.03828516e-05
7,28.0,32.0,23,1726.45479,0.0002785351778,1.034108291e-05
7,28.0,32.0,23,1728.490703,0.0002663591617,9.810062856e-06
7,28.0,32.0,23,1730.526617,0.0002532012249,8.25145046e-06
7,28.0,32.0,23,1732.562531,0.0002413049482,7.217943419e-06
7,28.0,32.0,23,1734.598444,0.0002281734003,7.66182587e-06
7,28.0,32.0,23,1736.634358,0.0002126549374,7.94175455e-06
7,28.0,32.0,23,1738.670272,0.0002006525019,7.554963679e-06
7,28.0,32.0,23,1740.706185,0.0001929751671,6.046240107e-06
7,28.0,32.0,23,1742.742099,0.0001846976553,5.519063821e-06
7,28.0,32.0,23,1744.778013,0.0001764203265,6.148007888e-06
7,28.0,32.0,23,1746.813926,0.0001703536409,6.573578289e-06
7,28.0,32.0,23,1748.84984,0.0001666750153,5.886421479e-06
7,28.0,32.0,23,1750.885754,0.0001629896723,5.175295655e-06
7,28.0,32.0,23,1752.921667,0.0001558856824,5.051679798e-06
7,28.0,32.0,23,1754.957581,0.000147127208,4.904221467e-06
7,28.0,32.0,23,1756.993495,0.0001395850485,4.742097299e-06
7,28.0,32.0,23,1759.029408,0.0001333984598,4.373919062e-06
7,28.0,32.0,23,1761.065322,0.000129382125,4.362966933e-06
7,28.0,32.0,23,1763.101236,0.0001274218405,4.405377083e-06
7,28.0,32.0,23,1765.137149,0.0001260188276,3.965189452e-06
7,28.0,32.0,23,1767.173063,0.0001231528951,3.45449984e-06
7,28.0,32.0,23,1769.208977,0.0001168822728,3.46909187e-06
7,28.0,32.0,23,1771.24489,0.0001087531834,3.110034996e-06
7,28.0,32.0,23,1773.280804,0.0001014173053,2.855408804e-06
7,28.0,32.0,23,1775.316718,9.545927464e-05,3.085624803e-06
7,28.0,32.0,23,1777.352631,9.115348761e-05,2.664486599e-06
7,28.0,32.0,23,1779.388545,8.916927701e-05,2.820296714e-06
7,28.0,32.0,23,1781.424459,8.788084316e-05,3.316930374e-06
7,28.0,32.0,23,1783.460372,8.467063916e-05,3.372313184e-06
7,28.0,32.0,23,1785.496286,8.054562654e-05,2.918000306e-06
7,28.0,32.0,23,1787.5322,7.750652457e-05,2.330277119e-06
7,28.0,32.0,23,1789.568113,7.517287243e-05,2.260119026e-06
7,28.0,32.0,23,1791.604027,7.355525262e-05,2.421659181e-06
7,28.0,32.0,23,1793.639941,7.275038938e-05,2.406939211e-06
7,28.0,32.0,23,1795.675854,7.104382758e-05,2.21467987e-06
7,28.0,32.0,23,1797.711768,6.791122287e-05,2.20015844e-06
7,28.0,32.0,23,1799.747682,6.500791851e-05,2.19283561e-06
7,28.0,32.0,23,1801.783595,6.238792178e-05,2.06827354e-06
7,28.0,32.0,23,1803.819509,5.986608459e-05,1.843938354e-06
7,28.0,32.0,23,1805.855423,5.843595681e-05,1.615947966e-06
7,28.0,32.0,23,1807.891336,5.747711838e-05,1.587732662e-06
7,28.0,32.0,23,1809.92725,5.59834287e-05,1.566975368e-06
7,28.0,32.0,23,1811.963164,5.418930988e-05,1.636187213e-06
7,28.0,32.0,23,1813.999077,5.244756404e-05,1.504748911e-06
7,28.0,32.0,23,1816.034991,5.111020743e-05,1.449712522e-06
7,28.0,32.0,23,1818.070905,4.989132643e-05,1.559276874e-06
7,28.0,32.0,23,1820.106818,4.846208129e-05,1.425054551e-06
7,28.0,32.0,23,1822.142732,4.672855568e-05,1.151797697e-06
7,28.0,32.0,23,1824.178646,4.458686674e-05,1.148060751e-06
7,28.0,32.0,23,1826.214559,4.235702154e-05,1.096424664e-06
7,28.0,32.0,23,1828.250473,4.057206303e-05,1.115719565e-06
7,28.0,32.0,23,1830.286387,3.986160064e-05,1.276202797e-06
7,28.0,32.0,23,1832.3223,3.981418939e-05,1.276652978e-06
7,28.0,32.0,23,1834.358214,3.89640712e-05,1.099045312e-06
7,28.0,32.0,23,1836.394128,3.759127369e-05,9.746314102e-07
7,28.0,32.0,23,1838.430041,3.693003591e-05,9.747918142e-07
7,28.0,32.0,23,1840.465955,3.658208353e-05,1.035839641e-06
7,28.0,32.0,23,1842.501869,3.57256738e-05,1.058960033e-06
7,28.0,32.0,23,1844.537782,3.44959e-05,1.054684667e-06
7,28.0,32.0,23,1846.573696,3.32314531e-05,9.817191452e-07
7,28.0,32.0,23,1848.60961,3.224220289e-05,8.769464595e-07
7,28.0,32.0,23,1850.645523,3.167874402e-05,8.4337394e-07
7,28.0,32.0,23,1852.681437,3.141231039e-05,8.514721997e-07
7,28.0,32.0,23,1854.717351,3.13188209e-05,8.813515637e-07
7,28.0,32.0,23,1856.753264,3.092851656e-05,8.144023147e-07
7,28.0,32.0,23,1858.789178,2.991571942e-05,6.815626742e-07
7,28.0,32.0,23,1860.825092,2.876488049e-05,5.82927402e-07
7,28.0,32.0,23,1862.861005,2.758284449e-05,5.135417067e-07
7,28.0,32.0,23,1864.896919,2.681516675e-05,6.235147396e-07
7,28.0,32.0,23,1866.932833,2.703956062e-05,6.827478072e-07
7,28.0,32.0,23,1868.968746,2.713765996e-05,6.300584948e-07
7,28.0,32.0,23,1871.00466,2.61940016e-05,5.892219979e-07
7,28.0,32.0,23,1873.040574,2.498878845e-05,5.933859823e-07
7,28.0,32.0,23,1875.076487,2.430186266e-05,5.454962336e-07
7,28.0,32.0,23,1877.112401,2.406300279e-05,5.803453167e-07
7,28.0,32.0,23,1879.148315,2.380535597e-05,6.124862347e-07
7,28.0,32.0,23,1881.184228,2.334314228e-05,5.660275128e-07
7,28.0,32.0,23,1883.220142,2.303534694e-05,5.14651042e-07
7,28.0,32.0,23,1885.256056,2.273304847e-05,4.609851205e-07
7,28.0,32.0,23,1887.291969,2.214250834e-05,4.939032545e-07
7,28.0,32.0,23,1889.327883,2.186768155e-05,5.757002801e-07
7,28.0,32.0,23,1891.363797,2.227488569e-05,5.446372944e-07
7,28.0,32.0,23,1893.39971,2.25698028e-05,4.951527223e-07
7,28.0,32.0,23,1895.435624,2.202230497e-05,4.226876705e-07
7,28.0,32.0,23,1897.471538,2.093414355e-05,4.001732756e-07
7,28.0,32.0,23,1899.507451,2.005861211e-05,4.675718598e-07
7,28.0,32.0,23,1901.543365,1.963744545e-05,4.791249447e-07
7,28.0,32.0,23,1903.579279,1.925021223e-05,4.876428722e-07
7,28.0,32.0,23,1905.615192,1.874875296e-05,4.837141651e-07
7,28.0,32.0,23,1907.651106,1.847458099e-05,4.787286607e-07
7,28.0,32.0,23,1909.68702,1.833560066e-05,4.311724207e-07
7,28.0,32.0,23,1911.722933,1.804222101e-05,3.835563794e-07
7,28.0,32.0,23,1913.758847,1.768222179e-05,3.53606461e-07
7,28.0,32.0,23,1915.794761,1.726642853e-05,3.069141055e-07
7,28.0,32.0,23,1917.830674,1.683842771e-05,2.750913719e-07
7,28.0,32.0,23,1919.866588,1.64123158e-05,2.54065755e-07
7,28.0,32.0,23,1921.902502,1.591889603e-05,2.619695842e-07
7,28.0,32.0,23,1923.938415,1.567266768e-05,3.112245853e-07
7,28.0,32.0,23,1925.974329,1.580920904e-05,3.648693316e-07
7,28.0,32.0,23,1928.010243,1.60213715e-05,3.765758055e-07
7,28.0,32.0,23,1930.046156,1.594345554e-05,3.375277953e-07
7,28.0,32.0,23,1932.08207,1.550316844e-05,2.820824456e-07
7,28.0,32.0,23,1934.117984,1.501252471e-05,2.510371649e-07
7,28.0,32.0,23,1936.153897,1.476437253e-05,2.579341548e-07
7,28.0,32.0,23,1938.189811,1.471900495e-05,2.929551997e-07
7,28.0,32.0,23,1940.225725,1.452675653e-05,2.965921639e-07
7,28.0,32.0,23,1942.261638,1.412952422e-05,2.639628197e-07
7,28.0,32.0,23,1944.297552,1.400136327e-05,2.763034699e-07
7,28.0,32.0,23,1946.333466,1.414939097e-05,2.957832138e-07
7,28.0,32.0,23,1948.369379,1.401091468e-05,2.858416704e-07
7,28.0,32.0,23,1950.405293,1.360509149e-05,2.421295994e-07
7,28.0,32.0,23,1952.441207,1.342593633e-05,2.485469001e-07
7,28.0,32.0,23,1954.47712,1.34559809e-05,2.860078516e-07
7,28.0,32.0,23,1956.513034,1.336071455e-05,3.140513234e-07
7,28.0,32.0,23,1958.548948,1.316207864e-05,3.011976456e-07
7,28.0,32.0,23,1960.584861,1.307536638e-05,2.98560321e-07
7,28.0,32.0,23,1962.620775,1.29513025e-05,2.971852402e-07
7,28.0,32.0,23,1964.656689,1.264725532e-05,2.618476286e-07
7,28.0,32.0,23,1966.692602,1.239356504e-05,2.291234841e-07
7,28.0,32.0,23,1968.728516,1.221840514e-05,2.162743517e-07
7,28.0,32.0,23,1970.76443,1.199831694e-05,2.095554348e-07
7,28.0,32.0,23,1972.800343,1.180408393e-05,1.822064527e-07
7,28.0,32.0,23,1974.836257,1.175314483e-05,1.549670643e-07
7,28.0,32.0,23,1976.872171,1.171610403e-05,1.615982697e-07
7,28.0,32.0,23,1978.908084,1.151126763e-05,1.746831463e-07
7,28.0,32.0,23,1980.943998,1.132189134e-05,1.732601859e-07
7,28.0,32.0,23,1982.979912,1.129876953e-05,1.932083899e-07
7,28.0,32.0,23,1985.015825,1.134782089e-05,2.235012955e-07
7,28.0,32.0,23,1987.051739,1.142133871e-05,2.199979405e-07
7,28.0,32.0,23,1989.087653,1.152683545e-05,2.122763731e-07
7,28.0,32.0,23,1991.123566,1.153726703e-05,2.131505487e-07
7,28.0,32.0,23,1993.15948,1.139995225e-05,2.191931442e-07
7,28.0,32.0,23,1995.195394,1.123384629e-05,2.241365232e-07
7,28.0,32.0,23,1997.231307,1.108478521e-05,2.170797579e-07
7,28.0,32.0,23,1999.267221,1.099470439e-05,2.047427572e-07
7,28.0,32.0,23,2001.303135,1.100411397e-05,1.993793653e-07
7,28.0,32.0,23,2003.339048,1.098644149e-05,1.997935346e-07
7,28.0,32.0,23,2005.374962,1.082912647e-05,1.92068052e-07
7,28.0,32.0,23,2007.410876,1.067435075e-05,1.983788619e-07
7,28.0,32.0,23,2009.446789,1.066878585e-05,1.988725323e-07
7,28.0,32.0,23,2011.482703,1.071588245e-05,1.985290212e-07
7,28.0,32.0,23,2013.518617,1.072788093e-05,2.182713939e-07
7,28.0,32.0,23,2015.55453,1.064193492e-05,2.317237408e-07
7,28.0,32.0,23,2017.590444,1.051696936e-05,2.106597056e-07
7,28.0,32.0,23,2019.626358,1.052476494e-05,1.870080952e-07
7,28.0,32.0,23,2021.662271,1.061608198e-05,2.048709143e-07
7,28.0,32.0,23,2023.698185,1.060479281e-05,2.063593489e-07
7,28.0,32.0,23,2025.734099,1.046773226e-05,1.774776853e-07
7,28.0,32.0,23,2027.770012,1.0372471e-05,1.673359483e-07
7,28.0,32.0,23,2029.805926,1.034426472e-05,1.696601771e-07
7,28.0,32.0,23,2031.84184,1.033792943e-05,1.60039529e-07
7,28.0,32.0,23,2033.877753,1.038350064e-05,1.566544402e-07
7,28.0,32.0,23,2035.913667,1.045939986e-05,1.761120911e-07
7,28.0,32.0,23,2037.949581,1.052635916e-05,1.999899599e-07
7,28.0,32.0,23,2039.985494,1.049410588e-05,2.165567166e-07
7,28.0,32.0,23,2042.021408,1.033253107e-05,2.237863858e-07
7,28.0,32.0,23,2044.057322,1.018274916e-05,2.215460088e-07
7,28.0,32.0,23,2046.093235,1.018134087e-05,2.275378451e-07
7,28.0,32.0,23,2048.129149,1.032735494e-05,2.484016596e-07
7,28.0,32.0,23,2050.165063,1.050632432e-05,2.669748098e-07
7,28.0,32.0,23,2052.200976,1.056224325e-05,2.46107876e-07
7,28.0,32.0,23,2054.23689,1.046175509e-05,2.050216996e-07
7,28.0,32.0,23,2056.272804,1.031340475e-05,1.820926417e-07
7,28.0,32.0,23,2058.308717,1.020432809e-05,1.753341882e-07
7,28.0,32.0,23,2060.344631,1.011825025e-05,1.680986814e-07
7,28.0,32.0,23,2062.380545,1.007935524e-05,1.452943697e-07
7,28.0,32.0,23,2064.416458,1.018089362e-05,1.314416203e-07
7,28.0,32.0,23,2066.452372,1.035504331e-05,1.665815618e-07
7,28.0,32.0,23,2068.488286,1.041272297e-05,1.969734229e-07
7,28.0,32.0,23,2070.524199,1.030661874e-05,2.015304795e-07
7,28.0,32.0,23,2072.560113,1.01979293e-05,1.901944514e-07
7,28.0,32.0,23,2074.596027,1.023033357e-05,1.876926691e-07
7,28.0,32.0,23,2076.63194,1.036782945e-05,1.936225657e-07
7,28.0,32.0,23,2078.667854,1.04874182e-05,1.633928248e-07
7,28.0,32.0,23,2080.703768,1.055749667e-05,1.547076027e-07
7,28.0,32.0,23,2082.739681,1.067262903e-05,1.784078898e-07
7,28.0,32.0,23,2084.775595,1.078472939e-05,1.830124582e-07
7,28.0,32.0,23,2086.811509,1.074543465e-05,1.951551677e-07
7,28.0,32.0,23,2088.847422,1.054096711e-05,1.903720872e-07
7,28.0,32.0,23,2090.883336,1.039914102e-05,1.776491606e-07
7,28.0,32.0,23,2092.91925,1.0564212e-05,1.866320269e-07
7,28.0,32.0,23,2094.955163,1.085380308e-05,2.118053217e-07
7,28.0,32.0,23,2096.991077,1.099831616e-05,2.264868724e-07
7,28.0,32.0,23,2099.026991,1.106531508e-05,2.366109785e-07
7,28.0,32.0,23,2101.062904,1.110122116e-05,2.327769745e-07
7,28.0,32.0,23,2103.098818,1.111179242e-05,2.094487453e-07
7,28.0,32.0,23,2105.134732,1.1236556e-05,2.075816765e-07
7,28.0,32.0,23,2107.170645,1.144962827e-05,2.207707297e-07
7,28.0,32.0,23,2109.206559,1.161526845e-05,2.138102239e-07
7,28.0,32.0,23,2111.242473,1.16493436e-05,2.336349843e-07
7,28.0,32.0,23,2113.278386,1.159593838e-05,3.001185394e-07
7,28.0,32.0,23,2115.3143,1.165202065e-05,3.313393353e-07
7,28.0,32.0,23,2117.350214,1.181133501e-05,2.955431724e-07
7,28.0,32.0,23,2119.386127,1.185098919e-05,2.468655669e-07
7,28.0,32.0,23,2121.422041,1.179605415e-05,2.372985425e-07
7,28.0,32.0,23,2123.457955,1.185272087e-05,2.460276634e-07
7,28.0,32.0,23,2125.493868,1.199183801e-05,2.490393148e-07
7,28.0,32.0,23,2127.529782,1.208293982e-05,2.397947143e-07
7,28.0,32.0,23,2129.565696,1.207774908e-05,2.3871258e-07
7,28.0,32.0,23,2131.601609,1.207917364e-05,2.422691077e-07
7,28.0,32.0,23,2133.637523,1.215247549e-05,2.604237033e-07
7,28.0,32.0,23,2135.673437,1.217759038e-05,2.543772898e-07
7,28.0,32.0,23,2137.70935,1.227397155e-05,2.353885085e-07
7,28.0,32.0,23,2139.745264,1.25335768e-05,2.295254518e-07
7,28.0,32.0,23,2141.781178,1.264033858e-05,2.382923314e-07
7,28.0,32.0,23,2143.817091,1.258517045e-05,2.508774825e-07
7,28.0,32.0,23,2145.853005,1.277548611e-05,2.686679515e-07
7,28.0,32.0,23,2147.888919,1.304878034e-05,2.815004556e-07
7,28.0,32.0,23,2149.924832,1.305622005e-05,2.80385418e-07
7,28.0,32.0,23,2151.960746,1.305559237e-05,2.708368307e-07
7,28.0,32.0,23,2153.99666,1.32431952e-05,2.58922369e-07
7,28.0,32.0,23,2156.032573,1.343988668e-05,2.679048985e-07
7,28.0,32.0,23,2158.068487,1.351787868e-05,2.600912064e-07
7,28.0,32.0,23,2160.104401,1.359696644e-05,2.590994062e-07
7,28.0,32.0,23,2162.140314,1.377445312e-05,2.780303779e-07
7,28.0,32.0,23,2164.176228,1.384916177e-05,2.632720641e-07
7,28.0,32.0,23,2166.212142,1.380836513e-05,2.421473846e-07
7,28.0,32.0,23,2168.248055,1.386708795e-05,2.596033796e-07
7,28.0,32.0,23,2170.283969,1.399600104e-05,2.886341518e-07
7,28.0,32.0,23,2172.319883,1.401649844e-05,2.70323018e-07
7,28.0,32.0,23,2174.355796,1.392259539e-05,2.355214522e-07
7,28.0,32.0,23,2176.39171,1.396355477e-05,2.506392067e-07
7,28.0,32.0,23,2178.427624,1.436220988e-05,2.827513612e-07
7,28.0,32.0,23,2180.463537,1.493244104e-05,3.355082133e-07
7,28.0,32.0,23,2182.499451,1.528170071e-05,3.732838792e-07
7,28.0,32.0,23,2184.535365,1.526266748e-05,3.63650882e-07
7,28.0,32.0,23,2186.571278,1.494195584e-05,3.208244911e-07
7,28.0,32.0,23,2188.607192,1.464655213e-05,2.847500161e-07
7,28.0,32.0,23,2190.643106,1.473130895e-05,3.098671519e-07
7,28.0,32.0,23,2192.679019,1.52068269e-05,3.508176658e-07
7,28.0,32.0,23,2194.714933,1.563843668e-05,3.732803361e-07
7,28.0,32.0,23,2196.750847,1.571760242e-05,3.573868679e-07
7,28.0,32.0,23,2198.78676,1.56707125e-05,3.041548773e-07
7,28.0,32.0,23,2200.822674,1.57013086e-05,3.239015056e-07
7,28.0,32.0,23,2202.858588,1.595977363e-05,3.381327787e-07
7,28.0,32.0,23,2204.894501,1.639010296e-05,3.26650365e-07
7,28.0,32.0,23,2206.930415,1.647967624e-05,3.318909621e-07
7,28.0,32.0,23,2208.966329,1.621324815e-05,3.384206187e-07
7,28.0,32.0,23,2211.002242,1.619205024e-05,3.217494715e-07
7,28.0,32.0,23,2213.038156,1.647530949e-05,3.191094132e-07
7,28.0,32.0,23,2215.07407,1.656805303e-05,3.061506604e-07
7,28.0,32.0,23,2217.109983,1.649935072e-05,3.336929654e-07
7,28.0,32.0,23,2219.145897,1.664553224e-05,3.712652232e-07
7,28.0,32.0,23,2221.181811,1.681387699e-05,3.40629717e-07
7,28.0,32.0,23,2223.217724,1.671407193e-05,3.350710139e-07
7,28.0,32.0,23,2225.253638,1.658736429e-05,3.38200397e-07
7,28.0,32.0,23,2227.289552,1.669688426e-05,3.359909439e-07
7,28.0,32.0,23,2229.325465,1.69795186e-05,3.278806077e-07
7,28.0,32.0,23,2231.361379,1.727270042e-05,3.081432822e-07
7,28.0,32.0,23,2233.397293,1.751841658e-05,3.104525098e-07
7,28.0,32.0,23,2235.433206,1.770230233e-05,3.389339175e-07
7,28.0,32.0,23,2237.46912,1.772283338e-05,3.378142322e-07
7,28.0,32.0,23,2239.505034,1.753715649e-05,3.767986565e-07
7,28.0,32.0,23,2241.540947,1.732257954e-05,3.752276122e-07
7,28.0,32.0,23,2243.576861,1.725537437e-05,3.233618014e-07
7,28.0,32.0,23,2245.612775,1.725612976e-05,3.352012515e-07
7,28.0,32.0,23,2247.648688,1.709843838e-05,3.703769942e-07
7,28.0,32.0,23,2249.684602,1.689571191e-05,3.420005609e-07
7,28.0,32.0,23,2251.720516,1.700407273e-05,3.164670504e-07
7,28.0,32.0,23,2253.756429,1.751213623e-05,3.388441097e-07
7,28.0,32.0,23,2255.792343,1.812908003e-05,3.746544386e-07
7,28.0,32.0,23,2257.828257,1.83668649e-05,4.316702659e-07
7,28.0,32.0,23,2259.86417,1.817208902e-05,4.326266421e-07
7,28.0,32.0,23,2261.900084,1.79211486e-05,4.15256993e-07
7,28.0,32.0,23,2263.935998,1.771364763e-05,4.13002682e-07
7,28.0,32.0,23,2265.971911,1.76043501e-05,3.948396313e-07
7,28.0,32.0,23,2268.007825,1.771707728e-05,3.682428016e-07
7,28.0,32.0,23,2270.043739,1.781902598e-05,3.541981782e-07
7,28.0,32.0,23,2272.079652,1.782977856e-05,3.326456535e-07
7,28.0,32.0,23,2274.115566,1.784451205e-05,3.347220462e-07
7,28.0,32.0,23,2276.15148,1.788407112e-05,3.526632028e-07
7,28.0,32.0,23,2278.187393,1.798204178e-05,3.753571873e-07
7,28.0,32.0,23,2280.223307,1.809461659e-05,3.580547889e-07
7,28.0,32.0,23,2282.259221,1.828311275e-05,3.603052791e-07
7,28.0,32.0,23,2284.295134,1.849027147e-05,3.632838674e-07
7,28.0,32.0,23,2286.331048,1.846628257e-05,4.055262473e-07
7,28.0,32.0,23,2288.366962,1.818962364e-05,4.238389724e-07
7,28.0,32.0,23,2290.402875,1.789399098e-05,4.126985987e-07
7,28.0,32.0,23,2292.438789,1.782682403e-05,3.743976063e-07
7,28.0,32.0,23,2294.474703,1.806771194e-05,3.445434612e-07
7,28.0,32.0,23,2296.510616,1.82722282e-05,3.562558581e-07
7,28.0,32.0,23,2298.54653,1.814063778e-05,3.189494109e-07
7,28.0,32.0,23,2300.582444,1.788949222e-05,2.880581037e-07
7,28.0,32.0,23,2302.618357,1.777896591e-05,3.413059036e-07
7,28.0,32.0,23,2304.654271,1.784511126e-05,3.833680364e-07
7,28.0,32.0,23,2306.690185,1.789855734e-05,3.898930665e-07
7,28.0,32.0,23,2308.726098,1.779499359e-05,3.969541283e-07
7,28.0,32.0,23,2310.762012,1.775896361e-05,3.691731934e-07
7,28.0,32.0,23,2312.797926,1.787179018e-05,3.459826748e-07
7,28.0,32.0,23,2314.833839,1.7752686e-05,3.300948382e-07
7,28.0,32.0,23,2316.869753,1.744100035e-05,3.366948507e-07
7,28.0,32.0,23,2318.905667,1.740971209e-05,3.636728083e-07
7,28.0,32.0,23,2320.94158,1.763720413e-05,3.511000305e-07
7,28.0,32.0,23,2322.977494,1.792142169e-05,3.656307262e-07
7,28.0,32.0,23,2325.013408,1.809005054e-05,3.686622448e-07
7,28.0,32.0,23,2327.049321,1.782577012e-05,3.735159418e-07
7,28.0,32.0,23,2329.085235,1.730342771e-05,3.700338679e-07
7,28.0,32.0,23,2331.121149,1.706300308e-05,3.108925071e-07
7,28.0,32.0,23,2333.157062,1.70864329e-05,2.783246355e-07
7,28.0,32.0,23,2335.192976,1.704820886e-05,3.079816612e-07
7,28.0,32.0,23,2337.22889,1.694515367e-05,3.208175931e-07
7,28.0,32.0,23,2339.264803,1.687380524e-05,2.906861973e-07
7,28.0,32.0,23,2341.300717,1.690310227e-05,2.99985187e-07
7,28.0,32.0,23,2343.336631,1.705955116e-05,3.593611113e-07
7,28.0,32.0,23,2345.372544,1.727006772e-05,3.669243212e-07
7,28.0,32.0,23,2347.408458,1.743046986e-05,3.428476649e-07
7,28.0,32.0,23,2349.444372,1.753508e-05,3.293057437e-07
7,28.0,32.0,23,2351.480285,1.75301994e-05,3.365685481e-07
7,28.0,32.0,23,2353.516199,1.730724653e-05,3.360131544e-07
7,28.0,32.0,23,2355.552113,1.699088802e-05,3.165209919e-07
7,28.0,32.0,23,2357.588026,1.688895832e-05,3.023889214e-07
7,28.0,32.0,23,2359.62394,1.708119619e-05,3.129584622e-07
7,28.0,32.0,23,2361.659854,1.714795073e-05,3.254457668e-07
7,28.0,32.0,23,2363.695767,1.702125974e-05,3.088621061e-07
7,28.0,32.0,23,2365.731681,1.703545648e-05,2.929285999e-07
7,28.0,32.0,23,2367.767595,1.702928953e-05,2.975213256e-07
7,28.0,32.0,23,2369.803508,1.687131239e-05,2.929832259e-07
7,28.0,32.0,23,2371.839422,1.686622874e-05,3.121636594e-07
7,28.0,32.0,23,2373.875336,1.712449985e-05,3.319441335e-07
7,28.0,32.0,23,2375.911249,1.727730309e-05,3.096142158e-07
7,28.0,32.0,23,2377.947163,1.699997505e-05,2.955478842e-07
7,28.0,32.0,23,2379.983077,1.658381579e-05,2.868871726e-07
7,28.0,32.0,23,2382.01899,1.653497441e-05,2.956017797e-07
7,28.0,32.0,23,2384.054904,1.680873427e-05,3.085881429e-07
7,28.0,32.0,23,2386.090818,1.703671967e-05,2.871669326e-07
7,28.0,32.0,23,2388.126731,1.71380434e-05,2.543298119e-07
7,28.0,32.0,23,2390.162645,1.71659179e-05,2.857884785e-07
7,28.0,32.0,23,2392.198559,1.700077282e-05,3.062579916e-07
7,28.0,32.0,23,2394.234472,1.662818395e-05,2.836094586e-07
7,28.0,32.0,23,2396.270386,1.632821629e-05,2.544320093e-07
7,28.0,32.0,23,2398.3063,1.623308489e-05,2.638068238e-07
7,28.0,32.0,23,2400.342213,1.629921044e-05,2.581057766e-07
7,28.0,32.0,23,2402.378127,1.649969893e-05,2.61713301e-07
7,28.0,32.0,23,2404.414041,1.669425558e-05,2.812838281e-07
7,28.0,32.0,23,2406.449954,1.680240669e-05,2.674818468e-07
7,28.0,32.0,23,2408.485868,1.679247831e-05,2.419486781e-07
7,28.0,32.0,23,2410.521782,1.673593518e-05,2.711636951e-07
7,28.0,32.0,23,2412.557695,1.67775743e-05,3.131062252e-07
7,28.0,32.0,23,2414.593609,1.677114842e-05,3.4428473e-07
7,28.0,32.0,23,2416.629523,1.6566871e-05,3.481818819e-07
7,28.0,32.0,23,2418.665436,1.635663999e-05,3.197919017e-07
7,28.0,32.0,23,2420.70135,1.634684353e-05,3.27692466e-07
7,28.0,32.0,23,2422.737264,1.644088328e-05,3.591527166e-07
7,28.0,32.0,23,2424.773177,1.647071399e-05,3.462310648e-07
7,28.0,32.0,23,2426.809091,1.643207175e-05,3.405802458e-07
7,28.0,32.0,23,2428.845005,1.63235475e-05,3.367396168e-07
7,28.0,32.0,23,2430.880918,1.616333804e-05,3.36060649e-07
7,28.0,32.0,23,2432.916832,1.614889681e-05,3.685894195e-07
7,28.0,32.0,23,2434.952746,1.641211602e-05,3.562848005e-07
7,28.0,32.0,23,2436.988659,1.672719582e-05,3.155763867e-07
7,28.0,32.0,23,2439.024573,1.686754603e-05,3.117712267e-07
7,28.0,32.0,23,2441.060487,1.68739591e-05,3.236383406e-07
7,28.0,32.0,23,2443.0964,1.681960835e-05,3.255111436e-07
7,28.0,32.0,23,2445.132314,1.68460385e-05,3.209604044e-07
7,28.0,32.0,23,2447.168228,1.698311643e-05,3.196764274e-07
7,28.0,32.0,23,2449.204141,1.693460837e-05,3.180394009e-07
7,28.0,32.0,23,2451.240055,1.66075071e-05,3.25399332e-07
7,28.0,32.0,23,2453.275969,1.633329661e-05,3.047465183e-07
7,28.0,32.0,23,2455.311882,1.632239142e-05,2.711085564e-07
7,28.0,32.0,23,2457.347796,1.639497791e-05,2.615030533e-07
7,28.0,32.0,23,2459.38371,1.631804378e-05,2.661330127e-07
7,28.0,32.0,23,2461.419623,1.623248574e-05,2.458988824e-07
7,28.0,32.0,23,2463.455537,1.631645157e-05,2.350959587e-07
7,28.0,32.0,23,2465.491451,1.635162561e-05,2.514125124e-07
7,28.0,32.0,23,2467.527364,1.618149785e-05,2.616693539e-07
7,28.0,32.0,23,2469.563278,1.606726221e-05,2.482788941e-07
7,28.0,32.0,23,2471.599192,1.62408263e-05,2.521202614e-07
7,28.0,32.0,23,2473.635105,1.653272522e-05,2.671274604e-07
7,28.0,32.0,23,2475.671019,1.665110456e-05,2.712318862e-07
7,28.0,32.0,23,2477.706933,1.661727892e-05,2.523704794e-07
7,28.0,32.0,23,2479.742846,1.655097374e-05,2.637529445e-07
7,28.0,32.0,23,2481.77876,1.645663165e-05,3.068897341e-07
7,28.0,32.0,23,2483.814674,1.638258974e-05,3.174665404e-07
7,28.0,32.0,23,2485.850587,1.640882824e-05,3.042408735e-07
7,28.0,32.0,23,2487.886501,1.647386977e-05,2.942586365e-07
7,28.0,32.0,23,2489.922415,1.642049821e-05,2.755871881e-07
7,28.0,32.0,23,2491.958328,1.622757792e-05,2.360201793e-07
7,28.0,32.0,23,2493.994242,1.606065735e-05,2.284740665e-07
7,28.0,32.0,23,2496.030156,1.610818817e-05,2.400314618e-07
7,28.0,32.0,23,2498.066069,1.629682079e-05,2.399559864e-07
7,28.0,32.0,23,2500.101983,1.648016619e-05,2.556023762e-07
7,28.0,32.0,23,2502.137897,1.659894206e-05,2.874913913e-07
7,28.0,32.0,23,2504.17381,1.654101959e-05,3.032955645e-07
7,28.0,32.0,23,2506.209724,1.644870739e-05,3.14454908e-07
7,28.0,32.0,23,2508.245638,1.649179002e-05,3.436602555e-07
7,28.0,32.0,23,2510.281551,1.650413816e-05,3.545299299e-07
7,28.0,32.0,23,2512.317465,1.653137102e-05,3.261645136e-07
7,28.0,32.0,23,2514.353379,1.674443393e-05,2.954592458e-07
7,28.0,32.0,23,2516.389292,1.690685973e-05,2.755455801e-07
7,28.0,32.0,23,2518.425206,1.683405017e-05,2.76423962e-07
7,28.0,32.0,23,2520.46112,1.677202139e-05,2.859590817e-07
7,28.0,32.0,23,2522.497033,1.688385689e-05,3.008008594e-07
7,28.0,32.0,23,2524.532947,1.696615062e-05,2.856638499e-07
7,28.0,32.0,23,2526.568861,1.691956737e-05,2.73418604e-07
7,28.0,32.0,23,2528.604774,1.684736752e-05,2.811892806e-07
7,28.0,32.0,23,2530.640688,1.68302489e-05,2.708346424e-07
7,28.0,32.0,23,2532.676602,1.678096413e-05,2.871875676e-07
7,28.0,32.0,23,2534.712515,1.658144265e-05,3.031007298e-07
7,28.0,32.0,23,2536.748429,1.640600825e-05,3.053025892e-07
7,28.0,32.0,23,2538.784343,1.641620035e-05,2.952281058e-07
7,28.0,32.0,23,2540.820256,1.656363395e-05,2.692288951e-07
7,28.0,32.0,23,2542.85617,1.669198492e-05,2.527832685e-07
7,28.0,32.0,23,2544.892084,1.665097717e-05,2.571682587e-07
7,28.0,32.0,23,2546.927997,1.646478521e-05,2.730943765e-07
7,28.0,32.0,23,2548.963911,1.629923783e-05,2.828342454e-07
7,28.0,32.0,23,2550.999825,1.629083797e-05,2.763134294e-07
7,28.0,32.0,23,2553.035738,1.639334729e-05,2.272972201e-07
7,28.0,32.0,23,2555.071652,1.65016627e-05,2.272295196e-07
7,28.0,32.0,23,2557.107566,1.659481717e-05,2.457909214e-07
7,28.0,32.0,23,2559.143479,1.669712091e-05,2.672184383e-07
7,28.0,32.0,23,2561.179393,1.676028937e-05,2.795463868e-07
7,28.0,32.0,23,2563.215307,1.667541288e-05,2.849999306e-07
7,28.0,32.0,23,2565.25122,1.651994993e-05,2.920735046e-07
7,28.0,32.0,23,2567.287134,1.645685917e-05,2.670589204e-07
7,28.0,32.0,23,2569.323048,1.650824827e-05,2.409827891e-07
7,28.0,32.0,23,2571.358961,1.65656736e-05,2.485810712e-07
7,28.0,32.0,23,2573.394875,1.652763573e-05,2.551594651e-07
7,28.0,32.0,23,2575.430789,1.650761132e-05,2.294924191e-07
7,28.0,32.0,23,2577.466702,1.661326627e-05,2.488114963e-07
7,28.0,32.0,23,2579.502616,1.669324373e-05,2.795355565e-07
7,28.0,32.0,23,2581.53853,1.672732403e-05,2.916797787e-07
7,28.0,32.0,23,2583.574443,1.686643899e-05,2.946605038e-07
7,28.0,32.0,23,2585.610357,1.701309879e-05,2.903090387e-07
7,28.0,32.0,23,2587.646271,1.699621957e-05,2.973256914e-07
7,28.0,32.0,23,2589.682184,1.694768947e-05,2.817379279e-07
7,28.0,32.0,23,2591.718098,1.698688442e-05,2.677921332e-07
7,28.0,32.0,23,2593.754012,1.700246666e-05,2.682682387e-07
7,28.0,32.0,23,2595.789925,1.696108773e-05,2.711815981e-07
7,28.0,32.0,23,2597.825839,1.689623174e-05,2.857648812e-07
7,28.0,32.0,23,2599.861753,1.68969475e-05,2.912778715e-07
7,28.0,32.0,23,2601.897666,1.70109163e-05,3.043288266e-07
7,28.0,32.0,23,2603.93358,1.707628259e-05,3.245140995e-07
7,28.0,32.0,23,2605.969494,1.700942839e-05,3.125592366e-07
7,28.0,32.0,23,2608.005407,1.690662815e-05,3.0968132e-07
7,28.0,32.0,23,2610.041321,1.69034373e-05,2.916178493e-07
7,28.0,32.0,23,2612.077235,1.702721989e-05,2.561112646e-07
7,28.0,32.0,23,2614.113148,1.706139064e-05,2.633093142e-07
7,28.0,32.0,23,2616.149062,1.70448194e-05,2.77698919e-07
7,28.0,32.0,23,2618.184976,1.720841947e-05,2.86143572e-07
7,28.0,32.0,23,2620.220889,1.74155505e-05,2.803419817e-07
7,28.0,32.0,23,2622.256803,1.753672792e-05,2.854803079e-07
7,28.0,32.0,23,2624.292717,1.754068766e-05,2.779157433e-07
7,28.0,32.0,23,2626.32863,1.736603547e-05,3.010665658e-07
7,28.0,32.0,23,2628.364544,1.720000635e-05,3.22757062e-07
7,28.0,32.0,23,2630.400458,1.718961802e-05,3.181096657e-07
7,28.0,32.0,23,2632.436371,1.715863274e-05,3.39631071e-07
7,28.0,32.0,23,2634.472285,1.701514131e-05,3.301553507e-07
7,28.0,32.0,23,2636.508199,1.699805819e-05,3.266589051e-07
7,28.0,32.0,23,2638.544112,1.720412551e-05,3.151958645e-07
7,28.0,32.0,23,2640.580026,1.74254413e-05,3.122799365e-07
7,28.0,32.0,23,2642.61594,1.755294319e-05,3.473276486e-07
7,28.0,32.0,23,2644.651853,1.769833956e-05,3.819360258e-07
7,28.0,32.0,23,2646.687767,1.789273912e-05,3.979164324e-07
7,28.0,32.0,23,2648.723681,1.793262536e-05,3.754730183e-07
7,28.0,32.0,23,2650.759594,1.781019989e-05,3.264523895e-07
7,28.0,32.0,23,2652.795508,1.77682294e-05,2.873651858e-07
7,28.0,32.0,23,2654.831422,1.784157646e-05,2.91164152e-07
7,28.0,32.0,23,2656.867335,1.794770559e-05,3.053443154e-07
7,28.0,32.0,23,2658.903249,1.81697549e-05,3.453689409e-07
7,28.0,32.0,23,2660.939163,1.844974147e-05,3.814016715e-07
7,28.0,32.0,23,2662.975076,1.85367597e-05,3.527591836e-07
7,28.0,32.0,23,2665.01099,1.856440129e-05,3.397390867e-07
7,28.0,32.0,23,2667.046904,1.890615299e-05,3.734481572e-07
7,28.0,32.0,23,2669.082817,1.934988285e-05,4.122428652e-07
7,28.0,32.0,23,2671.118731,1.94378937e-05,4.035232094e-07
7,28.0,32.0,23,2673.154645,1.929105266e-05,3.894811333e-07
7,28.0,32.0,23,2675.190558,1.90931485e-05,4.016913592e-07
7,28.0,32.0,23,2677.226472,1.891718669e-05,4.321964013e-07
7,28.0,32.0,23,2679.262386,1.889667136e-05,4.542000165e-07
7,28.0,32.0,23,2681.298299,1.900493491e-05,4.539860411e-07
7,28.0,32.0,23,2683.334213,1.92922158e-05,4.644571159e-07
7,28.0,32.0,23,2685.370127,1.973872965e-05,4.964778456e-07
7,28.0,32.0,23,2687.40604,2.001018137e-05,4.999736488e-07
7,28.0,32.0,23,2689.441954,2.002146938e-05,4.817599021e-07
7,28.0,32.0,23,2691.477868,2.005836945e-05,4.994042043e-07
7,28.0,32.0,23,2693.513781,2.019898445e-05,5.436556672e-07
7,28.0,32.0,23,2695.549695,2.026608001e-05,5.88775526e-07
7,28.0,32.0,23,2697.585609,2.033332777e-05,6.167938008e-07
7,28.0,32.0,23,2699.621522,2.058128697e-05,6.034941099e-07
7,28.0,32.0,23,2701.657436,2.07821367e-05,5.844779408e-07
7,28.0,32.0,23,2703.69335,2.070576157e-05,5.783217899e-07
7,28.0,32.0,23,2705.729263,2.056824706e-05,5.750363136e-07
7,28.0,32.0,23,2707.765177,2.064273444e-05,5.732671865e-07
7,28.0,32.0,23,2709.801091,2.084707019e-05,5.684500111e-07
7,28.0,32.0,23,2711.837004,2.091024281e-05,5.280391734e-07
7,28.0,32.0,23,2713.872918,2.088829566e-05,5.20994382e-07
7,28.0,32.0,23,2715.908832,2.103690339e-05,5.666607411e-07
7,28.0,32.0,23,2717.944745,2.136600014e-05,6.042435233e-07
7,28.0,32.0,23,2719.980659,2.17411837e-05,6.039376297e-07
7,28.0,32.0,23,2722.016573,2.21235678e-05,5.81168555e-07
7,28.0,32.0,23,2724.052486,2.251223354e-05,5.703737137e-07
7,28.0,32.0,23,2726.0884,2.283433455e-05,5.782230631e-07
7,28.0,32.0,23,2728.124314,2.305953692e-05,6.257053634e-07
7,28.0,32.0,23,2730.160227,2.31647188e-05,6.689256348e-07
7,28.0,32.0,23,2732.196141,2.29911665e-05,6.876659236e-07
7,28.0,32.0,23,2734.232055,2.272817665e-05,6.42444248e-07
7,28.0,32.0,23,2736.267968,2.270936006e-05,5.810325744e-07
7,28.0,32.0,23,2738.303882,2.276932833e-05,5.574932415e-07
7,28.0,32.0,23,2740.339796,2.304542565e-05,5.992552474e-07
7,28.0,32.0,23,2742.375709,2.372976939e-05,6.639522834e-07
7,28.0,32.0,23,2744.411623,2.428870638e-05,7.066360272e-07
7,28.0,32.0,23,2746.447537,2.434908154e-05,7.44168048e-07
7,28.0,32.0,23,2748.48345,2.425376153e-05,7.439430966e-07
7,28.0,32.0,23,2750.519364,2.456289037e-05,7.02481035e-07
7,28.0,32.0,23,2752.555278,2.509821668e-05,6.775397808e-07
7,28.0,32.0,23,2754.591191,2.54151412e-05,6.830381819e-07
7,28.0,32.0,23,2756.627105,2.567098e-05,7.15789259e-07
7,28.0,32.0,23,2758.663019,2.586674644e-05,7.845686147e-07
7,28.0,32.0,23,2760.698932,2.606159964e-05,8.472126218e-07
7,28.0,32.0,23,2762.734846,2.65192435e-05,8.745961618e-07
7,28.0,32.0,23,2764.77076,2.711323624e-05,9.266254437e-07
7,28.0,32.0,23,2766.806673,2.758566368e-05,9.759534546e-07
7,28.0,32.0,23,2768.842587,2.790658313e-05,9.599278835e-07
7,28.0,32.0,23,2770.878501,2.835811607e-05,9.71770305e-07
7,28.0,32.0,23,2772.914414,2.891239378e-05,1.018735854e-06
7,28.0,32.0,23,2774.950328,2.929790241e-05,1.008200557e-06
7,28.0,32.0,23,2776.986242,2.959347649e-05,9.712609273e-07
7,28.0,32.0,23,2779.022155,2.954585368e-05,9.194327418e-07
7,28.0,32.0,23,2781.058069,2.930950973e-05,8.439729684e-07
7,28.0,32.0,23,2783.093983,2.967060451e-05,8.666774547e-07
7,28.0,32.0,23,2785.129896,3.036364717e-05,9.74796107e-07
7,28.0,32.0,23,2787.16581,3.106955382e-05,1.023019183e-06
7,28.0,32.0,23,2789.201724,3.190382265e-05,9.742530302e-07
7,28.0,32.0,23,2791.237637,3.242703004e-05,9.616923017e-07
7,28.0,32.0,23,2793.273551,3.239786326e-05,9.883151751e-07
7,28.0,32.0,23,2795.309465,3.264026466e-05,1.036196447e-06
7,28.0,32.0,23,2797.345378,3.368382616e-05,1.111416698e-06
7,28.0,32.0,23,2799.381292,3.450767069e-05,1.10332904e-06
7,28.0,32.0,23,2801.417206,3.457624454e-05,1.086936506e-06
7,28.0,32.0,23,2803.453119,3.457251733e-05,1.172784634e-06
7,28.0,32.0,23,2805.489033,3.459072571e-05,1.190854151e-06
7,28.0,32.0,23,2807.524947,3.477660124e-05,1.251747083e-06
7,28.0,32.0,23,2809.56086,3.538975217e-05,1.296151415e-06
7,28.0,32.0,23,2811.596774,3.620648095e-05,1.286565819e-06
7,28.0,32.0,23,2813.632688,3.726955416e-05,1.228001927e-06
7,28.0,32.0,23,2815.668601,3.836214354e-05,1.25209286e-06
7,28.0,32.0,23,2817.704515,3.881000451e-05,1.237745154e-06
7,28.0,32.0,23,2819.740429,3.8641377e-05,1.18114469e-06
7,28.0,32.0,23,2821.776342,3.916348228e-05,1.280478297e-06
7,28.0,32.0,23,2823.812256,4.093090163e-05,1.493609874e-06
7,28.0,32.0,23,2825.84817,4.27194735e-05,1.7282421e-06
7,28.0,32.0,23,2827.884083,4.367868291e-05,1.868808451e-06
7,28.0,32.0,23,2829.919997,4.384976768e-05,1.689123933e-06
7,28.0,32.0,23,2831.955911,4.34800206e-05,1.387303363e-06
7,28.0,32.0,23,2833.991824,4.311421885e-05,1.221298226e-06
7,28.0,32.0,23,2836.027738,4.311178535e-05,1.23200081e-06
7,28.0,32.0,23,2838.063652,4.352165987e-05,1.35219282e-06
7,28.0,32.0,23,2840.099565,4.450026027e-05,1.553001634e-06
7,28.0,32.0,23,2842.135479,4.616642165e-05,1.691002507e-06
7,28.0,32.0,23,2844.171393,4.812990635e-05,1.72680282e-06
7,28.0,32.0,23,2846.207306,4.960538109e-05,1.751686462e-06
7,28.0,32.0,23,2848.24322,5.026071318e-05,1.661844018e-06
7,28.0,32.0,23,2850.279134,5.053369095e-05,1.633620093e-06
7,28.0,32.0,23,2852.315047,5.089120679e-05,1.715411517e-06
7,28.0,32.0,23,2854.350961,5.090855378e-05,1.768013275e-06
7,28.0,32.0,23,2856.386875,5.045325574e-05,1.804868302e-06
7,28.0,32.0,23,2858.422788,5.116144042e-05,1.796410438e-06
7,28.0,32.0,23,2860.458702,5.396094448e-05,1.83250822e-06
7,28.0,32.0,23,2862.494616,5.766390666e-05,2.108196426e-06
7,28.0,32.0,23,2864.530529,6.007837571e-05,2.500471478e-06
7,28.0,32.0,23,2866.566443,5.998743351e-05,2.565223353e-06
7,28.0,32.0,23,2868.602357,5.891994395e-05,2.26948069e-06
7,28.0,32.0,23,2870.63827,5.872220103e-05,2.147321173e-06
7,28.0,32.0,23,2872.674184,5.922527167e-05,2.22080487e-06
7,28.0,32.0,23,2874.710098,5.992009397e-05,2.29205239e-06
7,28.0,32.0,23,2876.746011,6.063453728e-05,2.271371588e-06
7,28.0,32.0,23,2878.781925,6.128530711e-05,2.313572913e-06
7,28.0,32.0,23,2880.817839,6.26813171e-05,2.469436576e-06
7,28.0,32.0,23,2882.853752,6.472536758e-05,2.541513566e-06
7,28.0,32.0,23,2884.889666,6.660433933e-05,2.409683797e-06
7,28.0,32.0,23,2886.92558,6.869225472e-05,2.370912898e-06
7,28.0,32.0,23,2888.961493,6.987448486e-05,2.368835182e-06
7,28.0,32.0,23,2890.997407,6.975572227e-05,2.233040902e-06
7,28.0,32.0,23,2893.033321,7.025292018e-05,2.058292436e-06
7,28.0,32.0,23,2895.069234,7.155857078e-05,2.115000458e-06
7,28.0,32.0,23,2897.105148,7.304853635e-05,2.518722561e-06
7,28.0,32.0,23,2899.141062,7.48323782e-05,2.838407468e-06
7,28.0,32.0,23,2901.176975,7.639815756e-05,2.800753718e-06
7,28.0,32.0,23,2903.212889,7.731957384e-05,2.598026909e-06
7,28.0,32.0,23,2905.248803,7.794592693e-05,2.599329928e-06
7,28.0,32.0,23,2907.284716,7.919596683e-05,2.770910253e-06
7,28.0,32.0,23,2909.32063,8.146244261e-05,2.714617736e-06
7,28.0,32.0,23,2911.356544,8.341226823e-05,2.737727919e-06
7,28.0,32.0,23,2913.392457,8.436432601e-05,2.801006436e-06
7,28.0,32.0,23,2915.428371,8.626848818e-05,2.593538753e-06
7,28.0,32.0,23,2917.464285,8.902723506e-05,2.590186496e-06
7,28.0,32.0,23,2919.500198,9.040879408e-05,2.527000162e-06
7,28.0,32.0,23,2921.536112,9.142815784e-05,2.423994737e-06
7,28.0,32.0,23,2923.572026,9.398275086e-05,2.476212136e-06
7,28.0,32.0,23,2925.607939,9.696379419e-05,2.894845873e-06
7,28.0,32.0,23,2927.643853,9.91878135e-05,3.352187686e-06
7,28.0,32.0,23,2929.679767,0.0001020227882,3.631743215e-06
7,28.0,32.0,23,2931.71568,0.0001061278556,3.660056074e-06
7,28.0,32.0,23,2933.751594,0.0001087693026,3.763207447e-06
7,28.0,32.0,23,2935.787508,0.0001081102222,3.83610158e-06
7,28.0,32.0,23,2937.823421,0.0001072834497,3.936863949e-06
7,28.0,32.0,23,2939.859335,0.0001087736015,3.643920289e-06
7,28.0,32.0,23,2941.895249,0.0001114600801,3.542108826e-06
7,28.0,32.0,23,2943.931162,0.0001144192471,4.115063718e-06
7,28.0,32.0,23,2945.967076,0.0001163563597,4.696046558e-06
7,28.0,32.0,23,2948.00299,0.0001164781175,4.530897342e-06
7,28.0,32.0,23,2950.038903,0.0001163503917,3.908431559e-06
7,28.0,32.0,23,2952.074817,0.0001175356403,3.625953556e-06
7,28.0,32.0,23,2954.110731,0.0001205597489,3.897539814e-06
7,28.0,32.0,23,2956.146644,0.0001252228993,4.373146954e-06
7,28.0,32.0,23,2958.182558,0.0001291990193,4.647230395e-06
7,28.0,32.0,23,2960.218472,0.0001307014853,4.961423415e-06
7,28.0,32.0,23,2962.254385,0.0001310817414,5.381259836e-06
7,28.0,32.0,23,2964.290299,0.00013247101,5.360957566e-06
7,28.0,32.0,23,2966.326213,0.0001368148703,4.953738934e-06
7,28.0,32.0,23,2968.362126,0.0001431967809,4.845334479e-06
7,28.0,32.0,23,2970.39804,0.000147493198,5.249583042e-06
7,28.0,32.0,23,2972.433954,0.0001487844428,5.275054145e-06
7,28.0,32.0,23,2974.469867,0.0001493534002,5.450554345e-06
7,28.0,32.0,23,2976.505781,0.0001491476424,5.597892886e-06
7,28.0,32.0,23,2978.541695,0.0001479296191,5.313625002e-06
7,28.0,32.0,23,2980.577608,0.0001506640768,5.525838544e-06
7,28.0,32.0,23,2982.613522,0.0001591117144,5.686776562e-06
7,28.0,32.0,23,2984.649436,0.0001676485974,5.33571343e-06
7,28.0,32.0,23,2986.685349,0.0001729847339,5.181022173e-06
7,28.0,32.0,23,2988.721263,0.0001764628098,5.554224517e-06
7,28.0,32.0,23,2990.757177,0.0001788428773,5.737032956e-06
7,28.0,32.0,23,2992.79309,0.0001815157426,5.803686277e-06
7,28.0,32.0,23,2994.829004,0.0001872706358,6.475516301e-06
7,28.0,32.0,23,2996.864918,0.0001931682811,6.935052476e-06
7,28.0,32.0,23,2998.900831,0.0001963985154,6.613609531e-06
7,28.0,32.0,23,3000.936745,0.0002011135662,6.822610346e-06
7,28.0,32.0,23,3002.972659,0.0002071095632,7.298743437e-06
7,28.0,32.0,23,3005.008572,0.0002110060046,7.489323169e-06
7,28.0,32.0,23,3007.044486,0.0002136422752,6.846592631e-06
7,28.0,32.0,23,3009.0804,0.0002148646159,6.193400349e-06
7,28.0,32.0,23,3011.116313,0.0002147404703,6.040516992e-06
7,28.0,32.0,23,3013.152227,0.0002174192739,6.032456297e-06
7,28.0,32.0,23,3015.188141,0.0002241415516,6.673878506e-06
7,28.0,32.0,23,3017.224054,0.0002308373693,7.010572588e-06
7,28.0,32.0,23,3019.259968,0.0002332393328,7.036999937e-06
7,28.0,32.0,23,3021.295882,0.0002344087931,8.031189273e-06
7,28.0,32.0,23,3023.331795,0.0002395693343,9.407432994e-06
7,28.0,32.0,23,3025.367709,0.0002448777685,9.243037053e-06
7,28.0,32.0,23,3027.403623,0.0002482345609,8.959082259e-06
7,28.0,32.0,23,3029.439536,0.0002523201457,8.676447309e-06
7,28.0,32.0,23,3031.47545,0.0002569496356,8.225816128e-06
7,28.0,32.0,23,3033.511364,0.0002579555291,7.732247899e-06
7,28.0,32.0,23,3035.547277,0.0002546691271,7.349932845e-06
7,28.0,32.0,23,3037.583191,0.0002568181123,9.310544097e-06
7,28.0,32.0,23,3039.619105,0.0002704326019,1.044009018e-05
7,28.0,32.0,23,3041.655018,0.0002857506697,9.41542444e-06
7,28.0,32.0,23,3043.690932,0.0002937261036,8.584089659e-06
7,28.0,32.0,23,3045.726846,0.0002938750402,8.765298193e-06
7,28.0,32.0,23,3047.762759,0.0002888212381,8.565382514e-06
7,28.0,32.0,23,3049.798673,0.0002867205671,8.857897227e-06
7,28.0,32.0,23,3051.834587,0.0002925176264,8.993545662e-06
7,28.0,32.0,23,3053.8705,0.0003056003149,9.377204498e-06
7,28.0,32.0,23,3055.906414,0.0003185460613,1.072951009e-05
7,28.0,32.0,23,3057.942328,0.0003246484718,1.076620532e-05
7,28.0,32.0,23,3059.978241,0.0003252786488,8.849841327e-06
7,28.0,32.0,23,3062.014155,0.0003201755514,7.427825547e-06
7,28.0,32.0,23,3064.050069,0.0003199211413,9.116252906e-06
7,28.0,32.0,23,3066.085982,0.0003338098275,1.159810424e-05
7,28.0,32.0,23,3068.121896,0.0003474164968,1.21604382e-05
7,28.0,32.0,23,3070.15781,0.0003506706858,1.207506064e-05
7,28.0,32.0,23,3072.193723,0.0003505649321,1.119801872e-05
7,28.0,32.0,23,3074.229637,0.000355236432,1.021053379e-05
7,28.0,32.0,23,3076.265551,0.0003633935997,1.045091211e-05
7,28.0,32.0,23,3078.301464,0.0003701533205,1.117311124e-05
7,28.0,32.0,23,3080.337378,0.0003805826527,1.122187797e-05
7,28.0,32.0,23,3082.373292,0.0003940749402,1.212056361e-05
7,28.0,32.0,23,3084.409205,0.0003975896852,1.301122503e-05
7,28.0,32.0,23,3086.445119,0.0003910362548,1.242340708e-05
7,28.0,32.0,23,3088.481033,0.0003904840792,1.102493427e-05
7,28.0,32.0,23,3090.516946,0.0003996515214,1.036423129e-05
7,28.0,32.0,23,3092.55286,0.0004058967862,9.627400482e-06
7,28.0,32.0,23,3094.588774,0.000405619935,1.035430605e-05
7,28.0,32.0,23,3096.624687,0.000405612638,1.27406686e-05
7,28.0,32.0,23,3098.660601,0.0004079049321,1.390511059e-05
7,28.0,32.0,23,3100.696515,0.0004164861551,1.369686873e-05
7,28.0,32.0,23,3102.732428,0.0004347687086,1.340489757e-05
7,28.0,32.0,23,3104.768342,0.0004488850746,1.343557091e-05
7,28.0,32.0,23,3106.804256,0.0004500527324,1.210236385e-05
7,28.0,32.0,23,3108.840169,0.0004480511363,1.205427093e-05
7,28.0,32.0,23,3110.876083,0.000448103419,1.373128092e-05
7,28.0,32.0,23,3112.911997,0.0004477055738,1.516210095e-05
7,28.0,32.0,23,3114.94791,0.0004507935732,1.620392398e-05
7,28.0,32.0,23,3116.983824,0.000459361297,1.567503987e-05
7,28.0,32.0,23,3119.019738,0.0004687035804,1.398426436e-05
7,28.0,32.0,23,3121.055651,0.0004774380109,1.218782279e-05
7,28.0,32.0,23,3123.091565,0.0004783254537,1.109508181e-05
7,28.0,32.0,23,3125.127479,0.0004636737833,1.093439706e-05
7,28.0,32.0,23,3127.163392,0.0004522416025,1.097342292e-05
7,28.0,32.0,23,3129.199306,0.0004645512059,1.168310914e-05
7,28.0,32.0,23,3131.23522,0.0004871360589,1.350398769e-05
7,28.0,32.0,23,3133.271133,0.0004999654782,1.419710935e-05
7,28.0,32.0,23,3135.307047,0.0005033592313,1.444137262e-05
7,28.0,32.0,23,3137.342961,0.0005024704738,1.321951928e-05
7,28.0,32.0,23,3139.378874,0.0005014116073,1.28124965e-05
7,28.0,32.0,23,3141.414788,0.0005018902886,1.36772049e-05
7,28.0,32.0,23,3143.450702,0.0004995234753,1.414479058e-05
7,28.0,32.0,23,3145.486615,0.0005008461566,1.404302025e-05
7,28.0,32.0,23,3147.522529,0.0005068992711,1.285991641e-05
7,28.0,32.0,23,3149.558443,0.0005088811037,1.084793382e-05
7,28.0,32.0,23,3151.594356,0.0005122211969,1.042427692e-05
7,28.0,32.0,23,3153.63027,0.0005204650062,1.182626751e-05
7,28.0,32.0,23,3155.666184,0.0005238628792,1.308206256e-05
7,28.0,32.0,23,3157.702097,0.0005227718963,1.318777547e-05
7,28.0,32.0,23,3159.738011,0.0005254438183,1.31711162e-05
7,28.0,32.0,23,3161.773925,0.0005326987253,1.266953502e-05
7,28.0,32.0,23,3163.809838,0.0005478604184,1.38347682e-05
7,28.0,32.0,23,3165.845752,0.000565517112,1.437854019e-05
7,28.0,32.0,23,3167.881666,0.00056857702,1.374571319e-05
7,28.0,32.0,23,3169.917579,0.0005573556258,1.343623905e-05
7,28.0,32.0,23,3171.953493,0.0005462786424,1.389439524e-05
7,28.0,32.0,23,3173.989407,0.0005422472631,1.369837038e-05
7,28.0,32.0,23,3176.02532,0.0005484558569,1.417023598e-05
7,28.0,32.0,23,3178.061234,0.0005609399307,1.569961131e-05
7,28.0,32.0,23,3180.097148,0.0005679108685,1.519712817e-05
7,28.0,32.0,23,3182.133061,0.0005594576724,1.36583312e-05
7,28.0,32.0,23,3184.168975,0.0005455861511,1.268805689e-05
7,28.0,32.0,23,3186.204889,0.0005538162702,1.347096244e-05
7,28.0,32.0,23,3188.240802,0.0005739473859,1.501629861e-05
7,28.0,32.0,23,3190.276716,0.0005800937082,1.624331541e-05
7,28.0,32.0,23,3192.31263,0.0005741458949,1.504608137e-05
7,28.0,32.0,23,3194.348543,0.0005622872181,1.390638631e-05
7,28.0,32.0,23,3196.384457,0.0005560043161,1.467362093e-05
7,28.0,32.0,23,3198.420371,0.0005629935338,1.601927408e-05
7,28.0,32.0,23,3200.456284,0.0005735033864,1.528995737e-05
7,28.0,32.0,23,3202.492198,0.0005792260172,1.393441597e-05
7,28.0,32.0,23,3204.528112,0.0005843012538,1.364904498e-05
7,28.0,32.0,23,3206.564025,0.0005938479816,1.405430794e-05
7,28.0,32.0,23,3208.599939,0.000601894802,1.373200704e-05
7,28.0,32.0,23,3210.635853,0.0006027896138,1.318444907e-05
7,28.0,32.0,23,3212.671766,0.0005982428492,1.398839241e-05
7,28.0,32.0,23,3214.70768,0.0005962050348,1.471345754e-05
7,28.0,32.0,23,3216.743594,0.0006000483227,1.507465544e-05
7,28.0,32.0,23,3218.779507,0.0006025625085,1.48956734e-05
7,28.0,32.0,23,3220.815421,0.0006017965511,1.425250055e-05
7,28.0,32.0,23,3222.851335,0.000600025463,1.385453636e-05
7,28.0,32.0,23,3224.887248,0.000598987367,1.281339449e-05
7,28.0,32.0,23,3226.923162,0.0006029537854,1.232339014e-05
7,28.0,32.0,23,3228.959076,0.0006088553569,1.20593769e-05
7,28.0,32.0,23,3230.994989,0.0006110553852,1.380303977e-05
7,28.0,32.0,23,3233.030903,0.0006134391063,1.569481986e-05
7,28.0,32.0,23,3235.066817,0.0006204383414,1.520402986e-05
7,28.0,32.0,23,3237.10273,0.0006268057651,1.598622122e-05
7,28.0,32.0,23,3239.138644,0.0006287860509,1.625350861e-05
7,28.0,32.0,23,3241.174558,0.0006335981978,1.456264519e-05
7,28.0,32.0,23,3243.210472,0.0006393432363,1.38495806e-05
7,28.0,32.0,23,3245.246385,0.0006388945573,1.253959374e-05
7,28.0,32.0,23,3247.282299,0.0006388624762,1.239323448e-05
7,28.0,32.0,23,3249.318213,0.0006427434157,1.261355681e-05
7,28.0,32.0,23,3251.354126,0.0006415903915,1.118831323e-05
7,28.0,32.0,23,3253.39004,0.0006348519997,1.174180752e-05
7,28.0,32.0,23,3255.425954,0.0006353973747,1.314336943e-05
7,28.0,32.0,23,3257.461867,0.0006410297069,1.56133227e-05
7,28.0,32.0,23,3259.497781,0.0006433748793,1.698015839e-05
7,28.0,32.0,23,3261.533695,0.0006479248138,1.496608978e-05
7,28.0,32.0,23,3263.569608,0.0006497333909,1.284522787e-05
7,28.0,32.0,23,3265.605522,0.000645226267,1.409372815e-05
7,28.0,32.0,23,3267.641436,0.0006441900394,1.616396426e-05
7,28.0,32.0,23,3269.677349,0.000650348362,1.636308913e-05
7,28.0,32.0,23,3271.713263,0.0006609571791,1.458951064e-05
7,28.0,32.0,23,3273.749177,0.0006710853086,1.386726304e-05
7,28.0,32.0,23,3275.78509,0.0006766551149,1.419002096e-05
7,28.0,32.0,23,3277.821004,0.0006835181179,1.610835476e-05
7,28.0,32.0,23,3279.856918,0.0006920249724,1.862966977e-05
7,28.0,32.0,23,3281.892831,0.0006944539458,1.922832391e-05
7,28.0,32.0,23,3283.928745,0.0006930004941,1.932730162e-05
7,28.0,32.0,23,3285.964659,0.0006926871253,1.74695442e-05
7,28.0,32.0,23,3288.000572,0.0006951183256,1.75035663e-05
7,28.0,32.0,23,3290.036486,0.0006957882029,1.917040362e-05
7,28.0,32.0,23,3292.0724,0.0006961237864,1.782031601e-05
7,28.0,32.0,23,3294.108313,0.0007057744492,1.661330744e-05
7,28.0,32.0,23,3296.144227,0.0007093286386,1.851365824e-05
7,28.0,32.0,23,3298.180141,0.0006953244534,1.817993409e-05
7,28.0,32.0,23,3300.216054,0.0006850286615,1.530779199e-05
7,28.0,32.0,23,3302.251968,0.0006833168782,1.407155764e-05
7,28.0,32.0,23,3304.287882,0.0006845991217,1.321168817e-05
7,28.0,32.0,23,3306.323795,0.0006928134879,1.29748345e-05
7,28.0,32.0,23,3308.359709,0.0007072560786,1.449959363e-05
7,28.0,32.0,23,3310.395623,0.0007190627376,1.774972368e-05
7,28.0,32.0,23,3312.431536,0.0007203206831,1.788280162e-05
7,28.0,32.0,23,3314.46745,0.0007112156352,1.673991783e-05
7,28.0,32.0,23,3316.503364,0.0006991628298,1.84005204e-05
7,28.0,32.0,23,3318.539277,0.0006954620914,2.080041328e-05
7,28.0,32.0,23,3320.575191,0.0006987915047,2.065273225e-05
7,28.0,32.0,23,3322.611105,0.0006990100749,1.771101066e-05
7,28.0,32.0,23,3324.647018,0.0007004504218,1.565024945e-05
7,28.0,32.0,23,3326.682932,0.0007064192565,1.546610347e-05
7,28.0,32.0,23,3328.718846,0.0007045828041,1.676739605e-05
7,28.0,32.0,23,3330.754759,0.0006935779482,1.824874906e-05
7,28.0,32.0,23,3332.790673,0.0006906325591,1.839290967e-05
7,28.0,32.0,23,3334.826587,0.0007014817149,1.728911987e-05
7,28.0,32.0,23,3336.8625,0.0007063865061,1.48425351e-05
7,28.0,32.0,23,3338.898414,0.0006945664524,1.410367694e-05
7,28.0,32.0,23,3340.934328,0.0006824329242,1.302084126e-05
7,28.0,32.0,23,3342.970241,0.0006782651481,1.420576079e-05
7,28.0,32.0,23,3345.006155,0.0006691875751,1.696243075e-05
7,28.0,32.0,23,3347.042069,0.0006565435879,1.703562217e-05
7,28.0,32.0,23,3349.077982,0.0006533792348,1.636230548e-05
7,28.0,32.0,23,3351.113896,0.0006610746887,1.557796903e-05
7,28.0,32.0,23,3353.14981,0.0006719727704,1.599400237e-05
7,28.0,32.0,23,3355.185723,0.0006738060497,1.514807064e-05
7,28.0,32.0,23,3357.221637,0.00065674327,1.627617083e-05
7,28.0,32.0,23,3359.257551,0.0006308311653,1.646451759e-05
7,28.0,32.0,23,3361.293464,0.0006221835377,1.461673511e-05
7,28.0,32.0,23,3363.329378,0.0006398863644,1.359070539e-05
7,28.0,32.0,23,3365.365292,0.0006598208764,1.364457923e-05
7,28.0,32.0,23,3367.401205,0.0006601076118,1.581321974e-05
7,28.0,32.0,23,3369.437119,0.0006474309231,1.575785596e-05
7,28.0,32.0,23,3371.473033,0.0006370067878,1.612503431e-05
7,28.0,32.0,23,3373.508946,0.0006283761604,1.658938487e-05
7,28.0,32.0,23,3375.54486,0.0006123310947,1.561846296e-05
7,28.0,32.0,23,3377.580774,0.0005951125885,1.543581257e-05
7,28.0,32.0,23,3379.616687,0.0005888334553,1.628789421e-05
7,28.0,32.0,23,3381.652601,0.0005925907114,1.487420645e-05
7,28.0,32.0,23,3383.688515,0.0005961533055,1.509919617e-05
7,28.0,32.0,23,3385.724428,0.0005854616342,1.597429425e-05
7,28.0,32.0,23,3387.760342,0.0005618775363,1.484400303e-05
7,28.0,32.0,23,3389.796256,0.000546661649,1.331358467e-05
7,28.0,32.0,23,3391.832169,0.0005458190185,1.392026654e-05
7,28.0,32.0,23,3393.868083,0.0005486330038,1.39978846e-05
7,28.0,32.0,23,3395.903997,0.0005510306431,1.359757298e-05
7,28.0,32.0,23,3397.93991,0.0005487193551,1.41810748e-05
7,28.0,32.0,23,3399.975824,0.0005425876646,1.367433823e-05
7,28.0,32.0,23,3402.011738,0.0005347046033,1.293277279e-05
7,28.0,32.0,23,3404.047651,0.00052132065,1.293345606e-05
7,28.0,32.0,23,3406.083565,0.0005085913492,1.300574296e-05
7,28.0,32.0,23,3408.119479,0.0005034026196,1.420918109e-05
7,28.0,32.0,23,3410.155392,0.000502383329,1.618866801e-05
7,28.0,32.0,23,3412.191306,0.0005046840528,1.666317226e-05
7,28.0,32.0,23,3414.22722,0.0005021717853,1.56320391e-05
7,28.0,32.0,23,3416.263133,0.0004803500287,1.420059379e-05
7,28.0,32.0,23,3418.299047,0.0004458393817,1.244270186e-05
7,28.0,32.0,23,3420.334961,0.0004224754396,1.192071585e-05
7,28.0,32.0,23,3422.370874,0.0004164918605,1.16785319e-05
7,28.0,32.0,23,3424.406788,0.0004159078546,1.119816375e-05
7,28.0,32.0,23,3426.442702,0.0004129765424,1.021435423e-05
7,28.0,32.0,23,3428.478615,0.0004070144089,9.680531243e-06
7,28.0,32.0,23,3430.514529,0.000401948136,9.806117548e-06
7,28.0,32.0,23,3432.550443,0.0003954958791,1.028342189e-05
7,28.0,32.0,23,3434.586356,0.0003873333145,1.062419342e-05
7,28.0,32.0,23,3436.62227,0.000384676765,1.152950377e-05
7,28.0,32.0,23,3438.658184,0.0003821826792,1.226735654e-05
7,28.0,32.0,23,3440.694097,0.0003715892,1.284275021e-05
7,28.0,32.0,23,3442.730011,0.0003573182438,1.300561774e-05
7,28.0,32.0,23,3444.765925,0.0003444806736,1.154430718e-05
7,28.0,32.0,23,3446.801838,0.0003366026764,1.05291521e-05
7,28.0,32.0,23,3448.837752,0.0003360469508,1.086285859e-05
7,28.0,32.0,23,3450.873666,0.0003380420815,1.16547447e-05
7,28.0,32.0,23,3452.909579,0.0003324682118,1.154588528e-05
7,28.0,32.0,23,3454.945493,0.0003173788482,1.017053755e-05
7,28.0,32.0,23,3456.981407,0.0003058942152,9.629601672e-06
7,28.0,32.0,23,3459.01732,0.0003029669262,1.009149264e-05
7,28.0,32.0,23,3461.053234,0.0003010438867,1.038612634e-05
7,28.0,32.0,23,3463.089148,0.0002945404163,8.936765036e-06
7,28.0,32.0,23,3465.125061,0.0002847904796,8.836037673e-06
7,28.0,32.0,23,3467.160975,0.0002774045064,9.484564812e-06
7,28.0,32.0,23,3469.196889,0.0002776401821,9.999809825e-06
7,28.0,32.0,23,3471.232802,0.0002799117438,1.057940598e-05
7,28.0,32.0,23,3473.268716,0.0002723306085,9.953054287e-06
7,28.0,32.0,23,3475.30463,0.0002628239047,9.195763191e-06
7,28.0,32.0,23,3477.340543,0.0002626333836,1.018308977e-05
7,28.0,32.0,23,3479.376457,0.0002639382682,1.093471345e-05
7,28.0,32.0,23,3481.412371,0.0002601958761,9.156057462e-06
7,28.0,32.0,23,3483.448284,0.0002535686102,6.945796106e-06
7,28.0,32.0,23,3485.484198,0.0002459959883,6.595387485e-06
7,28.0,32.0,23,3487.520112,0.000237724078,7.618464089e-06
7,28.0,32.0,23,3489.556025,0.0002290550495,8.789820057e-06
7,28.0,32.0,23,3491.591939,0.0002206529152,9.340473384e-06
7,28.0,32.0,23,3493.627853,0.0002157889836,9.030620636e-06
7,28.0,32.0,23,3495.663766,0.0002161233339,8.613610163e-06
7,28.0,32.0,23,3497.69968,0.0002135361238,8.324382054e-06
7,28.0,32.0,23,3499.735594,0.0002037385098,8.021240104e-06
7,28.0,32.0,23,3501.771507,0.0001960731119,8.070127732e-06
7,28.0,32.0,23,3503.807421,0.0001954172965,8.481687751e-06
7,28.0,32.0,23,3505.843335,0.000195713477,8.389420175e-06
7,28.0,32.0,23,3507.879248,0.0001920789962,7.65699605e-06
7,28.0,32.0,23,3509.915162,0.0001855267442,7.358401806e-06
7,28.0,32.0,23,3511.951076,0.0001792151593,7.07628289e-06
7,28.0,32.0,23,3513.986989,0.0001737199958,7.033326391e-06
7,28.0,32.0,23,3516.022903,0.0001705681401,7.257172538e-06
7,28.0,32.0,23,3518.058817,0.0001681878489,7.461050444e-06
7,28.0,32.0,23,3520.09473,0.0001622527336,7.629207461e-06
7,28.0,32.0,23,3522.130644,0.0001562143204,7.238487593e-06
7,28.0,32.0,23,3524.166558,0.0001549706784,6.204845759e-06
7,28.0,32.0,23,3526.202471,0.0001551273946,5.618146942e-06
7,28.0,32.0,23,3528.238385,0.0001528653329,5.330144893e-06
7,28.0,32.0,23,3530.274299,0.0001493869684,5.104751706e-06
7,28.0,32.0,23,3532.310212,0.0001457854975,5.137024069e-06
7,28.0,32.0,23,3534.346126,0.0001411465428,5.414395862e-06
7,28.0,32.0,23,3536.38204,0.0001361926584,5.554910246e-06
7,28.0,32.0,23,3538.417953,0.0001346269728,5.593055964e-06
7,28.0,32.0,23,3540.453867,0.000136099017,5.769986564e-06
7,28.0,32.0,23,3542.489781,0.0001348464735,5.84956189e-06
7,28.0,32.0,23,3544.525694,0.0001302306645,5.504392212e-06
7,28.0,32.0,23,3546.561608,0.0001261516502,5.344267376e-06
7,28.0,32.0,23,3548.597522,0.00012433576,5.144799286e-06
7,28.0,32.0,23,3550.633435,0.0001234426967,5.216324869e-06
7,28.0,32.0,23,3552.669349,0.0001224544022,5.167313093e-06
7,28.0,32.0,23,3554.705263,0.00012143245,5.085990642e-06
7,28.0,32.0,23,3556.741176,0.0001181827321,5.178229088e-06
7,28.0,32.0,23,3558.77709,0.0001119676878,5.43729894e-06
7,28.0,32.0,23,3560.813004,0.0001057267177,5.281183528e-06
7,28.0,32.0,23,3562.848917,0.0001012367728,4.537736569e-06
7,28.0,32.0,23,3564.884831,9.952812902e-05,4.223574964e-06
7,28.0,32.0,23,3566.920745,0.0001007752376,4.32146697e-06
7,28.0,32.0,23,3568.956658,0.0001015143579,4.346015566e-06
7,28.0,32.0,23,3570.992572,9.992777574e-05,3.862675962e-06
7,28.0,32.0,23,3573.028486,9.791979953e-05,3.278798596e-06
7,28.0,32.0,23,3575.064399,9.607285408e-05,3.627887753e-06
7,28.0,32.0,23,3577.100313,9.323741783e-05,4.17413714e-06
7,28.0,32.0,23,3579.136227,9.02453356e-05,4.217455117e-06
7,28.0,32.0,23,3581.17214,8.885604059e-05,3.933836616e-06
7,28.0,32.0,23,3583.208054,8.793539262e-05,3.655146659e-06
7,28.0,32.0,23,3585.243968,8.566404848e-05,3.57519111e-06
7,28.0,32.0,23,3587.279881,8.32101994e-05,3.7829905e-06
7,28.0,32.0,23,3589.315795,8.242600861e-05,4.231541253e-06
7,28.0,32.0,23,3591.351709,8.288496422e-05,4.579742415e-06
7,28.0,32.0,23,3593.387622,8.23785674e-05,4.842911059e-06
7,28.0,32.0,23,3595.423536,8.095168049e-05,4.788384637e-06
7,28.0,32.0,23,3597.45945,7.982974852e-05,4.483340775e-06
7,28.0,32.0,23,3599.495363,7.831682266e-05,4.294217966e-06
7,28.0,32.0,23,3601.531277,7.658809134e-05,4.28595058e-06
7,28.0,32.0,23,3603.567191,7.552287734e-05,4.232744858e-06
7,28.0,32.0,23,3605.603104,7.552372032e-05,4.195709962e-06
7,28.0,32.0,23,3607.639018,7.542052746e-05,3.88169193e-06
7,28.0,32.0,23,3609.674932,7.433298218e-05,3.52238044e-06
7,28.0,32.0,23,3611.710845,7.326201815e-05,3.560662811e-06
7,28.0,32.0,23,3613.746759,7.099658528e-05,3.647865093e-06
7,28.0,32.0,23,3615.782673,6.621622103e-05,3.446633604e-06
7,28.0,32.0,23,3617.818586,6.149347648e-05,3.176057371e-06
7,28.0,32.0,23,3619.8545,5.955631058e-05,3.161712823e-06
7,28.0,32.0,23,3621.890414,5.962845455e-05,3.557053712e-06
7,28.0,32.0,23,3623.926327,5.968377661e-05,3.848122411e-06
7,28.0,32.0,23,3625.962241,5.883598141e-05,3.562851476e-06
7,28.0,32.0,23,3627.998155,5.743266019e-05,3.153122739e-06
7,28.0,32.0,23,3630.034068,5.654424946e-05,2.993154192e-06
7,28.0,32.0,23,3632.069982,5.700525807e-05,3.238556383e-06
7,28.0,32.0,23,3634.105896,5.677756034e-05,3.507171112e-06
7,28.0,32.0,23,3636.141809,5.3632039e-05,3.442710084e-06
7,28.0,32.0,23,3638.177723,5.065333547e-05,3.403255175e-06
7,28.0,32.0,23,3640.213637,5.154400701e-05,3.514841348e-06
7,28.0,32.0,23,3642.24955,5.387098455e-05,3.798340899e-06
7,28.0,32.0,23,3644.285464,5.284170945e-05,3.758089955e-06
7,28.0,32.0,23,3646.321378,4.874464946e-05,3.411430333e-06
7,28.0,32.0,23,3648.357291,4.484307476e-05,3.030142305e-06
7,28.0,32.0,23,3650.393205,4.257670092e-05,2.697066281e-06
7,28.0,32.0,23,3652.429119,4.242899412e-05,2.626158741e-06
7,28.0,32.0,23,3654.465032,4.379826196e-05,2.991511368e-06
7,28.0,32.0,23,3656.500946,4.409030039e-05,3.368250955e-06
7,28.0,32.0,23,3658.53686,4.177776404e-05,3.155468842e-06
7,28.0,32.0,23,3660.572773,3.946173792e-05,2.62036285e-06
7,28.0,32.0,23,3662.608687,3.975177791e-05,2.404830592e-06
7,28.0,32.0,23,3664.644601,4.113781441e-05,2.792258111e-06
7,28.0,32.0,23,3666.680514,4.139528103e-05,2.983052438e-06
7,28.0,32.0,23,3668.716428,4.044134525e-05,2.884343965e-06
7,28.0,32.0,23,3670.752342,3.946501533e-05,3.083499512e-06
7,28.0,32.0,23,3672.788255,3.938582116e-05,2.9933115e-06
7,28.0,32.0,23,3674.824169,3.920401995e-05,2.751942339e-06
7,28.0,32.0,23,3676.860083,3.779660622e-05,2.466689306e-06
7,28.0,32.0,23,3678.895996,3.598985425e-05,2.061816099e-06
7,28.0,32.0,23,3680.93191,3.439447039e-05,1.868306624e-06
7,28.0,32.0,23,3682.967824,3.381952804e-05,1.965531947e-06
7,28.0,32.0,23,3685.003737,3.478488193e-05,2.242980034e-06
7,28.0,32.0,23,3687.039651,3.479221427e-05,2.391316645e-06
7,28.0,32.0,23,3689.075565,3.229181335e-05,2.179910009e-06
7,28.0,32.0,23,3691.111478,2.975506567e-05,1.802228893e-06
7,28.0,32.0,23,3693.147392,2.907179518e-05,1.801052839e-06
7,28.0,32.0,23,3695.183306,2.95964514e-05,1.950898726e-06
7,28.0,32.0,23,3697.219219,3.025723809e-05,2.164277319e-06
7,28.0,32.0,23,3699.255133,2.98562752e-05,2.318475802e-06
7,28.0,32.0,23,3701.291047,2.850645041e-05,2.242795361e-06
7,28.0,32.0,23,3703.32696,2.766900951e-05,2.103370398e-06
7,28.0,32.0,23,3705.362874,2.729302403e-05,2.037196246e-06
7,28.0,32.0,23,3707.398788,2.626056864e-05,2.077491329e-06
7,28.0,32.0,23,3709.434701,2.486080717e-05,1.935458461e-06
7,28.0,32.0,23,3711.470615,2.408419976e-05,1.722080651e-06
7,28.0,32.0,23,3713.506529,2.422381534e-05,1.812485618e-06
7,28.0,32.0,23,3715.542442,2.545899554e-05,2.267717172e-06
7,28.0,32.0,23,3717.578356,2.688389051e-05,2.86610389e-06
7,28.0,32.0,23,3719.61427,2.670788986e-05,2.663588293e-06
7,28.0,32.0,23,3721.650183,2.474081965e-05,1.941119411e-06
7,28.0,32.0,23,3723.686097,2.280045748e-05,1.770719218e-06
7,28.0,32.0,23,3725.722011,2.247461808e-05,1.832916991e-06
7,28.0,32.0,23,3727.757924,2.265817522e-05,1.879870997e-06
7,28.0,32.0,23,3729.793838,2.1941286e-05,1.759495859e-06
7,28.0,32.0,23,3731.829752,2.10068267e-05,1.441405466e-06
7,28.0,32.0,23,3733.865665,2.048067649e-05,1.351671231e-06
7,28.0,32.0,23,3735.901579,2.037154452e-05,1.524522087e-06
7,28.0,32.0,23,3737.937493,2.067118609e-05,1.69685757e-06
7,28.0,32.0,23,3739.973406,2.092622366e-05,1.739268013e-06
7,28.0,32.0,23,3742.00932,2.039373268e-05,1.657963084e-06
7,28.0,32.0,23,3744.045234,1.918273381e-05,1.486239608e-06
7,28.0,32.0,23,3746.081147,1.820960411e-05,1.279915149e-06
7,28.0,32.0,23,3748.117061,1.766974783e-05,1.19771852e-06
7,28.0,32.0,23,3750.152975,1.689739826e-05,1.095725206e-06
7,28.0,32.0,23,3752.188888,1.581957134e-05,9.757754493e-07
7,28.0,32.0,23,3754.224802,1.514555638e-05,9.748603676e-07
7,28.0,32.0,23,3756.260716,1.520973448e-05,1.039076528e-06
7,28.0,32.0,23,3758.296629,1.532651073e-05,1.025892508e-06
7,28.0,32.0,23,3760.332543,1.504093668e-05,9.804968652e-07
7,28.0,32.0,23,3762.368457,1.465712503e-05,9.331378067e-07
7,28.0,32.0,23,3764.40437,1.431471984e-05,9.689807253e-07
7,28.0,32.0,23,3766.440284,1.420204676e-05,1.108044082e-06
7,28.0,32.0,23,3768.476198,1.449288064e-05,1.250549141e-06
7,28.0,32.0,23,3770.512111,1.49610176e-05,1.328475079e-06
7,28.0,32.0,23,3772.548025,1.501147625e-05,1.357174813e-06
7,28.0,32.0,23,3774.583939,1.444537709e-05,1.271488363e-06
7,28.0,32.0,23,3776.619852,1.379871181e-05,1.121492325e-06
7,28.0,32.0,23,3778.655766,1.325119853e-05,9.290210019e-07
7,28.0,32.0,23,3780.69168,1.287165293e-05,8.046358839e-07
7,28.0,32.0,23,3782.727593,1.270871838e-05,7.808556045e-07
7,28.0,32.0,23,3784.763507,1.253250838e-05,8.126546117e-07
7,28.0,32.0,23,3786.799421,1.242739759e-05,8.936058361e-07
7,28.0,32.0,23,3788.835334,1.229453352e-05,9.172016707e-07
7,28.0,32.0,23,3790.871248,1.17608495e-05,7.940074799e-07
7,28.0,32.0,23,3792.907162,1.108950265e-05,6.494544411e-07
7,28.0,32.0,23,3794.943075,1.080058527e-05,5.622320133e-07
7,28.0,32.0,23,3796.978989,1.08503837e-05,5.941296662e-07
7,28.0,32.0,23,3799.014903,1.097002764e-05,7.336692845e-07
7,28.0,32.0,23,3801.050816,1.09025604e-05,8.746535175e-07
7,28.0,32.0,23,3803.08673,1.063769082e-05,9.493463573e-07
7,28.0,32.0,23,3805.122644,1.041322514e-05,9.103143037e-07
7,28.0,32.0,23,3807.158557,1.020814243e-05,8.265020031e-07
7,28.0,32.0,23,3809.194471,9.915031619e-06,7.361564097e-07
7,28.0,32.0,23,3811.230385,9.565138956e-06,6.128065863e-07
7,28.0,32.0,23,3813.266298,9.253391783e-06,5.00507344e-07
7,28.0,32.0,23,3815.302212,9.19355282e-06,4.830242154e-07
7,28.0,32.0,23,3817.338126,9.432532826e-06,5.538221683e-07
7,28.0,32.0,23,3819.374039,9.619287286e-06,5.972847381e-07
7,28.0,32.0,23,3821.409953,9.531988662e-06,5.790134636e-07
7,28.0,32.0,23,3823.445867,9.289904695e-06,5.834232625e-07
7,28.0,32.0,23,3825.48178,9.038011829e-06,6.260858748e-07
7,28.0,32.0,23,3827.517694,8.874485562e-06,6.299310318e-07
7,28.0,32.0,23,3829.553608,8.753040174e-06,5.469859675e-07
7,28.0,32.0,23,3831.589521,8.533661267e-06,4.091073918e-07
7,28.0,32.0,23,3833.625435,8.244987394e-06,3.089401786e-07
7,28.0,32.0,23,3835.661349,8.099376014e-06,2.860087379e-07
7,28.0,32.0,23,3837.697262,8.18959672e-06,3.086054999e-07
7,28.0,32.0,23,3839.733176,8.25898174e-06,3.230081593e-07
7,28.0,32.0,23,3841.76909,8.144118561e-06,3.173935978e-07
7,28.0,32.0,23,3843.805003,8.030175698e-06,3.169587469e-07
7,28.0,32.0,23,3845.840917,7.971030148e-06,3.267424938e-07
7,28.0,32.0,23,3847.876831,7.874620799e-06,3.187877551e-07
7,28.0,32.0,23,3849.912744,7.807891847e-06,2.82221778e-07
7,28.0,32.0,23,3851.948658,7.831469392e-06,2.41002077e-07
7,28.0,32.0,23,3853.984572,7.881423829e-06,2.210198296e-07
7,28.0,32.0,23,3856.020485,7.873231216e-06,2.130664555e-07
7,28.0,32.0,23,3858.056399,7.766756426e-06,2.00244259e-07
7,28.0,32.0,23,3860.092313,7.656927987e-06,2.20186027e-07
7,28.0,32.0,23,3862.128226,7.647201365e-06,2.585567384e-07
7,28.0,32.0,23,3864.16414,7.671152149e-06,2.396080407e-07
7,28.0,32.0,23,3866.200054,7.641609958e-06,1.828087961e-07
7,28.0,32.0,23,3868.235967,7.562383476e-06,1.635299184e-07
7,28.0,32.0,23,3870.271881,7.505934765e-06,1.683361746e-07
7,28.0,32.0,23,3872.307795,7.588105178e-06,1.701235407e-07
7,28.0,32.0,23,3874.343708,7.766198879e-06,1.984177925e-07
7,28.0,32.0,23,3876.379622,7.820988826e-06,2.215859229e-07
7,28.0,32.0,23,3878.415536,7.685489411e-06,2.216806913e-07
7,28.0,32.0,23,3880.451449,7.515306464e-06,2.113004691e-07
7,28.0,32.0,23,3882.487363,7.475224806e-06,1.883549377e-07
7,28.0,32.0,23,3884.523277,7.563871139e-06,1.949301005e-07
7,28.0,32.0,23,3886.55919,7.597631067e-06,2.057304486e-07
7,28.0,32.0,23,3888.595104,7.479006793e-06,2.031062226e-07
7,28.0,32.0,23,3890.631018,7.341176966e-06,1.895281675e-07
7,28.0,32.0,23,3892.666931,7.326393378e-06,1.83771578e-07
7,28.0,32.0,23,3894.702845,7.391198794e-06,1.874362303e-07
7,28.0,32.0,23,3896.738759,7.396669709e-06,1.898485494e-07
7,28.0,32.0,23,3898.774672,7.341573155e-06,1.86665567e-07
7,28.0,32.0,23,3900.810586,7.329081936e-06,1.754025469e-07
7,28.0,32.0,23,3902.8465,7.345393779e-06,1.701347735e-07
7,28.0,32.0,23,3904.882413,7.342615928e-06,1.660797117e-07
7,28.0,32.0,23,3906.918327,7.342622602e-06,1.630447186e-07
7,28.0,32.0,23,3908.954241,7.375708573e-06,1.638106087e-07
7,28.0,32.0,23,3910.990154,7.445368292e-06,1.647823346e-07
7,28.0,32.0,23,3913.026068,7.546681928e-06,1.693983416e-07
7,28.0,32.0,23,3915.061982,7.60247598e-06,1.805045348e-07
7,28.0,32.0,23,3917.097895,7.550986255e-06,1.850149918e-07
7,28.0,32.0,23,3919.133809,7.502079431e-06,1.791901914e-07
7,28.0,32.0,23,3921.169723,7.483491402e-06,1.735340615e-07
7,28.0,32.0,23,3923.205636,7.443464907e-06,1.670096701e-07
7,28.0,32.0,23,3925.24155,7.435585067e-06,1.51484949e-07
7,28.0,32.0,23,3927.277464,7.457400126e-06,1.428997391e-07
7,28.0,32.0,23,3929.313377,7.471422172e-06,1.467018856e-07
7,28.0,32.0,23,3931.349291,7.454717135e-06,1.484720287e-07
7,28.0,32.0,23,3933.385205,7.379451761e-06,1.421491943e-07
7,28.0,32.0,23,3935.421118,7.350737626e-06,1.405916071e-07
7,28.0,32.0,23,3937.457032,7.487674013e-06,1.48231682e-07
7,28.0,32.0,23,3939.492946,7.690683869e-06,1.678372884e-07
7,28.0,32.0,23,3941.528859,7.79557915e-06,1.879266533e-07
7,28.0,32.0,23,3943.564773,7.77787177e-06,1.753849151e-07
7,28.0,32.0,23,3945.600687,7.701709648e-06,1.483566601e-07
7,28.0,32.0,23,3947.6366,7.688174764e-06,1.328437746e-07
7,28.0,32.0,23,3949.672514,7.765811243e-06,1.372297451e-07
7,28.0,32.0,23,3951.708428,7.790772685e-06,1.569239765e-07
7,28.0,32.0,23,3953.744341,7.73285402e-06,1.623093976e-07
7,28.0,32.0,23,3955.780255,7.688780699e-06,1.508112633e-07
7,28.0,32.0,23,3957.816169,7.645152118e-06,1.415853567e-07
7,28.0,32.0,23,3959.852082,7.573169437e-06,1.497353923e-07
7,28.0,32.0,23,3961.887996,7.517987099e-06,1.607976416e-07
7,28.0,32.0,23,3963.92391,7.471193002e-06,1.660222202e-07
7,28.0,32.0,23,3965.959823,7.447683805e-06,1.5469976e-07
7,28.0,32.0,23,3967.995737,7.510415725e-06,1.558623248e-07
7,28.0,32.0,23,3970.031651,7.62571681e-06,1.726051789e-07
7,28.0,32.0,23,3972.067564,7.721679081e-06,1.768856455e-07
7,28.0,32.0,23,3974.103478,7.752488591e-06,1.739980757e-07
7,28.0,32.0,23,3976.139392,7.701463075e-06,1.678277742e-07
7,28.0,32.0,23,3978.175305,7.636210514e-06,1.550523087e-07
7,28.0,32.0,23,3980.211219,7.601685731e-06,1.399070775e-07
7,28.0,32.0,23,3982.247133,7.589922094e-06,1.36782735e-07
7,28.0,32.0,23,3984.283046,7.552933524e-06,1.604834579e-07
7,28.0,32.0,23,3986.31896,7.457122226e-06,1.693397115e-07
7,28.0,32.0,23,3988.354874,7.392620247e-06,1.516529788e-07
7,28.0,32.0,23,3990.390787,7.385550749e-06,1.468583873e-07
7,28.0,32.0,23,3992.426701,7.39510638e-06,1.533647709e-07
7,28.0,32.0,23,3994.462615,7.461195591e-06,1.556091875e-07
7,28.0,32.0,23,3996.498528,7.548238442e-06,1.552904812e-07
7,28.0,32.0,23,3998.534442,7.569354577e-06,1.608787555e-07
8,32.0,36.0,23,1201.189064,4.108570556e-05,8.125580335e-07
8,32.0,36.0,23,1203.224977,4.153438765e-05,8.973192383e-07
8,32.0,36.0,23,1205.260891,4.169681429e-05,9.687573234e-07
8,32.0,36.0,23,1207.296805,4.126342913e-05,9.326383235e-07
8,32.0,36.0,23,1209.332718,4.088882241e-05,9.392072143e-07
8,32.0,36.0,23,1211.368632,4.082068759e-05,9.29134277e-07
8,32.0,36.0,23,1213.404546,4.059120815e-05,7.872478149e-07
8,32.0,36.0,23,1215.440459,4.035041604e-05,7.559358681e-07
8,32.0,36.0,23,1217.476373,4.020415244e-05,7.704169483e-07
8,32.0,36.0,23,1219.512287,3.991452384e-05,7.760483756e-07
8,32.0,36.0,23,1221.5482,3.911808991e-05,7.69320101e-07
8,32.0,36.0,23,1223.584114,3.786763771e-05,7.518343612e-07
8,32.0,36.0,23,1225.620028,3.725521031e-05,7.369654019e-07
8,32.0,36.0,23,1227.655941,3.753323658e-05,7.2047763e-07
8,32.0,36.0,23,1229.691855,3.778554324e-05,7.205763493e-07
8,32.0,36.0,23,1231.727769,3.78446719e-05,7.226264993e-07
8,32.0,36.0,23,1233.763682,3.79277472e-05,7.465082952e-07
8,32.0,36.0,23,1235.799596,3.820663864e-05,7.615824546e-07
8,32.0,36.0,23,1237.83551,3.881117555e-05,7.916341009e-07
8,32.0,36.0,23,1239.871423,3.942568648e-05,8.14793965e-07
8,32.0,36.0,23,1241.907337,3.972708286e-05,8.490751075e-07
8,32.0,36.0,23,1243.943251,3.96140871e-05,8.713386568e-07
8,32.0,36.0,23,1245.979164,3.932756557e-05,8.33515353e-07
8,32.0,36.0,23,1248.015078,3.919765573e-05,6.761555659e-07
8,32.0,36.0,23,1250.050992,3.912033196e-05,6.654271809e-07
8,32.0,36.0,23,1252.086905,3.89159707e-05,7.246230985e-07
8,32.0,36.0,23,1254.122819,3.858255165e-05,7.095594023e-07
8,32.0,36.0,23,1256.158733,3.839677773e-05,7.165192797e-07
8,32.0,36.0,23,1258.194646,3.855993492e-05,7.186782174e-07
8,32.0,36.0,23,1260.23056,3.87219289e-05,7.320734626e-07
8,32.0,36.0,23,1262.266474,3.866618276e-05,7.667458705e-07
8,32.0,36.0,23,1264.302387,3.85093027e-05,7.461937477e-07
8,32.0,36.0,23,1266.338301,3.858089742e-05,8.026719561e-07
8,32.0,36.0,23,1268.374215,3.913475211e-05,9.255942224e-07
8,32.0,36.0,23,1270.410128,3.983692224e-05,9.688864682e-07
8,32.0,36.0,23,1272.446042,4.043453346e-05,9.121104212e-07
8,32.0,36.0,23,1274.481956,4.052012252e-05,8.778102306e-07
8,32.0,36.0,23,1276.517869,4.002850779e-05,8.422011944e-07
8,32.0,36.0,23,1278.553783,3.963532784e-05,7.924322989e-07
8,32.0,36.0,23,1280.589697,3.945387495e-05,8.582803332e-07
8,32.0,36.0,23,1282.62561,3.95554077e-05,8.725031786e-07
8,32.0,36.0,23,1284.661524,4.013610585e-05,8.065381775e-07
8,32.0,36.0,23,1286.697438,4.087775402e-05,8.581907946e-07
8,32.0,36.0,23,1288.733351,4.141891662e-05,9.617053112e-07
8,32.0,36.0,23,1290.769265,4.20099815e-05,1.046655488e-06
8,32.0,36.0,23,1292.805179,4.252618033e-05,1.070522643e-06
8,32.0,36.0,23,1294.841092,4.254317517e-05,1.007615331e-06
8,32.0,36.0,23,1296.877006,4.26912777e-05,9.741214473e-07
8,32.0,36.0,23,1298.91292,4.327486632e-05,1.081135644e-06
8,32.0,36.0,23,1300.948833,4.364628607e-05,1.138970045e-06
8,32.0,36.0,23,1302.984747,4.35359283e-05,1.1114879e-06
8,32.0,36.0,23,1305.020661,4.334463295e-05,1.067011152e-06
8,32.0,36.0,23,1307.056574,4.372236751e-05,1.061915209e-06
8,32.0,36.0,23,1309.092488,4.454785769e-05,1.032194623e-06
8,32.0,36.0,23,1311.128402,4.467167069e-05,9.332995143e-07
8,32.0,36.0,23,1313.164315,4.428635522e-05,8.601303233e-07
8,32.0,36.0,23,1315.200229,4.467950278e-05,9.922932049e-07
8,32.0,36.0,23,1317.236143,4.576266015e-05,1.212711941e-06
8,32.0,36.0,23,1319.272056,4.657767755e-05,1.238353992e-06
8,32.0,36.0,23,1321.30797,4.645717866e-05,1.142736579e-06
8,32.0,36.0,23,1323.343884,4.612856886e-05,1.193289216e-06
8,32.0,36.0,23,1325.379797,4.637239594e-05,1.287319992e-06
8,32.0,36.0,23,1327.415711,4.668455071e-05,1.264664731e-06
8,32.0,36.0,23,1329.451625,4.757772715e-05,1.096027519e-06
8,32.0,36.0,23,1331.487538,4.948762984e-05,1.014429797e-06
8,32.0,36.0,23,1333.523452,5.081632242e-05,1.083975654e-06
8,32.0,36.0,23,1335.559366,5.07112939e-05,1.105742561e-06
8,32.0,36.0,23,1337.595279,5.066117537e-05,1.191060552e-06
8,32.0,36.0,23,1339.631193,5.152893155e-05,1.219005457e-06
8,32.0,36.0,23,1341.667107,5.246560434e-05,1.319498827e-06
8,32.0,36.0,23,1343.70302,5.291334241e-05,1.315774924e-06
8,32.0,36.0,23,1345.738934,5.290781804e-05,1.143991776e-06
8,32.0,36.0,23,1347.774848,5.29917597e-05,1.175714409e-06
8,32.0,36.0,23,1349.810761,5.33019583e-05,1.256639246e-06
8,32.0,36.0,23,1351.846675,5.32029485e-05,1.247078918e-06
8,32.0,36.0,23,1353.882589,5.268143778e-05,1.195146866e-06
8,32.0,36.0,23,1355.918502,5.271426004e-05,1.265257882e-06
8,32.0,36.0,23,1357.954416,5.40339209e-05,1.321069766e-06
8,32.0,36.0,23,1359.99033,5.602326308e-05,1.32822393e-06
8,32.0,36.0,23,1362.026243,5.761160376e-05,1.456202074e-06
8,32.0,36.0,23,1364.062157,5.878641027e-05,1.729607477e-06
8,32.0,36.0,23,1366.098071,5.977127116e-05,1.904766633e-06
8,32.0,36.0,23,1368.133984,6.045815215e-05,1.883881563e-06
8,32.0,36.0,23,1370.169898,6.13761327e-05,1.887674787e-06
8,32.0,36.0,23,1372.205812,6.245082465e-05,1.882719245e-06
8,32.0,36.0,23,1374.241725,6.356789137e-05,1.843840561e-06
8,32.0,36.0,23,1376.277639,6.528129285e-05,1.877219862e-06
8,32.0,36.0,23,1378.313553,6.718348814e-05,1.913465527e-06
8,32.0,36.0,23,1380.349466,6.80006545e-05,1.805610271e-06
8,32.0,36.0,23,1382.38538,6.767211451e-05,1.661390809e-06
8,32.0,36.0,23,1384.421294,6.780372122e-05,1.683130026e-06
8,32.0,36.0,23,1386.457207,6.866300453e-05,1.786070019e-06
8,32.0,36.0,23,1388.493121,6.92968302e-05,1.845828399e-06
8,32.0,36.0,23,1390.529035,7.025424513e-05,2.160335722e-06
8,32.0,36.0,23,1392.564948,7.136775876e-05,2.401516821e-06
8,32.0,36.0,23,1394.600862,7.198559189e-05,2.437631801e-06
8,32.0,36.0,23,1396.636776,7.30819902e-05,2.239024092e-06
8,32.0,36.0,23,1398.672689,7.487839946e-05,1.942927132e-06
8,32.0,36.0,23,1400.708603,7.631660805e-05,1.904189084e-06
8,32.0,36.0,23,1402.744517,7.627976742e-05,2.015615653e-06
8,32.0,36.0,23,1404.78043,7.560309627e-05,1.95643571e-06
8,32.0,36.0,23,1406.816344,7.558899128e-05,1.975993664e-06
8,32.0,36.0,23,1408.852258,7.600609367e-05,2.104011583e-06
8,32.0,36.0,23,1410.888171,7.763282256e-05,2.07050696e-06
8,32.0,36.0,23,1412.924085,8.077160512e-05,2.257394027e-06
8,32.0,36.0,23,1414.959999,8.411954286e-05,2.529519126e-06
8,32.0,36.0,23,1416.995912,8.632601908e-05,3.022101148e-06
8,32.0,36.0,23,1419.031826,8.841174504e-05,3.293403036e-06
8,32.0,36.0,23,1421.06774,9.184789197e-05,3.225773277e-06
8,32.0,36.0,23,1423.103653,9.503323821e-05,3.09620484e-06
8,32.0,36.0,23,1425.139567,9.699505646e-05,2.964998855e-06
8,32.0,36.0,23,1427.175481,9.919530388e-05,3.114106445e-06
8,32.0,36.0,23,1429.211394,0.0001014167141,3.218750813e-06
8,32.0,36.0,23,1431.247308,0.0001025836873,3.338887424e-06
8,32.0,36.0,23,1433.283222,0.000102620262,3.31664956e-06
8,32.0,36.0,23,1435.319135,0.00010207871,3.003536123e-06
8,32.0,36.0,23,1437.355049,0.0001029829269,2.751469355e-06
8,32.0,36.0,23,1439.390963,0.0001058617502,2.664914622e-06
8,32.0,36.0,23,1441.426876,0.0001093034922,3.027370155e-06
8,32.0,36.0,23,1443.46279,0.0001124203491,3.353237004e-06
8,32.0,36.0,23,1445.498704,0.0001158619396,3.785582922e-06
8,32.0,36.0,23,1447.534617,0.0001199359099,4.003527111e-06
8,32.0,36.0,23,1449.570531,0.0001234398731,4.076508417e-06
8,32.0,36.0,23,1451.606445,0.0001271258182,4.640162832e-06
8,32.0,36.0,23,1453.642358,0.0001315504199,5.096846016e-06
8,32.0,36.0,23,1455.678272,0.000132771254,4.81123968e-06
8,32.0,36.0,23,1457.714186,0.0001295799373,4.0649319e-06
8,32.0,36.0,23,1459.750099,0.0001276222466,4.089086227e-06
8,32.0,36.0,23,1461.786013,0.0001307796097,4.513446113e-06
8,32.0,36.0,23,1463.821927,0.0001363567827,4.309834078e-06
8,32.0,36.0,23,1465.85784,0.0001399054063,3.977993827e-06
8,32.0,36.0,23,1467.893754,0.0001431832727,3.916185519e-06
8,32.0,36.0,23,1469.929668,0.0001510385568,3.955780376e-06
8,32.0,36.0,23,1471.965581,0.0001584943243,5.04901039e-06
8,32.0,36.0,23,1474.001495,0.0001603790643,5.528603249e-06
8,32.0,36.0,23,1476.037409,0.0001620107382,5.263988041e-06
8,32.0,36.0,23,1478.073322,0.0001653563348,5.551313311e-06
8,32.0,36.0,23,1480.109236,0.0001661616532,5.226575816e-06
8,32.0,36.0,23,1482.14515,0.0001649381709,4.708026976e-06
8,32.0,36.0,23,1484.181063,0.0001665771777,5.105322039e-06
8,32.0,36.0,23,1486.216977,0.0001704779721,5.320192348e-06
8,32.0,36.0,23,1488.252891,0.0001746121722,5.889356868e-06
8,32.0,36.0,23,1490.288804,0.0001805877234,6.005971462e-06
8,32.0,36.0,23,1492.324718,0.0001869677244,6.735996137e-06
8,32.0,36.0,23,1494.360632,0.0001909907944,6.786948793e-06
8,32.0,36.0,23,1496.396545,0.0001936032747,5.853582392e-06
8,32.0,36.0,23,1498.432459,0.0001966413295,6.625648738e-06
8,32.0,36.0,23,1500.468373,0.0002020764543,7.294615283e-06
8,32.0,36.0,23,1502.504286,0.0002102065077,7.270299734e-06
8,32.0,36.0,23,1504.5402,0.0002166838383,6.991099969e-06
8,32.0,36.0,23,1506.576114,0.0002227338486,6.797982042e-06
8,32.0,36.0,23,1508.612027,0.0002307822284,7.179798326e-06
8,32.0,36.0,23,1510.647941,0.0002359063999,7.349064944e-06
8,32.0,36.0,23,1512.683855,0.0002388462506,7.520285572e-06
8,32.0,36.0,23,1514.719768,0.0002459486502,8.66786019e-06
8,32.0,36.0,23,1516.755682,0.0002557253059,9.292036761e-06
8,32.0,36.0,23,1518.791596,0.0002643853722,9.538096348e-06
8,32.0,36.0,23,1520.827509,0.0002709737919,9.195458145e-06
8,32.0,36.0,23,1522.863423,0.0002775404229,9.111452781e-06
8,32.0,36.0,23,1524.899337,0.0002880055174,8.735716963e-06
8,32.0,36.0,23,1526.93525,0.0002979917681,8.074205961e-06
8,32.0,36.0,23,1528.971164,0.0003024483855,8.05246651e-06
8,32.0,36.0,23,1531.007078,0.0003061005219,8.229086004e-06
8,32.0,36.0,23,1533.042991,0.000311175742,8.84730305e-06
8,32.0,36.0,23,1535.078905,0.0003162172981,9.110807471e-06
8,32.0,36.0,23,1537.114819,0.0003217572865,9.177241739e-06
8,32.0,36.0,23,1539.150732,0.0003313525112,1.023208116e-05
8,32.0,36.0,23,1541.186646,0.0003444916412,1.086252241e-05
8,32.0,36.0,23,1543.22256,0.0003595178114,1.205643749e-05
8,32.0,36.0,23,1545.258473,0.0003796033668,1.290352287e-05
8,32.0,36.0,23,1547.294387,0.0003994992149,1.452774052e-05
8,32.0,36.0,23,1549.330301,0.0004085556518,1.52399319e-05
8,32.0,36.0,23,1551.366214,0.0004063900651,1.459955683e-05
8,32.0,36.0,23,1553.402128,0.0004047255275,1.489982916e-05
8,32.0,36.0,23,1555.438042,0.0004117425048,1.503579779e-05
8,32.0,36.0,23,1557.473955,0.0004285217883,1.566098172e-05
8,32.0,36.0,23,1559.509869,0.0004501468221,1.635779987e-05
8,32.0,36.0,23,1561.545783,0.0004655945974,1.567704895e-05
8,32.0,36.0,23,1563.581696,0.000475349166,1.5552057e-05
8,32.0,36.0,23,1565.61761,0.0004906771959,1.631366357e-05
8,32.0,36.0,23,1567.653524,0.0005125837471,1.707173262e-05
8,32.0,36.0,23,1569.689437,0.000523047646,1.682687123e-05
8,32.0,36.0,23,1571.725351,0.0005156118072,1.714438253e-05
8,32.0,36.0,23,1573.761265,0.0005148707458,1.697718485e-05
8,32.0,36.0,23,1575.797178,0.0005339712759,1.730490752e-05
8,32.0,36.0,23,1577.833092,0.000553140716,1.923247814e-05
8,32.0,36.0,23,1579.869006,0.0005629685967,1.947962559e-05
8,32.0,36.0,23,1581.904919,0.0005776877679,2.006395489e-05
8,32.0,36.0,23,1583.940833,0.0005931434078,2.150575253e-05
8,32.0,36.0,23,1585.976747,0.0005958444247,1.983823163e-05
8,32.0,36.0,23,1588.01266,0.0005971748078,1.815471608e-05
8,32.0,36.0,23,1590.048574,0.0006146332615,1.827210746e-05
8,32.0,36.0,23,1592.084488,0.000637864755,1.881321078e-05
8,32.0,36.0,23,1594.120401,0.0006464641791,2.016670823e-05
8,32.0,36.0,23,1596.156315,0.0006544805111,1.991108564e-05
8,32.0,36.0,23,1598.192229,0.0006749903611,2.02604653e-05
8,32.0,36.0,23,1600.228142,0.000693433176,2.238041871e-05
8,32.0,36.0,23,1602.264056,0.0007070848751,2.362239972e-05
8,32.0,36.0,23,1604.29997,0.0007168971375,2.571162698e-05
8,32.0,36.0,23,1606.335883,0.0007199734183,2.554272586e-05
8,32.0,36.0,23,1608.371797,0.0007255596214,2.460744023e-05
8,32.0,36.0,23,1610.407711,0.0007341362141,2.458652555e-05
8,32.0,36.0,23,1612.443624,0.0007320050137,2.247328816e-05
8,32.0,36.0,23,1614.479538,0.0007328337939,2.151799018e-05
8,32.0,36.0,23,1616.515452,0.0007599576366,2.268847552e-05
8,32.0,36.0,23,1618.551365,0.0007866662496,2.570403469e-05
8,32.0,36.0,23,1620.587279,0.0007810077376,2.523610989e-05
8,32.0,36.0,23,1622.623193,0.0007638980361,2.074750572e-05
8,32.0,36.0,23,1624.659106,0.0007570998506,1.96634668e-05
8,32.0,36.0,23,1626.69502,0.0007606750074,2.367557001e-05
8,32.0,36.0,23,1628.730934,0.0007805009375,2.778240013e-05
8,32.0,36.0,23,1630.766847,0.0008030029877,2.888734687e-05
8,32.0,36.0,23,1632.802761,0.0007981178749,2.668604309e-05
8,32.0,36.0,23,1634.838675,0.0007757878799,2.541435508e-05
8,32.0,36.0,23,1636.874588,0.0007741700121,2.678987171e-05
8,32.0,36.0,23,1638.910502,0.0007984508039,2.39852195e-05
8,32.0,36.0,23,1640.946416,0.0008137096077,2.128922984e-05
8,32.0,36.0,23,1642.982329,0.0008028566997,2.656062496e-05
8,32.0,36.0,23,1645.018243,0.0007927306364,2.969850073e-05
8,32.0,36.0,23,1647.054157,0.0007989707655,2.835707626e-05
8,32.0,36.0,23,1649.09007,0.0008050404622,2.727381034e-05
8,32.0,36.0,23,1651.125984,0.0007898866398,2.416306028e-05
8,32.0,36.0,23,1653.161898,0.0007565202873,2.202023912e-05
8,32.0,36.0,23,1655.197811,0.000730688107,2.177053943e-05
8,32.0,36.0,23,1657.233725,0.0007261444577,2.309684068e-05
8,32.0,36.0,23,1659.269639,0.0007303397827,2.370904526e-05
8,32.0,36.0,23,1661.305552,0.0007283047306,2.262754316e-05
8,32.0,36.0,23,1663.341466,0.0007313945454,2.435114578e-05
8,32.0,36.0,23,1665.37738,0.0007448044766,2.483682628e-05
8,32.0,36.0,23,1667.413293,0.0007367121917,2.21779413e-05
8,32.0,36.0,23,1669.449207,0.0007013795403,2.064691302e-05
8,32.0,36.0,23,1671.485121,0.0006762471834,1.994973826e-05
8,32.0,36.0,23,1673.521034,0.0006658584461,1.976262997e-05
8,32.0,36.0,23,1675.556948,0.0006599850089,1.936906392e-05
8,32.0,36.0,23,1677.592862,0.0006543218915,1.853142749e-05
8,32.0,36.0,23,1679.628775,0.0006272087441,1.822387204e-05
8,32.0,36.0,23,1681.664689,0.0005940013962,1.828377133e-05
8,32.0,36.0,23,1683.700603,0.0005873920088,1.832801181e-05
8,32.0,36.0,23,1685.736516,0.0005886611783,1.804579177e-05
8,32.0,36.0,23,1687.77243,0.0005725123124,1.782256102e-05
8,32.0,36.0,23,1689.808344,0.0005508124442,1.827698553e-05
8,32.0,36.0,23,1691.844257,0.0005389534562,1.98695355e-05
8,32.0,36.0,23,1693.880171,0.000528972274,1.838973526e-05
8,32.0,36.0,23,1695.916085,0.0005079306383,1.567731225e-05
8,32.0,36.0,23,1697.951998,0.0004823912834,1.37030791e-05
8,32.0,36.0,23,1699.987912,0.0004695639261,1.457780532e-05
8,32.0,36.0,23,1702.023826,0.0004704933208,1.677886739e-05
8,32.0,36.0,23,1704.059739,0.0004657403639,1.770604022e-05
8,32.0,36.0,23,1706.095653,0.0004460227184,1.674216908e-05
8,32.0,36.0,23,1708.131567,0.0004214322274,1.593867102e-05
8,32.0,36.0,23,1710.16748,0.0003968548973,1.459874822e-05
8,32.0,36.0,23,1712.203394,0.0003780786028,1.294213202e-05
8,32.0,36.0,23,1714.239308,0.0003679307486,1.169007556e-05
8,32.0,36.0,23,1716.275221,0.0003551002038,1.216550568e-05
8,32.0,36.0,23,1718.311135,0.0003379896251,1.279319236e-05
8,32.0,36.0,23,1720.347049,0.0003212765993,1.241987353e-05
8,32.0,36.0,23,1722.382962,0.0003046161045,1.082654333e-05
8,32.0,36.0,23,1724.418876,0.0002895968702,8.77840597e-06
8,32.0,36.0,23,1726.45479,0.0002749275055,8.072255219e-06
8,32.0,36.0,23,1728.490703,0.000263277022,8.913414818e-06
8,32.0,36.0,23,1730.526617,0.0002587852666,1.014393174e-05
8,32.0,36.0,23,1732.562531,0.0002520003889,1.079131855e-05
8,32.0,36.0,23,1734.598444,0.0002364446059,8.736401905e-06
8,32.0,36.0,23,1736.634358,0.0002190168862,6.08262409e-06
8,32.0,36.0,23,1738.670272,0.0002064267049,5.744466874e-06
8,32.0,36.0,23,1740.706185,0.0001980293422,6.688790774e-06
8,32.0,36.0,23,1742.742099,0.0001873987914,6.480608799e-06
8,32.0,36.0,23,1744.778013,0.0001746650712,5.682277829e-06
8,32.0,36.0,23,1746.813926,0.0001666359344,5.883729421e-06
8,32.0,36.0,23,1748.84984,0.0001636296313,6.061480142e-06
8,32.0,36.0,23,1750.885754,0.0001592215766,5.765977301e-06
8,32.0,36.0,23,1752.921667,0.0001519547762,5.43923233e-06
8,32.0,36.0,23,1754.957581,0.0001462576269,4.779972953e-06
8,32.0,36.0,23,1756.993495,0.0001432762849,4.323362657e-06
8,32.0,36.0,23,1759.029408,0.0001387142949,5.119429824e-06
8,32.0,36.0,23,1761.065322,0.0001311202835,5.158660306e-06
8,32.0,36.0,23,1763.101236,0.0001258110953,4.025909942e-06
8,32.0,36.0,23,1765.137149,0.0001239008969,3.141441088e-06
8,32.0,36.0,23,1767.173063,0.0001206667138,3.141137099e-06
8,32.0,36.0,23,1769.208977,0.0001156116269,3.369120517e-06
8,32.0,36.0,23,1771.24489,0.0001107628104,3.328983463e-06
8,32.0,36.0,23,1773.280804,0.0001046513906,3.1640998e-06
8,32.0,36.0,23,1775.316718,9.771761868e-05,2.577146827e-06
8,32.0,36.0,23,1777.352631,9.322865826e-05,2.281320699e-06
8,32.0,36.0,23,1779.388545,9.090540471e-05,2.110208376e-06
8,32.0,36.0,23,1781.424459,8.908025539e-05,2.304073411e-06
8,32.0,36.0,23,1783.460372,8.664316708e-05,2.43735378e-06
8,32.0,36.0,23,1785.496286,8.325513234e-05,2.537258032e-06
8,32.0,36.0,23,1787.5322,8.028800445e-05,2.64441344e-06
8,32.0,36.0,23,1789.568113,7.740454246e-05,2.507088141e-06
8,32.0,36.0,23,1791.604027,7.398238875e-05,2.298244094e-06
8,32.0,36.0,23,1793.639941,7.206057353e-05,2.100347653e-06
8,32.0,36.0,23,1795.675854,7.13464748e-05,2.192586624e-06
8,32.0,36.0,23,1797.711768,6.862295123e-05,2.098946547e-06
8,32.0,36.0,23,1799.747682,6.437915588e-05,1.85345152e-06
8,32.0,36.0,23,1801.783595,6.145726108e-05,1.878469529e-06
8,32.0,36.0,23,1803.819509,5.980515288e-05,1.763772323e-06
8,32.0,36.0,23,1805.855423,5.818526185e-05,1.663890293e-06
8,32.0,36.0,23,1807.891336,5.639808944e-05,1.649323809e-06
8,32.0,36.0,23,1809.92725,5.447311461e-05,1.492586425e-06
8,32.0,36.0,23,1811.963164,5.210900363e-05,1.426186698e-06
8,32.0,36.0,23,1813.999077,4.945885745e-05,1.602411965e-06
8,32.0,36.0,23,1816.034991,4.780535358e-05,1.6621008e-06
8,32.0,36.0,23,1818.070905,4.777995477e-05,1.525225772e-06
8,32.0,36.0,23,1820.106818,4.732649989e-05,1.562227339e-06
8,32.0,36.0,23,1822.142732,4.521295203e-05,1.418038212e-06
8,32.0,36.0,23,1824.178646,4.352712631e-05,1.20180688e-06
8,32.0,36.0,23,1826.214559,4.315538885e-05,1.217202153e-06
8,32.0,36.0,23,1828.250473,4.262090217e-05,1.303362877e-06
8,32.0,36.0,23,1830.286387,4.113069434e-05,1.267987064e-06
8,32.0,36.0,23,1832.3223,3.917129795e-05,1.070380372e-06
8,32.0,36.0,23,1834.358214,3.795049293e-05,9.297396098e-07
8,32.0,36.0,23,1836.394128,3.763142835e-05,9.689214494e-07
8,32.0,36.0,23,1838.430041,3.69186981e-05,9.39690182e-07
8,32.0,36.0,23,1840.465955,3.546128078e-05,9.070383538e-07
8,32.0,36.0,23,1842.501869,3.406510553e-05,8.147643162e-07
8,32.0,36.0,23,1844.537782,3.298725284e-05,7.594428472e-07
8,32.0,36.0,23,1846.573696,3.233974491e-05,7.269924352e-07
8,32.0,36.0,23,1848.60961,3.234642693e-05,7.817587308e-07
8,32.0,36.0,23,1850.645523,3.238700717e-05,8.306931849e-07
8,32.0,36.0,23,1852.681437,3.172434789e-05,9.411619828e-07
8,32.0,36.0,23,1854.717351,3.05214157e-05,9.521239625e-07
8,32.0,36.0,23,1856.753264,2.941933207e-05,8.661463112e-07
8,32.0,36.0,23,1858.789178,2.890560512e-05,8.762888186e-07
8,32.0,36.0,23,1860.825092,2.848143055e-05,8.63445407e-07
8,32.0,36.0,23,1862.861005,2.753360573e-05,7.542555641e-07
8,32.0,36.0,23,1864.896919,2.670147046e-05,6.877694608e-07
8,32.0,36.0,23,1866.932833,2.614785141e-05,7.050739455e-07
8,32.0,36.0,23,1868.968746,2.534834937e-05,6.424531496e-07
8,32.0,36.0,23,1871.00466,2.455163901e-05,5.028987501e-07
8,32.0,36.0,23,1873.040574,2.404771289e-05,5.221837552e-07
8,32.0,36.0,23,1875.076487,2.372498462e-05,5.812476911e-07
8,32.0,36.0,23,1877.112401,2.356994781e-05,5.994093201e-07
8,32.0,36.0,23,1879.148315,2.354385829e-05,6.399794135e-07
8,32.0,36.0,23,1881.184228,2.343049834e-05,6.413318278e-07
8,32.0,36.0,23,1883.220142,2.311973515e-05,5.873914713e-07
8,32.0,36.0,23,1885.256056,2.275238275e-05,5.260466071e-07
8,32.0,36.0,23,1887.291969,2.237233115e-05,4.884871785e-07
8,32.0,36.0,23,1889.327883,2.193067573e-05,5.095948303e-07
8,32.0,36.0,23,1891.363797,2.116729838e-05,5.062102548e-07
8,32.0,36.0,23,1893.39971,2.020785904e-05,4.89202509e-07
8,32.0,36.0,23,1895.435624,1.97563165e-05,4.765624774e-07
8,32.0,36.0,23,1897.471538,1.950979165e-05,4.819029852e-07
8,32.0,36.0,23,1899.507451,1.890655707e-05,4.703483624e-07
8,32.0,36.0,23,1901.543365,1.841949473e-05,4.301642713e-07
8,32.0,36.0,23,1903.579279,1.820387484e-05,3.8373337e-07
8,32.0,36.0,23,1905.615192,1.787364897e-05,3.972710098e-07
8,32.0,36.0,23,1907.651106,1.752863335e-05,4.172661121e-07
8,32.0,36.0,23,1909.68702,1.728602532e-05,4.094259513e-07
8,32.0,36.0,23,1911.722933,1.693504038e-05,4.233193772e-07
8,32.0,36.0,23,1913.758847,1.654262398e-05,4.080539744e-07
8,32.0,36.0,23,1915.794761,1.622516499e-05,3.632711921e-07
8,32.0,36.0,23,1917.830674,1.592275896e-05,3.461913698e-07
8,32.0,36.0,23,1919.866588,1.571794026e-05,3.382085961e-07
8,32.0,36.0,23,1921.902502,1.55287653e-05,3.593566056e-07
8,32.0,36.0,23,1923.938415,1.518497761e-05,3.604719395e-07
8,32.0,36.0,23,1925.974329,1.488249898e-05,3.382070829e-07
8,32.0,36.0,23,1928.010243,1.478952591e-05,3.264493678e-07
8,32.0,36.0,23,1930.046156,1.46871576e-05,3.282711049e-07
8,32.0,36.0,23,1932.08207,1.442215103e-05,3.32824106e-07
8,32.0,36.0,23,1934.117984,1.412233101e-05,3.404475949e-07
8,32.0,36.0,23,1936.153897,1.395197607e-05,3.251793688e-07
8,32.0,36.0,23,1938.189811,1.396880527e-05,3.00343741e-07
8,32.0,36.0,23,1940.225725,1.399684491e-05,2.731528536e-07
8,32.0,36.0,23,1942.261638,1.378545549e-05,2.504739986e-07
8,32.0,36.0,23,1944.297552,1.339675498e-05,2.612405596e-07
8,32.0,36.0,23,1946.333466,1.317067882e-05,2.938252697e-07
8,32.0,36.0,23,1948.369379,1.312009991e-05,3.047885224e-07
8,32.0,36.0,23,1950.405293,1.301023245e-05,3.01087463e-07
8,32.0,36.0,23,1952.441207,1.285286152e-05,3.030710853e-07
8,32.0,36.0,23,1954.47712,1.277848829e-05,3.276297429e-07
8,32.0,36.0,23,1956.513034,1.276825137e-05,3.334631801e-07
8,32.0,36.0,23,1958.548948,1.276633294e-05,3.029862992e-07
8,32.0,36.0,23,1960.584861,1.269100834e-05,2.784130841e-07
8,32.0,36.0,23,1962.620775,1.242976253e-05,2.899948804e-07
8,32.0,36.0,23,1964.656689,1.208101207e-05,2.922000821e-07
8,32.0,36.0,23,1966.692602,1.182306201e-05,2.682421097e-07
8,32.0,36.0,23,1968.728516,1.160255323e-05,2.22291059e-07
8,32.0,36.0,23,1970.76443,1.150806483e-05,2.126838664e-07
8,32.0,36.0,23,1972.800343,1.160000107e-05,2.410650151e-07
8,32.0,36.0,23,1974.836257,1.160308939e-05,2.527101016e-07
8,32.0,36.0,23,1976.872171,1.15095823e-05,2.512722699e-07
8,32.0,36.0,23,1978.908084,1.15235719e-05,2.397619531e-07
8,32.0,36.0,23,1980.943998,1.156229256e-05,2.243231264e-07
8,32.0,36.0,23,1982.979912,1.14004407e-05,2.191269222e-07
8,32.0,36.0,23,1985.015825,1.107966874e-05,2.272272485e-07
8,32.0,36.0,23,1987.051739,1.085010001e-05,2.295388341e-07
8,32.0,36.0,23,1989.087653,1.073113869e-05,2.53686833e-07
8,32.0,36.0,23,1991.123566,1.054981083e-05,2.58876569e-07
8,32.0,36.0,23,1993.15948,1.035876129e-05,2.359447203e-07
8,32.0,36.0,23,1995.195394,1.036738746e-05,2.189261613e-07
8,32.0,36.0,23,1997.231307,1.051449824e-05,2.181667171e-07
8,32.0,36.0,23,1999.267221,1.066060764e-05,2.213100613e-07
8,32.0,36.0,23,2001.303135,1.077279892e-05,2.396572177e-07
8,32.0,36.0,23,2003.339048,1.071192624e-05,2.557959837e-07
8,32.0,36.0,23,2005.374962,1.043612684e-05,2.49313947e-07
8,32.0,36.0,23,2007.410876,1.010995379e-05,2.308516054e-07
8,32.0,36.0,23,2009.446789,9.838463436e-06,2.116308091e-07
8,32.0,36.0,23,2011.482703,9.740198651e-06,1.973435638e-07
8,32.0,36.0,23,2013.518617,9.857895816e-06,2.022669201e-07
8,32.0,36.0,23,2015.55453,9.999554072e-06,1.972433976e-07
8,32.0,36.0,23,2017.590444,1.009343951e-05,1.831111004e-07
8,32.0,36.0,23,2019.626358,1.012523862e-05,1.956023327e-07
8,32.0,36.0,23,2021.662271,1.005724867e-05,2.212804202e-07
8,32.0,36.0,23,2023.698185,1.001517221e-05,2.195710926e-07
8,32.0,36.0,23,2025.734099,1.003551691e-05,1.971471965e-07
8,32.0,36.0,23,2027.770012,1.003620776e-05,2.041486225e-07
8,32.0,36.0,23,2029.805926,1.003476326e-05,2.188239934e-07
8,32.0,36.0,23,2031.84184,1.005449123e-05,2.201606165e-07
8,32.0,36.0,23,2033.877753,1.003322772e-05,2.21754505e-07
8,32.0,36.0,23,2035.913667,9.91301697e-06,2.356733685e-07
8,32.0,36.0,23,2037.949581,9.761540075e-06,2.49751529e-07
8,32.0,36.0,23,2039.985494,9.722920623e-06,2.497729693e-07
8,32.0,36.0,23,2042.021408,9.832604884e-06,2.468693208e-07
8,32.0,36.0,23,2044.057322,9.972879981e-06,2.38535553e-07
8,32.0,36.0,23,2046.093235,1.005511994e-05,2.241304937e-07
8,32.0,36.0,23,2048.129149,1.006386685e-05,2.190412859e-07
8,32.0,36.0,23,2050.165063,9.973841394e-06,1.961643702e-07
8,32.0,36.0,23,2052.200976,9.804671631e-06,1.782524396e-07
8,32.0,36.0,23,2054.23689,9.683322302e-06,1.984914891e-07
8,32.0,36.0,23,2056.272804,9.743012495e-06,2.060179807e-07
8,32.0,36.0,23,2058.308717,9.916208566e-06,2.089347835e-07
8,32.0,36.0,23,2060.344631,1.000115305e-05,2.192819755e-07
8,32.0,36.0,23,2062.380545,9.94768444e-06,2.22934074e-07
8,32.0,36.0,23,2064.416458,9.899642027e-06,2.225809368e-07
8,32.0,36.0,23,2066.452372,9.96321218e-06,2.251599589e-07
8,32.0,36.0,23,2068.488286,1.004652196e-05,2.365649674e-07
8,32.0,36.0,23,2070.524199,1.00645922e-05,2.410725327e-07
8,32.0,36.0,23,2072.560113,1.012659034e-05,2.143923324e-07
8,32.0,36.0,23,2074.596027,1.014833775e-05,1.760299482e-07
8,32.0,36.0,23,2076.63194,1.00584682e-05,1.804151665e-07
8,32.0,36.0,23,2078.667854,1.009101365e-05,1.923193598e-07
8,32.0,36.0,23,2080.703768,1.024326754e-05,1.889092164e-07
8,32.0,36.0,23,2082.739681,1.034718883e-05,1.979982673e-07
8,32.0,36.0,23,2084.775595,1.041580378e-05,2.192348403e-07
8,32.0,36.0,23,2086.811509,1.049033455e-05,2.344208825e-07
8,32.0,36.0,23,2088.847422,1.057977542e-05,2.315366602e-07
8,32.0,36.0,23,2090.883336,1.069913186e-05,2.211529842e-07
8,32.0,36.0,23,2092.91925,1.078068884e-05,2.245283206e-07
8,32.0,36.0,23,2094.955163,1.075292231e-05,2.302737677e-07
8,32.0,36.0,23,2096.991077,1.067795135e-05,2.248989945e-07
8,32.0,36.0,23,2099.026991,1.064017869e-05,2.201877845e-07
8,32.0,36.0,23,2101.062904,1.067307657e-05,2.146400136e-07
8,32.0,36.0,23,2103.098818,1.079314937e-05,2.091376962e-07
8,32.0,36.0,23,2105.134732,1.089343609e-05,2.223288627e-07
8,32.0,36.0,23,2107.170645,1.093490741e-05,2.16817935e-07
8,32.0,36.0,23,2109.206559,1.101135772e-05,2.065703577e-07
8,32.0,36.0,23,2111.242473,1.103194048e-05,2.219454791e-07
8,32.0,36.0,23,2113.278386,1.097813006e-05,2.457463464e-07
8,32.0,36.0,23,2115.3143,1.098224626e-05,2.405720859e-07
8,32.0,36.0,23,2117.350214,1.106381449e-05,2.216088449e-07
8,32.0,36.0,23,2119.386127,1.121528909e-05,2.220046972e-07
8,32.0,36.0,23,2121.422041,1.14088649e-05,2.310194823e-07
8,32.0,36.0,23,2123.457955,1.158389505e-05,2.306728813e-07
8,32.0,36.0,23,2125.493868,1.167317986e-05,2.28621502e-07
8,32.0,36.0,23,2127.529782,1.16933424e-05,2.208049002e-07
8,32.0,36.0,23,2129.565696,1.178922602e-05,2.200405106e-07
8,32.0,36.0,23,2131.601609,1.199837338e-05,2.37471623e-07
8,32.0,36.0,23,2133.637523,1.224068765e-05,2.660184124e-07
8,32.0,36.0,23,2135.673437,1.24668442e-05,2.852295137e-07
8,32.0,36.0,23,2137.70935,1.265162562e-05,2.677411728e-07
8,32.0,36.0,23,2139.745264,1.278873358e-05,2.500539408e-07
8,32.0,36.0,23,2141.781178,1.278675579e-05,2.600628603e-07
8,32.0,36.0,23,2143.817091,1.265040564e-05,2.371762351e-07
8,32.0,36.0,23,2145.853005,1.257226043e-05,2.223187143e-07
8,32.0,36.0,23,2147.888919,1.26363046e-05,2.412289706e-07
8,32.0,36.0,23,2149.924832,1.28208868e-05,2.550183338e-07
8,32.0,36.0,23,2151.960746,1.305425421e-05,2.876835348e-07
8,32.0,36.0,23,2153.99666,1.317866616e-05,3.401438888e-07
8,32.0,36.0,23,2156.032573,1.319458694e-05,3.390249212e-07
8,32.0,36.0,23,2158.068487,1.327421108e-05,2.97699171e-07
8,32.0,36.0,23,2160.104401,1.339989207e-05,2.860570362e-07
8,32.0,36.0,23,2162.140314,1.343387395e-05,2.866773846e-07
8,32.0,36.0,23,2164.176228,1.34387136e-05,3.097692665e-07
8,32.0,36.0,23,2166.212142,1.359179684e-05,3.270737361e-07
8,32.0,36.0,23,2168.248055,1.393550603e-05,3.309019949e-07
8,32.0,36.0,23,2170.283969,1.428398598e-05,3.289405385e-07
8,32.0,36.0,23,2172.319883,1.436177032e-05,3.071687234e-07
8,32.0,36.0,23,2174.355796,1.414206657e-05,2.667551727e-07
8,32.0,36.0,23,2176.39171,1.403597426e-05,2.491464696e-07
8,32.0,36.0,23,2178.427624,1.423540908e-05,2.645731683e-07
8,32.0,36.0,23,2180.463537,1.449325405e-05,2.782192478e-07
8,32.0,36.0,23,2182.499451,1.479565627e-05,2.844995441e-07
8,32.0,36.0,23,2184.535365,1.515669535e-05,2.938193468e-07
8,32.0,36.0,23,2186.571278,1.540754259e-05,3.245965897e-07
8,32.0,36.0,23,2188.607192,1.552530139e-05,3.2719953e-07
8,32.0,36.0,23,2190.643106,1.558401954e-05,3.093293238e-07
8,32.0,36.0,23,2192.679019,1.56405874e-05,3.164325616e-07
8,32.0,36.0,23,2194.714933,1.570117567e-05,3.018564918e-07
8,32.0,36.0,23,2196.750847,1.573475598e-05,3.11084993e-07
8,32.0,36.0,23,2198.78676,1.580904699e-05,3.135381187e-07
8,32.0,36.0,23,2200.822674,1.597971143e-05,3.137431743e-07
8,32.0,36.0,23,2202.858588,1.60363271e-05,3.203038441e-07
8,32.0,36.0,23,2204.894501,1.603339596e-05,3.420107297e-07
8,32.0,36.0,23,2206.930415,1.618983869e-05,3.441449022e-07
8,32.0,36.0,23,2208.966329,1.626127626e-05,2.991883112e-07
8,32.0,36.0,23,2211.002242,1.621330863e-05,3.164130938e-07
8,32.0,36.0,23,2213.038156,1.628167717e-05,3.695384614e-07
8,32.0,36.0,23,2215.07407,1.637315078e-05,4.010738529e-07
8,32.0,36.0,23,2217.109983,1.641171447e-05,3.987865262e-07
8,32.0,36.0,23,2219.145897,1.654033585e-05,3.778696099e-07
8,32.0,36.0,23,2221.181811,1.677971269e-05,3.308900199e-07
8,32.0,36.0,23,2223.217724,1.705349096e-05,3.09294412e-07
8,32.0,36.0,23,2225.253638,1.737958772e-05,3.458501466e-07
8,32.0,36.0,23,2227.289552,1.758167909e-05,3.908501019e-07
8,32.0,36.0,23,2229.325465,1.753626192e-05,4.137506472e-07
8,32.0,36.0,23,2231.361379,1.745086392e-05,3.850656029e-07
8,32.0,36.0,23,2233.397293,1.742883802e-05,3.717766704e-07
8,32.0,36.0,23,2235.433206,1.75298281e-05,4.210326433e-07
8,32.0,36.0,23,2237.46912,1.772062139e-05,4.449177661e-07
8,32.0,36.0,23,2239.505034,1.789061611e-05,4.141952224e-07
8,32.0,36.0,23,2241.540947,1.810335511e-05,3.939269499e-07
8,32.0,36.0,23,2243.576861,1.832348482e-05,3.877637957e-07
8,32.0,36.0,23,2245.612775,1.821449503e-05,3.668870848e-07
8,32.0,36.0,23,2247.648688,1.778204546e-05,3.458539019e-07
8,32.0,36.0,23,2249.684602,1.762087645e-05,3.573041302e-07
8,32.0,36.0,23,2251.720516,1.781366565e-05,3.563502324e-07
8,32.0,36.0,23,2253.756429,1.796191618e-05,3.514178613e-07
8,32.0,36.0,23,2255.792343,1.804891123e-05,3.564369108e-07
8,32.0,36.0,23,2257.828257,1.830446427e-05,3.680957158e-07
8,32.0,36.0,23,2259.86417,1.862428582e-05,3.881384527e-07
8,32.0,36.0,23,2261.900084,1.870019305e-05,4.011246942e-07
8,32.0,36.0,23,2263.935998,1.862414617e-05,4.382486301e-07
8,32.0,36.0,23,2265.971911,1.85567079e-05,4.230345334e-07
8,32.0,36.0,23,2268.007825,1.838795801e-05,3.513999086e-07
8,32.0,36.0,23,2270.043739,1.815693501e-05,3.287157768e-07
8,32.0,36.0,23,2272.079652,1.811210668e-05,3.848178745e-07
8,32.0,36.0,23,2274.115566,1.825184841e-05,3.951114587e-07
8,32.0,36.0,23,2276.15148,1.833121473e-05,3.857275438e-07
8,32.0,36.0,23,2278.187393,1.843080104e-05,3.865687805e-07
8,32.0,36.0,23,2280.223307,1.87126792e-05,3.692648903e-07
8,32.0,36.0,23,2282.259221,1.907358777e-05,3.62792893e-07
8,32.0,36.0,23,2284.295134,1.90717914e-05,3.751213449e-07
8,32.0,36.0,23,2286.331048,1.857231947e-05,4.064615935e-07
8,32.0,36.0,23,2288.366962,1.81260217e-05,3.986340421e-07
8,32.0,36.0,23,2290.402875,1.807222802e-05,3.717930731e-07
8,32.0,36.0,23,2292.438789,1.834339187e-05,3.338637281e-07
8,32.0,36.0,23,2294.474703,1.879350772e-05,3.22417924e-07
8,32.0,36.0,23,2296.510616,1.908297912e-05,3.374436599e-07
8,32.0,36.0,23,2298.54653,1.89571936e-05,3.693759567e-07
8,32.0,36.0,23,2300.582444,1.863088491e-05,3.603312415e-07
8,32.0,36.0,23,2302.618357,1.836073704e-05,3.494559943e-07
8,32.0,36.0,23,2304.654271,1.814629351e-05,3.868230812e-07
8,32.0,36.0,23,2306.690185,1.792806449e-05,4.017459859e-07
8,32.0,36.0,23,2308.726098,1.787847181e-05,3.800610257e-07
8,32.0,36.0,23,2310.762012,1.822850694e-05,3.340994891e-07
8,32.0,36.0,23,2312.797926,1.86145187e-05,2.898923758e-07
8,32.0,36.0,23,2314.833839,1.856310129e-05,2.79072186e-07
8,32.0,36.0,23,2316.869753,1.82583694e-05,2.939763476e-07
8,32.0,36.0,23,2318.905667,1.806866639e-05,3.145058945e-07
8,32.0,36.0,23,2320.94158,1.80267898e-05,3.187460516e-07
8,32.0,36.0,23,2322.977494,1.790368559e-05,3.805620306e-07
8,32.0,36.0,23,2325.013408,1.770221791e-05,4.064099772e-07
8,32.0,36.0,23,2327.049321,1.760054813e-05,3.448976944e-07
8,32.0,36.0,23,2329.085235,1.769149071e-05,3.168535329e-07
8,32.0,36.0,23,2331.121149,1.796196618e-05,3.201084314e-07
8,32.0,36.0,23,2333.157062,1.809797004e-05,3.324844507e-07
8,32.0,36.0,23,2335.192976,1.794264565e-05,3.099282856e-07
8,32.0,36.0,23,2337.22889,1.783205577e-05,3.123054186e-07
8,32.0,36.0,23,2339.264803,1.779953727e-05,3.256943095e-07
8,32.0,36.0,23,2341.300717,1.766042624e-05,3.217426339e-07
8,32.0,36.0,23,2343.336631,1.767486018e-05,3.273219088e-07
8,32.0,36.0,23,2345.372544,1.786043946e-05,3.145959743e-07
8,32.0,36.0,23,2347.408458,1.793826084e-05,2.905828069e-07
8,32.0,36.0,23,2349.444372,1.788620317e-05,3.258434441e-07
8,32.0,36.0,23,2351.480285,1.769756494e-05,3.391842295e-07
8,32.0,36.0,23,2353.516199,1.752949542e-05,3.215264023e-07
8,32.0,36.0,23,2355.552113,1.764407888e-05,3.31440116e-07
8,32.0,36.0,23,2357.588026,1.782687119e-05,3.261768176e-07
8,32.0,36.0,23,2359.62394,1.790793567e-05,3.159494587e-07
8,32.0,36.0,23,2361.659854,1.788070915e-05,3.102309823e-07
8,32.0,36.0,23,2363.695767,1.760267735e-05,2.910123299e-07
8,32.0,36.0,23,2365.731681,1.733345771e-05,3.101683232e-07
8,32.0,36.0,23,2367.767595,1.734898003e-05,3.506293428e-07
8,32.0,36.0,23,2369.803508,1.735417523e-05,3.546750815e-07
8,32.0,36.0,23,2371.839422,1.722312019e-05,3.324125674e-07
8,32.0,36.0,23,2373.875336,1.72809284e-05,3.348928457e-07
8,32.0,36.0,23,2375.911249,1.743281678e-05,3.391421997e-07
8,32.0,36.0,23,2377.947163,1.755100155e-05,3.483234717e-07
8,32.0,36.0,23,2379.983077,1.771257077e-05,3.430116357e-07
8,32.0,36.0,23,2382.01899,1.774336069e-05,3.545871205e-07
8,32.0,36.0,23,2384.054904,1.763109918e-05,3.523093906e-07
8,32.0,36.0,23,2386.090818,1.758474266e-05,3.167601616e-07
8,32.0,36.0,23,2388.126731,1.761906445e-05,2.79801779e-07
8,32.0,36.0,23,2390.162645,1.758725356e-05,2.85479998e-07
8,32.0,36.0,23,2392.198559,1.753438014e-05,2.693079556e-07
8,32.0,36.0,23,2394.234472,1.757238914e-05,2.640903186e-07
8,32.0,36.0,23,2396.270386,1.752330785e-05,2.995303811e-07
8,32.0,36.0,23,2398.3063,1.740007585e-05,3.257194627e-07
8,32.0,36.0,23,2400.342213,1.751010292e-05,3.08426884e-07
8,32.0,36.0,23,2402.378127,1.769517971e-05,2.96755613e-07
8,32.0,36.0,23,2404.414041,1.772966655e-05,2.968220048e-07
8,32.0,36.0,23,2406.449954,1.772253772e-05,2.710310907e-07
8,32.0,36.0,23,2408.485868,1.764320854e-05,2.549673712e-07
8,32.0,36.0,23,2410.521782,1.744339233e-05,2.701291972e-07
8,32.0,36.0,23,2412.557695,1.73473385e-05,2.844954744e-07
8,32.0,36.0,23,2414.593609,1.741375334e-05,3.271410599e-07
8,32.0,36.0,23,2416.629523,1.740662846e-05,3.524013661e-07
8,32.0,36.0,23,2418.665436,1.734458659e-05,3.47665305e-07
8,32.0,36.0,23,2420.70135,1.740538668e-05,3.377332625e-07
8,32.0,36.0,23,2422.737264,1.75029897e-05,3.155987109e-07
8,32.0,36.0,23,2424.773177,1.750868928e-05,2.918175815e-07
8,32.0,36.0,23,2426.809091,1.744221189e-05,2.732122333e-07
8,32.0,36.0,23,2428.845005,1.729071996e-05,2.686515217e-07
8,32.0,36.0,23,2430.880918,1.707621973e-05,2.835382969e-07
8,32.0,36.0,23,2432.916832,1.694301634e-05,2.806314548e-07
8,32.0,36.0,23,2434.952746,1.694424611e-05,2.859392201e-07
8,32.0,36.0,23,2436.988659,1.706461522e-05,2.942179087e-07
8,32.0,36.0,23,2439.024573,1.740655883e-05,2.844497567e-07
8,32.0,36.0,23,2441.060487,1.776271073e-05,2.628766422e-07
8,32.0,36.0,23,2443.0964,1.769535793e-05,2.89095276e-07
8,32.0,36.0,23,2445.132314,1.73433387e-05,3.097617578e-07
8,32.0,36.0,23,2447.168228,1.711322143e-05,3.044400183e-07
8,32.0,36.0,23,2449.204141,1.71296706e-05,2.94536444e-07
8,32.0,36.0,23,2451.240055,1.73109888e-05,2.863032691e-07
8,32.0,36.0,23,2453.275969,1.749268316e-05,2.775283685e-07
8,32.0,36.0,23,2455.311882,1.757666598e-05,2.842927413e-07
8,32.0,36.0,23,2457.347796,1.753076155e-05,2.963781506e-07
8,32.0,36.0,23,2459.38371,1.731240543e-05,3.059746446e-07
8,32.0,36.0,23,2461.419623,1.6996286e-05,2.875965439e-07
8,32.0,36.0,23,2463.455537,1.689262716e-05,2.701566837e-07
8,32.0,36.0,23,2465.491451,1.72606243e-05,2.605935047e-07
8,32.0,36.0,23,2467.527364,1.770968895e-05,2.784798467e-07
8,32.0,36.0,23,2469.563278,1.774046657e-05,2.787105493e-07
8,32.0,36.0,23,2471.599192,1.754210274e-05,2.782085619e-07
8,32.0,36.0,23,2473.635105,1.747429688e-05,2.908903693e-07
8,32.0,36.0,23,2475.671019,1.747192817e-05,3.269882205e-07
8,32.0,36.0,23,2477.706933,1.73288421e-05,3.240384733e-07
8,32.0,36.0,23,2479.742846,1.712281932e-05,3.025914094e-07
8,32.0,36.0,23,2481.77876,1.696442027e-05,2.945528189e-07
8,32.0,36.0,23,2483.814674,1.690085869e-05,2.839680339e-07
8,32.0,36.0,23,2485.850587,1.707119837e-05,2.693290247e-07
8,32.0,36.0,23,2487.886501,1.736952665e-05,2.637731703e-07
8,32.0,36.0,23,2489.922415,1.74924621e-05,2.61804596e-07
8,32.0,36.0,23,2491.958328,1.737909623e-05,2.531313131e-07
8,32.0,36.0,23,2493.994242,1.72338054e-05,2.713082408e-07
8,32.0,36.0,23,2496.030156,1.715240772e-05,2.75755085e-07
8,32.0,36.0,23,2498.066069,1.699859436e-05,2.984081542e-07
8,32.0,36.0,23,2500.101983,1.681256954e-05,3.284958976e-07
8,32.0,36.0,23,2502.137897,1.670086955e-05,3.106060425e-07
8,32.0,36.0,23,2504.17381,1.671106011e-05,2.558370462e-07
8,32.0,36.0,23,2506.209724,1.686694477e-05,2.535558019e-07
8,32.0,36.0,23,2508.245638,1.70756165e-05,2.960087098e-07
8,32.0,36.0,23,2510.281551,1.725987019e-05,3.274024367e-07
8,32.0,36.0,23,2512.317465,1.727154935e-05,3.210341656e-07
8,32.0,36.0,23,2514.353379,1.711003556e-05,3.046874401e-07
8,32.0,36.0,23,2516.389292,1.707523864e-05,2.758790558e-07
8,32.0,36.0,23,2518.425206,1.719871422e-05,2.615814716e-07
8,32.0,36.0,23,2520.46112,1.733046891e-05,2.857513912e-07
8,32.0,36.0,23,2522.497033,1.749232024e-05,3.099146978e-07
8,32.0,36.0,23,2524.532947,1.757071663e-05,3.113367239e-07
8,32.0,36.0,23,2526.568861,1.743040163e-05,2.91045672e-07
8,32.0,36.0,23,2528.604774,1.728955344e-05,2.665258565e-07
8,32.0,36.0,23,2530.640688,1.727353987e-05,2.800644605e-07
8,32.0,36.0,23,2532.676602,1.724859262e-05,2.704357436e-07
8,32.0,36.0,23,2534.712515,1.721350135e-05,2.389717968e-07
8,32.0,36.0,23,2536.748429,1.714773864e-05,2.518702215e-07
8,32.0,36.0,23,2538.784343,1.70652384e-05,2.843351284e-07
8,32.0,36.0,23,2540.820256,1.705329949e-05,2.914909049e-07
8,32.0,36.0,23,2542.85617,1.702552929e-05,2.701872596e-07
8,32.0,36.0,23,2544.892084,1.691305145e-05,2.428915811e-07
8,32.0,36.0,23,2546.927997,1.685017446e-05,2.451025418e-07
8,32.0,36.0,23,2548.963911,1.69077075e-05,2.742269953e-07
8,32.0,36.0,23,2550.999825,1.687879297e-05,2.751587735e-07
8,32.0,36.0,23,2553.035738,1.679563134e-05,2.744743246e-07
8,32.0,36.0,23,2555.071652,1.689887009e-05,2.703834486e-07
8,32.0,36.0,23,2557.107566,1.71504864e-05,2.634831959e-07
8,32.0,36.0,23,2559.143479,1.738655411e-05,2.853046032e-07
8,32.0,36.0,23,2561.179393,1.750282808e-05,3.019094334e-07
8,32.0,36.0,23,2563.215307,1.74973213e-05,3.058532679e-07
8,32.0,36.0,23,2565.25122,1.749714579e-05,2.816479253e-07
8,32.0,36.0,23,2567.287134,1.747837164e-05,2.557908031e-07
8,32.0,36.0,23,2569.323048,1.73678795e-05,2.557759046e-07
8,32.0,36.0,23,2571.358961,1.732290309e-05,2.37009895e-07
8,32.0,36.0,23,2573.394875,1.737965185e-05,2.302377398e-07
8,32.0,36.0,23,2575.430789,1.736815735e-05,2.377569083e-07
8,32.0,36.0,23,2577.466702,1.722070223e-05,2.451930649e-07
8,32.0,36.0,23,2579.502616,1.711392318e-05,2.623285288e-07
8,32.0,36.0,23,2581.53853,1.717466978e-05,2.680852698e-07
8,32.0,36.0,23,2583.574443,1.733021684e-05,3.007910734e-07
8,32.0,36.0,23,2585.610357,1.745909507e-05,3.867902582e-07
8,32.0,36.0,23,2587.646271,1.747158732e-05,3.887459504e-07
8,32.0,36.0,23,2589.682184,1.737134854e-05,3.208346219e-07
8,32.0,36.0,23,2591.718098,1.727786897e-05,2.832667258e-07
8,32.0,36.0,23,2593.754012,1.731016501e-05,3.085510912e-07
8,32.0,36.0,23,2595.789925,1.739627296e-05,3.242262402e-07
8,32.0,36.0,23,2597.825839,1.749350155e-05,2.858509809e-07
8,32.0,36.0,23,2599.861753,1.767318702e-05,2.795453428e-07
8,32.0,36.0,23,2601.897666,1.781845565e-05,3.181894946e-07
8,32.0,36.0,23,2603.93358,1.785890186e-05,3.455376449e-07
8,32.0,36.0,23,2605.969494,1.782180385e-05,3.348882749e-07
8,32.0,36.0,23,2608.005407,1.775489238e-05,3.030273191e-07
8,32.0,36.0,23,2610.041321,1.776139181e-05,2.888623553e-07
8,32.0,36.0,23,2612.077235,1.775083429e-05,3.012525258e-07
8,32.0,36.0,23,2614.113148,1.771684452e-05,3.219677229e-07
8,32.0,36.0,23,2616.149062,1.779228091e-05,3.329091571e-07
8,32.0,36.0,23,2618.184976,1.798490674e-05,3.257340673e-07
8,32.0,36.0,23,2620.220889,1.832361643e-05,3.332305183e-07
8,32.0,36.0,23,2622.256803,1.858592078e-05,3.351939679e-07
8,32.0,36.0,23,2624.292717,1.858858816e-05,3.640363752e-07
8,32.0,36.0,23,2626.32863,1.854893247e-05,4.314982985e-07
8,32.0,36.0,23,2628.364544,1.865118095e-05,4.302857197e-07
8,32.0,36.0,23,2630.400458,1.889925639e-05,3.42072877e-07
8,32.0,36.0,23,2632.436371,1.912277178e-05,3.169964899e-07
8,32.0,36.0,23,2634.472285,1.90344244e-05,3.623946359e-07
8,32.0,36.0,23,2636.508199,1.864866572e-05,3.628305405e-07
8,32.0,36.0,23,2638.544112,1.832043022e-05,3.473958314e-07
8,32.0,36.0,23,2640.580026,1.814336448e-05,3.316711596e-07
8,32.0,36.0,23,2642.61594,1.801491784e-05,2.995084185e-07
8,32.0,36.0,23,2644.651853,1.809115427e-05,2.974243614e-07
8,32.0,36.0,23,2646.687767,1.84430062e-05,3.08791374e-07
8,32.0,36.0,23,2648.723681,1.868416562e-05,3.452765496e-07
8,32.0,36.0,23,2650.759594,1.86583369e-05,3.663308709e-07
8,32.0,36.0,23,2652.795508,1.861503415e-05,3.422850563e-07
8,32.0,36.0,23,2654.831422,1.859129388e-05,3.067714252e-07
8,32.0,36.0,23,2656.867335,1.864368696e-05,3.093681263e-07
8,32.0,36.0,23,2658.903249,1.876180924e-05,3.711651985e-07
8,32.0,36.0,23,2660.939163,1.876975667e-05,4.312655852e-07
8,32.0,36.0,23,2662.975076,1.886689588e-05,4.738432237e-07
8,32.0,36.0,23,2665.01099,1.918297828e-05,5.488382723e-07
8,32.0,36.0,23,2667.046904,1.951075995e-05,5.549277762e-07
8,32.0,36.0,23,2669.082817,1.959105203e-05,4.716803427e-07
8,32.0,36.0,23,2671.118731,1.934027425e-05,3.949285412e-07
8,32.0,36.0,23,2673.154645,1.914600966e-05,4.027796689e-07
8,32.0,36.0,23,2675.190558,1.936524425e-05,4.407330611e-07
8,32.0,36.0,23,2677.226472,1.978632669e-05,4.597614592e-07
8,32.0,36.0,23,2679.262386,2.001163277e-05,4.521208747e-07
8,32.0,36.0,23,2681.298299,2.001650614e-05,4.333386236e-07
8,32.0,36.0,23,2683.334213,2.010031571e-05,3.97239938e-07
8,32.0,36.0,23,2685.370127,2.036666856e-05,4.08161005e-07
8,32.0,36.0,23,2687.40604,2.060117817e-05,4.304462198e-07
8,32.0,36.0,23,2689.441954,2.078681798e-05,4.330700174e-07
8,32.0,36.0,23,2691.477868,2.096808641e-05,4.731352971e-07
8,32.0,36.0,23,2693.513781,2.099821106e-05,4.930261691e-07
8,32.0,36.0,23,2695.549695,2.092048366e-05,4.620173542e-07
8,32.0,36.0,23,2697.585609,2.11097319e-05,4.552546895e-07
8,32.0,36.0,23,2699.621522,2.151190454e-05,4.916683491e-07
8,32.0,36.0,23,2701.657436,2.159959775e-05,5.121373253e-07
8,32.0,36.0,23,2703.69335,2.152025285e-05,4.741871703e-07
8,32.0,36.0,23,2705.729263,2.178768191e-05,4.718654129e-07
8,32.0,36.0,23,2707.765177,2.220889842e-05,5.455061179e-07
8,32.0,36.0,23,2709.801091,2.244781109e-05,5.737234293e-07
8,32.0,36.0,23,2711.837004,2.265846125e-05,5.961937344e-07
8,32.0,36.0,23,2713.872918,2.276953143e-05,6.211961801e-07
8,32.0,36.0,23,2715.908832,2.266401655e-05,5.991955921e-07
8,32.0,36.0,23,2717.944745,2.26599053e-05,5.57630126e-07
8,32.0,36.0,23,2719.980659,2.297624926e-05,5.090225049e-07
8,32.0,36.0,23,2722.016573,2.346567272e-05,5.743896437e-07
8,32.0,36.0,23,2724.052486,2.392745654e-05,6.404250005e-07
8,32.0,36.0,23,2726.0884,2.429715446e-05,6.604403039e-07
8,32.0,36.0,23,2728.124314,2.450712248e-05,6.401804688e-07
8,32.0,36.0,23,2730.160227,2.448160309e-05,6.259870853e-07
8,32.0,36.0,23,2732.196141,2.449286796e-05,6.623812242e-07
8,32.0,36.0,23,2734.232055,2.497124421e-05,7.326133745e-07
8,32.0,36.0,23,2736.267968,2.556085753e-05,7.797666475e-07
8,32.0,36.0,23,2738.303882,2.563826602e-05,7.211571571e-07
8,32.0,36.0,23,2740.339796,2.55713951e-05,6.734402774e-07
8,32.0,36.0,23,2742.375709,2.604888312e-05,7.580145292e-07
8,32.0,36.0,23,2744.411623,2.663154382e-05,8.245582963e-07
8,32.0,36.0,23,2746.447537,2.67091475e-05,8.155001767e-07
8,32.0,36.0,23,2748.48345,2.687318486e-05,7.641344145e-07
8,32.0,36.0,23,2750.519364,2.760938604e-05,8.655735927e-07
8,32.0,36.0,23,2752.555278,2.822443533e-05,1.020507632e-06
8,32.0,36.0,23,2754.591191,2.824710328e-05,1.028568071e-06
8,32.0,36.0,23,2756.627105,2.800991716e-05,8.951609626e-07
8,32.0,36.0,23,2758.663019,2.801266617e-05,7.567717426e-07
8,32.0,36.0,23,2760.698932,2.856066568e-05,6.443212649e-07
8,32.0,36.0,23,2762.734846,2.932477743e-05,5.749263666e-07
8,32.0,36.0,23,2764.77076,2.958866135e-05,6.532124575e-07
8,32.0,36.0,23,2766.806673,2.923952682e-05,7.739152696e-07
8,32.0,36.0,23,2768.842587,2.896016186e-05,8.338476532e-07
8,32.0,36.0,23,2770.878501,2.904482149e-05,8.92884019e-07
8,32.0,36.0,23,2772.914414,2.96902713e-05,9.18913295e-07
8,32.0,36.0,23,2774.950328,3.115629891e-05,9.595819892e-07
8,32.0,36.0,23,2776.986242,3.28309107e-05,1.025148587e-06
8,32.0,36.0,23,2779.022155,3.380208361e-05,1.0858392e-06
8,32.0,36.0,23,2781.058069,3.406044403e-05,1.065908965e-06
8,32.0,36.0,23,2783.093983,3.422933511e-05,1.063967379e-06
8,32.0,36.0,23,2785.129896,3.421608375e-05,1.105712747e-06
8,32.0,36.0,23,2787.16581,3.411418411e-05,1.052283162e-06
8,32.0,36.0,23,2789.201724,3.463057512e-05,1.035321124e-06
8,32.0,36.0,23,2791.237637,3.552854313e-05,1.138871602e-06
8,32.0,36.0,23,2793.273551,3.633312317e-05,1.277460158e-06
8,32.0,36.0,23,2795.309465,3.715847013e-05,1.293651618e-06
8,32.0,36.0,23,2797.345378,3.782320588e-05,1.231637248e-06
8,32.0,36.0,23,2799.381292,3.818172033e-05,1.198271505e-06
8,32.0,36.0,23,2801.417206,3.857035041e-05,1.212193112e-06
8,32.0,36.0,23,2803.453119,3.965229061e-05,1.227575623e-06
8,32.0,36.0,23,2805.489033,4.130549048e-05,1.384044888e-06
8,32.0,36.0,23,2807.524947,4.195961533e-05,1.721945733e-06
8,32.0,36.0,23,2809.56086,4.127274941e-05,2.013084671e-06
8,32.0,36.0,23,2811.596774,4.078293575e-05,2.041239751e-06
8,32.0,36.0,23,2813.632688,4.092779393e-05,1.6672922e-06
8,32.0,36.0,23,2815.668601,4.093516417e-05,1.287249213e-06
8,32.0,36.0,23,2817.704515,4.110366461e-05,1.254942763e-06
8,32.0,36.0,23,2819.740429,4.231392588e-05,1.386222494e-06
8,32.0,36.0,23,2821.776342,4.407819048e-05,1.547787903e-06
8,32.0,36.0,23,2823.812256,4.57067001e-05,1.75585545e-06
8,32.0,36.0,23,2825.84817,4.712309182e-05,2.08839807e-06
8,32.0,36.0,23,2827.884083,4.77552231e-05,2.064217268e-06
8,32.0,36.0,23,2829.919997,4.720909554e-05,1.662600466e-06
8,32.0,36.0,23,2831.955911,4.658620203e-05,1.47570163e-06
8,32.0,36.0,23,2833.991824,4.706066177e-05,1.501229767e-06
8,32.0,36.0,23,2836.027738,4.80054029e-05,1.640581691e-06
8,32.0,36.0,23,2838.063652,4.831815599e-05,1.791586683e-06
8,32.0,36.0,23,2840.099565,4.821097745e-05,1.674841107e-06
8,32.0,36.0,23,2842.135479,4.898191185e-05,1.515372329e-06
8,32.0,36.0,23,2844.171393,5.1581881e-05,1.614269043e-06
8,32.0,36.0,23,2846.207306,5.504237478e-05,1.852586513e-06
8,32.0,36.0,23,2848.24322,5.703609338e-05,2.072979128e-06
8,32.0,36.0,23,2850.279134,5.727174654e-05,2.114618641e-06
8,32.0,36.0,23,2852.315047,5.711057703e-05,2.063385612e-06
8,32.0,36.0,23,2854.350961,5.70412832e-05,1.811967006e-06
8,32.0,36.0,23,2856.386875,5.681544274e-05,1.690562242e-06
8,32.0,36.0,23,2858.422788,5.61887249e-05,1.799540129e-06
8,32.0,36.0,23,2860.458702,5.59156769e-05,1.760187414e-06
8,32.0,36.0,23,2862.494616,5.680143399e-05,1.866587334e-06
8,32.0,36.0,23,2864.530529,5.874547046e-05,2.142088023e-06
8,32.0,36.0,23,2866.566443,6.142311926e-05,2.128487655e-06
8,32.0,36.0,23,2868.602357,6.362742039e-05,2.004285465e-06
8,32.0,36.0,23,2870.63827,6.478673704e-05,2.09464035e-06
8,32.0,36.0,23,2872.674184,6.572762274e-05,2.034844822e-06
8,32.0,36.0,23,2874.710098,6.740982098e-05,1.932887545e-06
8,32.0,36.0,23,2876.746011,6.930481842e-05,2.281162639e-06
8,32.0,36.0,23,2878.781925,7.082703788e-05,2.633691382e-06
8,32.0,36.0,23,2880.817839,7.289718762e-05,3.004245971e-06
8,32.0,36.0,23,2882.853752,7.471694635e-05,3.250796664e-06
8,32.0,36.0,23,2884.889666,7.603664941e-05,3.168611716e-06
8,32.0,36.0,23,2886.92558,7.819971512e-05,2.778617282e-06
8,32.0,36.0,23,2888.961493,8.077965884e-05,2.677714534e-06
8,32.0,36.0,23,2890.997407,8.30737289e-05,2.830042806e-06
8,32.0,36.0,23,2893.033321,8.513915786e-05,3.083045569e-06
8,32.0,36.0,23,2895.069234,8.611447081e-05,3.312006185e-06
8,32.0,36.0,23,2897.105148,8.572873663e-05,3.280358166e-06
8,32.0,36.0,23,2899.141062,8.477135586e-05,3.012780242e-06
8,32.0,36.0,23,2901.176975,8.43541672e-05,2.814564159e-06
8,32.0,36.0,23,2903.212889,8.552171985e-05,2.837814301e-06
8,32.0,36.0,23,2905.248803,8.811429037e-05,3.155458846e-06
8,32.0,36.0,23,2907.284716,9.17446616e-05,3.447367911e-06
8,32.0,36.0,23,2909.32063,9.560001032e-05,3.585494991e-06
8,32.0,36.0,23,2911.356544,9.788285246e-05,3.30990166e-06
8,32.0,36.0,23,2913.392457,9.826709104e-05,2.996270454e-06
8,32.0,36.0,23,2915.428371,9.894653574e-05,3.153800846e-06
8,32.0,36.0,23,2917.464285,0.0001013282272,3.341186601e-06
8,32.0,36.0,23,2919.500198,0.0001028459907,3.284800114e-06
8,32.0,36.0,23,2921.536112,0.0001024146351,3.088024312e-06
8,32.0,36.0,23,2923.572026,0.000102742895,3.138627116e-06
8,32.0,36.0,23,2925.607939,0.0001049715985,3.449793465e-06
8,32.0,36.0,23,2927.643853,0.0001079744682,3.562432578e-06
8,32.0,36.0,23,2929.679767,0.0001121428032,4.120800798e-06
8,32.0,36.0,23,2931.71568,0.0001185058437,4.663308203e-06
8,32.0,36.0,23,2933.751594,0.0001222759733,4.695324102e-06
8,32.0,36.0,23,2935.787508,0.0001196553026,4.402326619e-06
8,32.0,36.0,23,2937.823421,0.0001156399643,4.007290692e-06
8,32.0,36.0,23,2939.859335,0.0001159790442,3.733411333e-06
8,32.0,36.0,23,2941.895249,0.0001203598503,4.285418851e-06
8,32.0,36.0,23,2943.931162,0.0001239849286,4.61582406e-06
8,32.0,36.0,23,2945.967076,0.0001252991085,4.564474786e-06
8,32.0,36.0,23,2948.00299,0.0001273891111,4.737414158e-06
8,32.0,36.0,23,2950.038903,0.0001320071119,4.522411762e-06
8,32.0,36.0,23,2952.074817,0.0001361625221,4.159676003e-06
8,32.0,36.0,23,2954.110731,0.000136518158,3.584887038e-06
8,32.0,36.0,23,2956.146644,0.0001378246251,3.628877428e-06
8,32.0,36.0,23,2958.182558,0.0001456485685,4.438397029e-06
8,32.0,36.0,23,2960.218472,0.0001549745624,5.255501411e-06
8,32.0,36.0,23,2962.254385,0.0001579870134,5.298701942e-06
8,32.0,36.0,23,2964.290299,0.0001556660286,5.245576741e-06
8,32.0,36.0,23,2966.326213,0.0001550241593,5.124359407e-06
8,32.0,36.0,23,2968.362126,0.0001583421404,4.873399576e-06
8,32.0,36.0,23,2970.39804,0.0001618541861,4.65063002e-06
8,32.0,36.0,23,2972.433954,0.0001623262043,4.95854955e-06
8,32.0,36.0,23,2974.469867,0.0001612711318,5.492378051e-06
8,32.0,36.0,23,2976.505781,0.0001643708323,5.700946816e-06
8,32.0,36.0,23,2978.541695,0.0001724501285,5.914354091e-06
8,32.0,36.0,23,2980.577608,0.0001782251073,5.860293444e-06
8,32.0,36.0,23,2982.613522,0.0001792240518,5.857313157e-06
8,32.0,36.0,23,2984.649436,0.0001805861862,5.798335011e-06
8,32.0,36.0,23,2986.685349,0.0001842306366,5.656138954e-06
8,32.0,36.0,23,2988.721263,0.0001898661553,6.034984764e-06
8,32.0,36.0,23,2990.757177,0.000196698396,6.117932355e-06
8,32.0,36.0,23,2992.79309,0.0002028508333,6.704005725e-06
8,32.0,36.0,23,2994.829004,0.0002088482405,7.427787064e-06
8,32.0,36.0,23,2996.864918,0.0002112033229,7.816646302e-06
8,32.0,36.0,23,2998.900831,0.0002114366002,7.906993737e-06
8,32.0,36.0,23,3000.936745,0.0002176265207,7.260063987e-06
8,32.0,36.0,23,3002.972659,0.0002261753039,7.240479039e-06
8,32.0,36.0,23,3005.008572,0.0002290115321,7.953033439e-06
8,32.0,36.0,23,3007.044486,0.0002275956584,8.293413108e-06
8,32.0,36.0,23,3009.0804,0.0002279364057,7.48326254e-06
8,32.0,36.0,23,3011.116313,0.0002340770909,7.523275462e-06
8,32.0,36.0,23,3013.152227,0.0002439120336,9.126821263e-06
8,32.0,36.0,23,3015.188141,0.0002523923199,9.680590891e-06
8,32.0,36.0,23,3017.224054,0.0002566837525,9.489902783e-06
8,32.0,36.0,23,3019.259968,0.0002560758022,8.977464307e-06
8,32.0,36.0,23,3021.295882,0.000253522131,9.336596166e-06
8,32.0,36.0,23,3023.331795,0.0002541686913,9.306706917e-06
8,32.0,36.0,23,3025.367709,0.0002621797356,9.243712696e-06
8,32.0,36.0,23,3027.403623,0.0002739198565,9.322686747e-06
8,32.0,36.0,23,3029.439536,0.000283256363,1.070908099e-05
8,32.0,36.0,23,3031.47545,0.0002887479457,1.066567404e-05
8,32.0,36.0,23,3033.511364,0.0002889226123,9.879703868e-06
8,32.0,36.0,23,3035.547277,0.000287382327,9.933537405e-06
8,32.0,36.0,23,3037.583191,0.0002889103897,1.006841341e-05
8,32.0,36.0,23,3039.619105,0.0002945466575,9.497760819e-06
8,32.0,36.0,23,3041.655018,0.0003090478977,8.998703982e-06
8,32.0,36.0,23,3043.690932,0.0003274154751,9.633732884e-06
8,32.0,36.0,23,3045.726846,0.0003330077582,1.064729489e-05
8,32.0,36.0,23,3047.762759,0.0003282767289,1.147512543e-05
8,32.0,36.0,23,3049.798673,0.0003280450082,1.190004764e-05
8,32.0,36.0,23,3051.834587,0.0003295585629,1.253985461e-05
8,32.0,36.0,23,3053.8705,0.0003306155508,1.252922921e-05
8,32.0,36.0,23,3055.906414,0.000339084813,1.17702818e-05
8,32.0,36.0,23,3057.942328,0.00035080052,1.137399783e-05
8,32.0,36.0,23,3059.978241,0.0003550570023,1.117528688e-05
8,32.0,36.0,23,3062.014155,0.000355329344,1.124385768e-05
8,32.0,36.0,23,3064.050069,0.0003635019202,1.164033629e-05
8,32.0,36.0,23,3066.085982,0.0003760649942,1.270029675e-05
8,32.0,36.0,23,3068.121896,0.0003822991447,1.283268443e-05
8,32.0,36.0,23,3070.15781,0.0003876555833,1.228360776e-05
8,32.0,36.0,23,3072.193723,0.0003961625423,1.259570238e-05
8,32.0,36.0,23,3074.229637,0.0004013149471,1.490770014e-05
8,32.0,36.0,23,3076.265551,0.0004021357402,1.530533531e-05
8,32.0,36.0,23,3078.301464,0.0004083748558,1.2935694e-05
8,32.0,36.0,23,3080.337378,0.0004181745038,1.221991004e-05
8,32.0,36.0,23,3082.373292,0.0004179434687,1.286363182e-05
8,32.0,36.0,23,3084.409205,0.0004174734136,1.362726209e-05
8,32.0,36.0,23,3086.445119,0.0004254848807,1.406382456e-05
8,32.0,36.0,23,3088.481033,0.0004320997608,1.277196763e-05
8,32.0,36.0,23,3090.516946,0.0004290080399,1.161788039e-05
8,32.0,36.0,23,3092.55286,0.0004237790588,1.107290546e-05
8,32.0,36.0,23,3094.588774,0.0004306798413,9.852811804e-06
8,32.0,36.0,23,3096.624687,0.0004460917273,9.746980816e-06
8,32.0,36.0,23,3098.660601,0.0004584517028,1.161300767e-05
8,32.0,36.0,23,3100.696515,0.0004634018017,1.220002161e-05
8,32.0,36.0,23,3102.732428,0.0004613459415,1.18562185e-05
8,32.0,36.0,23,3104.768342,0.0004593633647,1.147734756e-05
8,32.0,36.0,23,3106.804256,0.0004643638564,1.185469869e-05
8,32.0,36.0,23,3108.840169,0.000469060627,1.356448793e-05
8,32.0,36.0,23,3110.876083,0.0004670962262,1.497423417e-05
8,32.0,36.0,23,3112.911997,0.0004681263838,1.388061624e-05
8,32.0,36.0,23,3114.94791,0.0004723249938,1.37887559e-05
8,32.0,36.0,23,3116.983824,0.000469689519,1.298643141e-05
8,32.0,36.0,23,3119.019738,0.0004678587384,1.215246036e-05
8,32.0,36.0,23,3121.055651,0.0004791489252,1.353157426e-05
8,32.0,36.0,23,3123.091565,0.0004952915744,1.477232459e-05
8,32.0,36.0,23,3125.127479,0.0005023753711,1.548436185e-05
8,32.0,36.0,23,3127.163392,0.0004994789704,1.482660033e-05
8,32.0,36.0,23,3129.199306,0.0004975590347,1.348512011e-05
8,32.0,36.0,23,3131.23522,0.0005058310917,1.396989934e-05
8,32.0,36.0,23,3133.271133,0.0005159140798,1.551290446e-05
8,32.0,36.0,23,3135.307047,0.0005191700231,1.561623826e-05
8,32.0,36.0,23,3137.342961,0.000521984057,1.525507553e-05
8,32.0,36.0,23,3139.378874,0.0005261864738,1.433955262e-05
8,32.0,36.0,23,3141.414788,0.0005301383411,1.404501059e-05
8,32.0,36.0,23,3143.450702,0.000534203898,1.348869064e-05
8,32.0,36.0,23,3145.486615,0.0005343763623,1.4770069e-05
8,32.0,36.0,23,3147.522529,0.0005307963849,1.665143334e-05
8,32.0,36.0,23,3149.558443,0.0005287738646,1.547550371e-05
8,32.0,36.0,23,3151.594356,0.0005236281234,1.401318532e-05
8,32.0,36.0,23,3153.63027,0.0005142315502,1.34596117e-05
8,32.0,36.0,23,3155.666184,0.0005194747899,1.305501475e-05
8,32.0,36.0,23,3157.702097,0.0005396074592,1.231415889e-05
8,32.0,36.0,23,3159.738011,0.0005555321764,1.203539952e-05
8,32.0,36.0,23,3161.773925,0.0005580269901,1.356366643e-05
8,32.0,36.0,23,3163.809838,0.0005526854295,1.373637608e-05
8,32.0,36.0,23,3165.845752,0.0005554766825,1.230749168e-05
8,32.0,36.0,23,3167.881666,0.0005692446415,1.321689969e-05
8,32.0,36.0,23,3169.917579,0.0005784448881,1.448799653e-05
8,32.0,36.0,23,3171.953493,0.0005747395037,1.484427764e-05
8,32.0,36.0,23,3173.989407,0.0005714241673,1.50484385e-05
8,32.0,36.0,23,3176.02532,0.0005774042079,1.399312294e-05
8,32.0,36.0,23,3178.061234,0.0005835416811,1.336063004e-05
8,32.0,36.0,23,3180.097148,0.0005870723546,1.503277998e-05
8,32.0,36.0,23,3182.133061,0.0005918293167,1.656523093e-05
8,32.0,36.0,23,3184.168975,0.0005911223056,1.702533704e-05
8,32.0,36.0,23,3186.204889,0.000580415767,1.516505265e-05
8,32.0,36.0,23,3188.240802,0.0005661707426,1.306687051e-05
8,32.0,36.0,23,3190.276716,0.0005616722459,1.347903747e-05
8,32.0,36.0,23,3192.31263,0.0005732267278,1.599812897e-05
8,32.0,36.0,23,3194.348543,0.0005852834193,1.752313538e-05
8,32.0,36.0,23,3196.384457,0.0005843534903,1.73858721e-05
8,32.0,36.0,23,3198.420371,0.0005794308463,1.540375663e-05
8,32.0,36.0,23,3200.456284,0.0005800458627,1.472883001e-05
8,32.0,36.0,23,3202.492198,0.0005838639758,1.589572941e-05
8,32.0,36.0,23,3204.528112,0.0005817764248,1.565933178e-05
8,32.0,36.0,23,3206.564025,0.0005749747476,1.489019857e-05
8,32.0,36.0,23,3208.599939,0.0005771505188,1.449291725e-05
8,32.0,36.0,23,3210.635853,0.0005891516296,1.557921581e-05
8,32.0,36.0,23,3212.671766,0.000597812216,1.765678554e-05
8,32.0,36.0,23,3214.70768,0.0005989233827,1.784241014e-05
8,32.0,36.0,23,3216.743594,0.0006030853812,1.513411545e-05
8,32.0,36.0,23,3218.779507,0.0006129350705,1.474635902e-05
8,32.0,36.0,23,3220.815421,0.0006257281692,1.628504095e-05
8,32.0,36.0,23,3222.851335,0.0006413670382,1.784776879e-05
8,32.0,36.0,23,3224.887248,0.0006425761651,1.797828893e-05
8,32.0,36.0,23,3226.923162,0.0006238215192,1.592985262e-05
8,32.0,36.0,23,3228.959076,0.0006040113417,1.379688527e-05
8,32.0,36.0,23,3230.994989,0.0005953316,1.334878287e-05
8,32.0,36.0,23,3233.030903,0.0005970774085,1.405912567e-05
8,32.0,36.0,23,3235.066817,0.0005993699694,1.465803651e-05
8,32.0,36.0,23,3237.10273,0.0005991513294,1.460761567e-05
8,32.0,36.0,23,3239.138644,0.0006078750242,1.537484929e-05
8,32.0,36.0,23,3241.174558,0.0006318133775,1.577826504e-05
8,32.0,36.0,23,3243.210472,0.000656334964,1.531042028e-05
8,32.0,36.0,23,3245.246385,0.00066753002,1.490141282e-05
8,32.0,36.0,23,3247.282299,0.000662740912,1.664842774e-05
8,32.0,36.0,23,3249.318213,0.00064625353,1.596352962e-05
8,32.0,36.0,23,3251.354126,0.0006379777279,1.592883256e-05
8,32.0,36.0,23,3253.39004,0.0006449656165,1.667181586e-05
8,32.0,36.0,23,3255.425954,0.0006542612814,1.619674069e-05
8,32.0,36.0,23,3257.461867,0.000659005295,1.642374493e-05
8,32.0,36.0,23,3259.497781,0.000653940267,1.583945664e-05
8,32.0,36.0,23,3261.533695,0.0006486497896,1.332997143e-05
8,32.0,36.0,23,3263.569608,0.0006554603507,1.279720924e-05
8,32.0,36.0,23,3265.605522,0.0006624290976,1.441242665e-05
8,32.0,36.0,23,3267.641436,0.0006566253545,1.521103637e-05
8,32.0,36.0,23,3269.677349,0.000651917574,1.465379868e-05
8,32.0,36.0,23,3271.713263,0.0006603338336,1.497884811e-05
8,32.0,36.0,23,3273.749177,0.0006681276086,1.517856002e-05
8,32.0,36.0,23,3275.78509,0.0006675335933,1.621663414e-05
8,32.0,36.0,23,3277.821004,0.0006617252586,1.690908225e-05
8,32.0,36.0,23,3279.856918,0.000653718868,1.545340846e-05
8,32.0,36.0,23,3281.892831,0.0006519419762,1.547881543e-05
8,32.0,36.0,23,3283.928745,0.0006591043962,1.491712763e-05
8,32.0,36.0,23,3285.964659,0.000667768173,1.350558558e-05
8,32.0,36.0,23,3288.000572,0.0006801528298,1.608930162e-05
8,32.0,36.0,23,3290.036486,0.0006971322745,1.891997087e-05
8,32.0,36.0,23,3292.0724,0.0007086147641,1.834328154e-05
8,32.0,36.0,23,3294.108313,0.0007055491706,1.504537454e-05
8,32.0,36.0,23,3296.144227,0.0006952083906,1.416715589e-05
8,32.0,36.0,23,3298.180141,0.0006979753883,1.542444628e-05
8,32.0,36.0,23,3300.216054,0.0007164142044,1.73090928e-05
8,32.0,36.0,23,3302.251968,0.000733132609,1.629117996e-05
8,32.0,36.0,23,3304.287882,0.0007340737639,1.491664349e-05
8,32.0,36.0,23,3306.323795,0.0007243311655,1.650801368e-05
8,32.0,36.0,23,3308.359709,0.0007156823141,1.621002734e-05
8,32.0,36.0,23,3310.395623,0.0007034849445,1.43838291e-05
8,32.0,36.0,23,3312.431536,0.0006896737453,1.499021221e-05
8,32.0,36.0,23,3314.46745,0.0006886705058,1.797062601e-05
8,32.0,36.0,23,3316.503364,0.0007002254708,1.98105436e-05
8,32.0,36.0,23,3318.539277,0.0007101900125,1.856774108e-05
8,32.0,36.0,23,3320.575191,0.0007106944201,1.748909588e-05
8,32.0,36.0,23,3322.611105,0.0007106207345,1.662151448e-05
8,32.0,36.0,23,3324.647018,0.0007091345495,1.40616941e-05
8,32.0,36.0,23,3326.682932,0.0006931699909,1.141747469e-05
8,32.0,36.0,23,3328.718846,0.000678128548,1.44936796e-05
8,32.0,36.0,23,3330.754759,0.0006787920175,1.833894084e-05
8,32.0,36.0,23,3332.790673,0.0006814246746,1.805176662e-05
8,32.0,36.0,23,3334.826587,0.000682433859,1.521280986e-05
8,32.0,36.0,23,3336.8625,0.0006855072511,1.483784251e-05
8,32.0,36.0,23,3338.898414,0.000687779304,1.682848925e-05
8,32.0,36.0,23,3340.934328,0.0006965029486,1.906170205e-05
8,32.0,36.0,23,3342.970241,0.0007053646433,1.90935682e-05
8,32.0,36.0,23,3345.006155,0.0006992042415,1.771757861e-05
8,32.0,36.0,23,3347.042069,0.0006899498469,1.590925861e-05
8,32.0,36.0,23,3349.077982,0.0006851554563,1.51147378e-05
8,32.0,36.0,23,3351.113896,0.0006745205635,1.626850173e-05
8,32.0,36.0,23,3353.14981,0.0006597328292,1.549146544e-05
8,32.0,36.0,23,3355.185723,0.0006460966661,1.489281757e-05
8,32.0,36.0,23,3357.221637,0.0006332410159,1.619871435e-05
8,32.0,36.0,23,3359.257551,0.0006241605647,1.574166308e-05
8,32.0,36.0,23,3361.293464,0.0006208015791,1.660942915e-05
8,32.0,36.0,23,3363.329378,0.0006226633519,1.673409902e-05
8,32.0,36.0,23,3365.365292,0.0006262959509,1.576667169e-05
8,32.0,36.0,23,3367.401205,0.0006280061492,1.726958392e-05
8,32.0,36.0,23,3369.437119,0.0006290700398,1.912532514e-05
8,32.0,36.0,23,3371.473033,0.0006238621361,1.925255967e-05
8,32.0,36.0,23,3373.508946,0.0006158006996,1.783719301e-05
8,32.0,36.0,23,3375.54486,0.0006072759596,1.697291416e-05
8,32.0,36.0,23,3377.580774,0.000594995565,1.700933332e-05
8,32.0,36.0,23,3379.616687,0.0005880838695,1.791568371e-05
8,32.0,36.0,23,3381.652601,0.0005851207428,1.909127987e-05
8,32.0,36.0,23,3383.688515,0.0005753273254,1.775848606e-05
8,32.0,36.0,23,3385.724428,0.0005662565778,1.599302063e-05
8,32.0,36.0,23,3387.760342,0.0005640095199,1.558598047e-05
8,32.0,36.0,23,3389.796256,0.0005599322898,1.666786196e-05
8,32.0,36.0,23,3391.832169,0.0005536236897,1.689102257e-05
8,32.0,36.0,23,3393.868083,0.000548092245,1.442976199e-05
8,32.0,36.0,23,3395.903997,0.0005447674975,1.274591057e-05
8,32.0,36.0,23,3397.93991,0.0005394804452,1.440146009e-05
8,32.0,36.0,23,3399.975824,0.0005268151457,1.52855544e-05
8,32.0,36.0,23,3402.011738,0.0005104735086,1.434436637e-05
8,32.0,36.0,23,3404.047651,0.0004952694589,1.241267367e-05
8,32.0,36.0,23,3406.083565,0.0004850885144,1.091895339e-05
8,32.0,36.0,23,3408.119479,0.0004784750951,1.223422133e-05
8,32.0,36.0,23,3410.155392,0.0004719340333,1.283446747e-05
8,32.0,36.0,23,3412.191306,0.0004716944228,1.332277296e-05
8,32.0,36.0,23,3414.22722,0.0004730059584,1.511670371e-05
8,32.0,36.0,23,3416.263133,0.0004550058113,1.633856156e-05
8,32.0,36.0,23,3418.299047,0.0004242921826,1.475206171e-05
8,32.0,36.0,23,3420.334961,0.000406475222,1.297559955e-05
8,32.0,36.0,23,3422.370874,0.000402638693,1.347957766e-05
8,32.0,36.0,23,3424.406788,0.0003979476388,1.238452007e-05
8,32.0,36.0,23,3426.442702,0.0003891166867,1.212060237e-05
8,32.0,36.0,23,3428.478615,0.0003823383677,1.269192443e-05
8,32.0,36.0,23,3430.514529,0.0003807016386,1.291678546e-05
8,32.0,36.0,23,3432.550443,0.0003776877982,1.276422884e-05
8,32.0,36.0,23,3434.586356,0.0003698136722,1.275355925e-05
8,32.0,36.0,23,3436.62227,0.0003618609397,1.248868027e-05
8,32.0,36.0,23,3438.658184,0.0003601603407,1.242617374e-05
8,32.0,36.0,23,3440.694097,0.000366078675,1.28208143e-05
8,32.0,36.0,23,3442.730011,0.0003650952196,1.289075647e-05
8,32.0,36.0,23,3444.765925,0.0003508413877,1.14106489e-05
8,32.0,36.0,23,3446.801838,0.000337340897,9.740843635e-06
8,32.0,36.0,23,3448.837752,0.0003315431271,9.587783593e-06
8,32.0,36.0,23,3450.873666,0.0003259626914,1.086804702e-05
8,32.0,36.0,23,3452.909579,0.0003148149119,1.218501329e-05
8,32.0,36.0,23,3454.945493,0.0003057506021,1.162347777e-05
8,32.0,36.0,23,3456.981407,0.0003047538038,9.958224547e-06
8,32.0,36.0,23,3459.01732,0.0002996172783,9.684247642e-06
8,32.0,36.0,23,3461.053234,0.0002845393708,1.030553201e-05
8,32.0,36.0,23,3463.089148,0.0002739260643,1.089095377e-05
8,32.0,36.0,23,3465.125061,0.000270869536,1.055592793e-05
8,32.0,36.0,23,3467.160975,0.0002673580292,9.52269228e-06
8,32.0,36.0,23,3469.196889,0.0002641275352,9.517497694e-06
8,32.0,36.0,23,3471.232802,0.000262437243,9.372335286e-06
8,32.0,36.0,23,3473.268716,0.0002582173864,9.815715583e-06
8,32.0,36.0,23,3475.30463,0.0002490913082,1.078437903e-05
8,32.0,36.0,23,3477.340543,0.0002397065682,1.059714608e-05
8,32.0,36.0,23,3479.376457,0.0002345777169,9.239737254e-06
8,32.0,36.0,23,3481.412371,0.0002304220464,8.65093232e-06
8,32.0,36.0,23,3483.448284,0.0002227815305,7.776170056e-06
8,32.0,36.0,23,3485.484198,0.0002144185133,7.361154592e-06
8,32.0,36.0,23,3487.520112,0.0002095575556,7.466707226e-06
8,32.0,36.0,23,3489.556025,0.0002065238826,7.638350423e-06
8,32.0,36.0,23,3491.591939,0.0002040786856,8.290433334e-06
8,32.0,36.0,23,3493.627853,0.0002003809226,8.587081123e-06
8,32.0,36.0,23,3495.663766,0.0001928770223,8.204076804e-06
8,32.0,36.0,23,3497.69968,0.0001869733638,7.775114852e-06
8,32.0,36.0,23,3499.735594,0.0001848481644,7.691689977e-06
8,32.0,36.0,23,3501.771507,0.0001820635361,7.097377886e-06
8,32.0,36.0,23,3503.807421,0.0001799792229,6.164632382e-06
8,32.0,36.0,23,3505.843335,0.0001798069332,6.152461217e-06
8,32.0,36.0,23,3507.879248,0.0001779709924,7.020708171e-06
8,32.0,36.0,23,3509.915162,0.0001747485159,7.673281325e-06
8,32.0,36.0,23,3511.951076,0.000173328008,7.923443986e-06
8,32.0,36.0,23,3513.986989,0.0001733331063,8.001712377e-06
8,32.0,36.0,23,3516.022903,0.0001694476764,7.951725292e-06
8,32.0,36.0,23,3518.058817,0.0001606640718,7.284650703e-06
8,32.0,36.0,23,3520.09473,0.00015418137,6.485642701e-06
8,32.0,36.0,23,3522.130644,0.0001525422747,6.221712253e-06
8,32.0,36.0,23,3524.166558,0.0001515661323,6.610538864e-06
8,32.0,36.0,23,3526.202471,0.0001491278037,7.151047871e-06
8,32.0,36.0,23,3528.238385,0.0001461999785,6.949493742e-06
8,32.0,36.0,23,3530.274299,0.000144328112,6.166443024e-06
8,32.0,36.0,23,3532.310212,0.0001416121877,5.55096364e-06
8,32.0,36.0,23,3534.346126,0.0001357199552,5.080940385e-06
8,32.0,36.0,23,3536.38204,0.0001297230994,4.783284469e-06
8,32.0,36.0,23,3538.417953,0.0001269837922,5.064167422e-06
8,32.0,36.0,23,3540.453867,0.0001267486718,5.413213438e-06
8,32.0,36.0,23,3542.489781,0.0001272786243,5.441876142e-06
8,32.0,36.0,23,3544.525694,0.0001264636285,5.296553533e-06
8,32.0,36.0,23,3546.561608,0.0001219871486,4.744817136e-06
8,32.0,36.0,23,3548.597522,0.000116246089,4.533569306e-06
8,32.0,36.0,23,3550.633435,0.000114574477,4.645212478e-06
8,32.0,36.0,23,3552.669349,0.0001162363451,4.702735227e-06
8,32.0,36.0,23,3554.705263,0.0001158205149,5.333226881e-06
8,32.0,36.0,23,3556.741176,0.0001128466107,6.52716099e-06
8,32.0,36.0,23,3558.77709,0.0001115070546,7.541679079e-06
8,32.0,36.0,23,3560.813004,0.0001131606879,7.1669082e-06
8,32.0,36.0,23,3562.848917,0.0001149377681,6.218189418e-06
8,32.0,36.0,23,3564.884831,0.000112387212,5.586254587e-06
8,32.0,36.0,23,3566.920745,0.0001050571158,4.898168174e-06
8,32.0,36.0,23,3568.956658,9.839251777e-05,4.511937005e-06
8,32.0,36.0,23,3570.992572,9.403233268e-05,4.745352198e-06
8,32.0,36.0,23,3573.028486,8.979257841e-05,5.066088006e-06
8,32.0,36.0,23,3575.064399,8.800611964e-05,5.219360888e-06
8,32.0,36.0,23,3577.100313,8.972058836e-05,5.231322277e-06
8,32.0,36.0,23,3579.136227,9.169076454e-05,5.48675918e-06
8,32.0,36.0,23,3581.17214,9.248561041e-05,5.913303087e-06
8,32.0,36.0,23,3583.208054,9.161363368e-05,5.847629575e-06
8,32.0,36.0,23,3585.243968,8.916760338e-05,5.2172912e-06
8,32.0,36.0,23,3587.279881,8.692654625e-05,4.759508593e-06
8,32.0,36.0,23,3589.315795,8.424273637e-05,4.450560963e-06
8,32.0,36.0,23,3591.351709,8.001281403e-05,4.090723376e-06
8,32.0,36.0,23,3593.387622,7.601817284e-05,3.983168962e-06
8,32.0,36.0,23,3595.423536,7.370349095e-05,3.664557621e-06
8,32.0,36.0,23,3597.45945,7.154643496e-05,3.272110615e-06
8,32.0,36.0,23,3599.495363,6.850605503e-05,3.007218845e-06
8,32.0,36.0,23,3601.531277,6.631848192e-05,2.747615957e-06
8,32.0,36.0,23,3603.567191,6.597167182e-05,2.763251162e-06
8,32.0,36.0,23,3605.603104,6.683108087e-05,3.10566335e-06
8,32.0,36.0,23,3607.639018,6.810231163e-05,3.674477869e-06
8,32.0,36.0,23,3609.674932,6.841666393e-05,4.018505414e-06
8,32.0,36.0,23,3611.710845,6.770187772e-05,3.880957259e-06
8,32.0,36.0,23,3613.746759,6.74625463e-05,3.928309088e-06
8,32.0,36.0,23,3615.782673,6.751526836e-05,4.249761151e-06
8,32.0,36.0,23,3617.818586,6.618854853e-05,4.180639938e-06
8,32.0,36.0,23,3619.8545,6.225260463e-05,3.623537142e-06
8,32.0,36.0,23,3621.890414,5.765812828e-05,3.447783352e-06
8,32.0,36.0,23,3623.926327,5.619009529e-05,3.810035082e-06
8,32.0,36.0,23,3625.962241,5.705400506e-05,3.912329604e-06
8,32.0,36.0,23,3627.998155,5.641076765e-05,3.533590231e-06
8,32.0,36.0,23,3630.034068,5.430694777e-05,3.194548283e-06
8,32.0,36.0,23,3632.069982,5.331688752e-05,2.919141799e-06
8,32.0,36.0,23,3634.105896,5.341096383e-05,2.888439645e-06
8,32.0,36.0,23,3636.141809,5.287891782e-05,3.210480859e-06
8,32.0,36.0,23,3638.177723,5.095772739e-05,3.482120984e-06
8,32.0,36.0,23,3640.213637,4.839837781e-05,3.351176919e-06
8,32.0,36.0,23,3642.24955,4.718654105e-05,2.950388631e-06
8,32.0,36.0,23,3644.285464,4.839208703e-05,3.079333083e-06
8,32.0,36.0,23,3646.321378,5.045159751e-05,3.479053814e-06
8,32.0,36.0,23,3648.357291,5.057286671e-05,3.58539661e-06
8,32.0,36.0,23,3650.393205,4.836662082e-05,3.415444078e-06
8,32.0,36.0,23,3652.429119,4.573634231e-05,3.352985917e-06
8,32.0,36.0,23,3654.465032,4.442104655e-05,3.148565865e-06
8,32.0,36.0,23,3656.500946,4.503795213e-05,3.640316284e-06
8,32.0,36.0,23,3658.53686,4.623191969e-05,4.108111513e-06
8,32.0,36.0,23,3660.572773,4.63844486e-05,3.938280226e-06
8,32.0,36.0,23,3662.608687,4.621085956e-05,3.849957797e-06
8,32.0,36.0,23,3664.644601,4.679539047e-05,4.13530685e-06
8,32.0,36.0,23,3666.680514,4.675137148e-05,4.605418368e-06
8,32.0,36.0,23,3668.716428,4.457017015e-05,4.532377695e-06
8,32.0,36.0,23,3670.752342,4.176198707e-05,3.974949105e-06
8,32.0,36.0,23,3672.788255,4.050091801e-05,4.080124225e-06
8,32.0,36.0,23,3674.824169,4.007472062e-05,4.058899624e-06
8,32.0,36.0,23,3676.860083,3.894058639e-05,3.419973713e-06
8,32.0,36.0,23,3678.895996,3.690583528e-05,3.034042704e-06
8,32.0,36.0,23,3680.93191,3.461530262e-05,2.882682413e-06
8,32.0,36.0,23,3682.967824,3.31252874e-05,3.002915759e-06
8,32.0,36.0,23,3685.003737,3.276354194e-05,3.333005802e-06
8,32.0,36.0,23,3687.039651,3.245319135e-05,3.452405558e-06
8,32.0,36.0,23,3689.075565,3.141225712e-05,2.917936777e-06
8,32.0,36.0,23,3691.111478,3.035142261e-05,2.223561908e-06
8,32.0,36.0,23,3693.147392,2.913366257e-05,2.170038184e-06
8,32.0,36.0,23,3695.183306,2.736661288e-05,2.296607755e-06
8,32.0,36.0,23,3697.219219,2.655753537e-05,2.178410278e-06
8,32.0,36.0,23,3699.255133,2.692361669e-05,2.070596489e-06
8,32.0,36.0,23,3701.291047,2.68705446e-05,2.024390821e-06
8,32.0,36.0,23,3703.32696,2.639496777e-05,2.057443807e-06
8,32.0,36.0,23,3705.362874,2.646337914e-05,2.12854665e-06
8,32.0,36.0,23,3707.398788,2.633800448e-05,2.24779755e-06
8,32.0,36.0,23,3709.434701,2.559737195e-05,2.10816333e-06
8,32.0,36.0,23,3711.470615,2.53990654e-05,1.986488789e-06
8,32.0,36.0,23,3713.506529,2.513012481e-05,1.979725535e-06
8,32.0,36.0,23,3715.542442,2.363682221e-05,1.879542235e-06
8,32.0,36.0,23,3717.578356,2.244296706e-05,1.730275677e-06
8,32.0,36.0,23,3719.61427,2.250786338e-05,1.791229291e-06
8,32.0,36.0,23,3721.650183,2.29945058e-05,1.80471895e-06
8,32.0,36.0,23,3723.686097,2.354518695e-05,1.971689863e-06
8,32.0,36.0,23,3725.722011,2.351993505e-05,1.974718732e-06
8,32.0,36.0,23,3727.757924,2.243847843e-05,1.959825048e-06
8,32.0,36.0,23,3729.793838,2.097058611e-05,1.9658168e-06
8,32.0,36.0,23,3731.829752,1.979278544e-05,1.82733898e-06
8,32.0,36.0,23,3733.865665,1.941883808e-05,1.779013226e-06
8,32.0,36.0,23,3735.901579,1.994541163e-05,2.046019417e-06
8,32.0,36.0,23,3737.937493,2.043516523e-05,2.398832863e-06
8,32.0,36.0,23,3739.973406,2.039531089e-05,2.392118749e-06
8,32.0,36.0,23,3742.00932,2.014006592e-05,2.267587819e-06
8,32.0,36.0,23,3744.045234,1.945892134e-05,2.167341459e-06
8,32.0,36.0,23,3746.081147,1.822282713e-05,1.982056463e-06
8,32.0,36.0,23,3748.117061,1.722525462e-05,1.825965192e-06
8,32.0,36.0,23,3750.152975,1.715614717e-05,1.891245457e-06
8,32.0,36.0,23,3752.188888,1.779782469e-05,1.974742065e-06
8,32.0,36.0,23,3754.224802,1.833284017e-05,2.056142969e-06
8,32.0,36.0,23,3756.260716,1.813891226e-05,2.070935272e-06
8,32.0,36.0,23,3758.296629,1.74198545e-05,1.858906158e-06
8,32.0,36.0,23,3760.332543,1.736238705e-05,1.901282911e-06
8,32.0,36.0,23,3762.368457,1.821766342e-05,2.268030643e-06
8,32.0,36.0,23,3764.40437,1.805151332e-05,2.244016357e-06
8,32.0,36.0,23,3766.440284,1.693859163e-05,2.016717649e-06
8,32.0,36.0,23,3768.476198,1.653232001e-05,1.788774935e-06
8,32.0,36.0,23,3770.512111,1.638042393e-05,1.647775784e-06
8,32.0,36.0,23,3772.548025,1.641064065e-05,1.915202263e-06
8,32.0,36.0,23,3774.583939,1.686028689e-05,2.357907539e-06
8,32.0,36.0,23,3776.619852,1.710940208e-05,2.369228471e-06
8,32.0,36.0,23,3778.655766,1.714242422e-05,2.245994948e-06
8,32.0,36.0,23,3780.69168,1.676273752e-05,2.165237461e-06
8,32.0,36.0,23,3782.727593,1.615318397e-05,2.007914292e-06
8,32.0,36.0,23,3784.763507,1.622864595e-05,2.046859545e-06
8,32.0,36.0,23,3786.799421,1.662597531e-05,2.209622245e-06
8,32.0,36.0,23,3788.835334,1.668318357e-05,2.250077463e-06
8,32.0,36.0,23,3790.871248,1.650032785e-05,2.199557898e-06
8,32.0,36.0,23,3792.907162,1.626417701e-05,2.287590739e-06
8,32.0,36.0,23,3794.943075,1.594990628e-05,2.494657415e-06
8,32.0,36.0,23,3796.978989,1.556289442e-05,2.415979243e-06
8,32.0,36.0,23,3799.014903,1.523110409e-05,2.006648913e-06
8,32.0,36.0,23,3801.050816,1.511332141e-05,1.924062471e-06
8,32.0,36.0,23,3803.08673,1.495014149e-05,2.002094278e-06
8,32.0,36.0,23,3805.122644,1.474225528e-05,2.029673325e-06
8,32.0,36.0,23,3807.158557,1.469932397e-05,2.334811247e-06
8,32.0,36.0,23,3809.194471,1.42455457e-05,2.214547966e-06
8,32.0,36.0,23,3811.230385,1.334086296e-05,1.719870114e-06
8,32.0,36.0,23,3813.266298,1.291532736e-05,1.606372213e-06
8,32.0,36.0,23,3815.302212,1.324577194e-05,1.903044633e-06
8,32.0,36.0,23,3817.338126,1.338436877e-05,2.007562706e-06
8,32.0,36.0,23,3819.374039,1.259008709e-05,1.604282435e-06
8,32.0,36.0,23,3821.409953,1.17479012e-05,1.223309264e-06
8,32.0,36.0,23,3823.445867,1.165529501e-05,1.229151773e-06
8,32.0,36.0,23,3825.48178,1.181918404e-05,1.361820915e-06
8,32.0,36.0,23,3827.517694,1.174906103e-05,1.460481336e-06
8,32.0,36.0,23,3829.553608,1.171138166e-05,1.561907288e-06
8,32.0,36.0,23,3831.589521,1.182630516e-05,1.64102965e-06
8,32.0,36.0,23,3833.625435,1.176195897e-05,1.49637054e-06
8,32.0,36.0,23,3835.661349,1.136418161e-05,1.227621929e-06
8,32.0,36.0,23,3837.697262,1.059257936e-05,9.985236304e-07
8,32.0,36.0,23,3839.733176,9.780112233e-06,8.350569011e-07
8,32.0,36.0,23,3841.76909,9.605011363e-06,7.999380988e-07
8,32.0,36.0,23,3843.805003,9.925159248e-06,8.780326678e-07
8,32.0,36.0,23,3845.840917,9.965544181e-06,9.000426537e-07
8,32.0,36.0,23,3847.876831,9.597749508e-06,8.560558771e-07
8,32.0,36.0,23,3849.912744,9.304980399e-06,8.231527486e-07
8,32.0,36.0,23,3851.948658,9.288493373e-06,8.242826079e-07
8,32.0,36.0,23,3853.984572,9.185854712e-06,8.10323697e-07
8,32.0,36.0,23,3856.020485,8.940677479e-06,6.970792334e-07
8,32.0,36.0,23,3858.056399,8.839163274e-06,5.947845188e-07
8,32.0,36.0,23,3860.092313,8.782770805e-06,5.746717997e-07
8,32.0,36.0,23,3862.128226,8.758978137e-06,6.076691534e-07
8,32.0,36.0,23,3864.16414,8.9725577e-06,7.321091461e-07
8,32.0,36.0,23,3866.200054,9.239802134e-06,8.134141537e-07
8,32.0,36.0,23,3868.235967,9.271341247e-06,8.318093218e-07
8,32.0,36.0,23,3870.271881,9.110968405e-06,8.085788412e-07
8,32.0,36.0,23,3872.307795,9.011243991e-06,8.267228132e-07
8,32.0,36.0,23,3874.343708,9.039212234e-06,8.978886488e-07
8,32.0,36.0,23,3876.379622,9.044742001e-06,8.696435709e-07
8,32.0,36.0,23,3878.415536,8.886304908e-06,7.346855822e-07
8,32.0,36.0,23,3880.451449,8.612341787e-06,5.999011498e-07
8,32.0,36.0,23,3882.487363,8.446642091e-06,5.042401754e-07
8,32.0,36.0,23,3884.523277,8.471639337e-06,4.455597318e-07
8,32.0,36.0,23,3886.55919,8.434140174e-06,4.253490626e-07
8,32.0,36.0,23,3888.595104,8.262906382e-06,3.961159744e-07
8,32.0,36.0,23,3890.631018,8.214035159e-06,3.772750404e-07
8,32.0,36.0,23,3892.666931,8.1556561e-06,3.288966658e-07
8,32.0,36.0,23,3894.702845,7.962959704e-06,2.792736961e-07
8,32.0,36.0,23,3896.738759,7.920203477e-06,2.941784975e-07
8,32.0,36.0,23,3898.774672,7.970577458e-06,3.132321056e-07
8,32.0,36.0,23,3900.810586,7.928349209e-06,2.778793634e-07
8,32.0,36.0,23,3902.8465,7.938743687e-06,2.502888646e-07
8,32.0,36.0,23,3904.882413,8.063394168e-06,2.768746301e-07
8,32.0,36.0,23,3906.918327,8.183215799e-06,2.962029241e-07
8,32.0,36.0,23,3908.954241,8.179689253e-06,3.234537271e-07
8,32.0,36.0,23,3910.990154,8.122499946e-06,3.552530761e-07
8,32.0,36.0,23,3913.026068,8.125754445e-06,3.298750059e-07
8,32.0,36.0,23,3915.061982,8.123284863e-06,2.72371017e-07
8,32.0,36.0,23,3917.097895,8.145671416e-06,2.551037705e-07
8,32.0,36.0,23,3919.133809,8.258440539e-06,2.783143571e-07
8,32.0,36.0,23,3921.169723,8.329753161e-06,3.008140243e-07
8,32.0,36.0,23,3923.205636,8.282245994e-06,3.087285865e-07
8,32.0,36.0,23,3925.24155,8.170322027e-06,2.774828638e-07
8,32.0,36.0,23,3927.277464,8.024345913e-06,2.423532902e-07
8,32.0,36.0,23,3929.313377,7.977911643e-06,2.249897834e-07
8,32.0,36.0,23,3931.349291,8.115907546e-06,2.157193764e-07
8,32.0,36.0,23,3933.385205,8.207829594e-06,2.087194713e-07
8,32.0,36.0,23,3935.421118,8.143304856e-06,2.328834542e-07
8,32.0,36.0,23,3937.457032,8.138387569e-06,2.832364209e-07
8,32.0,36.0,23,3939.492946,8.210052152e-06,3.095570168e-07
8,32.0,36.0,23,3941.528859,8.169719756e-06,2.793400275e-07
8,32.0,36.0,23,3943.564773,8.093455624e-06,2.446970042e-07
8,32.0,36.0,23,3945.600687,8.07399395e-06,2.344988209e-07
8,32.0,36.0,23,3947.6366,7.958418783e-06,2.106837774e-07
8,32.0,36.0,23,3949.672514,7.863065283e-06,2.176888628e-07
8,32.0,36.0,23,3951.708428,7.946081437e-06,2.540196336e-07
8,32.0,36.0,23,3953.744341,7.992324515e-06,2.371153763e-07
8,32.0,36.0,23,3955.780255,7.909593042e-06,1.758512696e-07
8,32.0,36.0,23,3957.816169,7.914692154e-06,1.566554824e-07
8,32.0,36.0,23,3959.852082,8.070546542e-06,1.727391614e-07
8,32.0,36.0,23,3961.887996,8.189990001e-06,1.896751877e-07
8,32.0,36.0,23,3963.92391,8.219087441e-06,1.928649973e-07
8,32.0,36.0,23,3965.959823,8.269047769e-06,2.25824169e-07
8,32.0,36.0,23,3967.995737,8.320567199e-06,2.703251751e-07
8,32.0,36.0,23,3970.031651,8.245299717e-06,2.695708705e-07
8,32.0,36.0,23,3972.067564,8.123957576e-06,2.471508913e-07
8,32.0,36.0,23,3974.103478,8.135133505e-06,2.302172189e-07
8,32.0,36.0,23,3976.139392,8.189560415e-06,2.027317914e-07
8,32.0,36.0,23,3978.175305,8.129237063e-06,1.861503973e-07
8,32.0,36.0,23,3980.211219,8.031379987e-06,1.699095241e-07
8,32.0,36.0,23,3982.247133,8.008296002e-06,1.574709916e-07
8,32.0,36.0,23,3984.283046,8.043231761e-06,1.547807299e-07
8,32.0,36.0,23,3986.31896,8.072192018e-06,1.738324057e-07
8,32.0,36.0,23,3988.354874,8.078393705e-06,1.996761497e-07
8,32.0,36.0,23,3990.390787,8.110038966e-06,2.082698832e-07
8,32.0,36.0,23,3992.426701,8.134584305e-06,2.284759947e-07
8,32.0,36.0,23,3994.462615,8.096098553e-06,2.453761012e-07
8,32.0,36.0,23,3996.498528,8.085573923e-06,2.229772102e-07
8,32.0,36.0,23,3998.534442,8.099953914e-06,2.012175899e-07
9,36.0,40.0,19,1201.189064,4.000751504e-05,1.024218514e-06
9,36.0,40.0,19,1203.224977,4.028195513e-05,1.023284947e-06
9,36.0,40.0,19,1205.260891,4.07125154e-05,9.903437943e-07
9,36.0,40.0,19,1207.296805,4.073209984e-05,1.075691404e-06
9,36.0,40.0,19,1209.332718,4.003828888e-05,1.097608003e-06
9,36.0,40.0,19,1211.368632,3.903031123e-05,1.014057489e-06
9,36.0,40.0,19,1213.404546,3.820716426e-05,9.153638295e-07
9,36.0,40.0,19,1215.440459,3.784059573e-05,9.485120258e-07
9,36.0,40.0,19,1217.476373,3.810108421e-05,1.042548884e-06
9,36.0,40.0,19,1219.512287,3.848683155e-05,1.08170035e-06
9,36.0,40.0,19,1221.5482,3.865604696e-05,1.04226365e-06
9,36.0,40.0,19,1223.584114,3.888676065e-05,1.050377991e-06
9,36.0,40.0,19,1225.620028,3.87819706e-05,1.046442645e-06
9,36.0,40.0,19,1227.655941,3.808897642e-05,9.94110847e-07
9,36.0,40.0,19,1229.691855,3.760995731e-05,9.986286185e-07
9,36.0,40.0,19,1231.727769,3.785635623e-05,1.031719835e-06
9,36.0,40.0,19,1233.763682,3.839402567e-05,1.08273048e-06
9,36.0,40.0,19,1235.799596,3.875316824e-05,1.082825412e-06
9,36.0,40.0,19,1237.83551,3.895485759e-05,1.036341868e-06
9,36.0,40.0,19,1239.871423,3.870999035e-05,1.023417327e-06
9,36.0,40.0,19,1241.907337,3.799901452e-05,1.060361515e-06
9,36.0,40.0,19,1243.943251,3.759159905e-05,1.08316798e-06
9,36.0,40.0,19,1245.979164,3.762796792e-05,1.039198797e-06
9,36.0,40.0,19,1248.015078,3.768561716e-05,9.687240803e-07
9,36.0,40.0,19,1250.050992,3.776169218e-05,9.363041494e-07
9,36.0,40.0,19,1252.086905,3.797132399e-05,9.713869616e-07
9,36.0,40.0,19,1254.122819,3.838337227e-05,1.07313039e-06
9,36.0,40.0,19,1256.158733,3.860645972e-05,1.125802417e-06
9,36.0,40.0,19,1258.194646,3.817341932e-05,1.032381939e-06
9,36.0,40.0,19,1260.23056,3.802342482e-05,1.018393679e-06
9,36.0,40.0,19,1262.266474,3.888626913e-05,1.119745547e-06
9,36.0,40.0,19,1264.302387,3.986101438e-05,1.117917642e-06
9,36.0,40.0,19,1266.338301,4.009836354e-05,1.053336431e-06
9,36.0,40.0,19,1268.374215,3.980913574e-05,1.093455751e-06
9,36.0,40.0,19,1270.410128,3.971911702e-05,1.166568037e-06
9,36.0,40.0,19,1272.446042,3.969186654e-05,1.162673927e-06
9,36.0,40.0,19,1274.481956,3.932047384e-05,1.063913606e-06
9,36.0,40.0,19,1276.517869,3.94256877e-05,9.786000321e-07
9,36.0,40.0,19,1278.553783,3.992882301e-05,1.016300395e-06
9,36.0,40.0,19,1280.589697,3.970238966e-05,1.076522427e-06
9,36.0,40.0,19,1282.62561,3.958994055e-05,1.084029892e-06
9,36.0,40.0,19,1284.661524,4.083634744e-05,1.126687824e-06
9,36.0,40.0,19,1286.697438,4.207271972e-05,1.165453401e-06
9,36.0,40.0,19,1288.733351,4.185263233e-05,1.10626609e-06
9,36.0,40.0,19,1290.769265,4.111774012e-05,1.033514913e-06
9,36.0,40.0,19,1292.805179,4.086338298e-05,9.935259398e-07
9,36.0,40.0,19,1294.841092,4.112709392e-05,1.009296499e-06
9,36.0,40.0,19,1296.877006,4.19596004e-05,1.042305081e-06
9,36.0,40.0,19,1298.91292,4.285537001e-05,1.070508035e-06
9,36.0,40.0,19,1300.948833,4.319552666e-05,1.160322977e-06
9,36.0,40.0,19,1302.984747,4.326454993e-05,1.347835628e-06
9,36.0,40.0,19,1305.020661,4.310896229e-05,1.385862631e-06
9,36.0,40.0,19,1307.056574,4.259465571e-05,1.233212836e-06
9,36.0,40.0,19,1309.092488,4.207104425e-05,1.119581709e-06
9,36.0,40.0,19,1311.128402,4.195877451e-05,1.150139222e-06
9,36.0,40.0,19,1313.164315,4.284078821e-05,1.164059472e-06
9,36.0,40.0,19,1315.200229,4.46837429e-05,1.177507777e-06
9,36.0,40.0,19,1317.236143,4.566768466e-05,1.335086041e-06
9,36.0,40.0,19,1319.272056,4.5389219e-05,1.43086207e-06
9,36.0,40.0,19,1321.30797,4.566949485e-05,1.413914016e-06
9,36.0,40.0,19,1323.343884,4.624842911e-05,1.33503072e-06
9,36.0,40.0,19,1325.379797,4.648345004e-05,1.36776428e-06
9,36.0,40.0,19,1327.415711,4.696517883e-05,1.443744234e-06
9,36.0,40.0,19,1329.451625,4.740742223e-05,1.381417222e-06
9,36.0,40.0,19,1331.487538,4.719274952e-05,1.191491499e-06
9,36.0,40.0,19,1333.523452,4.690007725e-05,1.177261225e-06
9,36.0,40.0,19,1335.559366,4.695832095e-05,1.184635426e-06
9,36.0,40.0,19,1337.595279,4.707233138e-05,1.155473382e-06
9,36.0,40.0,19,1339.631193,4.766420547e-05,1.163229598e-06
9,36.0,40.0,19,1341.667107,4.891366703e-05,1.199187446e-06
9,36.0,40.0,19,1343.70302,5.03855368e-05,1.214371644e-06
9,36.0,40.0,19,1345.738934,5.188446866e-05,1.368942831e-06
9,36.0,40.0,19,1347.774848,5.316248432e-05,1.532038752e-06
9,36.0,40.0,19,1349.810761,5.37402113e-05,1.537963738e-06
9,36.0,40.0,19,1351.846675,5.356380337e-05,1.556609113e-06
9,36.0,40.0,19,1353.882589,5.324119218e-05,1.561663343e-06
9,36.0,40.0,19,1355.918502,5.344122975e-05,1.522919873e-06
9,36.0,40.0,19,1357.954416,5.408842565e-05,1.370856693e-06
9,36.0,40.0,19,1359.99033,5.482576878e-05,1.372658871e-06
9,36.0,40.0,19,1362.026243,5.480532153e-05,1.49695188e-06
9,36.0,40.0,19,1364.062157,5.355229595e-05,1.385588181e-06
9,36.0,40.0,19,1366.098071,5.38020956e-05,1.272881096e-06
9,36.0,40.0,19,1368.133984,5.654104616e-05,1.049059122e-06
9,36.0,40.0,19,1370.169898,5.890817336e-05,1.059968283e-06
9,36.0,40.0,19,1372.205812,6.043362744e-05,1.357741769e-06
9,36.0,40.0,19,1374.241725,6.251242582e-05,1.659980717e-06
9,36.0,40.0,19,1376.277639,6.432948111e-05,2.074032403e-06
9,36.0,40.0,19,1378.313553,6.445779316e-05,2.314412656e-06
9,36.0,40.0,19,1380.349466,6.418001526e-05,2.103716251e-06
9,36.0,40.0,19,1382.38538,6.519040286e-05,1.850258452e-06
9,36.0,40.0,19,1384.421294,6.723481414e-05,2.049559098e-06
9,36.0,40.0,19,1386.457207,6.968657718e-05,2.328112572e-06
9,36.0,40.0,19,1388.493121,7.132674917e-05,2.520188112e-06
9,36.0,40.0,19,1390.529035,7.102253991e-05,2.465659145e-06
9,36.0,40.0,19,1392.564948,7.046955296e-05,2.244308087e-06
9,36.0,40.0,19,1394.600862,7.097931774e-05,2.058450622e-06
9,36.0,40.0,19,1396.636776,7.197727909e-05,1.847083716e-06
9,36.0,40.0,19,1398.672689,7.353655531e-05,1.72238731e-06
9,36.0,40.0,19,1400.708603,7.474377663e-05,1.818215975e-06
9,36.0,40.0,19,1402.744517,7.458060105e-05,2.217423683e-06
9,36.0,40.0,19,1404.78043,7.412201886e-05,2.35943324e-06
9,36.0,40.0,19,1406.816344,7.539220814e-05,2.391681701e-06
9,36.0,40.0,19,1408.852258,7.828968246e-05,2.67406335e-06
9,36.0,40.0,19,1410.888171,8.074428399e-05,3.119543225e-06
9,36.0,40.0,19,1412.924085,8.225935594e-05,3.108179432e-06
9,36.0,40.0,19,1414.959999,8.296074742e-05,3.136856148e-06
9,36.0,40.0,19,1416.995912,8.388101325e-05,3.135433047e-06
9,36.0,40.0,19,1419.031826,8.576924939e-05,2.812194217e-06
9,36.0,40.0,19,1421.06774,8.779356965e-05,2.819292908e-06
9,36.0,40.0,19,1423.103653,9.020189288e-05,2.974260789e-06
9,36.0,40.0,19,1425.139567,9.437679903e-05,2.970894292e-06
9,36.0,40.0,19,1427.175481,9.952029748e-05,3.015615413e-06
9,36.0,40.0,19,1429.211394,0.0001019992055,3.069232664e-06
9,36.0,40.0,19,1431.247308,0.0001015415722,3.300416031e-06
9,36.0,40.0,19,1433.283222,0.0001016989785,3.677140843e-06
9,36.0,40.0,19,1435.319135,0.0001032831505,3.718058355e-06
9,36.0,40.0,19,1437.355049,0.0001040474188,3.457577389e-06
9,36.0,40.0,19,1439.390963,0.0001039258833,3.220587902e-06
9,36.0,40.0,19,1441.426876,0.0001057952858,3.940694939e-06
9,36.0,40.0,19,1443.46279,0.0001095339147,4.745718511e-06
9,36.0,40.0,19,1445.498704,0.0001123475405,4.450297707e-06
9,36.0,40.0,19,1447.534617,0.0001136734673,3.889737291e-06
9,36.0,40.0,19,1449.570531,0.0001155281618,3.67612231e-06
9,36.0,40.0,19,1451.606445,0.0001186156337,4.204727153e-06
9,36.0,40.0,19,1453.642358,0.0001220162103,4.692747428e-06
9,36.0,40.0,19,1455.678272,0.0001243243545,4.70402553e-06
9,36.0,40.0,19,1457.714186,0.0001259118076,4.724115185e-06
9,36.0,40.0,19,1459.750099,0.0001306863526,5.611048561e-06
9,36.0,40.0,19,1461.786013,0.0001358531881,5.689930901e-06
9,36.0,40.0,19,1463.821927,0.0001362396157,5.079721376e-06
9,36.0,40.0,19,1465.85784,0.0001350676009,4.860521377e-06
9,36.0,40.0,19,1467.893754,0.0001367862684,4.53892517e-06
9,36.0,40.0,19,1469.929668,0.0001419389528,5.307768588e-06
9,36.0,40.0,19,1471.965581,0.0001491510314,6.203213746e-06
9,36.0,40.0,19,1474.001495,0.0001542190925,6.139160529e-06
9,36.0,40.0,19,1476.037409,0.0001552021924,5.937787625e-06
9,36.0,40.0,19,1478.073322,0.0001576605711,6.195632429e-06
9,36.0,40.0,19,1480.109236,0.0001628159036,6.341558686e-06
9,36.0,40.0,19,1482.14515,0.0001672298806,6.296982671e-06
9,36.0,40.0,19,1484.181063,0.0001720443552,6.432628837e-06
9,36.0,40.0,19,1486.216977,0.0001774097531,7.435720848e-06
9,36.0,40.0,19,1488.252891,0.0001813255936,7.394957107e-06
9,36.0,40.0,19,1490.288804,0.0001856998211,6.510686772e-06
9,36.0,40.0,19,1492.324718,0.0001914696931,6.895112048e-06
9,36.0,40.0,19,1494.360632,0.0001934943529,6.953058197e-06
9,36.0,40.0,19,1496.396545,0.0001900850808,6.235200041e-06
9,36.0,40.0,19,1498.432459,0.0001887831552,5.979555677e-06
9,36.0,40.0,19,1500.468373,0.0001959639836,7.137663302e-06
9,36.0,40.0,19,1502.504286,0.000206132007,8.206680433e-06
9,36.0,40.0,19,1504.5402,0.0002098027115,7.915735031e-06
9,36.0,40.0,19,1506.576114,0.0002115763737,8.21792519e-06
9,36.0,40.0,19,1508.612027,0.0002216070744,9.725090194e-06
9,36.0,40.0,19,1510.647941,0.0002371924196,9.873221996e-06
9,36.0,40.0,19,1512.683855,0.0002490742292,8.70327754e-06
9,36.0,40.0,19,1514.719768,0.0002527666561,1.027276942e-05
9,36.0,40.0,19,1516.755682,0.0002534312341,1.004952888e-05
9,36.0,40.0,19,1518.791596,0.0002583645196,9.118248743e-06
9,36.0,40.0,19,1520.827509,0.000265320918,9.853633764e-06
9,36.0,40.0,19,1522.863423,0.0002725493553,1.137372838e-05
9,36.0,40.0,19,1524.899337,0.0002807791724,1.28962928e-05
9,36.0,40.0,19,1526.93525,0.0002852036668,1.257158773e-05
9,36.0,40.0,19,1528.971164,0.0002836307399,1.169398774e-05
9,36.0,40.0,19,1531.007078,0.0002867799156,1.131276647e-05
9,36.0,40.0,19,1533.042991,0.000301148452,1.192782899e-05
9,36.0,40.0,19,1535.078905,0.0003179162048,1.127335705e-05
9,36.0,40.0,19,1537.114819,0.0003302958531,1.075189221e-05
9,36.0,40.0,19,1539.150732,0.0003341652753,1.193835175e-05
9,36.0,40.0,19,1541.186646,0.0003341350364,1.236920732e-05
9,36.0,40.0,19,1543.22256,0.0003385216586,1.156682652e-05
9,36.0,40.0,19,1545.258473,0.000345861513,1.275450074e-05
9,36.0,40.0,19,1547.294387,0.0003502053596,1.442210079e-05
9,36.0,40.0,19,1549.330301,0.0003561236024,1.42603089e-05
9,36.0,40.0,19,1551.366214,0.0003708435994,1.253356641e-05
9,36.0,40.0,19,1553.402128,0.0003838554256,1.1779476e-05
9,36.0,40.0,19,1555.438042,0.0003905591052,1.256708324e-05
9,36.0,40.0,19,1557.473955,0.0003995291378,1.221239254e-05
9,36.0,40.0,19,1559.509869,0.0004078513607,1.178017728e-05
9,36.0,40.0,19,1561.545783,0.0004178096758,1.394988018e-05
9,36.0,40.0,19,1563.581696,0.0004349198537,1.601240186e-05
9,36.0,40.0,19,1565.61761,0.0004468287603,1.630452632e-05
9,36.0,40.0,19,1567.653524,0.0004543491426,1.627832073e-05
9,36.0,40.0,19,1569.689437,0.0004743982555,1.758843833e-05
9,36.0,40.0,19,1571.725351,0.0005038654428,1.737453606e-05
9,36.0,40.0,19,1573.761265,0.0005204906796,1.644680604e-05
9,36.0,40.0,19,1575.797178,0.0005190775395,1.925775681e-05
9,36.0,40.0,19,1577.833092,0.00051679239,2.274436613e-05
9,36.0,40.0,19,1579.869006,0.0005277561413,2.116621233e-05
9,36.0,40.0,19,1581.904919,0.0005573155914,1.888451158e-05
9,36.0,40.0,19,1583.940833,0.000588138191,1.93822086e-05
9,36.0,40.0,19,1585.976747,0.0005949516784,1.936161096e-05
9,36.0,40.0,19,1588.01266,0.0005878953645,1.911898465e-05
9,36.0,40.0,19,1590.048574,0.0005974025782,1.869050374e-05
9,36.0,40.0,19,1592.084488,0.0006254330444,2.026851446e-05
9,36.0,40.0,19,1594.120401,0.0006489412841,2.076099371e-05
9,36.0,40.0,19,1596.156315,0.0006523918785,2.113460423e-05
9,36.0,40.0,19,1598.192229,0.0006403745627,1.985929274e-05
9,36.0,40.0,19,1600.228142,0.0006312370709,1.712796144e-05
9,36.0,40.0,19,1602.264056,0.0006362127084,2.072100828e-05
9,36.0,40.0,19,1604.29997,0.0006454947768,2.173949041e-05
9,36.0,40.0,19,1606.335883,0.0006525877888,2.157847235e-05
9,36.0,40.0,19,1608.371797,0.0006732323646,2.230695986e-05
9,36.0,40.0,19,1610.407711,0.0007066142512,2.261992163e-05
9,36.0,40.0,19,1612.443624,0.0007200342893,2.026256266e-05
9,36.0,40.0,19,1614.479538,0.000718272795,1.809114667e-05
9,36.0,40.0,19,1616.515452,0.0007213050528,2.133692864e-05
9,36.0,40.0,19,1618.551365,0.0007251712847,2.487981379e-05
9,36.0,40.0,19,1620.587279,0.0007320973033,2.710502308e-05
9,36.0,40.0,19,1622.623193,0.000745073754,2.648406397e-05
9,36.0,40.0,19,1624.659106,0.0007569486336,2.105693902e-05
9,36.0,40.0,19,1626.69502,0.0007581114872,2.366454576e-05
9,36.0,40.0,19,1628.730934,0.0007410481594,2.797075275e-05
9,36.0,40.0,19,1630.766847,0.0007197086976,2.748021015e-05
9,36.0,40.0,19,1632.802761,0.0007194899606,2.657285264e-05
9,36.0,40.0,19,1634.838675,0.0007394396964,2.685479797e-05
9,36.0,40.0,19,1636.874588,0.0007674398359,2.668413763e-05
9,36.0,40.0,19,1638.910502,0.0007938567585,2.478586155e-05
9,36.0,40.0,19,1640.946416,0.0008082501844,2.417492826e-05
9,36.0,40.0,19,1642.982329,0.0008123658237,2.332738673e-05
9,36.0,40.0,19,1645.018243,0.0008104477476,2.39891854e-05
9,36.0,40.0,19,1647.054157,0.0007980132823,2.656805467e-05
9,36.0,40.0,19,1649.09007,0.0007917188549,2.738732108e-05
9,36.0,40.0,19,1651.125984,0.000799474534,2.519524589e-05
9,36.0,40.0,19,1653.161898,0.0007906202736,2.295391842e-05
9,36.0,40.0,19,1655.197811,0.0007657020829,2.260928201e-05
9,36.0,40.0,19,1657.233725,0.0007578944624,2.429165282e-05
9,36.0,40.0,19,1659.269639,0.00076453954,2.500588516e-05
9,36.0,40.0,19,1661.305552,0.0007673103986,2.347931975e-05
9,36.0,40.0,19,1663.341466,0.0007629955011,2.554512939e-05
9,36.0,40.0,19,1665.37738,0.0007484663127,3.082731645e-05
9,36.0,40.0,19,1667.413293,0.0007267468048,3.206916854e-05
9,36.0,40.0,19,1669.449207,0.0007095496904,2.903374477e-05
9,36.0,40.0,19,1671.485121,0.0007013930575,2.446421656e-05
9,36.0,40.0,19,1673.521034,0.0006959000419,2.048491795e-05
9,36.0,40.0,19,1675.556948,0.0006985051897,1.895951276e-05
9,36.0,40.0,19,1677.592862,0.0007245863189,2.177372875e-05
9,36.0,40.0,19,1679.628775,0.0007498588365,2.313864908e-05
9,36.0,40.0,19,1681.664689,0.0007391018962,2.365389968e-05
9,36.0,40.0,19,1683.700603,0.0006887204754,2.442363799e-05
9,36.0,40.0,19,1685.736516,0.0006236354627,2.475081572e-05
9,36.0,40.0,19,1687.77243,0.000578982416,2.226645499e-05
9,36.0,40.0,19,1689.808344,0.0005624409975,1.906460055e-05
9,36.0,40.0,19,1691.844257,0.0005466789792,1.933431061e-05
9,36.0,40.0,19,1693.880171,0.000522759276,1.748277226e-05
9,36.0,40.0,19,1695.916085,0.0005114142365,1.540585358e-05
9,36.0,40.0,19,1697.951998,0.0005145902987,1.578071212e-05
9,36.0,40.0,19,1699.987912,0.0005161539698,1.851492701e-05
9,36.0,40.0,19,1702.023826,0.0005026369409,1.970379606e-05
9,36.0,40.0,19,1704.059739,0.000475190322,1.997854531e-05
9,36.0,40.0,19,1706.095653,0.0004549389515,1.861690933e-05
9,36.0,40.0,19,1708.131567,0.0004482425186,1.849654267e-05
9,36.0,40.0,19,1710.16748,0.000435767386,1.743483302e-05
9,36.0,40.0,19,1712.203394,0.0004174412764,1.712667391e-05
9,36.0,40.0,19,1714.239308,0.0004081643046,1.736498254e-05
9,36.0,40.0,19,1716.275221,0.0003991418978,1.556232658e-05
9,36.0,40.0,19,1718.311135,0.0003803036226,1.464005131e-05
9,36.0,40.0,19,1720.347049,0.0003648567714,1.260047294e-05
9,36.0,40.0,19,1722.382962,0.0003602285196,1.13587177e-05
9,36.0,40.0,19,1724.418876,0.0003473007165,1.224374259e-05
9,36.0,40.0,19,1726.45479,0.0003112793953,1.306880627e-05
9,36.0,40.0,19,1728.490703,0.0002730518723,1.101523386e-05
9,36.0,40.0,19,1730.526617,0.0002547304313,9.561005975e-06
9,36.0,40.0,19,1732.562531,0.0002485157823,9.293175522e-06
9,36.0,40.0,19,1734.598444,0.0002441376277,1.098070592e-05
9,36.0,40.0,19,1736.634358,0.0002416447346,1.080641231e-05
9,36.0,40.0,19,1738.670272,0.0002399483675,8.883992478e-06
9,36.0,40.0,19,1740.706185,0.0002344591414,8.050140305e-06
9,36.0,40.0,19,1742.742099,0.0002209040278,7.406789838e-06
9,36.0,40.0,19,1744.778013,0.0002053455703,7.871637714e-06
9,36.0,40.0,19,1746.813926,0.0001949193013,8.181604034e-06
9,36.0,40.0,19,1748.84984,0.0001877972612,7.90622462e-06
9,36.0,40.0,19,1750.885754,0.0001801762708,7.159657687e-06
9,36.0,40.0,19,1752.921667,0.0001683784424,6.161689749e-06
9,36.0,40.0,19,1754.957581,0.0001536909708,5.572838859e-06
9,36.0,40.0,19,1756.993495,0.0001440412718,5.654679585e-06
9,36.0,40.0,19,1759.029408,0.0001413857188,5.560665489e-06
9,36.0,40.0,19,1761.065322,0.0001378205919,4.833554969e-06
9,36.0,40.0,19,1763.101236,0.0001306744187,4.246277165e-06
9,36.0,40.0,19,1765.137149,0.0001240971384,3.748746865e-06
9,36.0,40.0,19,1767.173063,0.0001194562071,3.740966909e-06
9,36.0,40.0,19,1769.208977,0.0001169688793,3.925230069e-06
9,36.0,40.0,19,1771.24489,0.0001161218648,3.933377489e-06
9,36.0,40.0,19,1773.280804,0.0001143290871,4.081444081e-06
9,36.0,40.0,19,1775.316718,0.0001101615611,4.025831351e-06
9,36.0,40.0,19,1777.352631,0.0001048715881,3.612988454e-06
9,36.0,40.0,19,1779.388545,0.000100347569,3.459753619e-06
9,36.0,40.0,19,1781.424459,9.645676512e-05,3.543237885e-06
9,36.0,40.0,19,1783.460372,9.149324339e-05,3.348337352e-06
9,36.0,40.0,19,1785.496286,8.610475388e-05,2.910059875e-06
9,36.0,40.0,19,1787.5322,8.273734529e-05,2.947504695e-06
9,36.0,40.0,19,1789.568113,8.086272728e-05,3.264079107e-06
9,36.0,40.0,19,1791.604027,7.87005078e-05,3.057183205e-06
9,36.0,40.0,19,1793.639941,7.549395441e-05,2.865550621e-06
9,36.0,40.0,19,1795.675854,7.074284899e-05,2.682899687e-06
9,36.0,40.0,19,1797.711768,6.702546514e-05,2.181004796e-06
9,36.0,40.0,19,1799.747682,6.635009189e-05,2.030688255e-06
9,36.0,40.0,19,1801.783595,6.65190944e-05,2.293275814e-06
9,36.0,40.0,19,1803.819509,6.490607705e-05,2.192184722e-06
9,36.0,40.0,19,1805.855423,6.168172967e-05,2.274048233e-06
9,36.0,40.0,19,1807.891336,5.937782273e-05,2.434121203e-06
9,36.0,40.0,19,1809.92725,5.816224873e-05,2.075950887e-06
9,36.0,40.0,19,1811.963164,5.611094911e-05,1.685101557e-06
9,36.0,40.0,19,1813.999077,5.254185978e-05,1.735308318e-06
9,36.0,40.0,19,1816.034991,4.87961844e-05,1.764172571e-06
9,36.0,40.0,19,1818.070905,4.70141016e-05,1.835378775e-06
9,36.0,40.0,19,1820.106818,4.761922684e-05,1.731493938e-06
9,36.0,40.0,19,1822.142732,4.902444015e-05,1.640423759e-06
9,36.0,40.0,19,1824.178646,4.951503838e-05,1.638064746e-06
9,36.0,40.0,19,1826.214559,4.797569687e-05,1.394398989e-06
9,36.0,40.0,19,1828.250473,4.511281425e-05,1.228721655e-06
9,36.0,40.0,19,1830.286387,4.298277345e-05,1.16135328e-06
9,36.0,40.0,19,1832.3223,4.181308326e-05,1.116132448e-06
9,36.0,40.0,19,1834.358214,4.082024264e-05,1.104222143e-06
9,36.0,40.0,19,1836.394128,3.938266773e-05,9.969009668e-07
9,36.0,40.0,19,1838.430041,3.73835767e-05,8.947782314e-07
9,36.0,40.0,19,1840.465955,3.545554723e-05,8.929612592e-07
9,36.0,40.0,19,1842.501869,3.430789652e-05,9.384590056e-07
9,36.0,40.0,19,1844.537782,3.373352456e-05,9.824912907e-07
9,36.0,40.0,19,1846.573696,3.335629201e-05,9.727891816e-07
9,36.0,40.0,19,1848.60961,3.332503234e-05,9.253694643e-07
9,36.0,40.0,19,1850.645523,3.298720162e-05,9.833809929e-07
9,36.0,40.0,19,1852.681437,3.19015191e-05,1.019390632e-06
9,36.0,40.0,19,1854.717351,3.077054084e-05,9.061008133e-07
9,36.0,40.0,19,1856.753264,2.970684144e-05,7.802913221e-07
9,36.0,40.0,19,1858.789178,2.840675638e-05,7.504004232e-07
9,36.0,40.0,19,1860.825092,2.730604929e-05,7.422786122e-07
9,36.0,40.0,19,1862.861005,2.688886719e-05,7.95993963e-07
9,36.0,40.0,19,1864.896919,2.7052909e-05,8.159699322e-07
9,36.0,40.0,19,1866.932833,2.72246721e-05,8.10237466e-07
9,36.0,40.0,19,1868.968746,2.697156972e-05,7.762928613e-07
9,36.0,40.0,19,1871.00466,2.625789179e-05,6.901961582e-07
9,36.0,40.0,19,1873.040574,2.524770434e-05,6.755021645e-07
9,36.0,40.0,19,1875.076487,2.423816109e-05,6.873535774e-07
9,36.0,40.0,19,1877.112401,2.347625666e-05,6.965693581e-07
9,36.0,40.0,19,1879.148315,2.297542522e-05,6.798230138e-07
9,36.0,40.0,19,1881.184228,2.253582859e-05,5.945995739e-07
9,36.0,40.0,19,1883.220142,2.196915087e-05,5.125295846e-07
9,36.0,40.0,19,1885.256056,2.149042354e-05,5.155428484e-07
9,36.0,40.0,19,1887.291969,2.112538789e-05,5.473971121e-07
9,36.0,40.0,19,1889.327883,2.062528983e-05,5.655389262e-07
9,36.0,40.0,19,1891.363797,2.027449048e-05,5.925687761e-07
9,36.0,40.0,19,1893.39971,2.016197444e-05,6.255591104e-07
9,36.0,40.0,19,1895.435624,1.976800168e-05,5.982998187e-07
9,36.0,40.0,19,1897.471538,1.906361621e-05,5.269020807e-07
9,36.0,40.0,19,1899.507451,1.849889517e-05,5.093104922e-07
9,36.0,40.0,19,1901.543365,1.811982599e-05,5.311499232e-07
9,36.0,40.0,19,1903.579279,1.78135932e-05,5.236901572e-07
9,36.0,40.0,19,1905.615192,1.752554711e-05,4.993373472e-07
9,36.0,40.0,19,1907.651106,1.712982138e-05,4.866965875e-07
9,36.0,40.0,19,1909.68702,1.678219031e-05,4.738914619e-07
9,36.0,40.0,19,1911.722933,1.650996378e-05,4.674650072e-07
9,36.0,40.0,19,1913.758847,1.600720979e-05,4.566811252e-07
9,36.0,40.0,19,1915.794761,1.542103593e-05,4.497555089e-07
9,36.0,40.0,19,1917.830674,1.529936427e-05,4.467101767e-07
9,36.0,40.0,19,1919.866588,1.556545765e-05,4.34679186e-07
9,36.0,40.0,19,1921.902502,1.564725545e-05,4.190697791e-07
9,36.0,40.0,19,1923.938415,1.549334267e-05,4.105201242e-07
9,36.0,40.0,19,1925.974329,1.535644545e-05,3.775540906e-07
9,36.0,40.0,19,1928.010243,1.518733396e-05,3.627430764e-07
9,36.0,40.0,19,1930.046156,1.47748818e-05,3.336309757e-07
9,36.0,40.0,19,1932.08207,1.432599988e-05,3.003653939e-07
9,36.0,40.0,19,1934.117984,1.408630469e-05,3.140220907e-07
9,36.0,40.0,19,1936.153897,1.389186918e-05,3.417298255e-07
9,36.0,40.0,19,1938.189811,1.362302021e-05,3.438182085e-07
9,36.0,40.0,19,1940.225725,1.328559437e-05,3.627638909e-07
9,36.0,40.0,19,1942.261638,1.301892236e-05,3.571264212e-07
9,36.0,40.0,19,1944.297552,1.296108231e-05,3.541056915e-07
9,36.0,40.0,19,1946.333466,1.293616431e-05,3.510934667e-07
9,36.0,40.0,19,1948.369379,1.273709878e-05,3.388038432e-07
9,36.0,40.0,19,1950.405293,1.242497303e-05,3.400118067e-07
9,36.0,40.0,19,1952.441207,1.222312173e-05,3.383528217e-07
9,36.0,40.0,19,1954.47712,1.21032068e-05,3.377006649e-07
9,36.0,40.0,19,1956.513034,1.190852724e-05,3.516372186e-07
9,36.0,40.0,19,1958.548948,1.176551789e-05,3.447229169e-07
9,36.0,40.0,19,1960.584861,1.172387701e-05,3.096728835e-07
9,36.0,40.0,19,1962.620775,1.163035268e-05,2.730640338e-07
9,36.0,40.0,19,1964.656689,1.143646222e-05,2.649290465e-07
9,36.0,40.0,19,1966.692602,1.117726536e-05,2.767293735e-07
9,36.0,40.0,19,1968.728516,1.08987191e-05,2.573983524e-07
9,36.0,40.0,19,1970.76443,1.075620421e-05,2.374862014e-07
9,36.0,40.0,19,1972.800343,1.084270961e-05,2.470548963e-07
9,36.0,40.0,19,1974.836257,1.085204109e-05,2.644968176e-07
9,36.0,40.0,19,1976.872171,1.071513602e-05,2.721215872e-07
9,36.0,40.0,19,1978.908084,1.063550482e-05,2.79995251e-07
9,36.0,40.0,19,1980.943998,1.054196199e-05,2.95819232e-07
9,36.0,40.0,19,1982.979912,1.040425617e-05,2.85659326e-07
9,36.0,40.0,19,1985.015825,1.034830415e-05,2.502757704e-07
9,36.0,40.0,19,1987.051739,1.04354989e-05,2.506293314e-07
9,36.0,40.0,19,1989.087653,1.059417125e-05,2.863672091e-07
9,36.0,40.0,19,1991.123566,1.059633478e-05,3.052039788e-07
9,36.0,40.0,19,1993.15948,1.039346012e-05,2.8553031e-07
9,36.0,40.0,19,1995.195394,1.020547251e-05,2.494350012e-07
9,36.0,40.0,19,1997.231307,1.012126499e-05,2.323101158e-07
9,36.0,40.0,19,1999.267221,9.994215397e-06,2.261522574e-07
9,36.0,40.0,19,2001.303135,9.743053063e-06,2.287826672e-07
9,36.0,40.0,19,2003.339048,9.577110503e-06,2.551980717e-07
9,36.0,40.0,19,2005.374962,9.63766513e-06,2.914733155e-07
9,36.0,40.0,19,2007.410876,9.70765096e-06,3.095516655e-07
9,36.0,40.0,19,2009.446789,9.695554897e-06,2.941128123e-07
9,36.0,40.0,19,2011.482703,9.707234717e-06,2.6903629e-07
9,36.0,40.0,19,2013.518617,9.715559592e-06,2.628706012e-07
9,36.0,40.0,19,2015.55453,9.676053346e-06,2.548465453e-07
9,36.0,40.0,19,2017.590444,9.660003253e-06,2.425564278e-07
9,36.0,40.0,19,2019.626358,9.688235616e-06,2.411611991e-07
9,36.0,40.0,19,2021.662271,9.644337998e-06,2.351694123e-07
9,36.0,40.0,19,2023.698185,9.542258537e-06,2.294056996e-07
9,36.0,40.0,19,2025.734099,9.499419428e-06,2.25521024e-07
9,36.0,40.0,19,2027.770012,9.505171328e-06,2.323363023e-07
9,36.0,40.0,19,2029.805926,9.490950328e-06,2.530218285e-07
9,36.0,40.0,19,2031.84184,9.440326704e-06,2.82867959e-07
9,36.0,40.0,19,2033.877753,9.34738303e-06,2.808026777e-07
9,36.0,40.0,19,2035.913667,9.189333308e-06,2.575152512e-07
9,36.0,40.0,19,2037.949581,9.121371761e-06,2.455709766e-07
9,36.0,40.0,19,2039.985494,9.251185386e-06,2.389815877e-07
9,36.0,40.0,19,2042.021408,9.400966341e-06,2.411737295e-07
9,36.0,40.0,19,2044.057322,9.530721417e-06,2.436657668e-07
9,36.0,40.0,19,2046.093235,9.607760318e-06,2.45804536e-07
9,36.0,40.0,19,2048.129149,9.486190718e-06,2.364006388e-07
9,36.0,40.0,19,2050.165063,9.259788884e-06,2.407637305e-07
9,36.0,40.0,19,2052.200976,9.134099558e-06,2.471310677e-07
9,36.0,40.0,19,2054.23689,9.180852845e-06,2.431028587e-07
9,36.0,40.0,19,2056.272804,9.352344165e-06,2.394021151e-07
9,36.0,40.0,19,2058.308717,9.556472039e-06,2.345239048e-07
9,36.0,40.0,19,2060.344631,9.657900071e-06,2.420859984e-07
9,36.0,40.0,19,2062.380545,9.604837616e-06,2.380778297e-07
9,36.0,40.0,19,2064.416458,9.467384708e-06,2.327217503e-07
9,36.0,40.0,19,2066.452372,9.356193851e-06,2.5357627e-07
9,36.0,40.0,19,2068.488286,9.440930519e-06,2.486281295e-07
9,36.0,40.0,19,2070.524199,9.737877327e-06,2.511935773e-07
9,36.0,40.0,19,2072.560113,1.003072028e-05,2.689822546e-07
9,36.0,40.0,19,2074.596027,1.014529129e-05,2.630230016e-07
9,36.0,40.0,19,2076.63194,1.007080161e-05,2.428336299e-07
9,36.0,40.0,19,2078.667854,9.974510702e-06,2.429495598e-07
9,36.0,40.0,19,2080.703768,9.96745719e-06,2.423728932e-07
9,36.0,40.0,19,2082.739681,9.953811862e-06,2.309385452e-07
9,36.0,40.0,19,2084.775595,9.876962483e-06,2.208724822e-07
9,36.0,40.0,19,2086.811509,9.827349292e-06,2.196129984e-07
9,36.0,40.0,19,2088.847422,9.925206517e-06,2.095928889e-07
9,36.0,40.0,19,2090.883336,1.01017759e-05,2.197011338e-07
9,36.0,40.0,19,2092.91925,1.020298516e-05,2.412923701e-07
9,36.0,40.0,19,2094.955163,1.027843123e-05,2.53579157e-07
9,36.0,40.0,19,2096.991077,1.03845539e-05,2.594189088e-07
9,36.0,40.0,19,2099.026991,1.040943051e-05,2.457376392e-07
9,36.0,40.0,19,2101.062904,1.027159968e-05,2.258948289e-07
9,36.0,40.0,19,2103.098818,1.013986015e-05,2.283638171e-07
9,36.0,40.0,19,2105.134732,1.016210429e-05,2.336727493e-07
9,36.0,40.0,19,2107.170645,1.027536975e-05,2.070914994e-07
9,36.0,40.0,19,2109.206559,1.038344408e-05,1.913149466e-07
9,36.0,40.0,19,2111.242473,1.044231507e-05,2.164674788e-07
9,36.0,40.0,19,2113.278386,1.04596985e-05,2.392934276e-07
9,36.0,40.0,19,2115.3143,1.050810963e-05,2.466449117e-07
9,36.0,40.0,19,2117.350214,1.066800252e-05,2.410408419e-07
9,36.0,40.0,19,2119.386127,1.078134389e-05,2.301055355e-07
9,36.0,40.0,19,2121.422041,1.075799836e-05,2.445108031e-07
9,36.0,40.0,19,2123.457955,1.075713435e-05,2.700001522e-07
9,36.0,40.0,19,2125.493868,1.08552179e-05,2.589559639e-07
9,36.0,40.0,19,2127.529782,1.109988811e-05,2.375230312e-07
9,36.0,40.0,19,2129.565696,1.144765046e-05,2.541264398e-07
9,36.0,40.0,19,2131.601609,1.17226465e-05,2.882028722e-07
9,36.0,40.0,19,2133.637523,1.185058341e-05,3.218155065e-07
9,36.0,40.0,19,2135.673437,1.191120566e-05,3.200655818e-07
9,36.0,40.0,19,2137.70935,1.199455553e-05,2.792416751e-07
9,36.0,40.0,19,2139.745264,1.212081263e-05,2.798666949e-07
9,36.0,40.0,19,2141.781178,1.222924018e-05,3.142484635e-07
9,36.0,40.0,19,2143.817091,1.218808749e-05,3.058455719e-07
9,36.0,40.0,19,2145.853005,1.208345943e-05,2.597662807e-07
9,36.0,40.0,19,2147.888919,1.215300795e-05,2.564933793e-07
9,36.0,40.0,19,2149.924832,1.232454644e-05,2.582790801e-07
9,36.0,40.0,19,2151.960746,1.241506072e-05,2.496696327e-07
9,36.0,40.0,19,2153.99666,1.239961984e-05,2.819284729e-07
9,36.0,40.0,19,2156.032573,1.237266956e-05,3.014939359e-07
9,36.0,40.0,19,2158.068487,1.250611175e-05,3.118769626e-07
9,36.0,40.0,19,2160.104401,1.273574554e-05,3.09084441e-07
9,36.0,40.0,19,2162.140314,1.285921142e-05,2.918664733e-07
9,36.0,40.0,19,2164.176228,1.293592679e-05,3.025243236e-07
9,36.0,40.0,19,2166.212142,1.310854891e-05,3.328510818e-07
9,36.0,40.0,19,2168.248055,1.338072933e-05,3.486111099e-07
9,36.0,40.0,19,2170.283969,1.366211345e-05,3.50219815e-07
9,36.0,40.0,19,2172.319883,1.393607536e-05,3.41942866e-07
9,36.0,40.0,19,2174.355796,1.405136651e-05,3.385409996e-07
9,36.0,40.0,19,2176.39171,1.385832683e-05,3.361481329e-07
9,36.0,40.0,19,2178.427624,1.372251769e-05,3.39372844e-07
9,36.0,40.0,19,2180.463537,1.391618263e-05,3.045785333e-07
9,36.0,40.0,19,2182.499451,1.421165444e-05,2.749365725e-07
9,36.0,40.0,19,2184.535365,1.436725049e-05,2.57501634e-07
9,36.0,40.0,19,2186.571278,1.438528173e-05,2.962832083e-07
9,36.0,40.0,19,2188.607192,1.439936575e-05,3.54917584e-07
9,36.0,40.0,19,2190.643106,1.451536642e-05,3.741075601e-07
9,36.0,40.0,19,2192.679019,1.462320182e-05,3.758561169e-07
9,36.0,40.0,19,2194.714933,1.472652004e-05,3.927633848e-07
9,36.0,40.0,19,2196.750847,1.499798268e-05,3.851110226e-07
9,36.0,40.0,19,2198.78676,1.531725328e-05,3.582189298e-07
9,36.0,40.0,19,2200.822674,1.54537255e-05,3.489172731e-07
9,36.0,40.0,19,2202.858588,1.523580663e-05,3.324357881e-07
9,36.0,40.0,19,2204.894501,1.47830342e-05,3.302891119e-07
9,36.0,40.0,19,2206.930415,1.455073024e-05,3.16365985e-07
9,36.0,40.0,19,2208.966329,1.481735814e-05,2.946007096e-07
9,36.0,40.0,19,2211.002242,1.535892652e-05,2.859469615e-07
9,36.0,40.0,19,2213.038156,1.581004419e-05,2.594135043e-07
9,36.0,40.0,19,2215.07407,1.598448186e-05,2.806454494e-07
9,36.0,40.0,19,2217.109983,1.598220501e-05,3.250775077e-07
9,36.0,40.0,19,2219.145897,1.609470241e-05,3.873255544e-07
9,36.0,40.0,19,2221.181811,1.634306052e-05,3.994495976e-07
9,36.0,40.0,19,2223.217724,1.653623989e-05,3.434587051e-07
9,36.0,40.0,19,2225.253638,1.661556731e-05,3.526803914e-07
9,36.0,40.0,19,2227.289552,1.656617555e-05,3.783545252e-07
9,36.0,40.0,19,2229.325465,1.646449782e-05,3.964512461e-07
9,36.0,40.0,19,2231.361379,1.663285172e-05,4.288515728e-07
9,36.0,40.0,19,2233.397293,1.714386655e-05,4.343983087e-07
9,36.0,40.0,19,2235.433206,1.761152657e-05,4.105991302e-07
9,36.0,40.0,19,2237.46912,1.765921583e-05,4.205461579e-07
9,36.0,40.0,19,2239.505034,1.745442973e-05,4.311217195e-07
9,36.0,40.0,19,2241.540947,1.737844659e-05,4.72047001e-07
9,36.0,40.0,19,2243.576861,1.745097532e-05,5.263280574e-07
9,36.0,40.0,19,2245.612775,1.748722781e-05,4.80784275e-07
9,36.0,40.0,19,2247.648688,1.750700978e-05,3.797376228e-07
9,36.0,40.0,19,2249.684602,1.789455979e-05,3.73765726e-07
9,36.0,40.0,19,2251.720516,1.85092354e-05,4.359040499e-07
9,36.0,40.0,19,2253.756429,1.850511489e-05,4.26078571e-07
9,36.0,40.0,19,2255.792343,1.794233337e-05,3.731312742e-07
9,36.0,40.0,19,2257.828257,1.755934115e-05,3.826330699e-07
9,36.0,40.0,19,2259.86417,1.746143933e-05,4.242282228e-07
9,36.0,40.0,19,2261.900084,1.753369597e-05,4.00109422e-07
9,36.0,40.0,19,2263.935998,1.766154846e-05,3.578676248e-07
9,36.0,40.0,19,2265.971911,1.759125308e-05,3.673304522e-07
9,36.0,40.0,19,2268.007825,1.740648205e-05,4.140470846e-07
9,36.0,40.0,19,2270.043739,1.729451278e-05,4.437221492e-07
9,36.0,40.0,19,2272.079652,1.732831151e-05,4.475429949e-07
9,36.0,40.0,19,2274.115566,1.749826408e-05,4.181800796e-07
9,36.0,40.0,19,2276.15148,1.758171007e-05,4.198011055e-07
9,36.0,40.0,19,2278.187393,1.756749467e-05,4.457211243e-07
9,36.0,40.0,19,2280.223307,1.750250011e-05,4.367711329e-07
9,36.0,40.0,19,2282.259221,1.739154982e-05,4.027507578e-07
9,36.0,40.0,19,2284.295134,1.745516176e-05,4.147321854e-07
9,36.0,40.0,19,2286.331048,1.770347477e-05,4.606005156e-07
9,36.0,40.0,19,2288.366962,1.770675642e-05,4.696758103e-07
9,36.0,40.0,19,2290.402875,1.732303442e-05,4.294643126e-07
9,36.0,40.0,19,2292.438789,1.703139952e-05,3.390254883e-07
9,36.0,40.0,19,2294.474703,1.705644759e-05,3.055790459e-07
9,36.0,40.0,19,2296.510616,1.730691459e-05,3.225844401e-07
9,36.0,40.0,19,2298.54653,1.77138349e-05,3.144022529e-07
9,36.0,40.0,19,2300.582444,1.791291864e-05,3.70618803e-07
9,36.0,40.0,19,2302.618357,1.779227355e-05,4.07262588e-07
9,36.0,40.0,19,2304.654271,1.755766344e-05,4.023287533e-07
9,36.0,40.0,19,2306.690185,1.728653063e-05,3.68761805e-07
9,36.0,40.0,19,2308.726098,1.707493075e-05,3.402855289e-07
9,36.0,40.0,19,2310.762012,1.697415578e-05,3.566012937e-07
9,36.0,40.0,19,2312.797926,1.704112297e-05,3.929148447e-07
9,36.0,40.0,19,2314.833839,1.731214535e-05,4.19472038e-07
9,36.0,40.0,19,2316.869753,1.760346645e-05,4.757216506e-07
9,36.0,40.0,19,2318.905667,1.761102874e-05,5.102809263e-07
9,36.0,40.0,19,2320.94158,1.731918662e-05,4.537923365e-07
9,36.0,40.0,19,2322.977494,1.712356495e-05,3.849696063e-07
9,36.0,40.0,19,2325.013408,1.721911203e-05,3.899301277e-07
9,36.0,40.0,19,2327.049321,1.736663557e-05,4.376468613e-07
9,36.0,40.0,19,2329.085235,1.740045288e-05,4.561947181e-07
9,36.0,40.0,19,2331.121149,1.72810454e-05,4.439815905e-07
9,36.0,40.0,19,2333.157062,1.696851722e-05,4.073962114e-07
9,36.0,40.0,19,2335.192976,1.660181604e-05,3.772518404e-07
9,36.0,40.0,19,2337.22889,1.650989489e-05,3.390819703e-07
9,36.0,40.0,19,2339.264803,1.671753599e-05,3.423409525e-07
9,36.0,40.0,19,2341.300717,1.685315302e-05,3.408999731e-07
9,36.0,40.0,19,2343.336631,1.671123188e-05,3.188367633e-07
9,36.0,40.0,19,2345.372544,1.639791069e-05,3.53610516e-07
9,36.0,40.0,19,2347.408458,1.617299504e-05,3.594430792e-07
9,36.0,40.0,19,2349.444372,1.601290084e-05,3.715693802e-07
9,36.0,40.0,19,2351.480285,1.587038386e-05,3.780252987e-07
9,36.0,40.0,19,2353.516199,1.592135397e-05,3.709057749e-07
9,36.0,40.0,19,2355.552113,1.618800431e-05,3.799847421e-07
9,36.0,40.0,19,2357.588026,1.663544319e-05,4.134126366e-07
9,36.0,40.0,19,2359.62394,1.703032716e-05,4.395203419e-07
9,36.0,40.0,19,2361.659854,1.700608695e-05,4.269504785e-07
9,36.0,40.0,19,2363.695767,1.676739844e-05,3.862554869e-07
9,36.0,40.0,19,2365.731681,1.672454679e-05,3.554230584e-07
9,36.0,40.0,19,2367.767595,1.673030646e-05,3.388685839e-07
9,36.0,40.0,19,2369.803508,1.660564147e-05,3.251533279e-07
9,36.0,40.0,19,2371.839422,1.641928568e-05,3.274640538e-07
9,36.0,40.0,19,2373.875336,1.63060945e-05,3.412118508e-07
9,36.0,40.0,19,2375.911249,1.641814629e-05,3.836052095e-07
9,36.0,40.0,19,2377.947163,1.662437688e-05,3.963812887e-07
9,36.0,40.0,19,2379.983077,1.679052892e-05,3.582926268e-07
9,36.0,40.0,19,2382.01899,1.702002116e-05,3.360770465e-07
9,36.0,40.0,19,2384.054904,1.712464714e-05,3.77870508e-07
9,36.0,40.0,19,2386.090818,1.695029801e-05,4.128527504e-07
9,36.0,40.0,19,2388.126731,1.678258924e-05,3.751828727e-07
9,36.0,40.0,19,2390.162645,1.675470337e-05,3.556759624e-07
9,36.0,40.0,19,2392.198559,1.685809465e-05,3.855708485e-07
9,36.0,40.0,19,2394.234472,1.707294188e-05,4.458557485e-07
9,36.0,40.0,19,2396.270386,1.706050311e-05,4.556654572e-07
9,36.0,40.0,19,2398.3063,1.682521211e-05,4.262287741e-07
9,36.0,40.0,19,2400.342213,1.690666232e-05,4.281311357e-07
9,36.0,40.0,19,2402.378127,1.722920053e-05,4.386966067e-07
9,36.0,40.0,19,2404.414041,1.726416143e-05,4.184193366e-07
9,36.0,40.0,19,2406.449954,1.693600521e-05,4.034543562e-07
9,36.0,40.0,19,2408.485868,1.662188941e-05,3.957084189e-07
9,36.0,40.0,19,2410.521782,1.66221916e-05,3.922505292e-07
9,36.0,40.0,19,2412.557695,1.673055548e-05,4.055877506e-07
9,36.0,40.0,19,2414.593609,1.679006769e-05,4.017026422e-07
9,36.0,40.0,19,2416.629523,1.687302744e-05,3.788914336e-07
9,36.0,40.0,19,2418.665436,1.695211015e-05,3.640748316e-07
9,36.0,40.0,19,2420.70135,1.700480382e-05,3.945245799e-07
9,36.0,40.0,19,2422.737264,1.696999884e-05,4.025472168e-07
9,36.0,40.0,19,2424.773177,1.694105498e-05,3.909889804e-07
9,36.0,40.0,19,2426.809091,1.702198191e-05,3.790499897e-07
9,36.0,40.0,19,2428.845005,1.711868395e-05,3.980887534e-07
9,36.0,40.0,19,2430.880918,1.718439745e-05,4.747090463e-07
9,36.0,40.0,19,2432.916832,1.714011918e-05,5.007769341e-07
9,36.0,40.0,19,2434.952746,1.687074196e-05,4.440821456e-07
9,36.0,40.0,19,2436.988659,1.656207144e-05,3.593007929e-07
9,36.0,40.0,19,2439.024573,1.645297398e-05,3.153066639e-07
9,36.0,40.0,19,2441.060487,1.644128036e-05,3.349696075e-07
9,36.0,40.0,19,2443.0964,1.649177885e-05,3.731996721e-07
9,36.0,40.0,19,2445.132314,1.665201865e-05,4.016671794e-07
9,36.0,40.0,19,2447.168228,1.684730721e-05,4.011672667e-07
9,36.0,40.0,19,2449.204141,1.704039119e-05,4.244997732e-07
9,36.0,40.0,19,2451.240055,1.715029396e-05,4.555862206e-07
9,36.0,40.0,19,2453.275969,1.71009282e-05,4.519090906e-07
9,36.0,40.0,19,2455.311882,1.694276996e-05,4.365228751e-07
9,36.0,40.0,19,2457.347796,1.68328068e-05,3.953140551e-07
9,36.0,40.0,19,2459.38371,1.670521908e-05,3.713741329e-07
9,36.0,40.0,19,2461.419623,1.649707413e-05,3.976245748e-07
9,36.0,40.0,19,2463.455537,1.646586556e-05,4.239001425e-07
9,36.0,40.0,19,2465.491451,1.647107758e-05,3.902441944e-07
9,36.0,40.0,19,2467.527364,1.626120449e-05,3.31876359e-07
9,36.0,40.0,19,2469.563278,1.619196737e-05,3.404285677e-07
9,36.0,40.0,19,2471.599192,1.644420123e-05,3.908633081e-07
9,36.0,40.0,19,2473.635105,1.665325675e-05,4.303440294e-07
9,36.0,40.0,19,2475.671019,1.663747661e-05,4.197356564e-07
9,36.0,40.0,19,2477.706933,1.658225948e-05,4.01663084e-07
9,36.0,40.0,19,2479.742846,1.662001383e-05,3.887583915e-07
9,36.0,40.0,19,2481.77876,1.678504983e-05,3.85597142e-07
9,36.0,40.0,19,2483.814674,1.707349605e-05,4.251967682e-07
9,36.0,40.0,19,2485.850587,1.705237987e-05,4.434370511e-07
9,36.0,40.0,19,2487.886501,1.650825729e-05,3.887801934e-07
9,36.0,40.0,19,2489.922415,1.605347528e-05,3.875627394e-07
9,36.0,40.0,19,2491.958328,1.616827453e-05,4.139462023e-07
9,36.0,40.0,19,2493.994242,1.66914096e-05,4.007158011e-07
9,36.0,40.0,19,2496.030156,1.711682983e-05,3.693981529e-07
9,36.0,40.0,19,2498.066069,1.702391464e-05,3.488821388e-07
9,36.0,40.0,19,2500.101983,1.652699462e-05,3.328750772e-07
9,36.0,40.0,19,2502.137897,1.622075983e-05,3.67364916e-07
9,36.0,40.0,19,2504.17381,1.631730794e-05,4.406428005e-07
9,36.0,40.0,19,2506.209724,1.6463411e-05,4.462435168e-07
9,36.0,40.0,19,2508.245638,1.655251816e-05,3.715092573e-07
9,36.0,40.0,19,2510.281551,1.674337891e-05,3.307756756e-07
9,36.0,40.0,19,2512.317465,1.690092134e-05,3.187812651e-07
9,36.0,40.0,19,2514.353379,1.68808108e-05,3.115890683e-07
9,36.0,40.0,19,2516.389292,1.699252466e-05,3.163557695e-07
9,36.0,40.0,19,2518.425206,1.712834163e-05,3.34727206e-07
9,36.0,40.0,19,2520.46112,1.685631658e-05,3.262856441e-07
9,36.0,40.0,19,2522.497033,1.642915058e-05,3.207337457e-07
9,36.0,40.0,19,2524.532947,1.631073968e-05,3.798261207e-07
9,36.0,40.0,19,2526.568861,1.652561137e-05,3.962960031e-07
9,36.0,40.0,19,2528.604774,1.68091263e-05,3.852420211e-07
9,36.0,40.0,19,2530.640688,1.681350556e-05,3.775014806e-07
9,36.0,40.0,19,2532.676602,1.654493609e-05,3.621496582e-07
9,36.0,40.0,19,2534.712515,1.638449485e-05,3.8768845e-07
9,36.0,40.0,19,2536.748429,1.640152537e-05,3.895224157e-07
9,36.0,40.0,19,2538.784343,1.638128395e-05,3.763835859e-07
9,36.0,40.0,19,2540.820256,1.636087414e-05,3.720865279e-07
9,36.0,40.0,19,2542.85617,1.659857697e-05,3.738594172e-07
9,36.0,40.0,19,2544.892084,1.694916238e-05,4.001336812e-07
9,36.0,40.0,19,2546.927997,1.695081847e-05,4.561913507e-07
9,36.0,40.0,19,2548.963911,1.676595248e-05,4.381184924e-07
9,36.0,40.0,19,2550.999825,1.679979252e-05,3.974103752e-07
9,36.0,40.0,19,2553.035738,1.69459247e-05,4.179600137e-07
9,36.0,40.0,19,2555.071652,1.710890815e-05,4.33339969e-07
9,36.0,40.0,19,2557.107566,1.723561845e-05,4.470595304e-07
9,36.0,40.0,19,2559.143479,1.713612155e-05,4.321498629e-07
9,36.0,40.0,19,2561.179393,1.702774715e-05,4.136474752e-07
9,36.0,40.0,19,2563.215307,1.735832057e-05,4.599056069e-07
9,36.0,40.0,19,2565.25122,1.788643432e-05,5.234597322e-07
9,36.0,40.0,19,2567.287134,1.793744238e-05,5.460452577e-07
9,36.0,40.0,19,2569.323048,1.76926922e-05,5.180965179e-07
9,36.0,40.0,19,2571.358961,1.765044144e-05,5.124353484e-07
9,36.0,40.0,19,2573.394875,1.761774418e-05,5.117859841e-07
9,36.0,40.0,19,2575.430789,1.742387532e-05,4.965500841e-07
9,36.0,40.0,19,2577.466702,1.715619958e-05,4.403409145e-07
9,36.0,40.0,19,2579.502616,1.692853739e-05,3.486677656e-07
9,36.0,40.0,19,2581.53853,1.703733643e-05,3.383909548e-07
9,36.0,40.0,19,2583.574443,1.751536152e-05,4.330155748e-07
9,36.0,40.0,19,2585.610357,1.788907112e-05,4.788505184e-07
9,36.0,40.0,19,2587.646271,1.795709931e-05,4.860957784e-07
9,36.0,40.0,19,2589.682184,1.797576352e-05,5.044188946e-07
9,36.0,40.0,19,2591.718098,1.81648113e-05,4.743513059e-07
9,36.0,40.0,19,2593.754012,1.828587856e-05,4.891938009e-07
9,36.0,40.0,19,2595.789925,1.792576235e-05,4.614139892e-07
9,36.0,40.0,19,2597.825839,1.746455212e-05,3.930261351e-07
9,36.0,40.0,19,2599.861753,1.746908802e-05,4.105093656e-07
9,36.0,40.0,19,2601.897666,1.786964571e-05,3.949169317e-07
9,36.0,40.0,19,2603.93358,1.825702783e-05,4.12781201e-07
9,36.0,40.0,19,2605.969494,1.838526212e-05,4.300746757e-07
9,36.0,40.0,19,2608.005407,1.837969109e-05,5.133904276e-07
9,36.0,40.0,19,2610.041321,1.820595723e-05,5.714607661e-07
9,36.0,40.0,19,2612.077235,1.797577814e-05,5.765192644e-07
9,36.0,40.0,19,2614.113148,1.804104451e-05,6.108804928e-07
9,36.0,40.0,19,2616.149062,1.821143697e-05,6.473771887e-07
9,36.0,40.0,19,2618.184976,1.837604529e-05,6.405642467e-07
9,36.0,40.0,19,2620.220889,1.873961554e-05,6.388469813e-07
9,36.0,40.0,19,2622.256803,1.901119168e-05,5.84378768e-07
9,36.0,40.0,19,2624.292717,1.879362633e-05,4.949478207e-07
9,36.0,40.0,19,2626.32863,1.820564529e-05,4.443498778e-07
9,36.0,40.0,19,2628.364544,1.784896473e-05,4.705193591e-07
9,36.0,40.0,19,2630.400458,1.811015853e-05,6.174653367e-07
9,36.0,40.0,19,2632.436371,1.870525856e-05,7.664877657e-07
9,36.0,40.0,19,2634.472285,1.930060652e-05,8.458945327e-07
9,36.0,40.0,19,2636.508199,1.962463642e-05,8.480493291e-07
9,36.0,40.0,19,2638.544112,1.95795899e-05,8.104495737e-07
9,36.0,40.0,19,2640.580026,1.958108611e-05,7.873488783e-07
9,36.0,40.0,19,2642.61594,1.97325896e-05,7.878584539e-07
9,36.0,40.0,19,2644.651853,1.976619387e-05,8.390775098e-07
9,36.0,40.0,19,2646.687767,1.975409337e-05,7.97264128e-07
9,36.0,40.0,19,2648.723681,1.960699272e-05,6.5023135e-07
9,36.0,40.0,19,2650.759594,1.91999293e-05,5.101464659e-07
9,36.0,40.0,19,2652.795508,1.888119881e-05,4.778544078e-07
9,36.0,40.0,19,2654.831422,1.892477644e-05,4.772544324e-07
9,36.0,40.0,19,2656.867335,1.912984203e-05,5.118031886e-07
9,36.0,40.0,19,2658.903249,1.931195644e-05,5.291316554e-07
9,36.0,40.0,19,2660.939163,1.948981852e-05,5.520560682e-07
9,36.0,40.0,19,2662.975076,1.957481157e-05,5.99652391e-07
9,36.0,40.0,19,2665.01099,1.982260412e-05,6.301505526e-07
9,36.0,40.0,19,2667.046904,2.039988243e-05,6.938779181e-07
9,36.0,40.0,19,2669.082817,2.086727974e-05,7.557171534e-07
9,36.0,40.0,19,2671.118731,2.092666316e-05,7.968599202e-07
9,36.0,40.0,19,2673.154645,2.060880687e-05,8.212350495e-07
9,36.0,40.0,19,2675.190558,2.024864323e-05,7.37235047e-07
9,36.0,40.0,19,2677.226472,2.031851718e-05,7.021104586e-07
9,36.0,40.0,19,2679.262386,2.06722924e-05,7.765470452e-07
9,36.0,40.0,19,2681.298299,2.057018688e-05,7.262591018e-07
9,36.0,40.0,19,2683.334213,2.031878213e-05,6.053373981e-07
9,36.0,40.0,19,2685.370127,2.067454813e-05,5.7261394e-07
9,36.0,40.0,19,2687.40604,2.122564935e-05,6.474463863e-07
9,36.0,40.0,19,2689.441954,2.144526142e-05,7.533963562e-07
9,36.0,40.0,19,2691.477868,2.167603957e-05,7.987078158e-07
9,36.0,40.0,19,2693.513781,2.178430154e-05,8.280625932e-07
9,36.0,40.0,19,2695.549695,2.154210924e-05,8.326542616e-07
9,36.0,40.0,19,2697.585609,2.156222643e-05,7.816641169e-07
9,36.0,40.0,19,2699.621522,2.187302146e-05,8.076682782e-07
9,36.0,40.0,19,2701.657436,2.205536153e-05,7.738661044e-07
9,36.0,40.0,19,2703.69335,2.198048421e-05,7.82030419e-07
9,36.0,40.0,19,2705.729263,2.219666949e-05,9.874160349e-07
9,36.0,40.0,19,2707.765177,2.301377932e-05,1.208728675e-06
9,36.0,40.0,19,2709.801091,2.366182844e-05,1.139650335e-06
9,36.0,40.0,19,2711.837004,2.36889892e-05,1.00332558e-06
9,36.0,40.0,19,2713.872918,2.340061657e-05,9.495969006e-07
9,36.0,40.0,19,2715.908832,2.305686346e-05,9.669809937e-07
9,36.0,40.0,19,2717.944745,2.282337939e-05,9.053451006e-07
9,36.0,40.0,19,2719.980659,2.296261396e-05,8.644727137e-07
9,36.0,40.0,19,2722.016573,2.358015854e-05,9.216692752e-07
9,36.0,40.0,19,2724.052486,2.39807322e-05,9.567115859e-07
9,36.0,40.0,19,2726.0884,2.382166317e-05,9.476479885e-07
9,36.0,40.0,19,2728.124314,2.418715222e-05,9.776339319e-07
9,36.0,40.0,19,2730.160227,2.515217071e-05,1.019292133e-06
9,36.0,40.0,19,2732.196141,2.549219012e-05,1.063605597e-06
9,36.0,40.0,19,2734.232055,2.521984648e-05,1.10702525e-06
9,36.0,40.0,19,2736.267968,2.513671168e-05,1.07797201e-06
9,36.0,40.0,19,2738.303882,2.502802737e-05,1.011356462e-06
9,36.0,40.0,19,2740.339796,2.457336438e-05,8.939764671e-07
9,36.0,40.0,19,2742.375709,2.4569035e-05,8.218879393e-07
9,36.0,40.0,19,2744.411623,2.532130158e-05,9.143778111e-07
9,36.0,40.0,19,2746.447537,2.609557932e-05,9.839157846e-07
9,36.0,40.0,19,2748.48345,2.642850106e-05,1.014981931e-06
9,36.0,40.0,19,2750.519364,2.663352715e-05,1.070438196e-06
9,36.0,40.0,19,2752.555278,2.720005521e-05,1.227283044e-06
9,36.0,40.0,19,2754.591191,2.764697728e-05,1.389824601e-06
9,36.0,40.0,19,2756.627105,2.75903618e-05,1.384257245e-06
9,36.0,40.0,19,2758.663019,2.781390913e-05,1.346568513e-06
9,36.0,40.0,19,2760.698932,2.843819405e-05,1.417189134e-06
9,36.0,40.0,19,2762.734846,2.903946369e-05,1.588344416e-06
9,36.0,40.0,19,2764.77076,2.975318759e-05,1.695953383e-06
9,36.0,40.0,19,2766.806673,3.025074592e-05,1.633256771e-06
9,36.0,40.0,19,2768.842587,3.021601027e-05,1.654446021e-06
9,36.0,40.0,19,2770.878501,3.002858099e-05,1.730287851e-06
9,36.0,40.0,19,2772.914414,3.004483556e-05,1.554701273e-06
9,36.0,40.0,19,2774.950328,3.017467511e-05,1.407811609e-06
9,36.0,40.0,19,2776.986242,3.017753917e-05,1.442778545e-06
9,36.0,40.0,19,2779.022155,3.063994731e-05,1.57515114e-06
9,36.0,40.0,19,2781.058069,3.198473123e-05,1.683503599e-06
9,36.0,40.0,19,2783.093983,3.339452069e-05,1.717834784e-06
9,36.0,40.0,19,2785.129896,3.403213953e-05,1.833614873e-06
9,36.0,40.0,19,2787.16581,3.347019665e-05,1.912972977e-06
9,36.0,40.0,19,2789.201724,3.246281166e-05,1.774577463e-06
9,36.0,40.0,19,2791.237637,3.195704943e-05,1.614762641e-06
9,36.0,40.0,19,2793.273551,3.170078344e-05,1.447809326e-06
9,36.0,40.0,19,2795.309465,3.162261237e-05,1.321913167e-06
9,36.0,40.0,19,2797.345378,3.244086977e-05,1.334390725e-06
9,36.0,40.0,19,2799.381292,3.422462362e-05,1.441009548e-06
9,36.0,40.0,19,2801.417206,3.570739416e-05,1.471843989e-06
9,36.0,40.0,19,2803.453119,3.657580307e-05,1.539564664e-06
9,36.0,40.0,19,2805.489033,3.785977635e-05,1.73457123e-06
9,36.0,40.0,19,2807.524947,3.871798263e-05,2.051388602e-06
9,36.0,40.0,19,2809.56086,3.808739757e-05,2.30223563e-06
9,36.0,40.0,19,2811.596774,3.783534051e-05,2.336751999e-06
9,36.0,40.0,19,2813.632688,3.997193687e-05,2.430408255e-06
9,36.0,40.0,19,2815.668601,4.315969379e-05,2.511736892e-06
9,36.0,40.0,19,2817.704515,4.465307256e-05,2.504458387e-06
9,36.0,40.0,19,2819.740429,4.450405806e-05,2.50519467e-06
9,36.0,40.0,19,2821.776342,4.39692678e-05,2.339384714e-06
9,36.0,40.0,19,2823.812256,4.353126145e-05,1.99209705e-06
9,36.0,40.0,19,2825.84817,4.413827797e-05,2.334649184e-06
9,36.0,40.0,19,2827.884083,4.514964953e-05,2.679605701e-06
9,36.0,40.0,19,2829.919997,4.591169833e-05,2.570391393e-06
9,36.0,40.0,19,2831.955911,4.722662241e-05,2.628239584e-06
9,36.0,40.0,19,2833.991824,4.872108099e-05,2.807932229e-06
9,36.0,40.0,19,2836.027738,4.964933069e-05,3.156300232e-06
9,36.0,40.0,19,2838.063652,5.042854202e-05,3.287674354e-06
9,36.0,40.0,19,2840.099565,5.189626694e-05,3.406706609e-06
9,36.0,40.0,19,2842.135479,5.377588122e-05,3.705217082e-06
9,36.0,40.0,19,2844.171393,5.49182522e-05,3.742739832e-06
9,36.0,40.0,19,2846.207306,5.430295042e-05,3.351226506e-06
9,36.0,40.0,19,2848.24322,5.261792597e-05,2.839501542e-06
9,36.0,40.0,19,2850.279134,5.099341138e-05,2.430752059e-06
9,36.0,40.0,19,2852.315047,5.188829764e-05,2.691326971e-06
9,36.0,40.0,19,2854.350961,5.605279492e-05,3.362797243e-06
9,36.0,40.0,19,2856.386875,5.839332092e-05,3.467617219e-06
9,36.0,40.0,19,2858.422788,5.771539101e-05,2.89324468e-06
9,36.0,40.0,19,2860.458702,5.800831341e-05,2.822510472e-06
9,36.0,40.0,19,2862.494616,6.006601234e-05,3.15724764e-06
9,36.0,40.0,19,2864.530529,6.142210454e-05,3.858910258e-06
9,36.0,40.0,19,2866.566443,6.100697867e-05,3.822574939e-06
9,36.0,40.0,19,2868.602357,5.98002761e-05,2.882064155e-06
9,36.0,40.0,19,2870.63827,5.982663107e-05,2.508867616e-06
9,36.0,40.0,19,2872.674184,6.354602598e-05,3.069021085e-06
9,36.0,40.0,19,2874.710098,7.065575296e-05,4.656562321e-06
9,36.0,40.0,19,2876.746011,7.622654414e-05,6.108440747e-06
9,36.0,40.0,19,2878.781925,7.572201221e-05,6.605226195e-06
9,36.0,40.0,19,2880.817839,7.156230711e-05,5.746024682e-06
9,36.0,40.0,19,2882.853752,7.000540339e-05,4.388326784e-06
9,36.0,40.0,19,2884.889666,7.252905701e-05,4.245226725e-06
9,36.0,40.0,19,2886.92558,7.559588187e-05,4.615892318e-06
9,36.0,40.0,19,2888.961493,7.706327114e-05,4.689284614e-06
9,36.0,40.0,19,2890.997407,7.771765624e-05,4.84064993e-06
9,36.0,40.0,19,2893.033321,7.872919011e-05,4.756641487e-06
9,36.0,40.0,19,2895.069234,8.006605137e-05,4.381846477e-06
9,36.0,40.0,19,2897.105148,8.025680799e-05,4.264658512e-06
9,36.0,40.0,19,2899.141062,7.857393178e-05,3.996544029e-06
9,36.0,40.0,19,2901.176975,7.718335195e-05,3.377553796e-06
9,36.0,40.0,19,2903.212889,7.789781709e-05,3.12833686e-06
9,36.0,40.0,19,2905.248803,7.95581978e-05,3.707596388e-06
9,36.0,40.0,19,2907.284716,7.995697487e-05,3.831097065e-06
9,36.0,40.0,19,2909.32063,7.967045868e-05,3.550950386e-06
9,36.0,40.0,19,2911.356544,8.194727951e-05,3.492112704e-06
9,36.0,40.0,19,2913.392457,8.824649951e-05,3.616659348e-06
9,36.0,40.0,19,2915.428371,9.393066894e-05,3.820571462e-06
9,36.0,40.0,19,2917.464285,9.397589108e-05,3.756102508e-06
9,36.0,40.0,19,2919.500198,9.302296016e-05,3.675237072e-06
9,36.0,40.0,19,2921.536112,9.494638481e-05,4.080892695e-06
9,36.0,40.0,19,2923.572026,9.640702304e-05,4.320762881e-06
9,36.0,40.0,19,2925.607939,9.754108657e-05,4.426951124e-06
9,36.0,40.0,19,2927.643853,0.0001003688743,4.279000447e-06
9,36.0,40.0,19,2929.679767,0.0001039943739,4.338481213e-06
9,36.0,40.0,19,2931.71568,0.0001072147342,4.931080155e-06
9,36.0,40.0,19,2933.751594,0.000108310644,5.202653127e-06
9,36.0,40.0,19,2935.787508,0.0001076033951,4.925825914e-06
9,36.0,40.0,19,2937.823421,0.0001076522225,4.886565499e-06
9,36.0,40.0,19,2939.859335,0.0001096800644,5.134034044e-06
9,36.0,40.0,19,2941.895249,0.0001126939901,5.313216592e-06
9,36.0,40.0,19,2943.931162,0.0001150481793,4.998484706e-06
9,36.0,40.0,19,2945.967076,0.0001159793918,4.774440843e-06
9,36.0,40.0,19,2948.00299,0.00011582123,5.107919492e-06
9,36.0,40.0,19,2950.038903,0.000116287906,5.558818365e-06
9,36.0,40.0,19,2952.074817,0.000118863925,6.065218622e-06
9,36.0,40.0,19,2954.110731,0.0001225828096,6.468235803e-06
9,36.0,40.0,19,2956.146644,0.0001250503682,6.616515527e-06
9,36.0,40.0,19,2958.182558,0.0001263752669,6.329421544e-06
9,36.0,40.0,19,2960.218472,0.0001294298537,6.012144728e-06
9,36.0,40.0,19,2962.254385,0.0001329766657,5.892944419e-06
9,36.0,40.0,19,2964.290299,0.0001333471948,5.377651555e-06
9,36.0,40.0,19,2966.326213,0.0001329440358,4.97381567e-06
9,36.0,40.0,19,2968.362126,0.0001341944616,4.878938352e-06
9,36.0,40.0,19,2970.39804,0.0001364064101,5.263291214e-06
9,36.0,40.0,19,2972.433954,0.0001403713976,6.146375035e-06
9,36.0,40.0,19,2974.469867,0.0001448751746,6.822066095e-06
9,36.0,40.0,19,2976.505781,0.0001490583123,7.227142154e-06
9,36.0,40.0,19,2978.541695,0.0001537231131,7.912934e-06
9,36.0,40.0,19,2980.577608,0.0001578815146,9.14180484e-06
9,36.0,40.0,19,2982.613522,0.0001586464186,9.004279962e-06
9,36.0,40.0,19,2984.649436,0.0001547825622,7.592035425e-06
9,36.0,40.0,19,2986.685349,0.0001524710824,7.171502394e-06
9,36.0,40.0,19,2988.721263,0.0001558378267,7.053522557e-06
9,36.0,40.0,19,2990.757177,0.000162395371,7.756744084e-06
9,36.0,40.0,19,2992.79309,0.0001710085897,8.81085218e-06
9,36.0,40.0,19,2994.829004,0.0001790940208,9.369613363e-06
9,36.0,40.0,19,2996.864918,0.0001823286248,8.636447863e-06
9,36.0,40.0,19,2998.900831,0.0001823299468,7.668644259e-06
9,36.0,40.0,19,3000.936745,0.0001836239609,8.130919071e-06
9,36.0,40.0,19,3002.972659,0.0001848696878,8.045657955e-06
9,36.0,40.0,19,3005.008572,0.0001840169318,8.052443033e-06
9,36.0,40.0,19,3007.044486,0.000184916063,8.527458048e-06
9,36.0,40.0,19,3009.0804,0.0001888844132,8.135785319e-06
9,36.0,40.0,19,3011.116313,0.0001930605916,7.783039712e-06
9,36.0,40.0,19,3013.152227,0.0001986967202,7.851194609e-06
9,36.0,40.0,19,3015.188141,0.0002060174953,8.26308147e-06
9,36.0,40.0,19,3017.224054,0.0002137848953,9.493357348e-06
9,36.0,40.0,19,3019.259968,0.0002206295919,9.567237689e-06
9,36.0,40.0,19,3021.295882,0.0002218375034,8.722802127e-06
9,36.0,40.0,19,3023.331795,0.000221075049,8.078817718e-06
9,36.0,40.0,19,3025.367709,0.0002260093036,8.563054258e-06
9,36.0,40.0,19,3027.403623,0.0002317330599,9.545634816e-06
9,36.0,40.0,19,3029.439536,0.0002356282344,9.223660906e-06
9,36.0,40.0,19,3031.47545,0.0002432058278,8.215179077e-06
9,36.0,40.0,19,3033.511364,0.0002475703682,8.726985821e-06
9,36.0,40.0,19,3035.547277,0.000242212756,9.568920872e-06
9,36.0,40.0,19,3037.583191,0.0002392893536,9.625312544e-06
9,36.0,40.0,19,3039.619105,0.0002490030237,1.040630807e-05
9,36.0,40.0,19,3041.655018,0.0002627726847,1.135393081e-05
9,36.0,40.0,19,3043.690932,0.0002665248926,1.068741651e-05
9,36.0,40.0,19,3045.726846,0.0002645067204,1.000442338e-05
9,36.0,40.0,19,3047.762759,0.0002691012509,1.031327496e-05
9,36.0,40.0,19,3049.798673,0.0002751572984,1.107467421e-05
9,36.0,40.0,19,3051.834587,0.000274580792,1.073287707e-05
9,36.0,40.0,19,3053.8705,0.0002703912537,1.010873167e-05
9,36.0,40.0,19,3055.906414,0.000267972278,1.050164214e-05
9,36.0,40.0,19,3057.942328,0.0002709574967,1.1409095e-05
9,36.0,40.0,19,3059.978241,0.0002770943793,1.11748648e-05
9,36.0,40.0,19,3062.014155,0.0002844181898,9.005638724e-06
9,36.0,40.0,19,3064.050069,0.0002909828508,9.318509993e-06
9,36.0,40.0,19,3066.085982,0.0002930068137,1.07666406e-05
9,36.0,40.0,19,3068.121896,0.0003007964458,1.11974136e-05
9,36.0,40.0,19,3070.15781,0.0003236516313,1.288207811e-05
9,36.0,40.0,19,3072.193723,0.0003429866554,1.432707984e-05
9,36.0,40.0,19,3074.229637,0.0003458827548,1.494176869e-05
9,36.0,40.0,19,3076.265551,0.0003443192235,1.631349852e-05
9,36.0,40.0,19,3078.301464,0.000343006769,1.79088917e-05
9,36.0,40.0,19,3080.337378,0.0003398670913,1.656274145e-05
9,36.0,40.0,19,3082.373292,0.0003401092914,1.287893725e-05
9,36.0,40.0,19,3084.409205,0.0003504224753,1.046279564e-05
9,36.0,40.0,19,3086.445119,0.0003700503269,1.12105911e-05
9,36.0,40.0,19,3088.481033,0.0003829247101,1.313471453e-05
9,36.0,40.0,19,3090.516946,0.0003833682103,1.369367239e-05
9,36.0,40.0,19,3092.55286,0.0003847170366,1.37961394e-05
9,36.0,40.0,19,3094.588774,0.0003870862756,1.337443019e-05
9,36.0,40.0,19,3096.624687,0.0003843103611,1.369837461e-05
9,36.0,40.0,19,3098.660601,0.0003810583892,1.3863633e-05
9,36.0,40.0,19,3100.696515,0.0003807090553,1.4972712e-05
9,36.0,40.0,19,3102.732428,0.000385842829,1.607484279e-05
9,36.0,40.0,19,3104.768342,0.0003980076931,1.547429841e-05
9,36.0,40.0,19,3106.804256,0.0004120755017,1.625632808e-05
9,36.0,40.0,19,3108.840169,0.0004244842425,1.708850317e-05
9,36.0,40.0,19,3110.876083,0.0004343551671,1.694761072e-05
9,36.0,40.0,19,3112.911997,0.0004436198423,1.644732887e-05
9,36.0,40.0,19,3114.94791,0.0004519739451,1.531012629e-05
9,36.0,40.0,19,3116.983824,0.0004530018896,1.455481708e-05
9,36.0,40.0,19,3119.019738,0.0004446031926,1.490701849e-05
9,36.0,40.0,19,3121.055651,0.0004310357281,1.455183055e-05
9,36.0,40.0,19,3123.091565,0.0004250413865,1.440825153e-05
9,36.0,40.0,19,3125.127479,0.0004401118997,1.522352634e-05
9,36.0,40.0,19,3127.163392,0.0004652330174,1.560917965e-05
9,36.0,40.0,19,3129.199306,0.0004729024284,1.630204914e-05
9,36.0,40.0,19,3131.23522,0.0004637433246,1.686232587e-05
9,36.0,40.0,19,3133.271133,0.0004614143817,1.63989247e-05
9,36.0,40.0,19,3135.307047,0.0004711516785,1.641454431e-05
9,36.0,40.0,19,3137.342961,0.0004847500844,1.639883534e-05
9,36.0,40.0,19,3139.378874,0.0004976762738,1.546064228e-05
9,36.0,40.0,19,3141.414788,0.0005049581765,1.475954822e-05
9,36.0,40.0,19,3143.450702,0.0005013309298,1.492879252e-05
9,36.0,40.0,19,3145.486615,0.0004922959054,1.597050306e-05
9,36.0,40.0,19,3147.522529,0.0004869467487,1.531841318e-05
9,36.0,40.0,19,3149.558443,0.0004922398304,1.575875404e-05
9,36.0,40.0,19,3151.594356,0.000504761876,1.648481822e-05
9,36.0,40.0,19,3153.63027,0.0005075133413,1.506077626e-05
9,36.0,40.0,19,3155.666184,0.0005033551135,1.422913973e-05
9,36.0,40.0,19,3157.702097,0.0005050622608,1.50830889e-05
9,36.0,40.0,19,3159.738011,0.000509922648,1.55544388e-05
9,36.0,40.0,19,3161.773925,0.0005170973314,1.516468902e-05
9,36.0,40.0,19,3163.809838,0.0005262434607,1.624247618e-05
9,36.0,40.0,19,3165.845752,0.0005295099533,1.598499514e-05
9,36.0,40.0,19,3167.881666,0.0005289026796,1.56270209e-05
9,36.0,40.0,19,3169.917579,0.000532010542,1.606920312e-05
9,36.0,40.0,19,3171.953493,0.0005418427619,1.601144938e-05
9,36.0,40.0,19,3173.989407,0.0005571154987,1.740338267e-05
9,36.0,40.0,19,3176.02532,0.0005650704358,1.968090491e-05
9,36.0,40.0,19,3178.061234,0.0005552653216,1.916437728e-05
9,36.0,40.0,19,3180.097148,0.0005404670852,1.741999311e-05
9,36.0,40.0,19,3182.133061,0.0005380238749,1.529227117e-05
9,36.0,40.0,19,3184.168975,0.0005444419244,1.493496759e-05
9,36.0,40.0,19,3186.204889,0.0005522863911,1.508696108e-05
9,36.0,40.0,19,3188.240802,0.0005595228071,1.587442003e-05
9,36.0,40.0,19,3190.276716,0.0005654293107,1.735830702e-05
9,36.0,40.0,19,3192.31263,0.0005654976206,1.646993156e-05
9,36.0,40.0,19,3194.348543,0.0005557629864,1.574904225e-05
9,36.0,40.0,19,3196.384457,0.0005514943702,1.477280795e-05
9,36.0,40.0,19,3198.420371,0.0005642031568,1.49946215e-05
9,36.0,40.0,19,3200.456284,0.0005797604965,1.615936127e-05
9,36.0,40.0,19,3202.492198,0.0005834380998,1.738502429e-05
9,36.0,40.0,19,3204.528112,0.0005808181352,1.733497146e-05
9,36.0,40.0,19,3206.564025,0.0005815869387,1.706536061e-05
9,36.0,40.0,19,3208.599939,0.0005836990779,1.783354719e-05
9,36.0,40.0,19,3210.635853,0.0005871414769,1.620945945e-05
9,36.0,40.0,19,3212.671766,0.0005973284171,1.413906138e-05
9,36.0,40.0,19,3214.70768,0.0006061949398,1.40310622e-05
9,36.0,40.0,19,3216.743594,0.0006012808471,1.516259122e-05
9,36.0,40.0,19,3218.779507,0.0005876448697,1.671719915e-05
9,36.0,40.0,19,3220.815421,0.0005815927169,1.800221318e-05
9,36.0,40.0,19,3222.851335,0.0005888608635,1.795789438e-05
9,36.0,40.0,19,3224.887248,0.0006006336296,1.754277634e-05
9,36.0,40.0,19,3226.923162,0.0006151516618,1.71029744e-05
9,36.0,40.0,19,3228.959076,0.0006302790139,1.753566248e-05
9,36.0,40.0,19,3230.994989,0.0006333151122,1.844797025e-05
9,36.0,40.0,19,3233.030903,0.000626263463,1.892965609e-05
9,36.0,40.0,19,3235.066817,0.0006263938989,1.749398892e-05
9,36.0,40.0,19,3237.10273,0.0006369718892,1.715036589e-05
9,36.0,40.0,19,3239.138644,0.0006440988906,1.785531974e-05
9,36.0,40.0,19,3241.174558,0.0006377841524,1.803888943e-05
9,36.0,40.0,19,3243.210472,0.0006260773003,1.738229295e-05
9,36.0,40.0,19,3245.246385,0.000626755487,1.653500301e-05
9,36.0,40.0,19,3247.282299,0.0006419881258,1.912259242e-05
9,36.0,40.0,19,3249.318213,0.0006644987286,1.98382545e-05
9,36.0,40.0,19,3251.354126,0.0006851340419,2.038107665e-05
9,36.0,40.0,19,3253.39004,0.0006861356081,2.011565798e-05
9,36.0,40.0,19,3255.425954,0.0006718053624,1.988570459e-05
9,36.0,40.0,19,3257.461867,0.0006586742601,2.006706397e-05
9,36.0,40.0,19,3259.497781,0.0006469784845,1.721587163e-05
9,36.0,40.0,19,3261.533695,0.000641236952,1.552349021e-05
9,36.0,40.0,19,3263.569608,0.0006470206263,1.540829844e-05
9,36.0,40.0,19,3265.605522,0.0006464057433,1.371241639e-05
9,36.0,40.0,19,3267.641436,0.0006331309263,1.310352831e-05
9,36.0,40.0,19,3269.677349,0.0006300455694,1.355909124e-05
9,36.0,40.0,19,3271.713263,0.0006454313051,1.479363553e-05
9,36.0,40.0,19,3273.749177,0.0006617485438,1.616424035e-05
9,36.0,40.0,19,3275.78509,0.0006618294763,1.763005397e-05
9,36.0,40.0,19,3277.821004,0.0006555290875,1.632179385e-05
9,36.0,40.0,19,3279.856918,0.0006640897975,1.645455077e-05
9,36.0,40.0,19,3281.892831,0.0006780170457,1.887272973e-05
9,36.0,40.0,19,3283.928745,0.0006765544338,1.814026699e-05
9,36.0,40.0,19,3285.964659,0.0006696578731,1.582077804e-05
9,36.0,40.0,19,3288.000572,0.0006754442768,1.639879199e-05
9,36.0,40.0,19,3290.036486,0.000686037357,1.907303702e-05
9,36.0,40.0,19,3292.0724,0.0006860721404,1.927573828e-05
9,36.0,40.0,19,3294.108313,0.000677154844,1.705266613e-05
9,36.0,40.0,19,3296.144227,0.0006707557366,1.527325052e-05
9,36.0,40.0,19,3298.180141,0.0006669385947,1.513205588e-05
9,36.0,40.0,19,3300.216054,0.0006635578458,1.786043623e-05
9,36.0,40.0,19,3302.251968,0.0006687962417,1.865834383e-05
9,36.0,40.0,19,3304.287882,0.0006882229288,2.009229117e-05
9,36.0,40.0,19,3306.323795,0.0007123572132,1.987930144e-05
9,36.0,40.0,19,3308.359709,0.0007212289531,1.656686885e-05
9,36.0,40.0,19,3310.395623,0.0007136205597,1.534560103e-05
9,36.0,40.0,19,3312.431536,0.0007070871476,1.673900662e-05
9,36.0,40.0,19,3314.46745,0.0007075308755,1.795565463e-05
9,36.0,40.0,19,3316.503364,0.0007064496476,1.861008076e-05
9,36.0,40.0,19,3318.539277,0.0007020519585,1.751537335e-05
9,36.0,40.0,19,3320.575191,0.0007017026111,1.780078342e-05
9,36.0,40.0,19,3322.611105,0.0007105069585,1.924980748e-05
9,36.0,40.0,19,3324.647018,0.0007190301674,2.001173017e-05
9,36.0,40.0,19,3326.682932,0.000715332154,2.069702052e-05
9,36.0,40.0,19,3328.718846,0.0007035526841,2.021207346e-05
9,36.0,40.0,19,3330.754759,0.0007007830325,2.039596302e-05
9,36.0,40.0,19,3332.790673,0.0007135032614,2.292900567e-05
9,36.0,40.0,19,3334.826587,0.0007255152875,2.217718353e-05
9,36.0,40.0,19,3336.8625,0.000729796337,1.830830873e-05
9,36.0,40.0,19,3338.898414,0.0007243243465,1.801100118e-05
9,36.0,40.0,19,3340.934328,0.0007078668029,2.046430203e-05
9,36.0,40.0,19,3342.970241,0.0006895368879,2.160846499e-05
9,36.0,40.0,19,3345.006155,0.000680438924,1.904933782e-05
9,36.0,40.0,19,3347.042069,0.0006914565709,1.765021327e-05
9,36.0,40.0,19,3349.077982,0.000708977642,1.824349095e-05
9,36.0,40.0,19,3351.113896,0.0007234110907,1.884141347e-05
9,36.0,40.0,19,3353.14981,0.0007395532133,1.788259096e-05
9,36.0,40.0,19,3355.185723,0.0007281380073,1.943381446e-05
9,36.0,40.0,19,3357.221637,0.0006869637624,2.007418925e-05
9,36.0,40.0,19,3359.257551,0.0006629358186,1.926510507e-05
9,36.0,40.0,19,3361.293464,0.0006665161625,2.109706662e-05
9,36.0,40.0,19,3363.329378,0.0006710729905,2.293871149e-05
9,36.0,40.0,19,3365.365292,0.0006657578258,2.214347616e-05
9,36.0,40.0,19,3367.401205,0.0006623431663,2.053993993e-05
9,36.0,40.0,19,3369.437119,0.000665815117,1.879591579e-05
9,36.0,40.0,19,3371.473033,0.0006750280379,1.951567505e-05
9,36.0,40.0,19,3373.508946,0.0006888675384,2.15314296e-05
9,36.0,40.0,19,3375.54486,0.0006915658628,2.11471051e-05
9,36.0,40.0,19,3377.580774,0.0006812741435,2.028721033e-05
9,36.0,40.0,19,3379.616687,0.0006707713296,2.111743863e-05
9,36.0,40.0,19,3381.652601,0.0006616451542,2.127154228e-05
9,36.0,40.0,19,3383.688515,0.0006502889948,2.182805891e-05
9,36.0,40.0,19,3385.724428,0.0006360984302,2.262502575e-05
9,36.0,40.0,19,3387.760342,0.0006206886848,2.358159865e-05
9,36.0,40.0,19,3389.796256,0.0006048559306,2.388373718e-05
9,36.0,40.0,19,3391.832169,0.0005987205339,2.173009781e-05
9,36.0,40.0,19,3393.868083,0.0006048614489,1.970731132e-05
9,36.0,40.0,19,3395.903997,0.0006063197274,1.924191375e-05
9,36.0,40.0,19,3397.93991,0.0005986201863,1.94601477e-05
9,36.0,40.0,19,3399.975824,0.0005916112495,2.118544497e-05
9,36.0,40.0,19,3402.011738,0.0005823095166,2.267644542e-05
9,36.0,40.0,19,3404.047651,0.000566167973,2.276949221e-05
9,36.0,40.0,19,3406.083565,0.000546975867,2.105366633e-05
9,36.0,40.0,19,3408.119479,0.000531229356,1.795643491e-05
9,36.0,40.0,19,3410.155392,0.0005275874017,1.731026963e-05
9,36.0,40.0,19,3412.191306,0.000529660868,1.74000745e-05
9,36.0,40.0,19,3414.22722,0.0005218593112,1.727543399e-05
9,36.0,40.0,19,3416.263133,0.0005042210886,1.928742293e-05
9,36.0,40.0,19,3418.299047,0.0004917328349,1.925496594e-05
9,36.0,40.0,19,3420.334961,0.0004879711288,1.809783768e-05
9,36.0,40.0,19,3422.370874,0.0004822193907,1.751712945e-05
9,36.0,40.0,19,3424.406788,0.00047412927,1.748219934e-05
9,36.0,40.0,19,3426.442702,0.0004687799908,1.777247777e-05
9,36.0,40.0,19,3428.478615,0.000462771788,1.94207244e-05
9,36.0,40.0,19,3430.514529,0.0004528591056,1.996818618e-05
9,36.0,40.0,19,3432.550443,0.0004446777523,1.871646658e-05
9,36.0,40.0,19,3434.586356,0.0004409810094,1.800973507e-05
9,36.0,40.0,19,3436.62227,0.0004362856092,1.91477021e-05
9,36.0,40.0,19,3438.658184,0.0004284363763,2.048482128e-05
9,36.0,40.0,19,3440.694097,0.000420436557,1.939688483e-05
9,36.0,40.0,19,3442.730011,0.0004106025548,1.744484091e-05
9,36.0,40.0,19,3444.765925,0.000394085142,1.566139704e-05
9,36.0,40.0,19,3446.801838,0.0003784372264,1.353140601e-05
9,36.0,40.0,19,3448.837752,0.0003727106844,1.349111433e-05
9,36.0,40.0,19,3450.873666,0.0003701334498,1.491033825e-05
9,36.0,40.0,19,3452.909579,0.0003592456695,1.556008097e-05
9,36.0,40.0,19,3454.945493,0.0003467688181,1.579920622e-05
9,36.0,40.0,19,3456.981407,0.00034382314,1.596194139e-05
9,36.0,40.0,19,3459.01732,0.0003424791773,1.643289711e-05
9,36.0,40.0,19,3461.053234,0.0003326883924,1.620295644e-05
9,36.0,40.0,19,3463.089148,0.000319208894,1.458575968e-05
9,36.0,40.0,19,3465.125061,0.0003117794888,1.3354925e-05
9,36.0,40.0,19,3467.160975,0.0003091823621,1.196816681e-05
9,36.0,40.0,19,3469.196889,0.0003057475864,1.177401335e-05
9,36.0,40.0,19,3471.232802,0.0003013705945,1.242185363e-05
9,36.0,40.0,19,3473.268716,0.0002963157432,1.266922995e-05
9,36.0,40.0,19,3475.30463,0.0002904156671,1.257332035e-05
9,36.0,40.0,19,3477.340543,0.0002826555604,1.235116761e-05
9,36.0,40.0,19,3479.376457,0.0002692110791,1.198399643e-05
9,36.0,40.0,19,3481.412371,0.0002520423005,1.104071915e-05
9,36.0,40.0,19,3483.448284,0.0002423143001,1.074635467e-05
9,36.0,40.0,19,3485.484198,0.0002434556292,1.191719398e-05
9,36.0,40.0,19,3487.520112,0.0002442849599,1.218528154e-05
9,36.0,40.0,19,3489.556025,0.000238297988,1.183934908e-05
9,36.0,40.0,19,3491.591939,0.0002349876789,1.194798575e-05
9,36.0,40.0,19,3493.627853,0.0002390136268,1.294777108e-05
9,36.0,40.0,19,3495.663766,0.0002389057864,1.327846127e-05
9,36.0,40.0,19,3497.69968,0.0002303059628,1.312134727e-05
9,36.0,40.0,19,3499.735594,0.0002210257023,1.268997131e-05
9,36.0,40.0,19,3501.771507,0.0002159927362,1.102325533e-05
9,36.0,40.0,19,3503.807421,0.0002126727773,9.439940408e-06
9,36.0,40.0,19,3505.843335,0.0002071077645,8.94960478e-06
9,36.0,40.0,19,3507.879248,0.0002016009747,9.159926427e-06
9,36.0,40.0,19,3509.915162,0.0002002861165,9.65253552e-06
9,36.0,40.0,19,3511.951076,0.0001998935887,1.011797257e-05
9,36.0,40.0,19,3513.986989,0.0001933626445,9.942593949e-06
9,36.0,40.0,19,3516.022903,0.0001849959338,9.370776547e-06
9,36.0,40.0,19,3518.058817,0.0001803676347,9.081357376e-06
9,36.0,40.0,19,3520.09473,0.0001753015734,8.596955404e-06
9,36.0,40.0,19,3522.130644,0.0001687191455,7.817158902e-06
9,36.0,40.0,19,3524.166558,0.0001629956715,7.498834929e-06
9,36.0,40.0,19,3526.202471,0.0001580353278,7.687914437e-06
9,36.0,40.0,19,3528.238385,0.0001546866432,7.824527429e-06
9,36.0,40.0,19,3530.274299,0.0001555671972,7.992051016e-06
9,36.0,40.0,19,3532.310212,0.0001578296476,8.271939048e-06
9,36.0,40.0,19,3534.346126,0.0001563219149,8.607396425e-06
9,36.0,40.0,19,3536.38204,0.0001513507152,8.85828813e-06
9,36.0,40.0,19,3538.417953,0.0001445698754,8.237610915e-06
9,36.0,40.0,19,3540.453867,0.0001376015631,7.384148318e-06
9,36.0,40.0,19,3542.489781,0.0001343257754,6.749675072e-06
9,36.0,40.0,19,3544.525694,0.0001339548461,6.751062373e-06
9,36.0,40.0,19,3546.561608,0.000131614171,6.833881995e-06
9,36.0,40.0,19,3548.597522,0.0001272870645,6.777331359e-06
9,36.0,40.0,19,3550.633435,0.0001236663213,6.830935675e-06
9,36.0,40.0,19,3552.669349,0.0001219794628,6.999552502e-06
9,36.0,40.0,19,3554.705263,0.0001206611885,7.160583807e-06
9,36.0,40.0,19,3556.741176,0.0001173324602,7.137628512e-06
9,36.0,40.0,19,3558.77709,0.0001136531156,6.87735723e-06
9,36.0,40.0,19,3560.813004,0.0001132528766,6.802834424e-06
9,36.0,40.0,19,3562.848917,0.0001148962654,6.807079126e-06
9,36.0,40.0,19,3564.884831,0.0001139840414,6.515137691e-06
9,36.0,40.0,19,3566.920745,0.0001102163784,6.371801392e-06
9,36.0,40.0,19,3568.956658,0.0001093135631,6.807168797e-06
9,36.0,40.0,19,3570.992572,0.0001122195313,7.938905323e-06
9,36.0,40.0,19,3573.028486,0.0001130250845,8.805669029e-06
9,36.0,40.0,19,3575.064399,0.0001092086272,8.366461506e-06
9,36.0,40.0,19,3577.100313,0.000102304886,7.477514643e-06
9,36.0,40.0,19,3579.136227,9.482606602e-05,6.742880422e-06
9,36.0,40.0,19,3581.17214,8.934283184e-05,6.222329687e-06
9,36.0,40.0,19,3583.208054,8.699483167e-05,6.11884206e-06
9,36.0,40.0,19,3585.243968,8.511627162e-05,5.781468568e-06
9,36.0,40.0,19,3587.279881,8.19245321e-05,5.19872544e-06
9,36.0,40.0,19,3589.315795,7.99113799e-05,5.005663828e-06
9,36.0,40.0,19,3591.351709,7.9508609e-05,5.204552446e-06
9,36.0,40.0,19,3593.387622,7.941573707e-05,5.5610031e-06
9,36.0,40.0,19,3595.423536,7.924094434e-05,6.034177849e-06
9,36.0,40.0,19,3597.45945,7.813070472e-05,6.542954564e-06
9,36.0,40.0,19,3599.495363,7.62811083e-05,6.588219673e-06
9,36.0,40.0,19,3601.531277,7.435174261e-05,6.323393882e-06
9,36.0,40.0,19,3603.567191,7.290250703e-05,6.062545401e-06
9,36.0,40.0,19,3605.603104,7.23335231e-05,5.85089751e-06
9,36.0,40.0,19,3607.639018,7.240437239e-05,5.583246755e-06
9,36.0,40.0,19,3609.674932,7.212887462e-05,5.038831641e-06
9,36.0,40.0,19,3611.710845,7.070144286e-05,4.66443103e-06
9,36.0,40.0,19,3613.746759,6.90306986e-05,5.17806616e-06
9,36.0,40.0,19,3615.782673,6.776030128e-05,6.037518019e-06
9,36.0,40.0,19,3617.818586,6.640071651e-05,6.639602716e-06
9,36.0,40.0,19,3619.8545,6.507177367e-05,6.914802533e-06
9,36.0,40.0,19,3621.890414,6.418572352e-05,6.562326078e-06
9,36.0,40.0,19,3623.926327,6.188152641e-05,5.584784107e-06
9,36.0,40.0,19,3625.962241,5.822544857e-05,4.643607403e-06
9,36.0,40.0,19,3627.998155,5.627162767e-05,4.135812042e-06
9,36.0,40.0,19,3630.034068,5.508679833e-05,4.086685815e-06
9,36.0,40.0,19,3632.069982,5.288659952e-05,4.08154903e-06
9,36.0,40.0,19,3634.105896,5.171856635e-05,4.300853843e-06
9,36.0,40.0,19,3636.141809,5.246072328e-05,4.611999639e-06
9,36.0,40.0,19,3638.177723,5.289930874e-05,4.670161586e-06
9,36.0,40.0,19,3640.213637,5.167935595e-05,4.467622035e-06
9,36.0,40.0,19,3642.24955,4.920268258e-05,4.160261241e-06
9,36.0,40.0,19,3644.285464,4.625209146e-05,3.639041824e-06
9,36.0,40.0,19,3646.321378,4.400638371e-05,3.217239164e-06
9,36.0,40.0,19,3648.357291,4.375836438e-05,3.165971543e-06
9,36.0,40.0,19,3650.393205,4.464003541e-05,3.20641666e-06
9,36.0,40.0,19,3652.429119,4.505156195e-05,3.390886399e-06
9,36.0,40.0,19,3654.465032,4.369371073e-05,3.440696741e-06
9,36.0,40.0,19,3656.500946,4.085937921e-05,3.174794942e-06
9,36.0,40.0,19,3658.53686,3.912143717e-05,2.957392714e-06
9,36.0,40.0,19,3660.572773,3.894355514e-05,3.264154185e-06
9,36.0,40.0,19,3662.608687,3.856156424e-05,3.660834748e-06
9,36.0,40.0,19,3664.644601,3.775962423e-05,3.724764069e-06
9,36.0,40.0,19,3666.680514,3.681560059e-05,3.685768884e-06
9,36.0,40.0,19,3668.716428,3.569349512e-05,3.548667496e-06
9,36.0,40.0,19,3670.752342,3.494124704e-05,3.281534175e-06
9,36.0,40.0,19,3672.788255,3.484620583e-05,3.11012978e-06
9,36.0,40.0,19,3674.824169,3.501940863e-05,3.326835013e-06
9,36.0,40.0,19,3676.860083,3.469970633e-05,3.767003129e-06
9,36.0,40.0,19,3678.895996,3.415768662e-05,3.947069664e-06
9,36.0,40.0,19,3680.93191,3.424410853e-05,4.100671484e-06
9,36.0,40.0,19,3682.967824,3.422607294e-05,4.323856041e-06
9,36.0,40.0,19,3685.003737,3.378588136e-05,4.47802196e-06
9,36.0,40.0,19,3687.039651,3.385404425e-05,4.539447825e-06
9,36.0,40.0,19,3689.075565,3.383402717e-05,4.470743811e-06
9,36.0,40.0,19,3691.111478,3.279912512e-05,4.324572332e-06
9,36.0,40.0,19,3693.147392,3.143760715e-05,4.187012494e-06
9,36.0,40.0,19,3695.183306,3.03639301e-05,4.107054034e-06
9,36.0,40.0,19,3697.219219,2.888961612e-05,3.821787624e-06
9,36.0,40.0,19,3699.255133,2.682378078e-05,3.112614385e-06
9,36.0,40.0,19,3701.291047,2.544396624e-05,2.436291177e-06
9,36.0,40.0,19,3703.32696,2.539897627e-05,2.417577099e-06
9,36.0,40.0,19,3705.362874,2.546994169e-05,2.620423413e-06
9,36.0,40.0,19,3707.398788,2.482030408e-05,2.798973487e-06
9,36.0,40.0,19,3709.434701,2.391485593e-05,2.788854541e-06
9,36.0,40.0,19,3711.470615,2.318126141e-05,2.624794598e-06
9,36.0,40.0,19,3713.506529,2.260145691e-05,2.590414e-06
9,36.0,40.0,19,3715.542442,2.197772999e-05,2.664042958e-06
9,36.0,40.0,19,3717.578356,2.178444097e-05,2.777582563e-06
9,36.0,40.0,19,3719.61427,2.218842094e-05,2.821904086e-06
9,36.0,40.0,19,3721.650183,2.225175594e-05,2.831748737e-06
9,36.0,40.0,19,3723.686097,2.137981918e-05,2.665942603e-06
9,36.0,40.0,19,3725.722011,1.993727499e-05,2.420256235e-06
9,36.0,40.0,19,3727.757924,1.885361578e-05,2.146868408e-06
9,36.0,40.0,19,3729.793838,1.808267035e-05,1.917641372e-06
9,36.0,40.0,19,3731.829752,1.708266037e-05,1.665961215e-06
9,36.0,40.0,19,3733.865665,1.631746567e-05,1.49077559e-06
9,36.0,40.0,19,3735.901579,1.602648833e-05,1.476826541e-06
9,36.0,40.0,19,3737.937493,1.60469802e-05,1.573136217e-06
9,36.0,40.0,19,3739.973406,1.663670184e-05,1.970822661e-06
9,36.0,40.0,19,3742.00932,1.71476376e-05,2.325891397e-06
9,36.0,40.0,19,3744.045234,1.631161611e-05,2.032134967e-06
9,36.0,40.0,19,3746.081147,1.487082003e-05,1.595765385e-06
9,36.0,40.0,19,3748.117061,1.442777993e-05,1.492790441e-06
9,36.0,40.0,19,3750.152975,1.477953771e-05,1.571244215e-06
9,36.0,40.0,19,3752.188888,1.505356438e-05,1.647862792e-06
9,36.0,40.0,19,3754.224802,1.512909434e-05,1.667616166e-06
9,36.0,40.0,19,3756.260716,1.479802226e-05,1.636134792e-06
9,36.0,40.0,19,3758.296629,1.393850198e-05,1.433838735e-06
9,36.0,40.0,19,3760.332543,1.339313211e-05,1.364001735e-06
9,36.0,40.0,19,3762.368457,1.34192378e-05,1.389185387e-06
9,36.0,40.0,19,3764.40437,1.329613994e-05,1.341950701e-06
9,36.0,40.0,19,3766.440284,1.289673786e-05,1.228141152e-06
9,36.0,40.0,19,3768.476198,1.251978454e-05,1.157753512e-06
9,36.0,40.0,19,3770.512111,1.229624007e-05,1.121803834e-06
9,36.0,40.0,19,3772.548025,1.244692069e-05,1.212125729e-06
9,36.0,40.0,19,3774.583939,1.294060977e-05,1.473122081e-06
9,36.0,40.0,19,3776.619852,1.305278252e-05,1.533896702e-06
9,36.0,40.0,19,3778.655766,1.242697023e-05,1.377348211e-06
9,36.0,40.0,19,3780.69168,1.187137232e-05,1.222796072e-06
9,36.0,40.0,19,3782.727593,1.1577021e-05,1.208440593e-06
9,36.0,40.0,19,3784.763507,1.098388562e-05,1.039787504e-06
9,36.0,40.0,19,3786.799421,1.0300164e-05,7.93620958e-07
9,36.0,40.0,19,3788.835334,9.916187126e-06,7.201142296e-07
9,36.0,40.0,19,3790.871248,9.924180956e-06,7.349378657e-07
9,36.0,40.0,19,3792.907162,1.008177449e-05,7.824651877e-07
9,36.0,40.0,19,3794.943075,1.012606624e-05,8.409418401e-07
9,36.0,40.0,19,3796.978989,1.015268576e-05,9.015667218e-07
9,36.0,40.0,19,3799.014903,1.023910955e-05,9.772239636e-07
9,36.0,40.0,19,3801.050816,1.030044487e-05,1.043617023e-06
9,36.0,40.0,19,3803.08673,1.030356458e-05,1.013521123e-06
9,36.0,40.0,19,3805.122644,1.012164414e-05,9.032553269e-07
9,36.0,40.0,19,3807.158557,9.708742496e-06,7.532257435e-07
9,36.0,40.0,19,3809.194471,9.411577772e-06,6.82773599e-07
9,36.0,40.0,19,3811.230385,9.418209449e-06,7.328696448e-07
9,36.0,40.0,19,3813.266298,9.434655697e-06,7.712041381e-07
9,36.0,40.0,19,3815.302212,9.326118611e-06,7.468986501e-07
9,36.0,40.0,19,3817.338126,9.26905098e-06,7.517717268e-07
9,36.0,40.0,19,3819.374039,9.295659945e-06,8.358406428e-07
9,36.0,40.0,19,3821.409953,9.275554648e-06,9.28256127e-07
9,36.0,40.0,19,3823.445867,9.176696693e-06,8.790036884e-07
9,36.0,40.0,19,3825.48178,9.039072394e-06,7.307272439e-07
9,36.0,40.0,19,3827.517694,8.888007919e-06,6.774229959e-07
9,36.0,40.0,19,3829.553608,8.682248166e-06,6.428514815e-07
9,36.0,40.0,19,3831.589521,8.497051211e-06,5.74284023e-07
9,36.0,40.0,19,3833.625435,8.492377322e-06,5.360249413e-07
9,36.0,40.0,19,3835.661349,8.526343955e-06,5.33345025e-07
9,36.0,40.0,19,3837.697262,8.451334838e-06,5.315379523e-07
9,36.0,40.0,19,3839.733176,8.473509331e-06,5.320595883e-07
9,36.0,40.0,19,3841.76909,8.640247993e-06,5.956797686e-07
9,36.0,40.0,19,3843.805003,8.716863013e-06,7.231138091e-07
9,36.0,40.0,19,3845.840917,8.676961582e-06,7.671803214e-07
9,36.0,40.0,19,3847.876831,8.49664187e-06,6.587549999e-07
9,36.0,40.0,19,3849.912744,8.167348216e-06,4.802174483e-07
9,36.0,40.0,19,3851.948658,7.91884308e-06,3.573940149e-07
9,36.0,40.0,19,3853.984572,7.849776119e-06,3.445409271e-07
9,36.0,40.0,19,3856.020485,7.791758427e-06,3.747715233e-07
9,36.0,40.0,19,3858.056399,7.693476403e-06,3.732536704e-07
9,36.0,40.0,19,3860.092313,7.671513243e-06,3.446219526e-07
9,36.0,40.0,19,3862.128226,7.642448302e-06,3.05899653e-07
9,36.0,40.0,19,3864.16414,7.486794641e-06,2.693699973e-07
9,36.0,40.0,19,3866.200054,7.313851869e-06,2.359874965e-07
9,36.0,40.0,19,3868.235967,7.243129675e-06,2.111709817e-07
9,36.0,40.0,19,3870.271881,7.265367802e-06,2.151192754e-07
9,36.0,40.0,19,3872.307795,7.333683113e-06,2.493528716e-07
9,36.0,40.0,19,3874.343708,7.457726863e-06,2.79997111e-07
9,36.0,40.0,19,3876.379622,7.615500118e-06,2.973597125e-07
9,36.0,40.0,19,3878.415536,7.694907451e-06,3.11657879e-07
9,36.0,40.0,19,3880.451449,7.696613639e-06,3.177398077e-07
9,36.0,40.0,19,3882.487363,7.695213815e-06,3.224713689e-07
9,36.0,40.0,19,3884.523277,7.685927748e-06,3.24153043e-07
9,36.0,40.0,19,3886.55919,7.637484416e-06,2.935340521e-07
9,36.0,40.0,19,3888.595104,7.573098178e-06,2.494013414e-07
9,36.0,40.0,19,3890.631018,7.544581387e-06,2.311070403e-07
9,36.0,40.0,19,3892.666931,7.581835398e-06,2.49650163e-07
9,36.0,40.0,19,3894.702845,7.59896992e-06,2.743308836e-07
9,36.0,40.0,19,3896.738759,7.523728192e-06,2.679771639e-07
9,36.0,40.0,19,3898.774672,7.440491653e-06,2.479303393e-07
9,36.0,40.0,19,3900.810586,7.425035744e-06,2.269216758e-07
9,36.0,40.0,19,3902.8465,7.447599589e-06,2.135730983e-07
9,36.0,40.0,19,3904.882413,7.46759071e-06,2.107402201e-07
9,36.0,40.0,19,3906.918327,7.541528533e-06,2.032305308e-07
9,36.0,40.0,19,3908.954241,7.656030356e-06,1.991937804e-07
9,36.0,40.0,19,3910.990154,7.697594188e-06,2.076284224e-07
9,36.0,40.0,19,3913.026068,7.670133026e-06,2.182154469e-07
9,36.0,40.0,19,3915.061982,7.650948992e-06,2.233537112e-07
9,36.0,40.0,19,3917.097895,7.622103932e-06,2.217381405e-07
9,36.0,40.0,19,3919.133809,7.566471524e-06,2.064217235e-07
9,36.0,40.0,19,3921.169723,7.566287083e-06,1.987571652e-07
9,36.0,40.0,19,3923.205636,7.639524616e-06,1.960213158e-07
9,36.0,40.0,19,3925.24155,7.663650515e-06,1.878283432e-07
9,36.0,40.0,19,3927.277464,7.604189528e-06,1.751237105e-07
9,36.0,40.0,19,3929.313377,7.56171491e-06,1.742786708e-07
9,36.0,40.0,19,3931.349291,7.564859135e-06,1.969087445e-07
9,36.0,40.0,19,3933.385205,7.580571404e-06,2.198598736e-07
9,36.0,40.0,19,3935.421118,7.552532097e-06,2.21384688e-07
9,36.0,40.0,19,3937.457032,7.494385536e-06,1.994078731e-07
9,36.0,40.0,19,3939.492946,7.511217939e-06,1.773682995e-07
9,36.0,40.0,19,3941.528859,7.651913997e-06,1.765015792e-07
9,36.0,40.0,19,3943.564773,7.791425896e-06,2.008718286e-07
9,36.0,40.0,19,3945.600687,7.79616504e-06,2.162399524e-07
9,36.0,40.0,19,3947.6366,7.7467291e-06,2.034434866e-07
9,36.0,40.0,19,3949.672514,7.73600425e-06,1.881110002e-07
9,36.0,40.0,19,3951.708428,7.771674567e-06,1.828007526e-07
9,36.0,40.0,19,3953.744341,7.878686226e-06,1.998984098e-07
9,36.0,40.0,19,3955.780255,7.931578455e-06,2.040013422e-07
9,36.0,40.0,19,3957.816169,7.868310738e-06,1.923029042e-07
9,36.0,40.0,19,3959.852082,7.86806473e-06,1.770355259e-07
9,36.0,40.0,19,3961.887996,7.928354702e-06,1.702037587e-07
9,36.0,40.0,19,3963.92391,7.891054097e-06,1.69482476e-07
9,36.0,40.0,19,3965.959823,7.827712892e-06,1.943880768e-07
9,36.0,40.0,19,3967.995737,7.88988395e-06,2.378405541e-07
9,36.0,40.0,19,3970.031651,8.013685407e-06,2.626717623e-07
9,36.0,40.0,19,3972.067564,8.05040384e-06,2.489287882e-07
9,36.0,40.0,19,3974.103478,7.988050196e-06,2.18530647e-07
9,36.0,40.0,19,3976.139392,7.862535557e-06,1.9978779e-07
9,36.0,40.0,19,3978.175305,7.753046577e-06,1.931753238e-07
9,36.0,40.0,19,3980.211219,7.772073468e-06,1.892560647e-07
9,36.0,40.0,19,3982.247133,7.853230755e-06,1.765952368e-07
9,36.0,40.0,19,3984.283046,7.914586886e-06,1.890991651e-07
9,36.0,40.0,19,3986.31896,7.967666067e-06,2.093810084e-07
9,36.0,40.0,19,3988.354874,7.999396517e-06,2.179701794e-07
9,36.0,40.0,19,3990.390787,8.041270622e-06,2.081074902e-07
9,36.0,40.0,19,3992.426701,8.07574397e-06,2.117020216e-07
9,36.0,40.0,19,3994.462615,8.061159926e-06,2.224575412e-07
9,36.0,40.0,19,3996.498528,8.122545841e-06,2.40547256e-07
9,36.0,40.0,19,3998.534442,8.242542062e-06,2.638497191e-07
10,40.0,44.0,22,1201.189064,4.572691245e-05,1.178819954e-06
10,40.0,44.0,22,1203.224977,4.486916857e-05,1.029609281e-06
10,40.0,44.0,22,1205.260891,4.452291834e-05,9.807470625e-07
10,40.0,44.0,22,1207.296805,4.443433448e-05,9.627884705e-07
10,40.0,44.0,22,1209.332718,4.421737004e-05,8.5996815e-07
10,40.0,44.0,22,1211.368632,4.403429893e-05,8.605938827e-07
10,40.0,44.0,22,1213.404546,4.404425372e-05,1.052535423e-06
10,40.0,44.0,22,1215.440459,4.371680751e-05,1.204717019e-06
10,40.0,44.0,22,1217.476373,4.299739683e-05,1.095108483e-06
10,40.0,44.0,22,1219.512287,4.256136287e-05,8.224737765e-07
10,40.0,44.0,22,1221.5482,4.272627915e-05,7.741277977e-07
10,40.0,44.0,22,1223.584114,4.306058138e-05,9.383078123e-07
10,40.0,44.0,22,1225.620028,4.296947339e-05,1.057409144e-06
10,40.0,44.0,22,1227.655941,4.268637218e-05,1.156957884e-06
10,40.0,44.0,22,1229.691855,4.255227131e-05,1.197354002e-06
10,40.0,44.0,22,1231.727769,4.238578675e-05,1.178386626e-06
10,40.0,44.0,22,1233.763682,4.206860657e-05,1.144800501e-06
10,40.0,44.0,22,1235.799596,4.162674714e-05,9.899912251e-07
10,40.0,44.0,22,1237.83551,4.149597134e-05,8.345770727e-07
10,40.0,44.0,22,1239.871423,4.16493913e-05,7.83657823e-07
10,40.0,44.0,22,1241.907337,4.163813659e-05,8.475317997e-07
10,40.0,44.0,22,1243.943251,4.149818093e-05,9.177717887e-07
10,40.0,44.0,22,1245.979164,4.138665433e-05,9.309380904e-07
10,40.0,44.0,22,1248.015078,4.167620065e-05,9.235244335e-07
10,40.0,44.0,22,1250.050992,4.216657831e-05,8.720576873e-07
10,40.0,44.0,22,1252.086905,4.226220578e-05,8.721915604e-07
10,40.0,44.0,22,1254.122819,4.222978779e-05,9.496065282e-07
10,40.0,44.0,22,1256.158733,4.244570793e-05,1.017177287e-06
10,40.0,44.0,22,1258.194646,4.268580446e-05,1.113811006e-06
10,40.0,44.0,22,1260.23056,4.285059938e-05,1.153236294e-06
10,40.0,44.0,22,1262.266474,4.274564378e-05,1.0995361e-06
10,40.0,44.0,22,1264.302387,4.192021752e-05,9.879291652e-07
10,40.0,44.0,22,1266.338301,4.100477803e-05,9.352808679e-07
10,40.0,44.0,22,1268.374215,4.074120257e-05,8.795192963e-07
10,40.0,44.0,22,1270.410128,4.079864373e-05,7.930358081e-07
10,40.0,44.0,22,1272.446042,4.102221937e-05,8.569330082e-07
10,40.0,44.0,22,1274.481956,4.149650373e-05,8.772945028e-07
10,40.0,44.0,22,1276.517869,4.190929416e-05,8.493078545e-07
10,40.0,44.0,22,1278.553783,4.194414521e-05,9.388912052e-07
10,40.0,44.0,22,1280.589697,4.205350358e-05,1.085810915e-06
10,40.0,44.0,22,1282.62561,4.245138784e-05,1.155990966e-06
10,40.0,44.0,22,1284.661524,4.21877415e-05,1.044064004e-06
10,40.0,44.0,22,1286.697438,4.120068788e-05,9.374716354e-07
10,40.0,44.0,22,1288.733351,4.08120225e-05,1.017820916e-06
10,40.0,44.0,22,1290.769265,4.151615341e-05,1.017311844e-06
10,40.0,44.0,22,1292.805179,4.22781816e-05,9.882707162e-07
10,40.0,44.0,22,1294.841092,4.284623355e-05,9.70768874e-07
10,40.0,44.0,22,1296.877006,4.376267983e-05,1.014005469e-06
10,40.0,44.0,22,1298.91292,4.452173848e-05,1.116193043e-06
10,40.0,44.0,22,1300.948833,4.496534807e-05,1.139283856e-06
10,40.0,44.0,22,1302.984747,4.543070233e-05,1.058887314e-06
10,40.0,44.0,22,1305.020661,4.541000961e-05,1.005018902e-06
10,40.0,44.0,22,1307.056574,4.495332091e-05,1.027307059e-06
10,40.0,44.0,22,1309.092488,4.486159534e-05,1.066036504e-06
10,40.0,44.0,22,1311.128402,4.479885467e-05,1.039440993e-06
10,40.0,44.0,22,1313.164315,4.501545391e-05,9.819926682e-07
10,40.0,44.0,22,1315.200229,4.624968205e-05,1.14351827e-06
10,40.0,44.0,22,1317.236143,4.758651283e-05,1.376071842e-06
10,40.0,44.0,22,1319.272056,4.821019094e-05,1.398023056e-06
10,40.0,44.0,22,1321.30797,4.789873448e-05,1.328621268e-06
10,40.0,44.0,22,1323.343884,4.724519119e-05,1.255457221e-06
10,40.0,44.0,22,1325.379797,4.741136905e-05,1.108511258e-06
10,40.0,44.0,22,1327.415711,4.817974354e-05,1.094528205e-06
10,40.0,44.0,22,1329.451625,4.87596903e-05,1.203875252e-06
10,40.0,44.0,22,1331.487538,4.896601533e-05,1.271365586e-06
10,40.0,44.0,22,1333.523452,4.926612146e-05,1.262207741e-06
10,40.0,44.0,22,1335.559366,5.016868569e-05,1.230109233e-06
10,40.0,44.0,22,1337.595279,5.119065647e-05,1.299333732e-06
10,40.0,44.0,22,1339.631193,5.117506945e-05,1.440544935e-06
10,40.0,44.0,22,1341.667107,5.07974282e-05,1.463086367e-06
10,40.0,44.0,22,1343.70302,5.171343142e-05,1.428954105e-06
10,40.0,44.0,22,1345.738934,5.313382195e-05,1.562489335e-06
10,40.0,44.0,22,1347.774848,5.391861316e-05,1.799159296e-06
10,40.0,44.0,22,1349.810761,5.447044253e-05,1.864371149e-06
10,40.0,44.0,22,1351.846675,5.472384014e-05,1.575699201e-06
10,40.0,44.0,22,1353.882589,5.498398791e-05,1.305612539e-06
10,40.0,44.0,22,1355.918502,5.633740146e-05,1.235484414e-06
10,40.0,44.0,22,1357.954416,5.814752159e-05,1.394659682e-06
10,40.0,44.0,22,1359.99033,5.914408425e-05,1.564495785e-06
10,40.0,44.0,22,1362.026243,5.947315881e-05,1.734949491e-06
10,40.0,44.0,22,1364.062157,6.019413766e-05,2.00404469e-06
10,40.0,44.0,22,1366.098071,6.160359469e-05,2.163682296e-06
10,40.0,44.0,22,1368.133984,6.279094494e-05,2.138538676e-06
10,40.0,44.0,22,1370.169898,6.245270091e-05,2.020799076e-06
10,40.0,44.0,22,1372.205812,6.168111861e-05,1.932280855e-06
10,40.0,44.0,22,1374.241725,6.293599739e-05,2.05689279e-06
10,40.0,44.0,22,1376.277639,6.538811631e-05,2.242945975e-06
10,40.0,44.0,22,1378.313553,6.654557957e-05,2.348856126e-06
10,40.0,44.0,22,1380.349466,6.672063271e-05,2.300452836e-06
10,40.0,44.0,22,1382.38538,6.804491068e-05,2.196373536e-06
10,40.0,44.0,22,1384.421294,7.022829878e-05,2.188454983e-06
10,40.0,44.0,22,1386.457207,7.086317225e-05,2.218162281e-06
10,40.0,44.0,22,1388.493121,6.990343631e-05,2.337847079e-06
10,40.0,44.0,22,1390.529035,6.959274845e-05,2.361869216e-06
10,40.0,44.0,22,1392.564948,7.085257289e-05,2.173044259e-06
10,40.0,44.0,22,1394.600862,7.291366181e-05,2.051947265e-06
10,40.0,44.0,22,1396.636776,7.450396464e-05,2.16607469e-06
10,40.0,44.0,22,1398.672689,7.530208923e-05,2.215222948e-06
10,40.0,44.0,22,1400.708603,7.677532129e-05,2.219244559e-06
10,40.0,44.0,22,1402.744517,7.906908841e-05,2.609993899e-06
10,40.0,44.0,22,1404.78043,8.093262088e-05,2.997566213e-06
10,40.0,44.0,22,1406.816344,8.264948069e-05,2.982280729e-06
10,40.0,44.0,22,1408.852258,8.422463606e-05,2.523979121e-06
10,40.0,44.0,22,1410.888171,8.570936127e-05,2.253966446e-06
10,40.0,44.0,22,1412.924085,8.803902308e-05,2.609969917e-06
10,40.0,44.0,22,1414.959999,9.016089424e-05,3.008251358e-06
10,40.0,44.0,22,1416.995912,9.097278014e-05,2.980038567e-06
10,40.0,44.0,22,1419.031826,9.127232848e-05,2.854885258e-06
10,40.0,44.0,22,1421.06774,9.229855049e-05,3.010273251e-06
10,40.0,44.0,22,1423.103653,9.393830155e-05,3.055676152e-06
10,40.0,44.0,22,1425.139567,9.560742602e-05,2.946989742e-06
10,40.0,44.0,22,1427.175481,9.80634997e-05,3.02529735e-06
10,40.0,44.0,22,1429.211394,0.0001004151203,3.079289761e-06
10,40.0,44.0,22,1431.247308,0.0001010047816,3.458267512e-06
10,40.0,44.0,22,1433.283222,0.0001010009403,3.425814436e-06
10,40.0,44.0,22,1435.319135,0.0001026536767,3.129507005e-06
10,40.0,44.0,22,1437.355049,0.0001051966922,3.015133452e-06
10,40.0,44.0,22,1439.390963,0.0001067469093,2.737430597e-06
10,40.0,44.0,22,1441.426876,0.0001084787928,3.163546151e-06
10,40.0,44.0,22,1443.46279,0.0001116655165,3.8075489e-06
10,40.0,44.0,22,1445.498704,0.0001165586119,4.22445492e-06
10,40.0,44.0,22,1447.534617,0.0001219725487,4.430922538e-06
10,40.0,44.0,22,1449.570531,0.0001257142155,4.491666046e-06
10,40.0,44.0,22,1451.606445,0.0001292298426,4.483162937e-06
10,40.0,44.0,22,1453.642358,0.0001333580498,4.857060178e-06
10,40.0,44.0,22,1455.678272,0.0001351369052,4.608733589e-06
10,40.0,44.0,22,1457.714186,0.0001355493759,4.082119825e-06
10,40.0,44.0,22,1459.750099,0.0001379014315,4.390732894e-06
10,40.0,44.0,22,1461.786013,0.0001414261714,5.126530117e-06
10,40.0,44.0,22,1463.821927,0.000144107052,5.624004355e-06
10,40.0,44.0,22,1465.85784,0.0001461436483,5.955087515e-06
10,40.0,44.0,22,1467.893754,0.0001497946665,5.97348988e-06
10,40.0,44.0,22,1469.929668,0.0001537776184,5.508162406e-06
10,40.0,44.0,22,1471.965581,0.0001548642121,5.119644443e-06
10,40.0,44.0,22,1474.001495,0.0001552096802,5.104029038e-06
10,40.0,44.0,22,1476.037409,0.0001579607793,5.449088763e-06
10,40.0,44.0,22,1478.073322,0.0001617147902,5.941965617e-06
10,40.0,44.0,22,1480.109236,0.0001674940097,5.779837137e-06
10,40.0,44.0,22,1482.14515,0.000177313467,5.293849587e-06
10,40.0,44.0,22,1484.181063,0.0001868895356,5.39000345e-06
10,40.0,44.0,22,1486.216977,0.0001916844159,5.837192214e-06
10,40.0,44.0,22,1488.252891,0.0001925260521,5.809115246e-06
10,40.0,44.0,22,1490.288804,0.0001954123968,5.962951944e-06
10,40.0,44.0,22,1492.324718,0.0002028827616,6.502873007e-06
10,40.0,44.0,22,1494.360632,0.0002110756257,7.123445181e-06
10,40.0,44.0,22,1496.396545,0.0002182623918,7.506843043e-06
10,40.0,44.0,22,1498.432459,0.0002233843053,7.541108496e-06
10,40.0,44.0,22,1500.468373,0.0002269886174,6.509159114e-06
10,40.0,44.0,22,1502.504286,0.0002329257289,6.561246134e-06
10,40.0,44.0,22,1504.5402,0.0002384431321,7.468021234e-06
10,40.0,44.0,22,1506.576114,0.0002420592639,8.575438283e-06
10,40.0,44.0,22,1508.612027,0.0002490232567,1.007988724e-05
10,40.0,44.0,22,1510.647941,0.0002589208162,1.016608435e-05
10,40.0,44.0,22,1512.683855,0.0002674672318,1.012198928e-05
10,40.0,44.0,22,1514.719768,0.0002724179957,1.022970821e-05
10,40.0,44.0,22,1516.755682,0.0002735706595,9.477878243e-06
10,40.0,44.0,22,1518.791596,0.000272475505,9.168961504e-06
10,40.0,44.0,22,1520.827509,0.0002754336323,8.478462662e-06
10,40.0,44.0,22,1522.863423,0.0002826219543,8.126770449e-06
10,40.0,44.0,22,1524.899337,0.0002857885146,9.70472866e-06
10,40.0,44.0,22,1526.93525,0.000286028951,1.079659072e-05
10,40.0,44.0,22,1528.971164,0.0002898204401,1.176624602e-05
10,40.0,44.0,22,1531.007078,0.0002969325822,1.209172822e-05
10,40.0,44.0,22,1533.042991,0.0003061959599,1.113236025e-05
10,40.0,44.0,22,1535.078905,0.0003218329077,9.741822271e-06
10,40.0,44.0,22,1537.114819,0.0003428323286,9.884327205e-06
10,40.0,44.0,22,1539.150732,0.0003623846363,1.084499682e-05
10,40.0,44.0,22,1541.186646,0.0003797570295,1.162544705e-05
10,40.0,44.0,22,1543.22256,0.000398131174,1.302836371e-05
10,40.0,44.0,22,1545.258473,0.0004123652507,1.194872112e-05
10,40.0,44.0,22,1547.294387,0.0004156467858,1.085048174e-05
10,40.0,44.0,22,1549.330301,0.0004188059707,1.132539797e-05
10,40.0,44.0,22,1551.366214,0.0004289400414,1.203383725e-05
10,40.0,44.0,22,1553.402128,0.0004360200205,1.191507983e-05
10,40.0,44.0,22,1555.438042,0.0004410235389,1.270273673e-05
10,40.0,44.0,22,1557.473955,0.00045207581,1.437920543e-05
10,40.0,44.0,22,1559.509869,0.000465831826,1.68447527e-05
10,40.0,44.0,22,1561.545783,0.0004737195655,1.795398835e-05
10,40.0,44.0,22,1563.581696,0.0004736351012,1.741886914e-05
10,40.0,44.0,22,1565.61761,0.0004726603814,1.717836025e-05
10,40.0,44.0,22,1567.653524,0.0004879605376,1.671521093e-05
10,40.0,44.0,22,1569.689437,0.0005239902973,1.862438698e-05
10,40.0,44.0,22,1571.725351,0.0005500385488,1.993944941e-05
10,40.0,44.0,22,1573.761265,0.0005563254053,1.933243326e-05
10,40.0,44.0,22,1575.797178,0.0005680737892,1.850447035e-05
10,40.0,44.0,22,1577.833092,0.0005851318355,1.898378773e-05
10,40.0,44.0,22,1579.869006,0.000601827454,2.149088368e-05
10,40.0,44.0,22,1581.904919,0.0006298616033,2.338396796e-05
10,40.0,44.0,22,1583.940833,0.0006536781812,2.343094978e-05
10,40.0,44.0,22,1585.976747,0.0006542665227,2.227038502e-05
10,40.0,44.0,22,1588.01266,0.000648692482,2.107622904e-05
10,40.0,44.0,22,1590.048574,0.0006530344605,2.035391797e-05
10,40.0,44.0,22,1592.084488,0.0006608284872,2.035077918e-05
10,40.0,44.0,22,1594.120401,0.0006594826931,1.959800154e-05
10,40.0,44.0,22,1596.156315,0.000649572207,1.975300895e-05
10,40.0,44.0,22,1598.192229,0.0006496759228,2.060593757e-05
10,40.0,44.0,22,1600.228142,0.0006707723265,1.939345931e-05
10,40.0,44.0,22,1602.264056,0.0006977018963,1.939944024e-05
10,40.0,44.0,22,1604.29997,0.0007150523762,2.226374482e-05
10,40.0,44.0,22,1606.335883,0.0007208376315,2.519666042e-05
10,40.0,44.0,22,1608.371797,0.0007201158262,2.266973985e-05
10,40.0,44.0,22,1610.407711,0.0007161883156,1.978822624e-05
10,40.0,44.0,22,1612.443624,0.000708624498,2.018520371e-05
10,40.0,44.0,22,1614.479538,0.0007079956661,2.126094847e-05
10,40.0,44.0,22,1616.515452,0.000721993165,2.473622481e-05
10,40.0,44.0,22,1618.551365,0.0007362128951,2.770419228e-05
10,40.0,44.0,22,1620.587279,0.0007523478086,2.568553107e-05
10,40.0,44.0,22,1622.623193,0.0007791468863,2.343116864e-05
10,40.0,44.0,22,1624.659106,0.000799639018,2.512952092e-05
10,40.0,44.0,22,1626.69502,0.0008042892638,2.618121397e-05
10,40.0,44.0,22,1628.730934,0.0008066864211,2.855653125e-05
10,40.0,44.0,22,1630.766847,0.0008079128813,3.065862077e-05
10,40.0,44.0,22,1632.802761,0.0007920784882,3.073688346e-05
10,40.0,44.0,22,1634.838675,0.0007625217002,2.771433128e-05
10,40.0,44.0,22,1636.874588,0.0007421363746,2.42663949e-05
10,40.0,44.0,22,1638.910502,0.0007448681914,2.100949202e-05
10,40.0,44.0,22,1640.946416,0.0007599675638,1.932634966e-05
10,40.0,44.0,22,1642.982329,0.0007709565236,2.176171148e-05
10,40.0,44.0,22,1645.018243,0.0007757987283,2.472510047e-05
10,40.0,44.0,22,1647.054157,0.0007748782255,2.454888288e-05
10,40.0,44.0,22,1649.09007,0.0007633156357,2.444622535e-05
10,40.0,44.0,22,1651.125984,0.0007501653009,2.699984557e-05
10,40.0,44.0,22,1653.161898,0.0007408806932,2.468853007e-05
10,40.0,44.0,22,1655.197811,0.000731695144,2.172767473e-05
10,40.0,44.0,22,1657.233725,0.000731180082,2.201896368e-05
10,40.0,44.0,22,1659.269639,0.0007358083083,2.469411259e-05
10,40.0,44.0,22,1661.305552,0.0007405925751,2.717857925e-05
10,40.0,44.0,22,1663.341466,0.0007436335272,2.522723352e-05
10,40.0,44.0,22,1665.37738,0.0007265588581,2.333541062e-05
10,40.0,44.0,22,1667.413293,0.0006894326983,2.40875873e-05
10,40.0,44.0,22,1669.449207,0.000659300766,2.436610017e-05
10,40.0,44.0,22,1671.485121,0.0006432883806,2.187881517e-05
10,40.0,44.0,22,1673.521034,0.0006298685621,1.971570756e-05
10,40.0,44.0,22,1675.556948,0.0006252684024,2.181857729e-05
10,40.0,44.0,22,1677.592862,0.0006364236321,2.313018584e-05
10,40.0,44.0,22,1679.628775,0.0006466053939,2.073905097e-05
10,40.0,44.0,22,1681.664689,0.0006378118594,1.866366617e-05
10,40.0,44.0,22,1683.700603,0.0006132667062,1.769707022e-05
10,40.0,44.0,22,1685.736516,0.0005738419109,1.62179186e-05
10,40.0,44.0,22,1687.77243,0.0005278519572,1.553167279e-05
10,40.0,44.0,22,1689.808344,0.0005074727898,1.556441e-05
10,40.0,44.0,22,1691.844257,0.0005083791246,1.584026859e-05
10,40.0,44.0,22,1693.880171,0.0005012411841,1.559995164e-05
10,40.0,44.0,22,1695.916085,0.0004905226515,1.690484057e-05
10,40.0,44.0,22,1697.951998,0.0004828741957,1.839718063e-05
10,40.0,44.0,22,1699.987912,0.00046172892,1.684025274e-05
10,40.0,44.0,22,1702.023826,0.0004283405322,1.410867696e-05
10,40.0,44.0,22,1704.059739,0.0004018367593,1.516973117e-05
10,40.0,44.0,22,1706.095653,0.0003885849404,1.667857509e-05
10,40.0,44.0,22,1708.131567,0.0003843626264,1.718849233e-05
10,40.0,44.0,22,1710.16748,0.0003766451304,1.697317258e-05
10,40.0,44.0,22,1712.203394,0.0003606275713,1.501398422e-05
10,40.0,44.0,22,1714.239308,0.0003482625355,1.532830599e-05
10,40.0,44.0,22,1716.275221,0.0003407799368,1.55110469e-05
10,40.0,44.0,22,1718.311135,0.0003305121475,1.325001596e-05
10,40.0,44.0,22,1720.347049,0.000318114397,1.176299889e-05
10,40.0,44.0,22,1722.382962,0.0003039960405,1.154103204e-05
10,40.0,44.0,22,1724.418876,0.0002840602172,1.085324506e-05
10,40.0,44.0,22,1726.45479,0.0002642734495,1.031290735e-05
10,40.0,44.0,22,1728.490703,0.000254754811,9.816317725e-06
10,40.0,44.0,22,1730.526617,0.0002485573283,9.106016896e-06
10,40.0,44.0,22,1732.562531,0.0002386639023,9.756186279e-06
10,40.0,44.0,22,1734.598444,0.0002294322443,1.037861637e-05
10,40.0,44.0,22,1736.634358,0.0002217886716,1.004865906e-05
10,40.0,44.0,22,1738.670272,0.0002142681586,8.71888672e-06
10,40.0,44.0,22,1740.706185,0.000205903636,7.68721916e-06
10,40.0,44.0,22,1742.742099,0.0001972326287,6.558135124e-06
10,40.0,44.0,22,1744.778013,0.0001889467442,6.897577535e-06
10,40.0,44.0,22,1746.813926,0.0001802596478,7.151526171e-06
10,40.0,44.0,22,1748.84984,0.0001699434937,6.478354343e-06
10,40.0,44.0,22,1750.885754,0.0001592566965,5.582761485e-06
10,40.0,44.0,22,1752.921667,0.000151311661,5.492523731e-06
10,40.0,44.0,22,1754.957581,0.0001446639429,5.689390469e-06
10,40.0,44.0,22,1756.993495,0.0001379045916,5.59353528e-06
10,40.0,44.0,22,1759.029408,0.0001337970345,5.706514245e-06
10,40.0,44.0,22,1761.065322,0.0001314883347,5.495493537e-06
10,40.0,44.0,22,1763.101236,0.0001264602468,4.875404289e-06
10,40.0,44.0,22,1765.137149,0.0001186939154,4.184375145e-06
10,40.0,44.0,22,1767.173063,0.0001123367845,3.897562916e-06
10,40.0,44.0,22,1769.208977,0.0001084537037,3.467790031e-06
10,40.0,44.0,22,1771.24489,0.0001060956842,3.033279392e-06
10,40.0,44.0,22,1773.280804,0.000105480527,3.482761058e-06
10,40.0,44.0,22,1775.316718,0.0001046352752,4.009629003e-06
10,40.0,44.0,22,1777.352631,9.979808429e-05,4.09514757e-06
10,40.0,44.0,22,1779.388545,9.112790637e-05,3.54645541e-06
10,40.0,44.0,22,1781.424459,8.430164506e-05,2.845653416e-06
10,40.0,44.0,22,1783.460372,8.172014621e-05,2.376081831e-06
10,40.0,44.0,22,1785.496286,8.021314622e-05,2.487027621e-06
10,40.0,44.0,22,1787.5322,7.773948975e-05,2.666057399e-06
10,40.0,44.0,22,1789.568113,7.360419097e-05,2.336896311e-06
10,40.0,44.0,22,1791.604027,6.999858456e-05,2.22092026e-06
10,40.0,44.0,22,1793.639941,6.884395712e-05,2.380019209e-06
10,40.0,44.0,22,1795.675854,6.693385926e-05,2.177869978e-06
10,40.0,44.0,22,1797.711768,6.329773379e-05,1.771156698e-06
10,40.0,44.0,22,1799.747682,6.118731415e-05,1.415368868e-06
10,40.0,44.0,22,1801.783595,6.055614405e-05,1.49803927e-06
10,40.0,44.0,22,1803.819509,5.904577833e-05,1.636534141e-06
10,40.0,44.0,22,1805.855423,5.649044889e-05,1.646278181e-06
10,40.0,44.0,22,1807.891336,5.387149026e-05,1.776372014e-06
10,40.0,44.0,22,1809.92725,5.262367879e-05,1.788760783e-06
10,40.0,44.0,22,1811.963164,5.237863931e-05,1.778850403e-06
10,40.0,44.0,22,1813.999077,5.08930538e-05,1.664629146e-06
10,40.0,44.0,22,1816.034991,4.798277282e-05,1.480964878e-06
10,40.0,44.0,22,1818.070905,4.569741489e-05,1.39367641e-06
10,40.0,44.0,22,1820.106818,4.48893282e-05,1.256359688e-06
10,40.0,44.0,22,1822.142732,4.524886231e-05,1.245248651e-06
10,40.0,44.0,22,1824.178646,4.585354755e-05,1.439767513e-06
10,40.0,44.0,22,1826.214559,4.535788586e-05,1.545532448e-06
10,40.0,44.0,22,1828.250473,4.377669434e-05,1.35252495e-06
10,40.0,44.0,22,1830.286387,4.167689471e-05,1.117875536e-06
10,40.0,44.0,22,1832.3223,3.978269601e-05,1.148231207e-06
10,40.0,44.0,22,1834.358214,3.889379658e-05,1.153820225e-06
10,40.0,44.0,22,1836.394128,3.857056457e-05,9.926417681e-07
10,40.0,44.0,22,1838.430041,3.743582404e-05,8.622191466e-07
10,40.0,44.0,22,1840.465955,3.546442779e-05,8.638958945e-07
10,40.0,44.0,22,1842.501869,3.391628845e-05,8.588056401e-07
10,40.0,44.0,22,1844.537782,3.317915909e-05,9.630949332e-07
10,40.0,44.0,22,1846.573696,3.276416938e-05,1.078171564e-06
10,40.0,44.0,22,1848.60961,3.215841783e-05,1.045567168e-06
10,40.0,44.0,22,1850.645523,3.104848513e-05,8.67278625e-07
10,40.0,44.0,22,1852.681437,2.982903272e-05,6.8212516e-07
10,40.0,44.0,22,1854.717351,2.931243111e-05,6.707197592e-07
10,40.0,44.0,22,1856.753264,2.94044966e-05,7.712286939e-07
10,40.0,44.0,22,1858.789178,2.911886822e-05,7.203069346e-07
10,40.0,44.0,22,1860.825092,2.833504535e-05,6.614879429e-07
10,40.0,44.0,22,1862.861005,2.775900543e-05,7.718966012e-07
10,40.0,44.0,22,1864.896919,2.732278312e-05,8.879011644e-07
10,40.0,44.0,22,1866.932833,2.648225124e-05,8.348608548e-07
10,40.0,44.0,22,1868.968746,2.542382674e-05,6.536826643e-07
10,40.0,44.0,22,1871.00466,2.476640329e-05,5.316094591e-07
10,40.0,44.0,22,1873.040574,2.430825038e-05,5.178533338e-07
10,40.0,44.0,22,1875.076487,2.363699857e-05,5.525131787e-07
10,40.0,44.0,22,1877.112401,2.322267551e-05,6.017429674e-07
10,40.0,44.0,22,1879.148315,2.329667995e-05,6.438136005e-07
10,40.0,44.0,22,1881.184228,2.333134285e-05,6.84928495e-07
10,40.0,44.0,22,1883.220142,2.296421086e-05,6.969901116e-07
10,40.0,44.0,22,1885.256056,2.225087751e-05,6.640251898e-07
10,40.0,44.0,22,1887.291969,2.153528117e-05,6.569057952e-07
10,40.0,44.0,22,1889.327883,2.110858051e-05,6.307731297e-07
10,40.0,44.0,22,1891.363797,2.072113415e-05,5.37174122e-07
10,40.0,44.0,22,1893.39971,2.02133957e-05,4.83494446e-07
10,40.0,44.0,22,1895.435624,1.987939934e-05,4.563145659e-07
10,40.0,44.0,22,1897.471538,1.96488239e-05,4.654755039e-07
10,40.0,44.0,22,1899.507451,1.922647459e-05,4.393538493e-07
10,40.0,44.0,22,1901.543365,1.895697691e-05,4.450776204e-07
10,40.0,44.0,22,1903.579279,1.891123722e-05,5.046782876e-07
10,40.0,44.0,22,1905.615192,1.84062089e-05,4.74037027e-07
10,40.0,44.0,22,1907.651106,1.752554745e-05,3.761568242e-07
10,40.0,44.0,22,1909.68702,1.705786414e-05,3.608239356e-07
10,40.0,44.0,22,1911.722933,1.705872196e-05,3.97310388e-07
10,40.0,44.0,22,1913.758847,1.716018345e-05,4.181412875e-07
10,40.0,44.0,22,1915.794761,1.732217247e-05,4.060121941e-07
10,40.0,44.0,22,1917.830674,1.732145856e-05,4.067074515e-07
10,40.0,44.0,22,1919.866588,1.697989116e-05,3.954541352e-07
10,40.0,44.0,22,1921.902502,1.646497582e-05,3.910149863e-07
10,40.0,44.0,22,1923.938415,1.606644151e-05,3.598169889e-07
10,40.0,44.0,22,1925.974329,1.587613987e-05,3.373678171e-07
10,40.0,44.0,22,1928.010243,1.561511495e-05,3.676137193e-07
10,40.0,44.0,22,1930.046156,1.533625481e-05,3.844931671e-07
10,40.0,44.0,22,1932.08207,1.518869003e-05,3.602840265e-07
10,40.0,44.0,22,1934.117984,1.499708504e-05,3.352560637e-07
10,40.0,44.0,22,1936.153897,1.4640341e-05,3.057739735e-07
10,40.0,44.0,22,1938.189811,1.424392813e-05,3.10848534e-07
10,40.0,44.0,22,1940.225725,1.41159769e-05,3.032871231e-07
10,40.0,44.0,22,1942.261638,1.416211083e-05,2.810040622e-07
10,40.0,44.0,22,1944.297552,1.402593016e-05,2.538548728e-07
10,40.0,44.0,22,1946.333466,1.363008988e-05,2.472626117e-07
10,40.0,44.0,22,1948.369379,1.324548968e-05,2.731924887e-07
10,40.0,44.0,22,1950.405293,1.306563386e-05,2.792502316e-07
10,40.0,44.0,22,1952.441207,1.298467885e-05,2.640697632e-07
10,40.0,44.0,22,1954.47712,1.301688213e-05,2.784480269e-07
10,40.0,44.0,22,1956.513034,1.320198067e-05,3.216616713e-07
10,40.0,44.0,22,1958.548948,1.329802614e-05,3.47568153e-07
10,40.0,44.0,22,1960.584861,1.311592443e-05,3.333791178e-07
10,40.0,44.0,22,1962.620775,1.280460554e-05,2.806170785e-07
10,40.0,44.0,22,1964.656689,1.253751217e-05,2.532934234e-07
10,40.0,44.0,22,1966.692602,1.244745575e-05,2.664371458e-07
10,40.0,44.0,22,1968.728516,1.248480406e-05,2.723113001e-07
10,40.0,44.0,22,1970.76443,1.236510139e-05,2.721053657e-07
10,40.0,44.0,22,1972.800343,1.21159556e-05,2.828523609e-07
10,40.0,44.0,22,1974.836257,1.193298765e-05,2.924633746e-07
10,40.0,44.0,22,1976.872171,1.184583231e-05,2.654833491e-07
10,40.0,44.0,22,1978.908084,1.183564499e-05,2.525206884e-07
10,40.0,44.0,22,1980.943998,1.186032684e-05,2.659495179e-07
10,40.0,44.0,22,1982.979912,1.184346718e-05,2.520313914e-07
10,40.0,44.0,22,1985.015825,1.183020586e-05,2.184339564e-07
10,40.0,44.0,22,1987.051739,1.178502771e-05,2.226273666e-07
10,40.0,44.0,22,1989.087653,1.153514103e-05,2.236289339e-07
10,40.0,44.0,22,1991.123566,1.126976973e-05,2.204646306e-07
10,40.0,44.0,22,1993.15948,1.129024245e-05,2.226831585e-07
10,40.0,44.0,22,1995.195394,1.14003239e-05,2.362845184e-07
10,40.0,44.0,22,1997.231307,1.133059659e-05,2.394158355e-07
10,40.0,44.0,22,1999.267221,1.116208778e-05,2.567371243e-07
10,40.0,44.0,22,2001.303135,1.108301554e-05,2.520262387e-07
10,40.0,44.0,22,2003.339048,1.110092569e-05,2.297962445e-07
10,40.0,44.0,22,2005.374962,1.104931513e-05,2.261667798e-07
10,40.0,44.0,22,2007.410876,1.082696499e-05,2.194318557e-07
10,40.0,44.0,22,2009.446789,1.064656121e-05,2.118397005e-07
10,40.0,44.0,22,2011.482703,1.068027255e-05,2.154688113e-07
10,40.0,44.0,22,2013.518617,1.08259678e-05,2.220317915e-07
10,40.0,44.0,22,2015.55453,1.100872658e-05,2.332388701e-07
10,40.0,44.0,22,2017.590444,1.108729148e-05,2.588043088e-07
10,40.0,44.0,22,2019.626358,1.095193014e-05,2.688278593e-07
10,40.0,44.0,22,2021.662271,1.080263767e-05,2.593398282e-07
10,40.0,44.0,22,2023.698185,1.076229053e-05,2.41627449e-07
10,40.0,44.0,22,2025.734099,1.069079062e-05,2.262603433e-07
10,40.0,44.0,22,2027.770012,1.055581213e-05,2.175392253e-07
10,40.0,44.0,22,2029.805926,1.040678081e-05,2.264193799e-07
10,40.0,44.0,22,2031.84184,1.023276871e-05,2.588262524e-07
10,40.0,44.0,22,2033.877753,1.024870354e-05,2.788376037e-07
10,40.0,44.0,22,2035.913667,1.052802619e-05,2.791072769e-07
10,40.0,44.0,22,2037.949581,1.069792739e-05,2.701281371e-07
10,40.0,44.0,22,2039.985494,1.067568638e-05,2.607564603e-07
10,40.0,44.0,22,2042.021408,1.067552485e-05,2.396354886e-07
10,40.0,44.0,22,2044.057322,1.07128365e-05,2.158024139e-07
10,40.0,44.0,22,2046.093235,1.079454022e-05,2.159506198e-07
10,40.0,44.0,22,2048.129149,1.085799088e-05,2.196555391e-07
10,40.0,44.0,22,2050.165063,1.075854762e-05,2.036590906e-07
10,40.0,44.0,22,2052.200976,1.057489555e-05,2.073897257e-07
10,40.0,44.0,22,2054.23689,1.043184545e-05,2.371971443e-07
10,40.0,44.0,22,2056.272804,1.039707696e-05,2.46872878e-07
10,40.0,44.0,22,2058.308717,1.049436767e-05,2.42433916e-07
10,40.0,44.0,22,2060.344631,1.062048742e-05,2.509491613e-07
10,40.0,44.0,22,2062.380545,1.075149284e-05,2.519880887e-07
10,40.0,44.0,22,2064.416458,1.089472857e-05,2.323896662e-07
10,40.0,44.0,22,2066.452372,1.095573654e-05,2.196108158e-07
10,40.0,44.0,22,2068.488286,1.089319121e-05,2.260603915e-07
10,40.0,44.0,22,2070.524199,1.074020528e-05,2.292376775e-07
10,40.0,44.0,22,2072.560113,1.060526782e-05,2.208026474e-07
10,40.0,44.0,22,2074.596027,1.058189124e-05,2.191869442e-07
10,40.0,44.0,22,2076.63194,1.068983665e-05,2.368046441e-07
10,40.0,44.0,22,2078.667854,1.084501732e-05,2.46761556e-07
10,40.0,44.0,22,2080.703768,1.087888455e-05,2.646788355e-07
10,40.0,44.0,22,2082.739681,1.088202764e-05,3.013154551e-07
10,40.0,44.0,22,2084.775595,1.105958089e-05,2.902116235e-07
10,40.0,44.0,22,2086.811509,1.127259652e-05,2.513599164e-07
10,40.0,44.0,22,2088.847422,1.130336878e-05,2.425492533e-07
10,40.0,44.0,22,2090.883336,1.123317329e-05,2.508220879e-07
10,40.0,44.0,22,2092.91925,1.11851982e-05,2.808384174e-07
10,40.0,44.0,22,2094.955163,1.102131586e-05,2.894869871e-07
10,40.0,44.0,22,2096.991077,1.077503661e-05,2.622842698e-07
10,40.0,44.0,22,2099.026991,1.071207194e-05,2.307192292e-07
10,40.0,44.0,22,2101.062904,1.082225985e-05,2.088470299e-07
10,40.0,44.0,22,2103.098818,1.101828136e-05,2.083207879e-07
10,40.0,44.0,22,2105.134732,1.127055651e-05,2.171632018e-07
10,40.0,44.0,22,2107.170645,1.144478275e-05,2.320450887e-07
10,40.0,44.0,22,2109.206559,1.159708548e-05,2.300835422e-07
10,40.0,44.0,22,2111.242473,1.18587059e-05,2.110096489e-07
10,40.0,44.0,22,2113.278386,1.210357609e-05,1.858453748e-07
10,40.0,44.0,22,2115.3143,1.216728629e-05,2.141575565e-07
10,40.0,44.0,22,2117.350214,1.203951029e-05,2.40091797e-07
10,40.0,44.0,22,2119.386127,1.186821709e-05,2.237874594e-07
10,40.0,44.0,22,2121.422041,1.18368483e-05,2.137069128e-07
10,40.0,44.0,22,2123.457955,1.188100756e-05,2.230993315e-07
10,40.0,44.0,22,2125.493868,1.199152641e-05,2.39165735e-07
10,40.0,44.0,22,2127.529782,1.22803984e-05,2.497105017e-07
10,40.0,44.0,22,2129.565696,1.255243826e-05,2.413653046e-07
10,40.0,44.0,22,2131.601609,1.265514212e-05,2.392964829e-07
10,40.0,44.0,22,2133.637523,1.279749915e-05,2.560713685e-07
10,40.0,44.0,22,2135.673437,1.301567411e-05,2.80307705e-07
10,40.0,44.0,22,2137.70935,1.315465085e-05,2.814566457e-07
10,40.0,44.0,22,2139.745264,1.323232478e-05,2.87519287e-07
10,40.0,44.0,22,2141.781178,1.328132246e-05,2.910210941e-07
10,40.0,44.0,22,2143.817091,1.3353793e-05,3.036129154e-07
10,40.0,44.0,22,2145.853005,1.337581604e-05,3.090242737e-07
10,40.0,44.0,22,2147.888919,1.324884116e-05,2.884967621e-07
10,40.0,44.0,22,2149.924832,1.324076434e-05,2.653769113e-07
10,40.0,44.0,22,2151.960746,1.349671529e-05,2.825801385e-07
10,40.0,44.0,22,2153.99666,1.383797816e-05,2.942247098e-07
10,40.0,44.0,22,2156.032573,1.404562028e-05,2.940370316e-07
10,40.0,44.0,22,2158.068487,1.398063953e-05,3.006222037e-07
10,40.0,44.0,22,2160.104401,1.378367538e-05,2.901608266e-07
10,40.0,44.0,22,2162.140314,1.373157505e-05,2.840874023e-07
10,40.0,44.0,22,2164.176228,1.386305553e-05,2.999090348e-07
10,40.0,44.0,22,2166.212142,1.402990648e-05,2.914930728e-07
10,40.0,44.0,22,2168.248055,1.423876508e-05,2.998013244e-07
10,40.0,44.0,22,2170.283969,1.453448338e-05,2.998557508e-07
10,40.0,44.0,22,2172.319883,1.469792386e-05,2.962238126e-07
10,40.0,44.0,22,2174.355796,1.47301529e-05,3.303896195e-07
10,40.0,44.0,22,2176.39171,1.494259471e-05,3.639393306e-07
10,40.0,44.0,22,2178.427624,1.514736317e-05,3.72424401e-07
10,40.0,44.0,22,2180.463537,1.503935594e-05,3.437816599e-07
10,40.0,44.0,22,2182.499451,1.50357274e-05,3.459631825e-07
10,40.0,44.0,22,2184.535365,1.532750321e-05,3.528894366e-07
10,40.0,44.0,22,2186.571278,1.560820064e-05,3.610532973e-07
10,40.0,44.0,22,2188.607192,1.578389908e-05,3.832057812e-07
10,40.0,44.0,22,2190.643106,1.580173513e-05,3.810232166e-07
10,40.0,44.0,22,2192.679019,1.573603862e-05,3.649471158e-07
10,40.0,44.0,22,2194.714933,1.580306562e-05,3.614976508e-07
10,40.0,44.0,22,2196.750847,1.596821641e-05,3.496551401e-07
10,40.0,44.0,22,2198.78676,1.60483233e-05,3.21297606e-07
10,40.0,44.0,22,2200.822674,1.607210064e-05,3.446369762e-07
10,40.0,44.0,22,2202.858588,1.611022685e-05,3.763584951e-07
10,40.0,44.0,22,2204.894501,1.614815502e-05,3.542460322e-07
10,40.0,44.0,22,2206.930415,1.623147626e-05,3.622508623e-07
10,40.0,44.0,22,2208.966329,1.632483505e-05,3.650848133e-07
10,40.0,44.0,22,2211.002242,1.635603876e-05,3.449969354e-07
10,40.0,44.0,22,2213.038156,1.641381426e-05,3.129665878e-07
10,40.0,44.0,22,2215.07407,1.658441082e-05,3.065494187e-07
10,40.0,44.0,22,2217.109983,1.685071389e-05,3.118195952e-07
10,40.0,44.0,22,2219.145897,1.703521042e-05,3.179339559e-07
10,40.0,44.0,22,2221.181811,1.692820435e-05,3.34796679e-07
10,40.0,44.0,22,2223.217724,1.673886527e-05,3.35736371e-07
10,40.0,44.0,22,2225.253638,1.670825247e-05,3.368009812e-07
10,40.0,44.0,22,2227.289552,1.664215881e-05,3.334088447e-07
10,40.0,44.0,22,2229.325465,1.645463941e-05,3.502077966e-07
10,40.0,44.0,22,2231.361379,1.639126575e-05,3.53545236e-07
10,40.0,44.0,22,2233.397293,1.648915278e-05,3.344008563e-07
10,40.0,44.0,22,2235.433206,1.659410662e-05,2.980768839e-07
10,40.0,44.0,22,2237.46912,1.665935824e-05,2.545615456e-07
10,40.0,44.0,22,2239.505034,1.671028431e-05,2.583827716e-07
10,40.0,44.0,22,2241.540947,1.669038309e-05,3.120482827e-07
10,40.0,44.0,22,2243.576861,1.667279824e-05,3.725067643e-07
10,40.0,44.0,22,2245.612775,1.69186987e-05,4.416592728e-07
10,40.0,44.0,22,2247.648688,1.720148215e-05,4.753888282e-07
10,40.0,44.0,22,2249.684602,1.73046831e-05,4.409491615e-07
10,40.0,44.0,22,2251.720516,1.740814117e-05,3.889632005e-07
10,40.0,44.0,22,2253.756429,1.74806709e-05,3.68155875e-07
10,40.0,44.0,22,2255.792343,1.748793847e-05,3.564085227e-07
10,40.0,44.0,22,2257.828257,1.745245934e-05,3.613825283e-07
10,40.0,44.0,22,2259.86417,1.729177665e-05,3.988378763e-07
10,40.0,44.0,22,2261.900084,1.724318302e-05,3.883144526e-07
10,40.0,44.0,22,2263.935998,1.75306842e-05,3.801393982e-07
10,40.0,44.0,22,2265.971911,1.776180804e-05,3.668593191e-07
10,40.0,44.0,22,2268.007825,1.767777412e-05,3.378504985e-07
10,40.0,44.0,22,2270.043739,1.774346505e-05,3.757406151e-07
10,40.0,44.0,22,2272.079652,1.800004398e-05,3.915274983e-07
10,40.0,44.0,22,2274.115566,1.793876308e-05,3.91499571e-07
10,40.0,44.0,22,2276.15148,1.75870618e-05,3.802475044e-07
10,40.0,44.0,22,2278.187393,1.739716461e-05,3.450287176e-07
10,40.0,44.0,22,2280.223307,1.758625982e-05,3.362963992e-07
10,40.0,44.0,22,2282.259221,1.786208565e-05,3.43880959e-07
10,40.0,44.0,22,2284.295134,1.783169246e-05,3.655191607e-07
10,40.0,44.0,22,2286.331048,1.752380587e-05,3.786297124e-07
10,40.0,44.0,22,2288.366962,1.733329887e-05,3.573343099e-07
10,40.0,44.0,22,2290.402875,1.725648983e-05,3.474656963e-07
10,40.0,44.0,22,2292.438789,1.699995421e-05,3.494189407e-07
10,40.0,44.0,22,2294.474703,1.666586738e-05,3.139391139e-07
10,40.0,44.0,22,2296.510616,1.659640537e-05,3.192495163e-07
10,40.0,44.0,22,2298.54653,1.671148081e-05,3.417027395e-07
10,40.0,44.0,22,2300.582444,1.669989204e-05,3.402679835e-07
10,40.0,44.0,22,2302.618357,1.663175766e-05,3.427132678e-07
10,40.0,44.0,22,2304.654271,1.671665555e-05,3.294030151e-07
10,40.0,44.0,22,2306.690185,1.688596994e-05,3.365808858e-07
10,40.0,44.0,22,2308.726098,1.702506245e-05,3.584289139e-07
10,40.0,44.0,22,2310.762012,1.707436939e-05,3.47863022e-07
10,40.0,44.0,22,2312.797926,1.70633429e-05,3.657193655e-07
10,40.0,44.0,22,2314.833839,1.70663367e-05,3.986229535e-07
10,40.0,44.0,22,2316.869753,1.699073344e-05,3.774183382e-07
10,40.0,44.0,22,2318.905667,1.681432512e-05,3.549632237e-07
10,40.0,44.0,22,2320.94158,1.666929972e-05,3.537312894e-07
10,40.0,44.0,22,2322.977494,1.67053369e-05,3.313815568e-07
10,40.0,44.0,22,2325.013408,1.681819264e-05,3.00687844e-07
10,40.0,44.0,22,2327.049321,1.690238725e-05,3.098838924e-07
10,40.0,44.0,22,2329.085235,1.69797881e-05,3.514892561e-07
10,40.0,44.0,22,2331.121149,1.687880758e-05,3.980661713e-07
10,40.0,44.0,22,2333.157062,1.664227809e-05,4.035480191e-07
10,40.0,44.0,22,2335.192976,1.652665302e-05,3.529379439e-07
10,40.0,44.0,22,2337.22889,1.666782231e-05,3.509838006e-07
10,40.0,44.0,22,2339.264803,1.678712997e-05,3.621061765e-07
10,40.0,44.0,22,2341.300717,1.659784041e-05,3.388427332e-07
10,40.0,44.0,22,2343.336631,1.638947276e-05,3.080120693e-07
10,40.0,44.0,22,2345.372544,1.642803474e-05,2.868677126e-07
10,40.0,44.0,22,2347.408458,1.668093626e-05,2.933604371e-07
10,40.0,44.0,22,2349.444372,1.684432699e-05,3.092843979e-07
10,40.0,44.0,22,2351.480285,1.674232277e-05,3.139656098e-07
10,40.0,44.0,22,2353.516199,1.655890736e-05,3.255579024e-07
10,40.0,44.0,22,2355.552113,1.642940269e-05,3.099122184e-07
10,40.0,44.0,22,2357.588026,1.641124683e-05,2.946480067e-07
10,40.0,44.0,22,2359.62394,1.63619391e-05,3.042771448e-07
10,40.0,44.0,22,2361.659854,1.623307883e-05,3.043955868e-07
10,40.0,44.0,22,2363.695767,1.621293371e-05,3.048759623e-07
10,40.0,44.0,22,2365.731681,1.628068818e-05,3.221849337e-07
10,40.0,44.0,22,2367.767595,1.635647877e-05,3.23800147e-07
10,40.0,44.0,22,2369.803508,1.641207578e-05,3.197538328e-07
10,40.0,44.0,22,2371.839422,1.645343456e-05,3.308170795e-07
10,40.0,44.0,22,2373.875336,1.655247526e-05,3.68993363e-07
10,40.0,44.0,22,2375.911249,1.653670095e-05,3.642288569e-07
10,40.0,44.0,22,2377.947163,1.637702626e-05,3.212488168e-07
10,40.0,44.0,22,2379.983077,1.637238812e-05,3.47466919e-07
10,40.0,44.0,22,2382.01899,1.646603788e-05,3.920813157e-07
10,40.0,44.0,22,2384.054904,1.643934074e-05,3.993408915e-07
10,40.0,44.0,22,2386.090818,1.634228495e-05,3.958281243e-07
10,40.0,44.0,22,2388.126731,1.618717091e-05,3.705131315e-07
10,40.0,44.0,22,2390.162645,1.596150504e-05,3.356362324e-07
10,40.0,44.0,22,2392.198559,1.580482815e-05,3.087069874e-07
10,40.0,44.0,22,2394.234472,1.578922409e-05,2.964000648e-07
10,40.0,44.0,22,2396.270386,1.582607613e-05,2.91430885e-07
10,40.0,44.0,22,2398.3063,1.58542133e-05,2.84441054e-07
10,40.0,44.0,22,2400.342213,1.593925437e-05,2.88571291e-07
10,40.0,44.0,22,2402.378127,1.612851252e-05,2.913364372e-07
10,40.0,44.0,22,2404.414041,1.631134409e-05,3.141088872e-07
10,40.0,44.0,22,2406.449954,1.640566365e-05,3.175113964e-07
10,40.0,44.0,22,2408.485868,1.631790004e-05,2.868863692e-07
10,40.0,44.0,22,2410.521782,1.609903401e-05,2.40820174e-07
10,40.0,44.0,22,2412.557695,1.602379507e-05,2.364427616e-07
10,40.0,44.0,22,2414.593609,1.600834784e-05,2.754945959e-07
10,40.0,44.0,22,2416.629523,1.589149682e-05,2.84500448e-07
10,40.0,44.0,22,2418.665436,1.57534961e-05,2.626765543e-07
10,40.0,44.0,22,2420.70135,1.572343806e-05,2.546035865e-07
10,40.0,44.0,22,2422.737264,1.582156449e-05,2.799576519e-07
10,40.0,44.0,22,2424.773177,1.594301675e-05,2.951279968e-07
10,40.0,44.0,22,2426.809091,1.596980876e-05,2.696120368e-07
10,40.0,44.0,22,2428.845005,1.583449799e-05,2.657231174e-07
10,40.0,44.0,22,2430.880918,1.558955452e-05,2.961392304e-07
10,40.0,44.0,22,2432.916832,1.544686412e-05,2.943642038e-07
10,40.0,44.0,22,2434.952746,1.556792124e-05,2.849042921e-07
10,40.0,44.0,22,2436.988659,1.573050444e-05,2.702304865e-07
10,40.0,44.0,22,2439.024573,1.570015513e-05,2.761680252e-07
10,40.0,44.0,22,2441.060487,1.570972935e-05,2.761912255e-07
10,40.0,44.0,22,2443.0964,1.596344387e-05,2.729450518e-07
10,40.0,44.0,22,2445.132314,1.615823886e-05,3.014546094e-07
10,40.0,44.0,22,2447.168228,1.602001051e-05,3.219942404e-07
10,40.0,44.0,22,2449.204141,1.581094331e-05,3.323759792e-07
10,40.0,44.0,22,2451.240055,1.580669353e-05,3.446297165e-07
10,40.0,44.0,22,2453.275969,1.591325922e-05,3.392522074e-07
10,40.0,44.0,22,2455.311882,1.595619445e-05,3.248118302e-07
10,40.0,44.0,22,2457.347796,1.593634293e-05,2.789018447e-07
10,40.0,44.0,22,2459.38371,1.591829378e-05,2.72953014e-07
10,40.0,44.0,22,2461.419623,1.583578385e-05,2.927750933e-07
10,40.0,44.0,22,2463.455537,1.567809078e-05,2.909337247e-07
10,40.0,44.0,22,2465.491451,1.555484978e-05,2.76888488e-07
10,40.0,44.0,22,2467.527364,1.553386844e-05,2.789052594e-07
10,40.0,44.0,22,2469.563278,1.554062911e-05,2.957011972e-07
10,40.0,44.0,22,2471.599192,1.546727337e-05,2.972066008e-07
10,40.0,44.0,22,2473.635105,1.544956837e-05,2.941004571e-07
10,40.0,44.0,22,2475.671019,1.554062368e-05,2.895279183e-07
10,40.0,44.0,22,2477.706933,1.561007128e-05,3.037699376e-07
10,40.0,44.0,22,2479.742846,1.574331594e-05,3.134614108e-07
10,40.0,44.0,22,2481.77876,1.596914932e-05,3.005848374e-07
10,40.0,44.0,22,2483.814674,1.608938999e-05,2.58989069e-07
10,40.0,44.0,22,2485.850587,1.593623707e-05,2.497773948e-07
10,40.0,44.0,22,2487.886501,1.560704195e-05,2.668812309e-07
10,40.0,44.0,22,2489.922415,1.550905008e-05,2.448076945e-07
10,40.0,44.0,22,2491.958328,1.569258716e-05,2.43597997e-07
10,40.0,44.0,22,2493.994242,1.582578559e-05,2.580735906e-07
10,40.0,44.0,22,2496.030156,1.580256973e-05,2.54362153e-07
10,40.0,44.0,22,2498.066069,1.574281084e-05,2.444414261e-07
10,40.0,44.0,22,2500.101983,1.577600302e-05,2.288913707e-07
10,40.0,44.0,22,2502.137897,1.5899439e-05,2.227695803e-07
10,40.0,44.0,22,2504.17381,1.595470444e-05,2.356928626e-07
10,40.0,44.0,22,2506.209724,1.591885862e-05,2.762712588e-07
10,40.0,44.0,22,2508.245638,1.597317918e-05,2.954392615e-07
10,40.0,44.0,22,2510.281551,1.617470513e-05,2.802491394e-07
10,40.0,44.0,22,2512.317465,1.632145136e-05,2.402511533e-07
10,40.0,44.0,22,2514.353379,1.621063048e-05,2.43970657e-07
10,40.0,44.0,22,2516.389292,1.600383761e-05,2.557337274e-07
10,40.0,44.0,22,2518.425206,1.592528688e-05,2.524203129e-07
10,40.0,44.0,22,2520.46112,1.59165227e-05,2.321178405e-07
10,40.0,44.0,22,2522.497033,1.591732513e-05,2.092877585e-07
10,40.0,44.0,22,2524.532947,1.602274159e-05,2.325623717e-07
10,40.0,44.0,22,2526.568861,1.619364064e-05,2.440540347e-07
10,40.0,44.0,22,2528.604774,1.620730015e-05,2.558792011e-07
10,40.0,44.0,22,2530.640688,1.608466087e-05,2.594706238e-07
10,40.0,44.0,22,2532.676602,1.597775837e-05,2.156273785e-07
10,40.0,44.0,22,2534.712515,1.596544949e-05,2.00674835e-07
10,40.0,44.0,22,2536.748429,1.602652221e-05,2.521267136e-07
10,40.0,44.0,22,2538.784343,1.59747128e-05,3.044805827e-07
10,40.0,44.0,22,2540.820256,1.586721184e-05,3.097294544e-07
10,40.0,44.0,22,2542.85617,1.587309334e-05,2.748422539e-07
10,40.0,44.0,22,2544.892084,1.589065528e-05,2.512041124e-07
10,40.0,44.0,22,2546.927997,1.590565242e-05,2.796084539e-07
10,40.0,44.0,22,2548.963911,1.596235722e-05,2.906999734e-07
10,40.0,44.0,22,2550.999825,1.602123263e-05,2.768952793e-07
10,40.0,44.0,22,2553.035738,1.617272182e-05,2.629970435e-07
10,40.0,44.0,22,2555.071652,1.647471947e-05,2.579575767e-07
10,40.0,44.0,22,2557.107566,1.670848711e-05,2.854019342e-07
10,40.0,44.0,22,2559.143479,1.662889543e-05,3.051644425e-07
10,40.0,44.0,22,2561.179393,1.632881137e-05,2.887855135e-07
10,40.0,44.0,22,2563.215307,1.609452612e-05,2.588366186e-07
10,40.0,44.0,22,2565.25122,1.610650165e-05,2.818581735e-07
10,40.0,44.0,22,2567.287134,1.631938047e-05,3.326590614e-07
10,40.0,44.0,22,2569.323048,1.644874895e-05,3.316466556e-07
10,40.0,44.0,22,2571.358961,1.649137278e-05,2.779664495e-07
10,40.0,44.0,22,2573.394875,1.663217911e-05,2.634631934e-07
10,40.0,44.0,22,2575.430789,1.661212086e-05,2.898765908e-07
10,40.0,44.0,22,2577.466702,1.626808212e-05,2.974735893e-07
10,40.0,44.0,22,2579.502616,1.58991806e-05,2.708502999e-07
10,40.0,44.0,22,2581.53853,1.581586764e-05,2.46794725e-07
10,40.0,44.0,22,2583.574443,1.605431237e-05,2.713959159e-07
10,40.0,44.0,22,2585.610357,1.652848922e-05,2.914589035e-07
10,40.0,44.0,22,2587.646271,1.694789554e-05,3.149536511e-07
10,40.0,44.0,22,2589.682184,1.701948827e-05,3.081903559e-07
10,40.0,44.0,22,2591.718098,1.697834069e-05,2.86413447e-07
10,40.0,44.0,22,2593.754012,1.712059017e-05,3.182451862e-07
10,40.0,44.0,22,2595.789925,1.721326465e-05,3.290441624e-07
10,40.0,44.0,22,2597.825839,1.696816087e-05,2.928076183e-07
10,40.0,44.0,22,2599.861753,1.664482683e-05,2.959273912e-07
10,40.0,44.0,22,2601.897666,1.659180342e-05,3.203554925e-07
10,40.0,44.0,22,2603.93358,1.67039766e-05,3.706653597e-07
10,40.0,44.0,22,2605.969494,1.684437886e-05,3.531174618e-07
10,40.0,44.0,22,2608.005407,1.703805974e-05,3.152648403e-07
10,40.0,44.0,22,2610.041321,1.716552517e-05,3.512177432e-07
10,40.0,44.0,22,2612.077235,1.704901273e-05,3.693269896e-07
10,40.0,44.0,22,2614.113148,1.679322205e-05,3.475833505e-07
10,40.0,44.0,22,2616.149062,1.669808089e-05,3.017861949e-07
10,40.0,44.0,22,2618.184976,1.684271366e-05,3.062870693e-07
10,40.0,44.0,22,2620.220889,1.698798554e-05,3.275672339e-07
10,40.0,44.0,22,2622.256803,1.70259982e-05,3.474804844e-07
10,40.0,44.0,22,2624.292717,1.709755461e-05,3.460672921e-07
10,40.0,44.0,22,2626.32863,1.717741625e-05,3.347556398e-07
10,40.0,44.0,22,2628.364544,1.723725053e-05,3.331495538e-07
10,40.0,44.0,22,2630.400458,1.74690214e-05,3.547772881e-07
10,40.0,44.0,22,2632.436371,1.785183538e-05,3.851111932e-07
10,40.0,44.0,22,2634.472285,1.810387479e-05,4.014853619e-07
10,40.0,44.0,22,2636.508199,1.808280347e-05,4.4192677e-07
10,40.0,44.0,22,2638.544112,1.793813284e-05,4.492250575e-07
10,40.0,44.0,22,2640.580026,1.798848782e-05,4.013842894e-07
10,40.0,44.0,22,2642.61594,1.824408993e-05,3.54940751e-07
10,40.0,44.0,22,2644.651853,1.842716841e-05,3.761379943e-07
10,40.0,44.0,22,2646.687767,1.852518585e-05,4.183081923e-07
10,40.0,44.0,22,2648.723681,1.871045066e-05,4.622701479e-07
10,40.0,44.0,22,2650.759594,1.887118926e-05,4.880273283e-07
10,40.0,44.0,22,2652.795508,1.87990063e-05,4.716807699e-07
10,40.0,44.0,22,2654.831422,1.860259067e-05,4.34069441e-07
10,40.0,44.0,22,2656.867335,1.857277685e-05,3.897439755e-07
10,40.0,44.0,22,2658.903249,1.877573813e-05,3.704275756e-07
10,40.0,44.0,22,2660.939163,1.896189769e-05,4.061657733e-07
10,40.0,44.0,22,2662.975076,1.904510589e-05,4.515012855e-07
10,40.0,44.0,22,2665.01099,1.906897521e-05,4.529650073e-07
10,40.0,44.0,22,2667.046904,1.909191118e-05,4.177311058e-07
10,40.0,44.0,22,2669.082817,1.931113404e-05,3.918942554e-07
10,40.0,44.0,22,2671.118731,1.962282523e-05,3.740851582e-07
10,40.0,44.0,22,2673.154645,1.973984488e-05,3.767608871e-07
10,40.0,44.0,22,2675.190558,1.968917829e-05,4.326097758e-07
10,40.0,44.0,22,2677.226472,1.964714138e-05,5.035538341e-07
10,40.0,44.0,22,2679.262386,1.960636342e-05,5.110298781e-07
10,40.0,44.0,22,2681.298299,1.954004613e-05,4.37773318e-07
10,40.0,44.0,22,2683.334213,1.950601836e-05,3.970613879e-07
10,40.0,44.0,22,2685.370127,1.963588058e-05,4.144960516e-07
10,40.0,44.0,22,2687.40604,1.986785521e-05,4.534928411e-07
10,40.0,44.0,22,2689.441954,1.992809627e-05,4.702668588e-07
10,40.0,44.0,22,2691.477868,1.996101422e-05,4.346927434e-07
10,40.0,44.0,22,2693.513781,2.004360451e-05,4.176531722e-07
10,40.0,44.0,22,2695.549695,1.997691658e-05,4.486112815e-07
10,40.0,44.0,22,2697.585609,1.997592815e-05,4.533436817e-07
10,40.0,44.0,22,2699.621522,2.029294945e-05,4.601680841e-07
10,40.0,44.0,22,2701.657436,2.060061672e-05,4.545032601e-07
10,40.0,44.0,22,2703.69335,2.071993817e-05,4.900569367e-07
10,40.0,44.0,22,2705.729263,2.089541076e-05,5.325214708e-07
10,40.0,44.0,22,2707.765177,2.112843322e-05,5.486967465e-07
10,40.0,44.0,22,2709.801091,2.130806118e-05,5.218036298e-07
10,40.0,44.0,22,2711.837004,2.140313906e-05,5.266142338e-07
10,40.0,44.0,22,2713.872918,2.14546901e-05,5.515174792e-07
10,40.0,44.0,22,2715.908832,2.15843525e-05,5.686652061e-07
10,40.0,44.0,22,2717.944745,2.174996414e-05,6.118307057e-07
10,40.0,44.0,22,2719.980659,2.20811963e-05,6.523052067e-07
10,40.0,44.0,22,2722.016573,2.260322917e-05,6.552629923e-07
10,40.0,44.0,22,2724.052486,2.286628873e-05,6.678705342e-07
10,40.0,44.0,22,2726.0884,2.298770599e-05,6.810658624e-07
10,40.0,44.0,22,2728.124314,2.325093129e-05,6.391672109e-07
10,40.0,44.0,22,2730.160227,2.3470786e-05,6.538467862e-07
10,40.0,44.0,22,2732.196141,2.382488527e-05,6.842043942e-07
10,40.0,44.0,22,2734.232055,2.43063831e-05,7.222230432e-07
10,40.0,44.0,22,2736.267968,2.437825735e-05,7.652551466e-07
10,40.0,44.0,22,2738.303882,2.410795259e-05,6.700630265e-07
10,40.0,44.0,22,2740.339796,2.389353865e-05,5.449846882e-07
10,40.0,44.0,22,2742.375709,2.372582649e-05,5.147658191e-07
10,40.0,44.0,22,2744.411623,2.396690605e-05,5.494428958e-07
10,40.0,44.0,22,2746.447537,2.488407247e-05,6.672369368e-07
10,40.0,44.0,22,2748.48345,2.580551701e-05,8.209875532e-07
10,40.0,44.0,22,2750.519364,2.637555156e-05,8.648861641e-07
10,40.0,44.0,22,2752.555278,2.667752958e-05,7.736088133e-07
10,40.0,44.0,22,2754.591191,2.643107356e-05,7.144140641e-07
10,40.0,44.0,22,2756.627105,2.584717291e-05,7.099615216e-07
10,40.0,44.0,22,2758.663019,2.588408165e-05,6.073791877e-07
10,40.0,44.0,22,2760.698932,2.6716592e-05,6.07866823e-07
10,40.0,44.0,22,2762.734846,2.76222311e-05,6.708533e-07
10,40.0,44.0,22,2764.77076,2.802677465e-05,6.795710056e-07
10,40.0,44.0,22,2766.806673,2.807874346e-05,6.549723569e-07
10,40.0,44.0,22,2768.842587,2.791733735e-05,6.623309144e-07
10,40.0,44.0,22,2770.878501,2.763805381e-05,7.396102287e-07
10,40.0,44.0,22,2772.914414,2.805855453e-05,8.326477647e-07
10,40.0,44.0,22,2774.950328,2.926284957e-05,8.939775365e-07
10,40.0,44.0,22,2776.986242,3.029908582e-05,1.112460503e-06
10,40.0,44.0,22,2779.022155,3.095753465e-05,1.396027548e-06
10,40.0,44.0,22,2781.058069,3.166818459e-05,1.459515808e-06
10,40.0,44.0,22,2783.093983,3.206740004e-05,1.328065205e-06
10,40.0,44.0,22,2785.129896,3.174931652e-05,1.181404527e-06
10,40.0,44.0,22,2787.16581,3.161895932e-05,1.076862976e-06
10,40.0,44.0,22,2789.201724,3.246076951e-05,1.019030005e-06
10,40.0,44.0,22,2791.237637,3.385042009e-05,9.953457441e-07
10,40.0,44.0,22,2793.273551,3.493665216e-05,1.065343107e-06
10,40.0,44.0,22,2795.309465,3.503846826e-05,1.21447722e-06
10,40.0,44.0,22,2797.345378,3.432777487e-05,1.189624829e-06
10,40.0,44.0,22,2799.381292,3.380293231e-05,1.025050454e-06
10,40.0,44.0,22,2801.417206,3.349268656e-05,1.016855979e-06
10,40.0,44.0,22,2803.453119,3.32582143e-05,1.081370283e-06
10,40.0,44.0,22,2805.489033,3.367588113e-05,1.173845264e-06
10,40.0,44.0,22,2807.524947,3.470103837e-05,1.300781162e-06
10,40.0,44.0,22,2809.56086,3.619385209e-05,1.421753895e-06
10,40.0,44.0,22,2811.596774,3.774487732e-05,1.590199818e-06
10,40.0,44.0,22,2813.632688,3.881893398e-05,1.57925781e-06
10,40.0,44.0,22,2815.668601,3.9301761e-05,1.416038951e-06
10,40.0,44.0,22,2817.704515,3.959150746e-05,1.461839046e-06
10,40.0,44.0,22,2819.740429,4.04911267e-05,1.702135908e-06
10,40.0,44.0,22,2821.776342,4.196228055e-05,1.980190229e-06
10,40.0,44.0,22,2823.812256,4.305840538e-05,2.008804023e-06
10,40.0,44.0,22,2825.84817,4.300060456e-05,1.802179778e-06
10,40.0,44.0,22,2827.884083,4.250168676e-05,1.661149979e-06
10,40.0,44.0,22,2829.919997,4.268272072e-05,1.478240674e-06
10,40.0,44.0,22,2831.955911,4.316541498e-05,1.403140682e-06
10,40.0,44.0,22,2833.991824,4.332798283e-05,1.431639854e-06
10,40.0,44.0,22,2836.027738,4.342759824e-05,1.413337366e-06
10,40.0,44.0,22,2838.063652,4.41745033e-05,1.375948314e-06
10,40.0,44.0,22,2840.099565,4.595033784e-05,1.635353544e-06
10,40.0,44.0,22,2842.135479,4.829213939e-05,1.827989422e-06
10,40.0,44.0,22,2844.171393,4.974796356e-05,1.965356303e-06
10,40.0,44.0,22,2846.207306,5.002737037e-05,2.128109929e-06
10,40.0,44.0,22,2848.24322,5.019069075e-05,2.026747303e-06
10,40.0,44.0,22,2850.279134,4.968634707e-05,1.821455545e-06
10,40.0,44.0,22,2852.315047,4.898446711e-05,1.924082275e-06
10,40.0,44.0,22,2854.350961,4.997324721e-05,2.048497994e-06
10,40.0,44.0,22,2856.386875,5.231324315e-05,1.941954433e-06
10,40.0,44.0,22,2858.422788,5.503315338e-05,1.935219206e-06
10,40.0,44.0,22,2860.458702,5.789289096e-05,2.235249744e-06
10,40.0,44.0,22,2862.494616,5.964291529e-05,2.497071909e-06
10,40.0,44.0,22,2864.530529,5.883539332e-05,2.393771915e-06
10,40.0,44.0,22,2866.566443,5.7212311e-05,2.26602897e-06
10,40.0,44.0,22,2868.602357,5.803107874e-05,2.240739091e-06
10,40.0,44.0,22,2870.63827,6.05531509e-05,2.201817509e-06
10,40.0,44.0,22,2872.674184,6.268955418e-05,2.24428377e-06
10,40.0,44.0,22,2874.710098,6.460061291e-05,2.781222509e-06
10,40.0,44.0,22,2876.746011,6.628837408e-05,3.568323734e-06
10,40.0,44.0,22,2878.781925,6.738792885e-05,4.119470686e-06
10,40.0,44.0,22,2880.817839,6.803165374e-05,4.2829206e-06
10,40.0,44.0,22,2882.853752,6.845112155e-05,3.916126695e-06
10,40.0,44.0,22,2884.889666,6.901615576e-05,3.362402788e-06
10,40.0,44.0,22,2886.92558,7.027173471e-05,3.24588594e-06
10,40.0,44.0,22,2888.961493,7.156329918e-05,3.416752584e-06
10,40.0,44.0,22,2890.997407,7.180986804e-05,3.189140708e-06
10,40.0,44.0,22,2893.033321,7.207968516e-05,2.77725807e-06
10,40.0,44.0,22,2895.069234,7.376120715e-05,2.846580517e-06
10,40.0,44.0,22,2897.105148,7.559415039e-05,2.954701609e-06
10,40.0,44.0,22,2899.141062,7.664115014e-05,3.048438501e-06
10,40.0,44.0,22,2901.176975,7.787566303e-05,3.134281317e-06
10,40.0,44.0,22,2903.212889,7.880509869e-05,2.694793874e-06
10,40.0,44.0,22,2905.248803,7.948640283e-05,2.77967626e-06
10,40.0,44.0,22,2907.284716,8.062958832e-05,3.300107064e-06
10,40.0,44.0,22,2909.32063,8.305813001e-05,3.438596751e-06
10,40.0,44.0,22,2911.356544,8.790606022e-05,3.506878558e-06
10,40.0,44.0,22,2913.392457,9.259384985e-05,3.818594853e-06
10,40.0,44.0,22,2915.428371,9.297144098e-05,3.838961046e-06
10,40.0,44.0,22,2917.464285,9.038216048e-05,3.574562327e-06
10,40.0,44.0,22,2919.500198,9.029145328e-05,3.507354143e-06
10,40.0,44.0,22,2921.536112,9.297408208e-05,3.382093759e-06
10,40.0,44.0,22,2923.572026,9.528453328e-05,3.359999988e-06
10,40.0,44.0,22,2925.607939,9.691366879e-05,3.209922437e-06
10,40.0,44.0,22,2927.643853,9.852849783e-05,3.19095572e-06
10,40.0,44.0,22,2929.679767,9.968933642e-05,3.350490487e-06
10,40.0,44.0,22,2931.71568,9.963833774e-05,3.412747125e-06
10,40.0,44.0,22,2933.751594,9.935502902e-05,3.63609527e-06
10,40.0,44.0,22,2935.787508,0.0001009065064,4.233295445e-06
10,40.0,44.0,22,2937.823421,0.000104724353,4.674225116e-06
10,40.0,44.0,22,2939.859335,0.0001094626007,4.751678904e-06
10,40.0,44.0,22,2941.895249,0.0001134160719,4.475581132e-06
10,40.0,44.0,22,2943.931162,0.0001154576716,4.823051624e-06
10,40.0,44.0,22,2945.967076,0.0001166362828,5.271620828e-06
10,40.0,44.0,22,2948.00299,0.00011891019,4.769574665e-06
10,40.0,44.0,22,2950.038903,0.0001222890445,4.560060077e-06
10,40.0,44.0,22,2952.074817,0.0001254750089,4.769162547e-06
10,40.0,44.0,22,2954.110731,0.0001276677808,4.793550639e-06
10,40.0,44.0,22,2956.146644,0.0001292677052,5.093278052e-06
10,40.0,44.0,22,2958.182558,0.000131014566,5.536268505e-06
10,40.0,44.0,22,2960.218472,0.000134315819,5.621972781e-06
10,40.0,44.0,22,2962.254385,0.0001402530867,5.459394246e-06
10,40.0,44.0,22,2964.290299,0.0001458351273,5.245882547e-06
10,40.0,44.0,22,2966.326213,0.0001469048977,5.826894428e-06
10,40.0,44.0,22,2968.362126,0.0001459427752,5.968597917e-06
10,40.0,44.0,22,2970.39804,0.0001467619655,5.930551713e-06
10,40.0,44.0,22,2972.433954,0.0001505166371,6.415975916e-06
10,40.0,44.0,22,2974.469867,0.0001561308959,6.58845584e-06
10,40.0,44.0,22,2976.505781,0.0001577809664,6.661802841e-06
10,40.0,44.0,22,2978.541695,0.0001561288413,6.659988604e-06
10,40.0,44.0,22,2980.577608,0.0001590710132,6.191119309e-06
10,40.0,44.0,22,2982.613522,0.0001669999145,6.206899054e-06
10,40.0,44.0,22,2984.649436,0.0001731017063,6.90942441e-06
10,40.0,44.0,22,2986.685349,0.0001738898019,7.505346434e-06
10,40.0,44.0,22,2988.721263,0.0001746856012,7.382635413e-06
10,40.0,44.0,22,2990.757177,0.000180925117,7.19172105e-06
10,40.0,44.0,22,2992.79309,0.0001872877606,7.949497192e-06
10,40.0,44.0,22,2994.829004,0.0001880467327,8.549693349e-06
10,40.0,44.0,22,2996.864918,0.0001898580545,8.468451406e-06
10,40.0,44.0,22,2998.900831,0.000194960577,7.814324229e-06
10,40.0,44.0,22,3000.936745,0.0001981575426,7.829338012e-06
10,40.0,44.0,22,3002.972659,0.0001994523681,7.842264462e-06
10,40.0,44.0,22,3005.008572,0.0002005939227,7.398694651e-06
10,40.0,44.0,22,3007.044486,0.0002025598015,6.882192074e-06
10,40.0,44.0,22,3009.0804,0.0002054221843,6.957828336e-06
10,40.0,44.0,22,3011.116313,0.0002101433208,7.350780474e-06
10,40.0,44.0,22,3013.152227,0.0002172884096,7.324191888e-06
10,40.0,44.0,22,3015.188141,0.0002256076625,7.345465881e-06
10,40.0,44.0,22,3017.224054,0.0002329380987,7.778449947e-06
10,40.0,44.0,22,3019.259968,0.0002349597373,8.758695899e-06
10,40.0,44.0,22,3021.295882,0.0002336834126,9.41342533e-06
10,40.0,44.0,22,3023.331795,0.0002358311928,8.530880811e-06
10,40.0,44.0,22,3025.367709,0.0002426390793,8.394036312e-06
10,40.0,44.0,22,3027.403623,0.0002511835367,8.687250699e-06
10,40.0,44.0,22,3029.439536,0.0002574046327,8.26675517e-06
10,40.0,44.0,22,3031.47545,0.0002585215391,8.239193699e-06
10,40.0,44.0,22,3033.511364,0.0002543969635,8.07448585e-06
10,40.0,44.0,22,3035.547277,0.0002508491853,7.465514897e-06
10,40.0,44.0,22,3037.583191,0.0002534201673,7.648864969e-06
10,40.0,44.0,22,3039.619105,0.0002622285288,8.012718204e-06
10,40.0,44.0,22,3041.655018,0.0002680781403,8.326910476e-06
10,40.0,44.0,22,3043.690932,0.000269417798,7.827991346e-06
10,40.0,44.0,22,3045.726846,0.0002800456383,8.026972831e-06
10,40.0,44.0,22,3047.762759,0.0002928603823,8.944620038e-06
10,40.0,44.0,22,3049.798673,0.000291967192,9.546005333e-06
10,40.0,44.0,22,3051.834587,0.0002838305017,9.226987673e-06
10,40.0,44.0,22,3053.8705,0.0002803723471,8.759516728e-06
10,40.0,44.0,22,3055.906414,0.0002848362424,9.063649408e-06
10,40.0,44.0,22,3057.942328,0.0002962427303,9.539612812e-06
10,40.0,44.0,22,3059.978241,0.0003058749763,9.441354156e-06
10,40.0,44.0,22,3062.014155,0.0003070618886,9.581551861e-06
10,40.0,44.0,22,3064.050069,0.0003080055208,1.013605707e-05
10,40.0,44.0,22,3066.085982,0.0003110156494,1.003993499e-05
10,40.0,44.0,22,3068.121896,0.0003143192205,1.02048946e-05
10,40.0,44.0,22,3070.15781,0.0003259421838,9.870088784e-06
10,40.0,44.0,22,3072.193723,0.0003417509571,9.24494151e-06
10,40.0,44.0,22,3074.229637,0.0003459653357,9.582729303e-06
10,40.0,44.0,22,3076.265551,0.0003416627436,1.098955253e-05
10,40.0,44.0,22,3078.301464,0.0003460323897,1.03980797e-05
10,40.0,44.0,22,3080.337378,0.0003581829991,1.123539618e-05
10,40.0,44.0,22,3082.373292,0.0003615652517,1.283859198e-05
10,40.0,44.0,22,3084.409205,0.000355092229,1.220506734e-05
10,40.0,44.0,22,3086.445119,0.0003512153003,1.07252964e-05
10,40.0,44.0,22,3088.481033,0.0003528165288,1.07879325e-05
10,40.0,44.0,22,3090.516946,0.000360636654,1.087770044e-05
10,40.0,44.0,22,3092.55286,0.0003756454736,1.119175425e-05
10,40.0,44.0,22,3094.588774,0.0003877484124,1.186494397e-05
10,40.0,44.0,22,3096.624687,0.0003948613107,1.25129097e-05
10,40.0,44.0,22,3098.660601,0.0004040482691,1.224910959e-05
10,40.0,44.0,22,3100.696515,0.0004086616639,1.202869935e-05
10,40.0,44.0,22,3102.732428,0.0004026732996,1.220613847e-05
10,40.0,44.0,22,3104.768342,0.0003980133969,1.176865013e-05
10,40.0,44.0,22,3106.804256,0.0004071234925,1.194671934e-05
10,40.0,44.0,22,3108.840169,0.0004235944958,1.279534688e-05
10,40.0,44.0,22,3110.876083,0.0004276883076,1.339280966e-05
10,40.0,44.0,22,3112.911997,0.000423154396,1.386853911e-05
10,40.0,44.0,22,3114.94791,0.0004262038691,1.342257044e-05
10,40.0,44.0,22,3116.983824,0.0004303471888,1.331729839e-05
10,40.0,44.0,22,3119.019738,0.0004321273246,1.448640269e-05
10,40.0,44.0,22,3121.055651,0.0004327514065,1.536104325e-05
10,40.0,44.0,22,3123.091565,0.0004290855534,1.4305396e-05
10,40.0,44.0,22,3125.127479,0.0004312646889,1.238640072e-05
10,40.0,44.0,22,3127.163392,0.0004422473537,1.260445866e-05
10,40.0,44.0,22,3129.199306,0.0004512480094,1.220814379e-05
10,40.0,44.0,22,3131.23522,0.0004545175608,1.062693525e-05
10,40.0,44.0,22,3133.271133,0.0004539412814,1.033368185e-05
10,40.0,44.0,22,3135.307047,0.0004542364022,1.197083673e-05
10,40.0,44.0,22,3137.342961,0.0004575844218,1.15749484e-05
10,40.0,44.0,22,3139.378874,0.0004625378392,1.128725331e-05
10,40.0,44.0,22,3141.414788,0.0004667347335,1.179734786e-05
10,40.0,44.0,22,3143.450702,0.0004658355382,1.053158261e-05
10,40.0,44.0,22,3145.486615,0.0004614954185,1.026892831e-05
10,40.0,44.0,22,3147.522529,0.0004641850906,1.254169723e-05
10,40.0,44.0,22,3149.558443,0.0004702554105,1.470956114e-05
10,40.0,44.0,22,3151.594356,0.0004741730425,1.530957013e-05
10,40.0,44.0,22,3153.63027,0.0004855178957,1.499295822e-05
10,40.0,44.0,22,3155.666184,0.0004993728089,1.498432896e-05
10,40.0,44.0,22,3157.702097,0.0005061564678,1.630310908e-05
10,40.0,44.0,22,3159.738011,0.0005152836158,1.682379551e-05
10,40.0,44.0,22,3161.773925,0.0005251657403,1.514259202e-05
10,40.0,44.0,22,3163.809838,0.0005210151327,1.459954349e-05
10,40.0,44.0,22,3165.845752,0.0005069539139,1.408751118e-05
10,40.0,44.0,22,3167.881666,0.0004990509015,1.291639991e-05
10,40.0,44.0,22,3169.917579,0.000499354962,1.288223097e-05
10,40.0,44.0,22,3171.953493,0.0004996287602,1.374309515e-05
10,40.0,44.0,22,3173.989407,0.0005077611932,1.508409237e-05
10,40.0,44.0,22,3176.02532,0.0005311039473,1.744450835e-05
10,40.0,44.0,22,3178.061234,0.0005455341238,1.752946787e-05
10,40.0,44.0,22,3180.097148,0.0005368001059,1.529843238e-05
10,40.0,44.0,22,3182.133061,0.0005285450911,1.427770329e-05
10,40.0,44.0,22,3184.168975,0.0005360579011,1.464928751e-05
10,40.0,44.0,22,3186.204889,0.0005457608795,1.50525682e-05
10,40.0,44.0,22,3188.240802,0.0005462810881,1.582074138e-05
10,40.0,44.0,22,3190.276716,0.0005408596935,1.48333567e-05
10,40.0,44.0,22,3192.31263,0.0005359037978,1.449560504e-05
10,40.0,44.0,22,3194.348543,0.0005363499822,1.518172129e-05
10,40.0,44.0,22,3196.384457,0.0005423170761,1.389980357e-05
10,40.0,44.0,22,3198.420371,0.0005494110397,1.270786978e-05
10,40.0,44.0,22,3200.456284,0.0005590420631,1.391506096e-05
10,40.0,44.0,22,3202.492198,0.0005709131501,1.598743529e-05
10,40.0,44.0,22,3204.528112,0.0005735394843,1.699076553e-05
10,40.0,44.0,22,3206.564025,0.0005609441536,1.55720877e-05
10,40.0,44.0,22,3208.599939,0.0005495720754,1.452378552e-05
10,40.0,44.0,22,3210.635853,0.0005550332852,1.59597008e-05
10,40.0,44.0,22,3212.671766,0.0005675088457,1.700013673e-05
10,40.0,44.0,22,3214.70768,0.0005722981092,1.407539152e-05
10,40.0,44.0,22,3216.743594,0.0005713981598,1.093012011e-05
10,40.0,44.0,22,3218.779507,0.0005726319828,1.080274266e-05
10,40.0,44.0,22,3220.815421,0.0005788584425,1.320126981e-05
10,40.0,44.0,22,3222.851335,0.0005857826077,1.381363008e-05
10,40.0,44.0,22,3224.887248,0.0005911651937,1.283853225e-05
10,40.0,44.0,22,3226.923162,0.0005989569141,1.347763741e-05
10,40.0,44.0,22,3228.959076,0.000607769749,1.501210624e-05
10,40.0,44.0,22,3230.994989,0.0006163870357,1.532613707e-05
10,40.0,44.0,22,3233.030903,0.0006231943958,1.506712961e-05
10,40.0,44.0,22,3235.066817,0.0006208434327,1.474489723e-05
10,40.0,44.0,22,3237.10273,0.000611948027,1.468147161e-05
10,40.0,44.0,22,3239.138644,0.0006030244156,1.5338989e-05
10,40.0,44.0,22,3241.174558,0.0005937426354,1.565859772e-05
10,40.0,44.0,22,3243.210472,0.0005888288168,1.719763942e-05
10,40.0,44.0,22,3245.246385,0.0005892687331,1.839977485e-05
10,40.0,44.0,22,3247.282299,0.0005927427701,1.832530202e-05
10,40.0,44.0,22,3249.318213,0.0005993405116,1.74961942e-05
10,40.0,44.0,22,3251.354126,0.0006032600679,1.656759381e-05
10,40.0,44.0,22,3253.39004,0.000601119878,1.435037868e-05
10,40.0,44.0,22,3255.425954,0.0006030970798,1.21139097e-05
10,40.0,44.0,22,3257.461867,0.0006194133862,1.387779192e-05
10,40.0,44.0,22,3259.497781,0.00063252385,1.596420786e-05
10,40.0,44.0,22,3261.533695,0.0006271240257,1.536796177e-05
10,40.0,44.0,22,3263.569608,0.0006231687714,1.625531308e-05
10,40.0,44.0,22,3265.605522,0.0006289716227,1.843961333e-05
10,40.0,44.0,22,3267.641436,0.0006265634225,1.689685036e-05
10,40.0,44.0,22,3269.677349,0.0006177834735,1.481082598e-05
10,40.0,44.0,22,3271.713263,0.0006155329621,1.5421843e-05
10,40.0,44.0,22,3273.749177,0.0006178792134,1.642488552e-05
10,40.0,44.0,22,3275.78509,0.0006215975008,1.598724859e-05
10,40.0,44.0,22,3277.821004,0.0006322369025,1.624664656e-05
10,40.0,44.0,22,3279.856918,0.0006509533206,1.496604822e-05
10,40.0,44.0,22,3281.892831,0.0006684912271,1.435685487e-05
10,40.0,44.0,22,3283.928745,0.0006751914662,1.57585275e-05
10,40.0,44.0,22,3285.964659,0.0006689686017,1.807644185e-05
10,40.0,44.0,22,3288.000572,0.0006555113077,1.752246657e-05
10,40.0,44.0,22,3290.036486,0.0006472813021,1.587241379e-05
10,40.0,44.0,22,3292.0724,0.0006478207574,1.567898988e-05
10,40.0,44.0,22,3294.108313,0.0006466130877,1.637975628e-05
10,40.0,44.0,22,3296.144227,0.0006458331233,1.556364995e-05
10,40.0,44.0,22,3298.180141,0.0006516689461,1.44366496e-05
10,40.0,44.0,22,3300.216054,0.0006558124945,1.459047947e-05
10,40.0,44.0,22,3302.251968,0.0006571508205,1.373768735e-05
10,40.0,44.0,22,3304.287882,0.000669912721,1.52203196e-05
10,40.0,44.0,22,3306.323795,0.0006896753941,1.646204603e-05
10,40.0,44.0,22,3308.359709,0.0006919411177,1.760543158e-05
10,40.0,44.0,22,3310.395623,0.0006790708533,1.66471482e-05
10,40.0,44.0,22,3312.431536,0.0006746206019,1.520484209e-05
10,40.0,44.0,22,3314.46745,0.0006780921268,1.618405005e-05
10,40.0,44.0,22,3316.503364,0.0006710183077,1.547899043e-05
10,40.0,44.0,22,3318.539277,0.0006632451574,1.571577332e-05
10,40.0,44.0,22,3320.575191,0.0006773821688,1.720423898e-05
10,40.0,44.0,22,3322.611105,0.0007038723404,1.738731399e-05
10,40.0,44.0,22,3324.647018,0.0007131472649,1.853947799e-05
10,40.0,44.0,22,3326.682932,0.0007015631536,1.959551966e-05
10,40.0,44.0,22,3328.718846,0.0006944916932,1.838223337e-05
10,40.0,44.0,22,3330.754759,0.0007038428481,1.807744405e-05
10,40.0,44.0,22,3332.790673,0.0007171103194,1.803522473e-05
10,40.0,44.0,22,3334.826587,0.0007103665916,1.846344661e-05
10,40.0,44.0,22,3336.8625,0.0006869784948,1.969315293e-05
10,40.0,44.0,22,3338.898414,0.0006745875455,1.961421653e-05
10,40.0,44.0,22,3340.934328,0.0006806832312,1.938395943e-05
10,40.0,44.0,22,3342.970241,0.0006919012417,1.976119944e-05
10,40.0,44.0,22,3345.006155,0.0006895242402,1.730263972e-05
10,40.0,44.0,22,3347.042069,0.0006760315021,1.578069976e-05
10,40.0,44.0,22,3349.077982,0.0006705500073,1.73117143e-05
10,40.0,44.0,22,3351.113896,0.0006739715443,1.716193715e-05
10,40.0,44.0,22,3353.14981,0.0006776055655,1.496696032e-05
10,40.0,44.0,22,3355.185723,0.0006850246078,1.510578298e-05
10,40.0,44.0,22,3357.221637,0.0006903258293,1.694108638e-05
10,40.0,44.0,22,3359.257551,0.0006833245033,1.714276181e-05
10,40.0,44.0,22,3361.293464,0.0006721699695,1.951809578e-05
10,40.0,44.0,22,3363.329378,0.0006697172446,2.094179935e-05
10,40.0,44.0,22,3365.365292,0.0006737329617,1.978586439e-05
10,40.0,44.0,22,3367.401205,0.0006760572031,1.848332199e-05
10,40.0,44.0,22,3369.437119,0.0006797347076,1.661725453e-05
10,40.0,44.0,22,3371.473033,0.0006783129333,1.452276053e-05
10,40.0,44.0,22,3373.508946,0.0006626726691,1.461768953e-05
10,40.0,44.0,22,3375.54486,0.0006451317442,1.522649608e-05
10,40.0,44.0,22,3377.580774,0.0006387785623,1.556453139e-05
10,40.0,44.0,22,3379.616687,0.0006340438917,1.544642503e-05
10,40.0,44.0,22,3381.652601,0.0006252088414,1.505140118e-05
10,40.0,44.0,22,3383.688515,0.0006219477325,1.576790297e-05
10,40.0,44.0,22,3385.724428,0.000624467538,1.512764706e-05
10,40.0,44.0,22,3387.760342,0.0006301748275,1.455183661e-05
10,40.0,44.0,22,3389.796256,0.0006312269067,1.721255819e-05
10,40.0,44.0,22,3391.832169,0.0006170159196,2.101830553e-05
10,40.0,44.0,22,3393.868083,0.0005979262762,2.034087834e-05
10,40.0,44.0,22,3395.903997,0.0005855210649,1.968052867e-05
10,40.0,44.0,22,3397.93991,0.0005741867904,1.988449944e-05
10,40.0,44.0,22,3399.975824,0.0005686137861,1.978186109e-05
10,40.0,44.0,22,3402.011738,0.0005790757601,1.908493882e-05
10,40.0,44.0,22,3404.047651,0.0005892160413,1.807861466e-05
10,40.0,44.0,22,3406.083565,0.000581787225,1.649820533e-05
10,40.0,44.0,22,3408.119479,0.0005658810891,1.54047911e-05
10,40.0,44.0,22,3410.155392,0.0005567981632,1.474958815e-05
10,40.0,44.0,22,3412.191306,0.0005523105092,1.49624531e-05
10,40.0,44.0,22,3414.22722,0.0005420109251,1.596558571e-05
10,40.0,44.0,22,3416.263133,0.000528576661,1.715835818e-05
10,40.0,44.0,22,3418.299047,0.0005143520722,1.714972993e-05
10,40.0,44.0,22,3420.334961,0.0004963406741,1.594677591e-05
10,40.0,44.0,22,3422.370874,0.0004841268716,1.454251884e-05
10,40.0,44.0,22,3424.406788,0.0004827361431,1.279819561e-05
10,40.0,44.0,22,3426.442702,0.0004797967296,1.129318917e-05
10,40.0,44.0,22,3428.478615,0.0004698970383,1.150879092e-05
10,40.0,44.0,22,3430.514529,0.0004645734765,1.436839265e-05
10,40.0,44.0,22,3432.550443,0.0004647092754,1.565943415e-05
10,40.0,44.0,22,3434.586356,0.0004580307496,1.565925512e-05
10,40.0,44.0,22,3436.62227,0.0004452399937,1.44530691e-05
10,40.0,44.0,22,3438.658184,0.000435271768,1.253225289e-05
10,40.0,44.0,22,3440.694097,0.0004310161926,1.199446561e-05
10,40.0,44.0,22,3442.730011,0.0004307484489,1.282173707e-05
10,40.0,44.0,22,3444.765925,0.0004293663969,1.40793342e-05
10,40.0,44.0,22,3446.801838,0.0004261721654,1.527915579e-05
10,40.0,44.0,22,3448.837752,0.0004226443859,1.509786062e-05
10,40.0,44.0,22,3450.873666,0.0004152783447,1.468982931e-05
10,40.0,44.0,22,3452.909579,0.0004059585714,1.440900132e-05
10,40.0,44.0,22,3454.945493,0.0004012654173,1.423549326e-05
10,40.0,44.0,22,3456.981407,0.0003963193173,1.467436546e-05
10,40.0,44.0,22,3459.01732,0.0003820973726,1.391712144e-05
10,40.0,44.0,22,3461.053234,0.0003641894129,1.143244969e-05
10,40.0,44.0,22,3463.089148,0.0003559721875,1.080587153e-05
10,40.0,44.0,22,3465.125061,0.0003582507826,1.26679576e-05
10,40.0,44.0,22,3467.160975,0.0003592458723,1.39160129e-05
10,40.0,44.0,22,3469.196889,0.0003533624312,1.305932279e-05
10,40.0,44.0,22,3471.232802,0.0003409925652,1.170350333e-05
10,40.0,44.0,22,3473.268716,0.0003253940189,1.099261432e-05
10,40.0,44.0,22,3475.30463,0.0003112397761,9.84308264e-06
10,40.0,44.0,22,3477.340543,0.0002975149698,9.641334622e-06
10,40.0,44.0,22,3479.376457,0.0002891762603,1.023211807e-05
10,40.0,44.0,22,3481.412371,0.0002907945454,1.005558222e-05
10,40.0,44.0,22,3483.448284,0.0002939150941,9.754010438e-06
10,40.0,44.0,22,3485.484198,0.0002935107872,9.272581971e-06
10,40.0,44.0,22,3487.520112,0.0002905117096,9.641077715e-06
10,40.0,44.0,22,3489.556025,0.000284094329,9.747334137e-06
10,40.0,44.0,22,3491.591939,0.0002762568556,9.338709398e-06
10,40.0,44.0,22,3493.627853,0.0002714024374,9.754882775e-06
10,40.0,44.0,22,3495.663766,0.0002652688492,9.642046861e-06
10,40.0,44.0,22,3497.69968,0.0002552079308,8.589396965e-06
10,40.0,44.0,22,3499.735594,0.0002484947823,8.787213102e-06
10,40.0,44.0,22,3501.771507,0.0002456695271,9.028250688e-06
10,40.0,44.0,22,3503.807421,0.0002385769939,9.930720024e-06
10,40.0,44.0,22,3505.843335,0.0002279198386,1.069137416e-05
10,40.0,44.0,22,3507.879248,0.0002227398918,1.052524085e-05
10,40.0,44.0,22,3509.915162,0.0002246682331,1.031197949e-05
10,40.0,44.0,22,3511.951076,0.0002242960135,1.039010058e-05
10,40.0,44.0,22,3513.986989,0.0002160550166,9.57282691e-06
10,40.0,44.0,22,3516.022903,0.0002053084108,8.256464886e-06
10,40.0,44.0,22,3518.058817,0.000198551299,7.741583474e-06
10,40.0,44.0,22,3520.09473,0.0001989282151,8.695088056e-06
10,40.0,44.0,22,3522.130644,0.0002019148812,9.38566409e-06
10,40.0,44.0,22,3524.166558,0.0001984836712,8.99589104e-06
10,40.0,44.0,22,3526.202471,0.0001900413376,8.036028842e-06
10,40.0,44.0,22,3528.238385,0.0001821058657,7.718281897e-06
10,40.0,44.0,22,3530.274299,0.0001761301012,7.613944214e-06
10,40.0,44.0,22,3532.310212,0.000171833264,7.619727258e-06
10,40.0,44.0,22,3534.346126,0.0001665185799,7.711108367e-06
10,40.0,44.0,22,3536.38204,0.0001609476955,7.493785143e-06
10,40.0,44.0,22,3538.417953,0.0001575019113,7.347638201e-06
10,40.0,44.0,22,3540.453867,0.0001542446691,7.146065028e-06
10,40.0,44.0,22,3542.489781,0.0001507118943,6.890745551e-06
10,40.0,44.0,22,3544.525694,0.0001480147087,6.681542388e-06
10,40.0,44.0,22,3546.561608,0.0001462566861,6.676981306e-06
10,40.0,44.0,22,3548.597522,0.0001468188725,7.72293848e-06
10,40.0,44.0,22,3550.633435,0.0001485613748,8.96842029e-06
10,40.0,44.0,22,3552.669349,0.0001475578272,9.080449165e-06
10,40.0,44.0,22,3554.705263,0.0001441210943,8.144367763e-06
10,40.0,44.0,22,3556.741176,0.000142003053,7.936159354e-06
10,40.0,44.0,22,3558.77709,0.0001428216972,8.881290065e-06
10,40.0,44.0,22,3560.813004,0.0001432225481,8.902815227e-06
10,40.0,44.0,22,3562.848917,0.0001388747463,7.998147713e-06
10,40.0,44.0,22,3564.884831,0.0001329502092,7.828343336e-06
10,40.0,44.0,22,3566.920745,0.000129590845,7.934622044e-06
10,40.0,44.0,22,3568.956658,0.0001256921517,7.684846299e-06
10,40.0,44.0,22,3570.992572,0.000120622876,7.528479546e-06
10,40.0,44.0,22,3573.028486,0.0001168521533,7.013382068e-06
10,40.0,44.0,22,3575.064399,0.0001135772305,6.235217771e-06
10,40.0,44.0,22,3577.100313,0.0001100818433,5.827410118e-06
10,40.0,44.0,22,3579.136227,0.000107341255,5.77946292e-06
10,40.0,44.0,22,3581.17214,0.0001064341144,5.604892794e-06
10,40.0,44.0,22,3583.208054,0.000106219761,5.171902555e-06
10,40.0,44.0,22,3585.243968,0.0001033934898,4.821184474e-06
10,40.0,44.0,22,3587.279881,9.754810436e-05,4.666691947e-06
10,40.0,44.0,22,3589.315795,9.381986023e-05,5.010824848e-06
10,40.0,44.0,22,3591.351709,9.377791005e-05,5.382800628e-06
10,40.0,44.0,22,3593.387622,9.358804893e-05,5.309186316e-06
10,40.0,44.0,22,3595.423536,9.407918342e-05,5.416295489e-06
10,40.0,44.0,22,3597.45945,9.595060255e-05,5.858540647e-06
10,40.0,44.0,22,3599.495363,9.68761916e-05,6.140848909e-06
10,40.0,44.0,22,3601.531277,9.571797625e-05,6.049207668e-06
10,40.0,44.0,22,3603.567191,9.189343996e-05,5.896001216e-06
10,40.0,44.0,22,3605.603104,8.734059861e-05,5.610775186e-06
10,40.0,44.0,22,3607.639018,8.370418217e-05,5.635107649e-06
10,40.0,44.0,22,3609.674932,8.056231019e-05,5.491281675e-06
10,40.0,44.0,22,3611.710845,7.752374612e-05,5.309532143e-06
10,40.0,44.0,22,3613.746759,7.491803422e-05,5.08049736e-06
10,40.0,44.0,22,3615.782673,7.45623178e-05,5.021789625e-06
10,40.0,44.0,22,3617.818586,7.733202327e-05,5.204085608e-06
10,40.0,44.0,22,3619.8545,8.071048449e-05,5.543638201e-06
10,40.0,44.0,22,3621.890414,8.108545473e-05,5.98090279e-06
10,40.0,44.0,22,3623.926327,7.810365621e-05,6.461029712e-06
10,40.0,44.0,22,3625.962241,7.424198269e-05,6.690447936e-06
10,40.0,44.0,22,3627.998155,7.166871249e-05,6.243859993e-06
10,40.0,44.0,22,3630.034068,7.037277392e-05,5.739563127e-06
10,40.0,44.0,22,3632.069982,6.842116449e-05,5.67097693e-06
10,40.0,44.0,22,3634.105896,6.639237961e-05,5.803889739e-06
10,40.0,44.0,22,3636.141809,6.50097069e-05,5.674656e-06
10,40.0,44.0,22,3638.177723,6.297796407e-05,5.214896494e-06
10,40.0,44.0,22,3640.213637,6.078205141e-05,4.759853219e-06
10,40.0,44.0,22,3642.24955,5.955898743e-05,4.480543573e-06
10,40.0,44.0,22,3644.285464,5.887512129e-05,4.518730076e-06
10,40.0,44.0,22,3646.321378,5.737328992e-05,4.215708021e-06
10,40.0,44.0,22,3648.357291,5.546585558e-05,3.882262806e-06
10,40.0,44.0,22,3650.393205,5.436402454e-05,3.802109663e-06
10,40.0,44.0,22,3652.429119,5.352128611e-05,3.998381975e-06
10,40.0,44.0,22,3654.465032,5.309611052e-05,4.292180545e-06
10,40.0,44.0,22,3656.500946,5.349675895e-05,4.536191681e-06
10,40.0,44.0,22,3658.53686,5.372066862e-05,4.589136728e-06
10,40.0,44.0,22,3660.572773,5.309030373e-05,4.374112223e-06
10,40.0,44.0,22,3662.608687,5.225437615e-05,4.280246826e-06
10,40.0,44.0,22,3664.644601,5.195849961e-05,4.446337915e-06
10,40.0,44.0,22,3666.680514,5.138186355e-05,4.692239472e-06
10,40.0,44.0,22,3668.716428,4.955890641e-05,4.756239581e-06
10,40.0,44.0,22,3670.752342,4.834369607e-05,5.039669503e-06
10,40.0,44.0,22,3672.788255,4.875705894e-05,5.676523783e-06
10,40.0,44.0,22,3674.824169,4.855933249e-05,5.342973016e-06
10,40.0,44.0,22,3676.860083,4.700874338e-05,4.650191814e-06
10,40.0,44.0,22,3678.895996,4.490019747e-05,4.232497849e-06
10,40.0,44.0,22,3680.93191,4.271069274e-05,4.003309158e-06
10,40.0,44.0,22,3682.967824,4.173046674e-05,4.026088277e-06
10,40.0,44.0,22,3685.003737,4.224487089e-05,4.507697325e-06
10,40.0,44.0,22,3687.039651,4.215020001e-05,4.815942537e-06
10,40.0,44.0,22,3689.075565,3.969692635e-05,4.0498653e-06
10,40.0,44.0,22,3691.111478,3.682542668e-05,3.447544729e-06
10,40.0,44.0,22,3693.147392,3.609283764e-05,3.460930782e-06
10,40.0,44.0,22,3695.183306,3.605933704e-05,3.989274534e-06
10,40.0,44.0,22,3697.219219,3.463710837e-05,3.658099457e-06
10,40.0,44.0,22,3699.255133,3.254035288e-05,3.133594468e-06
10,40.0,44.0,22,3701.291047,3.175808669e-05,3.196522565e-06
10,40.0,44.0,22,3703.32696,3.322355885e-05,4.95235735e-06
10,40.0,44.0,22,3705.362874,3.50063976e-05,6.958039839e-06
10,40.0,44.0,22,3707.398788,3.436181995e-05,6.38159259e-06
10,40.0,44.0,22,3709.434701,3.213022874e-05,4.235373672e-06
10,40.0,44.0,22,3711.470615,3.11367259e-05,3.563953192e-06
10,40.0,44.0,22,3713.506529,3.17415779e-05,3.907006249e-06
10,40.0,44.0,22,3715.542442,3.152321608e-05,3.761575258e-06
10,40.0,44.0,22,3717.578356,2.990579088e-05,3.49359532e-06
10,40.0,44.0,22,3719.61427,2.888610416e-05,3.583570874e-06
10,40.0,44.0,22,3721.650183,2.906488926e-05,3.821555448e-06
10,40.0,44.0,22,3723.686097,3.010146942e-05,4.293056517e-06
10,40.0,44.0,22,3725.722011,3.069959262e-05,4.505289051e-06
10,40.0,44.0,22,3727.757924,2.97999373e-05,4.074032665e-06
10,40.0,44.0,22,3729.793838,2.884930833e-05,3.821036414e-06
10,40.0,44.0,22,3731.829752,2.851946614e-05,3.799592148e-06
10,40.0,44.0,22,3733.865665,2.733296936e-05,3.459538014e-06
10,40.0,44.0,22,3735.901579,2.556724721e-05,3.258868358e-06
10,40.0,44.0,22,3737.937493,2.537666827e-05,3.420711486e-06
10,40.0,44.0,22,3739.973406,2.584564646e-05,4.279527657e-06
10,40.0,44.0,22,3742.00932,2.429368039e-05,3.998485048e-06
10,40.0,44.0,22,3744.045234,2.123999042e-05,2.74429106e-06
10,40.0,44.0,22,3746.081147,1.908678988e-05,1.8517389e-06
10,40.0,44.0,22,3748.117061,1.875471996e-05,1.770329829e-06
10,40.0,44.0,22,3750.152975,1.941697462e-05,2.047845767e-06
10,40.0,44.0,22,3752.188888,1.99222542e-05,2.410166928e-06
10,40.0,44.0,22,3754.224802,1.967514121e-05,2.568735075e-06
10,40.0,44.0,22,3756.260716,1.874918799e-05,2.42916559e-06
10,40.0,44.0,22,3758.296629,1.820011841e-05,2.497546486e-06
10,40.0,44.0,22,3760.332543,1.869642246e-05,2.89046879e-06
10,40.0,44.0,22,3762.368457,1.944977243e-05,3.248383734e-06
10,40.0,44.0,22,3764.40437,1.969549685e-05,3.332855862e-06
10,40.0,44.0,22,3766.440284,1.933472676e-05,3.203027573e-06
10,40.0,44.0,22,3768.476198,1.822601681e-05,2.935019165e-06
10,40.0,44.0,22,3770.512111,1.670003536e-05,2.507884468e-06
10,40.0,44.0,22,3772.548025,1.560230987e-05,2.110445477e-06
10,40.0,44.0,22,3774.583939,1.531187204e-05,1.970296766e-06
10,40.0,44.0,22,3776.619852,1.526240393e-05,1.855768245e-06
10,40.0,44.0,22,3778.655766,1.473540118e-05,1.703591555e-06
10,40.0,44.0,22,3780.69168,1.385108636e-05,1.574436126e-06
10,40.0,44.0,22,3782.727593,1.314976914e-05,1.412427957e-06
10,40.0,44.0,22,3784.763507,1.314925575e-05,1.375077985e-06
10,40.0,44.0,22,3786.799421,1.350384659e-05,1.525544191e-06
10,40.0,44.0,22,3788.835334,1.362340008e-05,1.65401227e-06
10,40.0,44.0,22,3790.871248,1.361692848e-05,1.776349517e-06
10,40.0,44.0,22,3792.907162,1.354009307e-05,1.930474464e-06
10,40.0,44.0,22,3794.943075,1.32776009e-05,1.955688948e-06
10,40.0,44.0,22,3796.978989,1.274365613e-05,1.673610623e-06
10,40.0,44.0,22,3799.014903,1.218749926e-05,1.427903324e-06
10,40.0,44.0,22,3801.050816,1.173620708e-05,1.339728062e-06
10,40.0,44.0,22,3803.08673,1.124122655e-05,1.22328149e-06
10,40.0,44.0,22,3805.122644,1.097320981e-05,1.139101094e-06
10,40.0,44.0,22,3807.158557,1.084571838e-05,1.019289933e-06
10,40.0,44.0,22,3809.194471,1.0640562e-05,8.823659983e-07
10,40.0,44.0,22,3811.230385,1.056351393e-05,8.580251482e-07
10,40.0,44.0,22,3813.266298,1.057377148e-05,8.52022812e-07
10,40.0,44.0,22,3815.302212,1.053271169e-05,8.303369809e-07
10,40.0,44.0,22,3817.338126,1.049806404e-05,7.784475561e-07
10,40.0,44.0,22,3819.374039,1.050382364e-05,7.980356798e-07
10,40.0,44.0,22,3821.409953,1.035629055e-05,8.43550278e-07
10,40.0,44.0,22,3823.445867,1.012262244e-05,8.421781075e-07
10,40.0,44.0,22,3825.48178,9.955282003e-06,8.792592995e-07
10,40.0,44.0,22,3827.517694,9.708730165e-06,8.231468984e-07
10,40.0,44.0,22,3829.553608,9.410454949e-06,6.366235334e-07
10,40.0,44.0,22,3831.589521,9.202425321e-06,5.139385534e-07
10,40.0,44.0,22,3833.625435,9.012840867e-06,4.801002673e-07
10,40.0,44.0,22,3835.661349,8.719378207e-06,4.543787075e-07
10,40.0,44.0,22,3837.697262,8.428846335e-06,4.384951818e-07
10,40.0,44.0,22,3839.733176,8.355985394e-06,4.345687266e-07
10,40.0,44.0,22,3841.76909,8.429755948e-06,4.45670919e-07
10,40.0,44.0,22,3843.805003,8.445308589e-06,4.177012214e-07
10,40.0,44.0,22,3845.840917,8.371230921e-06,3.762320176e-07
10,40.0,44.0,22,3847.876831,8.232343363e-06,3.585829065e-07
10,40.0,44.0,22,3849.912744,8.195413938e-06,3.528016876e-07
10,40.0,44.0,22,3851.948658,8.273738496e-06,3.624866552e-07
10,40.0,44.0,22,3853.984572,8.273312188e-06,3.825786622e-07
10,40.0,44.0,22,3856.020485,8.282829949e-06,4.304451528e-07
10,40.0,44.0,22,3858.056399,8.388635389e-06,4.917869864e-07
10,40.0,44.0,22,3860.092313,8.444637468e-06,4.925154123e-07
10,40.0,44.0,22,3862.128226,8.383532321e-06,4.349132624e-07
10,40.0,44.0,22,3864.16414,8.281933559e-06,3.83521686e-07
10,40.0,44.0,22,3866.200054,8.179557891e-06,3.560339919e-07
10,40.0,44.0,22,3868.235967,8.080004321e-06,3.571214921e-07
10,40.0,44.0,22,3870.271881,7.994877125e-06,3.716585628e-07
10,40.0,44.0,22,3872.307795,7.841763676e-06,3.444121748e-07
10,40.0,44.0,22,3874.343708,7.698179382e-06,2.994151466e-07
10,40.0,44.0,22,3876.379622,7.715495091e-06,2.8279973e-07
10,40.0,44.0,22,3878.415536,7.79916861e-06,2.714835119e-07
10,40.0,44.0,22,3880.451449,7.881840506e-06,2.585769789e-07
10,40.0,44.0,22,3882.487363,7.951797776e-06,2.586059958e-07
10,40.0,44.0,22,3884.523277,7.868025996e-06,2.727860602e-07
10,40.0,44.0,22,3886.55919,7.666349626e-06,2.862760994e-07
10,40.0,44.0,22,3888.595104,7.584653304e-06,2.951949782e-07
10,40.0,44.0,22,3890.631018,7.593567349e-06,2.984683731e-07
10,40.0,44.0,22,3892.666931,7.590492475e-06,2.960977631e-07
10,40.0,44.0,22,3894.702845,7.588558269e-06,2.766784922e-07
10,40.0,44.0,22,3896.738759,7.56831932e-06,2.41488314e-07
10,40.0,44.0,22,3898.774672,7.586364999e-06,2.113228466e-07
10,40.0,44.0,22,3900.810586,7.669203992e-06,2.13789351e-07
10,40.0,44.0,22,3902.8465,7.75547477e-06,2.400486433e-07
10,40.0,44.0,22,3904.882413,7.857085264e-06,2.45847877e-07
10,40.0,44.0,22,3906.918327,7.958973222e-06,2.220677722e-07
10,40.0,44.0,22,3908.954241,7.976886131e-06,2.116512896e-07
10,40.0,44.0,22,3910.990154,7.895066262e-06,2.175409504e-07
10,40.0,44.0,22,3913.026068,7.812745012e-06,2.18436839e-07
10,40.0,44.0,22,3915.061982,7.823590126e-06,2.161355376e-07
10,40.0,44.0,22,3917.097895,7.83840158e-06,2.366345167e-07
10,40.0,44.0,22,3919.133809,7.756529245e-06,2.378035777e-07
10,40.0,44.0,22,3921.169723,7.658607532e-06,2.158576184e-07
10,40.0,44.0,22,3923.205636,7.661400511e-06,2.019502476e-07
10,40.0,44.0,22,3925.24155,7.731546974e-06,1.872248143e-07
10,40.0,44.0,22,3927.277464,7.746778212e-06,1.825542325e-07
10,40.0,44.0,22,3929.313377,7.721132652e-06,1.902226581e-07
10,40.0,44.0,22,3931.349291,7.723135117e-06,1.995161143e-07
10,40.0,44.0,22,3933.385205,7.746961148e-06,1.995520194e-07
10,40.0,44.0,22,3935.421118,7.810506163e-06,1.957165584e-07
10,40.0,44.0,22,3937.457032,7.925729471e-06,2.03998743e-07
10,40.0,44.0,22,3939.492946,7.998277507e-06,2.079397931e-07
10,40.0,44.0,22,3941.528859,7.981604746e-06,1.995354688e-07
10,40.0,44.0,22,3943.564773,7.928084374e-06,1.880926749e-07
10,40.0,44.0,22,3945.600687,7.889745299e-06,2.014090382e-07
10,40.0,44.0,22,3947.6366,7.923517353e-06,2.234828255e-07
10,40.0,44.0,22,3949.672514,8.01056201e-06,2.256200433e-07
10,40.0,44.0,22,3951.708428,8.076030854e-06,2.21625691e-07
10,40.0,44.0,22,3953.744341,8.073781207e-06,2.226996198e-07
10,40.0,44.0,22,3955.780255,8.028658563e-06,2.223971949e-07
10,40.0,44.0,22,3957.816169,8.016794271e-06,2.269946293e-07
10,40.0,44.0,22,3959.852082,8.088248122e-06,2.453540353e-07
10,40.0,44.0,22,3961.887996,8.20929667e-06,2.53736837e-07
10,40.0,44.0,22,3963.92391,8.278973325e-06,2.577371692e-07
10,40.0,44.0,22,3965.959823,8.286932378e-06,2.649560972e-07
10,40.0,44.0,22,3967.995737,8.256214238e-06,2.533210904e-07
10,40.0,44.0,22,3970.031651,8.161310167e-06,2.199014883e-07
10,40.0,44.0,22,3972.067564,8.073691948e-06,1.817254546e-07
10,40.0,44.0,22,3974.103478,8.018213125e-06,1.686578233e-07
10,40.0,44.0,22,3976.139392,7.944014176e-06,1.767523375e-07
10,40.0,44.0,22,3978.175305,7.931864659e-06,1.731936618e-07
10,40.0,44.0,22,3980.211219,8.013622312e-06,1.690294949e-07
10,40.0,44.0,22,3982.247133,8.109535302e-06,1.885492717e-07
10,40.0,44.0,22,3984.283046,8.176252078e-06,2.198797232e-07
10,40.0,44.0,22,3986.31896,8.20740039e-06,2.384229957e-07
10,40.0,44.0,22,3988.354874,8.239449894e-06,2.269289098e-07
10,40.0,44.0,22,3990.390787,8.262075229e-06,2.10221344e-07
10,40.0,44.0,22,3992.426701,8.251417477e-06,2.096978552e-07
10,40.0,44.0,22,3994.462615,8.233896667e-06,2.26079968e-07
10,40.0,44.0,22,3996.498528,8.203305081e-06,2.366476465e-07
10,40.0,44.0,22,3998.534442,8.178192325e-06,2.31825494e-07
11,44.0,48.0,23,1201.189064,4.275808099e-05,6.794778505e-07
11,44.0,48.0,23,1203.224977,4.297658979e-05,6.334184606e-07
11,44.0,48.0,23,1205.260891,4.275169292e-05,7.844958276e-07
11,44.0,48.0,23,1207.296805,4.241169458e-05,8.249479093e-07
11,44.0,48.0,23,1209.332718,4.253027811e-05,8.053282777e-07
11,44.0,48.0,23,1211.368632,4.267533238e-05,7.75980571e-07
11,44.0,48.0,23,1213.404546,4.236641652e-05,7.764021674e-07
11,44.0,48.0,23,1215.440459,4.185530118e-05,8.132888133e-07
11,44.0,48.0,23,1217.476373,4.147015401e-05,8.244816901e-07
11,44.0,48.0,23,1219.512287,4.158809226e-05,8.631057203e-07
11,44.0,48.0,23,1221.5482,4.200635395e-05,8.669534884e-07
11,44.0,48.0,23,1223.584114,4.164615484e-05,8.623106951e-07
11,44.0,48.0,23,1225.620028,4.081890757e-05,8.618191474e-07
11,44.0,48.0,23,1227.655941,4.034231181e-05,8.659442412e-07
11,44.0,48.0,23,1229.691855,3.995002074e-05,7.882190574e-07
11,44.0,48.0,23,1231.727769,4.002887477e-05,7.316829495e-07
11,44.0,48.0,23,1233.763682,4.051482897e-05,6.781943495e-07
11,44.0,48.0,23,1235.799596,4.049893793e-05,6.956666624e-07
11,44.0,48.0,23,1237.83551,4.050967648e-05,7.967708247e-07
11,44.0,48.0,23,1239.871423,4.128320891e-05,8.700117173e-07
11,44.0,48.0,23,1241.907337,4.184791489e-05,8.47747765e-07
11,44.0,48.0,23,1243.943251,4.124919703e-05,7.820744306e-07
11,44.0,48.0,23,1245.979164,4.032914533e-05,6.867138164e-07
11,44.0,48.0,23,1248.015078,4.001332248e-05,6.914486918e-07
11,44.0,48.0,23,1250.050992,4.022466604e-05,7.814552248e-07
11,44.0,48.0,23,1252.086905,4.051993885e-05,7.817927188e-07
11,44.0,48.0,23,1254.122819,4.035935124e-05,8.01869298e-07
11,44.0,48.0,23,1256.158733,3.98555779e-05,7.778625821e-07
11,44.0,48.0,23,1258.194646,3.969616872e-05,7.045376355e-07
11,44.0,48.0,23,1260.23056,4.00742805e-05,7.192882877e-07
11,44.0,48.0,23,1262.266474,4.063910219e-05,8.351702155e-07
11,44.0,48.0,23,1264.302387,4.096629471e-05,8.256328527e-07
11,44.0,48.0,23,1266.338301,4.109479837e-05,7.939929364e-07
11,44.0,48.0,23,1268.374215,4.113958282e-05,8.003561309e-07
11,44.0,48.0,23,1270.410128,4.102607597e-05,8.540775435e-07
11,44.0,48.0,23,1272.446042,4.090358187e-05,8.699195124e-07
11,44.0,48.0,23,1274.481956,4.104630987e-05,8.917540022e-07
11,44.0,48.0,23,1276.517869,4.130990459e-05,8.136633148e-07
11,44.0,48.0,23,1278.553783,4.151859382e-05,7.160660848e-07
11,44.0,48.0,23,1280.589697,4.156615379e-05,7.710510161e-07
11,44.0,48.0,23,1282.62561,4.142919193e-05,9.01545846e-07
11,44.0,48.0,23,1284.661524,4.160954026e-05,9.725588778e-07
11,44.0,48.0,23,1286.697438,4.222023984e-05,9.784582091e-07
11,44.0,48.0,23,1288.733351,4.297295527e-05,9.655671253e-07
11,44.0,48.0,23,1290.769265,4.333183885e-05,9.26888246e-07
11,44.0,48.0,23,1292.805179,4.318720251e-05,1.004765657e-06
11,44.0,48.0,23,1294.841092,4.307892494e-05,9.91262327e-07
11,44.0,48.0,23,1296.877006,4.332138964e-05,8.835435162e-07
11,44.0,48.0,23,1298.91292,4.406403231e-05,9.204039037e-07
11,44.0,48.0,23,1300.948833,4.450657932e-05,9.845779479e-07
11,44.0,48.0,23,1302.984747,4.389938693e-05,9.605439046e-07
11,44.0,48.0,23,1305.020661,4.347549431e-05,8.222314152e-07
11,44.0,48.0,23,1307.056574,4.423237032e-05,8.041675876e-07
11,44.0,48.0,23,1309.092488,4.560760733e-05,1.05410063e-06
11,44.0,48.0,23,1311.128402,4.681257785e-05,1.160094979e-06
11,44.0,48.0,23,1313.164315,4.715044149e-05,1.088688853e-06
11,44.0,48.0,23,1315.200229,4.66752052e-05,1.053967783e-06
11,44.0,48.0,23,1317.236143,4.630816284e-05,1.053907034e-06
11,44.0,48.0,23,1319.272056,4.673143868e-05,1.087320857e-06
11,44.0,48.0,23,1321.30797,4.75682481e-05,1.114298537e-06
11,44.0,48.0,23,1323.343884,4.792747012e-05,1.079013244e-06
11,44.0,48.0,23,1325.379797,4.802422243e-05,1.1109379e-06
11,44.0,48.0,23,1327.415711,4.871622104e-05,1.152157178e-06
11,44.0,48.0,23,1329.451625,4.996864524e-05,1.253535566e-06
11,44.0,48.0,23,1331.487538,5.091225081e-05,1.334321066e-06
11,44.0,48.0,23,1333.523452,5.108862295e-05,1.316550845e-06
11,44.0,48.0,23,1335.559366,5.116254282e-05,1.273907646e-06
11,44.0,48.0,23,1337.595279,5.152361432e-05,1.258517769e-06
11,44.0,48.0,23,1339.631193,5.222539094e-05,1.302022937e-06
11,44.0,48.0,23,1341.667107,5.335607817e-05,1.382083314e-06
11,44.0,48.0,23,1343.70302,5.406938432e-05,1.317911144e-06
11,44.0,48.0,23,1345.738934,5.398835331e-05,1.398803078e-06
11,44.0,48.0,23,1347.774848,5.390921895e-05,1.502458719e-06
11,44.0,48.0,23,1349.810761,5.410099421e-05,1.373101692e-06
11,44.0,48.0,23,1351.846675,5.395718887e-05,1.276831279e-06
11,44.0,48.0,23,1353.882589,5.343935211e-05,1.354142846e-06
11,44.0,48.0,23,1355.918502,5.383472074e-05,1.27667226e-06
11,44.0,48.0,23,1357.954416,5.532874068e-05,1.337284168e-06
11,44.0,48.0,23,1359.99033,5.626144281e-05,1.441538782e-06
11,44.0,48.0,23,1362.026243,5.629044022e-05,1.437586397e-06
11,44.0,48.0,23,1364.062157,5.696368042e-05,1.532724752e-06
11,44.0,48.0,23,1366.098071,5.835809675e-05,1.603555347e-06
11,44.0,48.0,23,1368.133984,5.94166834e-05,1.689365764e-06
11,44.0,48.0,23,1370.169898,6.047598551e-05,1.829907002e-06
11,44.0,48.0,23,1372.205812,6.179952087e-05,1.979244089e-06
11,44.0,48.0,23,1374.241725,6.323518021e-05,2.038607365e-06
11,44.0,48.0,23,1376.277639,6.480306878e-05,1.990065049e-06
11,44.0,48.0,23,1378.313553,6.628747242e-05,2.033049531e-06
11,44.0,48.0,23,1380.349466,6.74774265e-05,2.061137687e-06
11,44.0,48.0,23,1382.38538,6.90847497e-05,2.156580906e-06
11,44.0,48.0,23,1384.421294,7.174326493e-05,2.433868525e-06
11,44.0,48.0,23,1386.457207,7.292088458e-05,2.611633796e-06
11,44.0,48.0,23,1388.493121,7.149473488e-05,2.473711329e-06
11,44.0,48.0,23,1390.529035,7.056920893e-05,2.220428901e-06
11,44.0,48.0,23,1392.564948,7.128931056e-05,1.986900189e-06
11,44.0,48.0,23,1394.600862,7.255868402e-05,1.914562538e-06
11,44.0,48.0,23,1396.636776,7.345249963e-05,1.887204695e-06
11,44.0,48.0,23,1398.672689,7.385478229e-05,2.02132121e-06
11,44.0,48.0,23,1400.708603,7.486444467e-05,2.125147414e-06
11,44.0,48.0,23,1402.744517,7.609046511e-05,2.164512009e-06
11,44.0,48.0,23,1404.78043,7.669871145e-05,2.303512654e-06
11,44.0,48.0,23,1406.816344,7.789653879e-05,2.424397504e-06
11,44.0,48.0,23,1408.852258,7.991754079e-05,2.248077742e-06
11,44.0,48.0,23,1410.888171,8.147329357e-05,2.23458742e-06
11,44.0,48.0,23,1412.924085,8.27811942e-05,2.627903435e-06
11,44.0,48.0,23,1414.959999,8.466620538e-05,3.027583589e-06
11,44.0,48.0,23,1416.995912,8.680099566e-05,2.928794816e-06
11,44.0,48.0,23,1419.031826,8.888375033e-05,2.599192455e-06
11,44.0,48.0,23,1421.06774,9.175962469e-05,2.468722899e-06
11,44.0,48.0,23,1423.103653,9.666449079e-05,2.903321131e-06
11,44.0,48.0,23,1425.139567,0.0001011868357,3.607584995e-06
11,44.0,48.0,23,1427.175481,0.0001013695787,3.794785415e-06
11,44.0,48.0,23,1429.211394,9.889727295e-05,3.805882374e-06
11,44.0,48.0,23,1431.247308,9.89368956e-05,4.049517604e-06
11,44.0,48.0,23,1433.283222,0.0001029623105,4.368803257e-06
11,44.0,48.0,23,1435.319135,0.0001078056718,4.271183496e-06
11,44.0,48.0,23,1437.355049,0.0001092854176,3.757956033e-06
11,44.0,48.0,23,1439.390963,0.0001078210533,3.719785506e-06
11,44.0,48.0,23,1441.426876,0.0001081354826,4.03134972e-06
11,44.0,48.0,23,1443.46279,0.0001122445905,4.16079985e-06
11,44.0,48.0,23,1445.498704,0.0001170280685,4.245370219e-06
11,44.0,48.0,23,1447.534617,0.0001190513359,4.109132654e-06
11,44.0,48.0,23,1449.570531,0.0001185674644,4.029051648e-06
11,44.0,48.0,23,1451.606445,0.0001190605743,3.715957069e-06
11,44.0,48.0,23,1453.642358,0.0001230673383,3.357133137e-06
11,44.0,48.0,23,1455.678272,0.0001286310059,4.323136092e-06
11,44.0,48.0,23,1457.714186,0.0001319604199,5.153382485e-06
11,44.0,48.0,23,1459.750099,0.000131976005,5.10382644e-06
11,44.0,48.0,23,1461.786013,0.000131661153,4.978733961e-06
11,44.0,48.0,23,1463.821927,0.0001325304655,5.067898906e-06
11,44.0,48.0,23,1465.85784,0.0001339966153,5.286839511e-06
11,44.0,48.0,23,1467.893754,0.0001380661246,5.183192154e-06
11,44.0,48.0,23,1469.929668,0.0001460842482,5.116590832e-06
11,44.0,48.0,23,1471.965581,0.0001548680508,5.159077372e-06
11,44.0,48.0,23,1474.001495,0.0001591900541,5.192339905e-06
11,44.0,48.0,23,1476.037409,0.0001611031083,5.664106717e-06
11,44.0,48.0,23,1478.073322,0.0001648628649,6.603644706e-06
11,44.0,48.0,23,1480.109236,0.0001670915926,6.582124268e-06
11,44.0,48.0,23,1482.14515,0.000166509488,5.343358833e-06
11,44.0,48.0,23,1484.181063,0.0001683592862,5.015503652e-06
11,44.0,48.0,23,1486.216977,0.000176139782,5.978119587e-06
11,44.0,48.0,23,1488.252891,0.0001823694768,6.287133799e-06
11,44.0,48.0,23,1490.288804,0.0001819248863,5.972654786e-06
11,44.0,48.0,23,1492.324718,0.0001854054042,6.369451852e-06
11,44.0,48.0,23,1494.360632,0.000196084977,7.588608692e-06
11,44.0,48.0,23,1496.396545,0.0002033556456,7.943875064e-06
11,44.0,48.0,23,1498.432459,0.0002075226115,8.423930366e-06
11,44.0,48.0,23,1500.468373,0.0002157320052,9.037472851e-06
11,44.0,48.0,23,1502.504286,0.0002227432887,9.279755544e-06
11,44.0,48.0,23,1504.5402,0.0002246329855,8.825336344e-06
11,44.0,48.0,23,1506.576114,0.000228787022,8.447846002e-06
11,44.0,48.0,23,1508.612027,0.000234528237,7.842251718e-06
11,44.0,48.0,23,1510.647941,0.0002369631141,7.834646224e-06
11,44.0,48.0,23,1512.683855,0.0002367443493,7.767865944e-06
11,44.0,48.0,23,1514.719768,0.0002342550293,7.631999307e-06
11,44.0,48.0,23,1516.755682,0.0002374196309,8.062978685e-06
11,44.0,48.0,23,1518.791596,0.0002523323452,9.962744888e-06
11,44.0,48.0,23,1520.827509,0.0002696628785,1.201851036e-05
11,44.0,48.0,23,1522.863423,0.0002791919162,1.253200566e-05
11,44.0,48.0,23,1524.899337,0.0002782187705,1.138443016e-05
11,44.0,48.0,23,1526.93525,0.0002716119739,1.042871386e-05
11,44.0,48.0,23,1528.971164,0.0002733283534,9.699697982e-06
11,44.0,48.0,23,1531.007078,0.0002903708326,1.011159346e-05
11,44.0,48.0,23,1533.042991,0.0003114302712,1.018733854e-05
11,44.0,48.0,23,1535.078905,0.0003273239791,1.086957584e-05
11,44.0,48.0,23,1537.114819,0.0003373149788,1.14411336e-05
11,44.0,48.0,23,1539.150732,0.0003432951685,1.148148281e-05
11,44.0,48.0,23,1541.186646,0.0003475965024,1.217569653e-05
11,44.0,48.0,23,1543.22256,0.000348084154,1.21077074e-05
11,44.0,48.0,23,1545.258473,0.0003432022826,1.144954156e-05
11,44.0,48.0,23,1547.294387,0.0003389827248,1.147836198e-05
11,44.0,48.0,23,1549.330301,0.0003453080858,1.124964481e-05
11,44.0,48.0,23,1551.366214,0.0003644964389,1.220519884e-05
11,44.0,48.0,23,1553.402128,0.0003922805228,1.479829332e-05
11,44.0,48.0,23,1555.438042,0.0004159292605,1.621494086e-05
11,44.0,48.0,23,1557.473955,0.000424027067,1.743709144e-05
11,44.0,48.0,23,1559.509869,0.0004277173925,1.786152628e-05
11,44.0,48.0,23,1561.545783,0.0004399840767,1.812736806e-05
11,44.0,48.0,23,1563.581696,0.0004590958429,1.760330254e-05
11,44.0,48.0,23,1565.61761,0.0004751167984,1.894110995e-05
11,44.0,48.0,23,1567.653524,0.0004809002012,2.094948078e-05
11,44.0,48.0,23,1569.689437,0.0004829087982,1.948948763e-05
11,44.0,48.0,23,1571.725351,0.0004865482868,1.795392245e-05
11,44.0,48.0,23,1573.761265,0.000491154879,1.787608737e-05
11,44.0,48.0,23,1575.797178,0.0005014875659,1.859394999e-05
11,44.0,48.0,23,1577.833092,0.0005194145127,1.750202208e-05
11,44.0,48.0,23,1579.869006,0.0005304029426,1.602812327e-05
11,44.0,48.0,23,1581.904919,0.0005336997107,1.647897034e-05
11,44.0,48.0,23,1583.940833,0.0005469123342,1.804959372e-05
11,44.0,48.0,23,1585.976747,0.0005652588599,1.899079596e-05
11,44.0,48.0,23,1588.01266,0.0005789446878,1.860787016e-05
11,44.0,48.0,23,1590.048574,0.0005818377518,1.798402397e-05
11,44.0,48.0,23,1592.084488,0.0005733901078,1.697497646e-05
11,44.0,48.0,23,1594.120401,0.0005720013144,1.576324535e-05
11,44.0,48.0,23,1596.156315,0.0005855311151,1.545271097e-05
11,44.0,48.0,23,1598.192229,0.000603337254,1.786420761e-05
11,44.0,48.0,23,1600.228142,0.0006193498512,1.863373272e-05
11,44.0,48.0,23,1602.264056,0.0006366211702,1.80031264e-05
11,44.0,48.0,23,1604.29997,0.0006564060752,1.855542649e-05
11,44.0,48.0,23,1606.335883,0.0006707317857,2.096217819e-05
11,44.0,48.0,23,1608.371797,0.0006704513894,2.099606999e-05
11,44.0,48.0,23,1610.407711,0.0006630485166,1.968045478e-05
11,44.0,48.0,23,1612.443624,0.0006658388732,2.011531477e-05
11,44.0,48.0,23,1614.479538,0.0006749911673,2.050986501e-05
11,44.0,48.0,23,1616.515452,0.0006790210046,2.01478817e-05
11,44.0,48.0,23,1618.551365,0.0006890117662,1.785896151e-05
11,44.0,48.0,23,1620.587279,0.000714504704,1.878654982e-05
11,44.0,48.0,23,1622.623193,0.0007400863198,2.13584001e-05
11,44.0,48.0,23,1624.659106,0.0007418203711,2.01514383e-05
11,44.0,48.0,23,1626.69502,0.000724967406,2.18428469e-05
11,44.0,48.0,23,1628.730934,0.0007324865915,2.841256606e-05
11,44.0,48.0,23,1630.766847,0.0007712564203,2.785578754e-05
11,44.0,48.0,23,1632.802761,0.0007926994334,2.120398616e-05
11,44.0,48.0,23,1634.838675,0.0007808723082,2.066701666e-05
11,44.0,48.0,23,1636.874588,0.0007583172077,2.253939241e-05
11,44.0,48.0,23,1638.910502,0.000747514576,2.518135926e-05
11,44.0,48.0,23,1640.946416,0.0007643621202,2.801703007e-05
11,44.0,48.0,23,1642.982329,0.0007912859823,2.72875802e-05
11,44.0,48.0,23,1645.018243,0.0007951444159,2.342731909e-05
11,44.0,48.0,23,1647.054157,0.0007780305334,1.987959893e-05
11,44.0,48.0,23,1649.09007,0.0007770668931,2.27017694e-05
11,44.0,48.0,23,1651.125984,0.0007954626253,2.484086431e-05
11,44.0,48.0,23,1653.161898,0.0008004734589,2.451769641e-05
11,44.0,48.0,23,1655.197811,0.0007973714874,2.637003947e-05
11,44.0,48.0,23,1657.233725,0.0007966173749,2.536206297e-05
11,44.0,48.0,23,1659.269639,0.0007781177568,2.36839529e-05
11,44.0,48.0,23,1661.305552,0.0007504601582,2.323231579e-05
11,44.0,48.0,23,1663.341466,0.0007370541975,2.124143567e-05
11,44.0,48.0,23,1665.37738,0.0007440707251,1.830211955e-05
11,44.0,48.0,23,1667.413293,0.0007594971426,2.088726116e-05
11,44.0,48.0,23,1669.449207,0.0007611831869,2.429686781e-05
11,44.0,48.0,23,1671.485121,0.0007517372574,2.314497462e-05
11,44.0,48.0,23,1673.521034,0.0007340437991,2.167726058e-05
11,44.0,48.0,23,1675.556948,0.0007131640848,2.128099861e-05
11,44.0,48.0,23,1677.592862,0.0007047905523,2.506403205e-05
11,44.0,48.0,23,1679.628775,0.0006996838059,2.609903791e-05
11,44.0,48.0,23,1681.664689,0.0006957435466,2.483074099e-05
11,44.0,48.0,23,1683.700603,0.0007010253438,2.289529192e-05
11,44.0,48.0,23,1685.736516,0.0006922910135,2.254987447e-05
11,44.0,48.0,23,1687.77243,0.0006539062867,2.425666272e-05
11,44.0,48.0,23,1689.808344,0.0006095870175,2.232714427e-05
11,44.0,48.0,23,1691.844257,0.0005788453821,1.724062373e-05
11,44.0,48.0,23,1693.880171,0.0005652473656,1.54139587e-05
11,44.0,48.0,23,1695.916085,0.0005604545174,1.6599375e-05
11,44.0,48.0,23,1697.951998,0.0005442941873,1.869332534e-05
11,44.0,48.0,23,1699.987912,0.0005134595767,2.092532353e-05
11,44.0,48.0,23,1702.023826,0.0004854147453,1.865755018e-05
11,44.0,48.0,23,1704.059739,0.0004717248534,1.827989287e-05
11,44.0,48.0,23,1706.095653,0.0004650764452,1.805644963e-05
11,44.0,48.0,23,1708.131567,0.0004539090161,1.891962557e-05
11,44.0,48.0,23,1710.16748,0.0004341801118,2.101422981e-05
11,44.0,48.0,23,1712.203394,0.0004141657016,1.92211901e-05
11,44.0,48.0,23,1714.239308,0.0003961559604,1.653659106e-05
11,44.0,48.0,23,1716.275221,0.0003757219618,1.526282586e-05
11,44.0,48.0,23,1718.311135,0.0003578151317,1.455775947e-05
11,44.0,48.0,23,1720.347049,0.0003473888992,1.344636352e-05
11,44.0,48.0,23,1722.382962,0.0003409080131,1.349109194e-05
11,44.0,48.0,23,1724.418876,0.0003261015294,1.301639878e-05
11,44.0,48.0,23,1726.45479,0.0002970719062,1.174458515e-05
11,44.0,48.0,23,1728.490703,0.0002681758731,1.179376706e-05
11,44.0,48.0,23,1730.526617,0.0002548504559,1.137022008e-05
11,44.0,48.0,23,1732.562531,0.0002554881198,9.858857788e-06
11,44.0,48.0,23,1734.598444,0.0002534778105,8.730334545e-06
11,44.0,48.0,23,1736.634358,0.0002389973576,7.905261195e-06
11,44.0,48.0,23,1738.670272,0.0002189570253,7.237360663e-06
11,44.0,48.0,23,1740.706185,0.000201776149,6.782022703e-06
11,44.0,48.0,23,1742.742099,0.0001916073497,5.863822952e-06
11,44.0,48.0,23,1744.778013,0.0001861227651,5.55448888e-06
11,44.0,48.0,23,1746.813926,0.0001803132757,5.58315273e-06
11,44.0,48.0,23,1748.84984,0.0001722228851,5.146352372e-06
11,44.0,48.0,23,1750.885754,0.0001631492075,5.462789689e-06
11,44.0,48.0,23,1752.921667,0.0001578808882,5.372793626e-06
11,44.0,48.0,23,1754.957581,0.0001548560888,4.957152229e-06
11,44.0,48.0,23,1756.993495,0.0001461902368,5.007111574e-06
11,44.0,48.0,23,1759.029408,0.0001342831114,5.256178784e-06
11,44.0,48.0,23,1761.065322,0.0001271293008,5.033581177e-06
11,44.0,48.0,23,1763.101236,0.0001249506327,3.847814959e-06
11,44.0,48.0,23,1765.137149,0.0001254956924,3.360350425e-06
11,44.0,48.0,23,1767.173063,0.0001242906298,3.656304762e-06
11,44.0,48.0,23,1769.208977,0.0001177622701,4.120822267e-06
11,44.0,48.0,23,1771.24489,0.0001114226029,4.141513422e-06
11,44.0,48.0,23,1773.280804,0.0001078745948,3.609434327e-06
11,44.0,48.0,23,1775.316718,0.000103127746,3.103963531e-06
11,44.0,48.0,23,1777.352631,9.663711985e-05,2.877952602e-06
11,44.0,48.0,23,1779.388545,9.141714467e-05,2.902538522e-06
11,44.0,48.0,23,1781.424459,8.905460342e-05,2.946556669e-06
11,44.0,48.0,23,1783.460372,8.806273823e-05,2.726575365e-06
11,44.0,48.0,23,1785.496286,8.506460377e-05,2.485037751e-06
11,44.0,48.0,23,1787.5322,8.024991814e-05,2.384392408e-06
11,44.0,48.0,23,1789.568113,7.682270893e-05,2.175943151e-06
11,44.0,48.0,23,1791.604027,7.469001124e-05,1.906162577e-06
11,44.0,48.0,23,1793.639941,7.250042515e-05,1.93322428e-06
11,44.0,48.0,23,1795.675854,7.020125789e-05,1.955391419e-06
11,44.0,48.0,23,1797.711768,6.759742252e-05,2.058069377e-06
11,44.0,48.0,23,1799.747682,6.455011552e-05,2.094564427e-06
11,44.0,48.0,23,1801.783595,6.173351992e-05,1.882327307e-06
11,44.0,48.0,23,1803.819509,5.935666533e-05,1.595562184e-06
11,44.0,48.0,23,1805.855423,5.774976565e-05,1.478039771e-06
11,44.0,48.0,23,1807.891336,5.701766691e-05,1.474619321e-06
11,44.0,48.0,23,1809.92725,5.580948293e-05,1.631762995e-06
11,44.0,48.0,23,1811.963164,5.398211971e-05,1.772588565e-06
11,44.0,48.0,23,1813.999077,5.221065967e-05,1.680104409e-06
11,44.0,48.0,23,1816.034991,5.037486421e-05,1.516427795e-06
11,44.0,48.0,23,1818.070905,4.844484436e-05,1.357300975e-06
11,44.0,48.0,23,1820.106818,4.65246542e-05,1.359042709e-06
11,44.0,48.0,23,1822.142732,4.462801405e-05,1.342082003e-06
11,44.0,48.0,23,1824.178646,4.275277046e-05,1.201973929e-06
11,44.0,48.0,23,1826.214559,4.147674963e-05,1.063559489e-06
11,44.0,48.0,23,1828.250473,4.085250836e-05,9.922483772e-07
11,44.0,48.0,23,1830.286387,3.983605579e-05,1.05714705e-06
11,44.0,48.0,23,1832.3223,3.83813483e-05,1.052019521e-06
11,44.0,48.0,23,1834.358214,3.719484403e-05,9.295059434e-07
11,44.0,48.0,23,1836.394128,3.591041117e-05,8.847114988e-07
11,44.0,48.0,23,1838.430041,3.437148289e-05,8.627561809e-07
11,44.0,48.0,23,1840.465955,3.367735011e-05,8.07621626e-07
11,44.0,48.0,23,1842.501869,3.395806754e-05,7.828927931e-07
11,44.0,48.0,23,1844.537782,3.394843675e-05,7.177290562e-07
11,44.0,48.0,23,1846.573696,3.301310242e-05,7.346463745e-07
11,44.0,48.0,23,1848.60961,3.168245671e-05,8.135154276e-07
11,44.0,48.0,23,1850.645523,3.045751746e-05,7.570487096e-07
11,44.0,48.0,23,1852.681437,2.944341648e-05,6.650007934e-07
11,44.0,48.0,23,1854.717351,2.885425171e-05,6.777904736e-07
11,44.0,48.0,23,1856.753264,2.875362378e-05,6.84858947e-07
11,44.0,48.0,23,1858.789178,2.835780926e-05,6.736644934e-07
11,44.0,48.0,23,1860.825092,2.750998286e-05,7.288707798e-07
11,44.0,48.0,23,1862.861005,2.669548132e-05,6.705941704e-07
11,44.0,48.0,23,1864.896919,2.553214983e-05,6.121700974e-07
11,44.0,48.0,23,1866.932833,2.423269593e-05,5.607176135e-07
11,44.0,48.0,23,1868.968746,2.34111127e-05,4.595245736e-07
11,44.0,48.0,23,1871.00466,2.311619653e-05,4.579211272e-07
11,44.0,48.0,23,1873.040574,2.31601216e-05,5.021054628e-07
11,44.0,48.0,23,1875.076487,2.308363573e-05,4.924348576e-07
11,44.0,48.0,23,1877.112401,2.283972632e-05,4.81173659e-07
11,44.0,48.0,23,1879.148315,2.248417772e-05,4.520756708e-07
11,44.0,48.0,23,1881.184228,2.193747264e-05,4.6975932e-07
11,44.0,48.0,23,1883.220142,2.144078342e-05,4.891841242e-07
11,44.0,48.0,23,1885.256056,2.098235397e-05,4.335110438e-07
11,44.0,48.0,23,1887.291969,2.038668156e-05,3.723565186e-07
11,44.0,48.0,23,1889.327883,1.985772075e-05,4.260075361e-07
11,44.0,48.0,23,1891.363797,1.966622464e-05,4.359632045e-07
11,44.0,48.0,23,1893.39971,1.960705075e-05,4.088714945e-07
11,44.0,48.0,23,1895.435624,1.936015925e-05,4.32326174e-07
11,44.0,48.0,23,1897.471538,1.895771483e-05,4.457208073e-07
11,44.0,48.0,23,1899.507451,1.841174507e-05,3.980447543e-07
11,44.0,48.0,23,1901.543365,1.791605993e-05,3.695625721e-07
11,44.0,48.0,23,1903.579279,1.766275274e-05,3.7774827e-07
11,44.0,48.0,23,1905.615192,1.730913501e-05,3.678762405e-07
11,44.0,48.0,23,1907.651106,1.683088301e-05,3.567002644e-07
11,44.0,48.0,23,1909.68702,1.656354973e-05,3.651145552e-07
11,44.0,48.0,23,1911.722933,1.638765192e-05,3.659332049e-07
11,44.0,48.0,23,1913.758847,1.618078185e-05,3.791591108e-07
11,44.0,48.0,23,1915.794761,1.597050811e-05,3.821096517e-07
11,44.0,48.0,23,1917.830674,1.569712543e-05,3.591243301e-07
11,44.0,48.0,23,1919.866588,1.554649954e-05,3.491230651e-07
11,44.0,48.0,23,1921.902502,1.552787293e-05,3.772439963e-07
11,44.0,48.0,23,1923.938415,1.519818808e-05,3.625972531e-07
11,44.0,48.0,23,1925.974329,1.466245266e-05,2.987236533e-07
11,44.0,48.0,23,1928.010243,1.439993436e-05,2.555826921e-07
11,44.0,48.0,23,1930.046156,1.439987579e-05,2.458146248e-07
11,44.0,48.0,23,1932.08207,1.438272525e-05,2.488344387e-07
11,44.0,48.0,23,1934.117984,1.412989017e-05,2.659086512e-07
11,44.0,48.0,23,1936.153897,1.363788336e-05,2.793658322e-07
11,44.0,48.0,23,1938.189811,1.319807417e-05,2.6751569e-07
11,44.0,48.0,23,1940.225725,1.299250318e-05,2.389094622e-07
11,44.0,48.0,23,1942.261638,1.290685014e-05,2.222205016e-07
11,44.0,48.0,23,1944.297552,1.277321361e-05,2.193689243e-07
11,44.0,48.0,23,1946.333466,1.256851215e-05,2.197145351e-07
11,44.0,48.0,23,1948.369379,1.231454395e-05,2.312836099e-07
11,44.0,48.0,23,1950.405293,1.199848485e-05,2.246376563e-07
11,44.0,48.0,23,1952.441207,1.184301679e-05,2.044916238e-07
11,44.0,48.0,23,1954.47712,1.194077567e-05,2.142057567e-07
11,44.0,48.0,23,1956.513034,1.195755719e-05,2.179631765e-07
11,44.0,48.0,23,1958.548948,1.174793244e-05,1.981563108e-07
11,44.0,48.0,23,1960.584861,1.15435674e-05,1.954284677e-07
11,44.0,48.0,23,1962.620775,1.152167648e-05,2.154650027e-07
11,44.0,48.0,23,1964.656689,1.157951304e-05,2.115387371e-07
11,44.0,48.0,23,1966.692602,1.148498623e-05,2.08262635e-07
11,44.0,48.0,23,1968.728516,1.124960781e-05,2.388717002e-07
11,44.0,48.0,23,1970.76443,1.112726935e-05,2.456226751e-07
11,44.0,48.0,23,1972.800343,1.114278342e-05,2.087687172e-07
11,44.0,48.0,23,1974.836257,1.107056933e-05,1.794420146e-07
11,44.0,48.0,23,1976.872171,1.089403768e-05,1.701753708e-07
11,44.0,48.0,23,1978.908084,1.073808368e-05,1.748874286e-07
11,44.0,48.0,23,1980.943998,1.064548461e-05,2.003214894e-07
11,44.0,48.0,23,1982.979912,1.066393279e-05,2.186610028e-07
11,44.0,48.0,23,1985.015825,1.060992807e-05,2.034790493e-07
11,44.0,48.0,23,1987.051739,1.029947342e-05,1.747518687e-07
11,44.0,48.0,23,1989.087653,1.003690316e-05,1.800406799e-07
11,44.0,48.0,23,1991.123566,1.004026541e-05,2.000098473e-07
11,44.0,48.0,23,1993.15948,1.009283787e-05,2.226104887e-07
11,44.0,48.0,23,1995.195394,1.010274368e-05,2.056954519e-07
11,44.0,48.0,23,1997.231307,1.011516239e-05,1.960197636e-07
11,44.0,48.0,23,1999.267221,1.008678687e-05,2.237486246e-07
11,44.0,48.0,23,2001.303135,1.001550354e-05,2.208573489e-07
11,44.0,48.0,23,2003.339048,9.947960393e-06,1.977401859e-07
11,44.0,48.0,23,2005.374962,9.915517277e-06,2.004713717e-07
11,44.0,48.0,23,2007.410876,9.925947878e-06,2.052042502e-07
11,44.0,48.0,23,2009.446789,9.929176711e-06,1.920284017e-07
11,44.0,48.0,23,2011.482703,9.892990357e-06,1.723866894e-07
11,44.0,48.0,23,2013.518617,9.851951138e-06,1.710757485e-07
11,44.0,48.0,23,2015.55453,9.774274387e-06,1.697866328e-07
11,44.0,48.0,23,2017.590444,9.694849733e-06,1.5967998e-07
11,44.0,48.0,23,2019.626358,9.641767895e-06,1.575252326e-07
11,44.0,48.0,23,2021.662271,9.53842911e-06,1.669920717e-07
11,44.0,48.0,23,2023.698185,9.459423365e-06,1.728355022e-07
11,44.0,48.0,23,2025.734099,9.440210353e-06,1.622750881e-07
11,44.0,48.0,23,2027.770012,9.403201051e-06,1.533854098e-07
11,44.0,48.0,23,2029.805926,9.364498821e-06,1.613789113e-07
11,44.0,48.0,23,2031.84184,9.345816216e-06,1.910814915e-07
11,44.0,48.0,23,2033.877753,9.362009012e-06,2.00594856e-07
11,44.0,48.0,23,2035.913667,9.482049288e-06,2.004275211e-07
11,44.0,48.0,23,2037.949581,9.687947827e-06,2.07503145e-07
11,44.0,48.0,23,2039.985494,9.816107465e-06,2.062244788e-07
11,44.0,48.0,23,2042.021408,9.760289443e-06,1.948673435e-07
11,44.0,48.0,23,2044.057322,9.663175302e-06,1.793147019e-07
11,44.0,48.0,23,2046.093235,9.661852898e-06,1.655182635e-07
11,44.0,48.0,23,2048.129149,9.641748783e-06,1.687434968e-07
11,44.0,48.0,23,2050.165063,9.580631854e-06,1.608595154e-07
11,44.0,48.0,23,2052.200976,9.552750686e-06,1.713743426e-07
11,44.0,48.0,23,2054.23689,9.523180364e-06,1.818358373e-07
11,44.0,48.0,23,2056.272804,9.468064616e-06,1.622638103e-07
11,44.0,48.0,23,2058.308717,9.428929383e-06,1.536693717e-07
11,44.0,48.0,23,2060.344631,9.470442317e-06,1.767420292e-07
11,44.0,48.0,23,2062.380545,9.516588418e-06,1.965865636e-07
11,44.0,48.0,23,2064.416458,9.535682291e-06,1.859950272e-07
11,44.0,48.0,23,2066.452372,9.599242879e-06,1.749369677e-07
11,44.0,48.0,23,2068.488286,9.640400845e-06,1.813044839e-07
11,44.0,48.0,23,2070.524199,9.625857766e-06,1.74695937e-07
11,44.0,48.0,23,2072.560113,9.644836237e-06,1.68529138e-07
11,44.0,48.0,23,2074.596027,9.770874172e-06,1.848908256e-07
11,44.0,48.0,23,2076.63194,9.979040897e-06,1.987698098e-07
11,44.0,48.0,23,2078.667854,1.013473098e-05,2.060598499e-07
11,44.0,48.0,23,2080.703768,1.013795839e-05,2.054062498e-07
11,44.0,48.0,23,2082.739681,1.005229891e-05,1.932486313e-07
11,44.0,48.0,23,2084.775595,1.006611954e-05,1.996883242e-07
11,44.0,48.0,23,2086.811509,1.030505814e-05,2.131161932e-07
11,44.0,48.0,23,2088.847422,1.056195467e-05,2.171357621e-07
11,44.0,48.0,23,2090.883336,1.061231424e-05,2.237305718e-07
11,44.0,48.0,23,2092.91925,1.056633235e-05,2.231944849e-07
11,44.0,48.0,23,2094.955163,1.053310047e-05,2.217907553e-07
11,44.0,48.0,23,2096.991077,1.051273345e-05,2.332678034e-07
11,44.0,48.0,23,2099.026991,1.054716373e-05,2.162464467e-07
11,44.0,48.0,23,2101.062904,1.059248839e-05,2.058314426e-07
11,44.0,48.0,23,2103.098818,1.064792404e-05,2.163666018e-07
11,44.0,48.0,23,2105.134732,1.082500481e-05,2.230964056e-07
11,44.0,48.0,23,2107.170645,1.096978927e-05,2.126492999e-07
11,44.0,48.0,23,2109.206559,1.091388924e-05,2.064333105e-07
11,44.0,48.0,23,2111.242473,1.082149876e-05,2.019472811e-07
11,44.0,48.0,23,2113.278386,1.080216044e-05,2.070683253e-07
11,44.0,48.0,23,2115.3143,1.08346476e-05,2.039130456e-07
11,44.0,48.0,23,2117.350214,1.096345816e-05,1.979979787e-07
11,44.0,48.0,23,2119.386127,1.115121604e-05,2.068354848e-07
11,44.0,48.0,23,2121.422041,1.133643579e-05,2.218658113e-07
11,44.0,48.0,23,2123.457955,1.147958746e-05,2.237716528e-07
11,44.0,48.0,23,2125.493868,1.154799853e-05,2.262188511e-07
11,44.0,48.0,23,2127.529782,1.159919324e-05,2.289634211e-07
11,44.0,48.0,23,2129.565696,1.165613968e-05,2.250299324e-07
11,44.0,48.0,23,2131.601609,1.171579166e-05,2.196918585e-07
11,44.0,48.0,23,2133.637523,1.185956206e-05,2.122446822e-07
11,44.0,48.0,23,2135.673437,1.206161465e-05,1.996091617e-07
11,44.0,48.0,23,2137.70935,1.22063499e-05,2.048370564e-07
11,44.0,48.0,23,2139.745264,1.234364401e-05,2.224198414e-07
11,44.0,48.0,23,2141.781178,1.253015154e-05,2.409803352e-07
11,44.0,48.0,23,2143.817091,1.272219574e-05,2.406278883e-07
11,44.0,48.0,23,2145.853005,1.283019059e-05,2.503019797e-07
11,44.0,48.0,23,2147.888919,1.28397714e-05,2.444068138e-07
11,44.0,48.0,23,2149.924832,1.289302101e-05,2.52593843e-07
11,44.0,48.0,23,2151.960746,1.306705126e-05,2.793004717e-07
11,44.0,48.0,23,2153.99666,1.328966391e-05,3.042874318e-07
11,44.0,48.0,23,2156.032573,1.340216225e-05,3.063638284e-07
11,44.0,48.0,23,2158.068487,1.333406295e-05,2.94415249e-07
11,44.0,48.0,23,2160.104401,1.329390387e-05,2.879012661e-07
11,44.0,48.0,23,2162.140314,1.348795512e-05,2.681401411e-07
11,44.0,48.0,23,2164.176228,1.371793161e-05,2.876072106e-07
11,44.0,48.0,23,2166.212142,1.371211482e-05,2.888053939e-07
11,44.0,48.0,23,2168.248055,1.361235883e-05,2.468858949e-07
11,44.0,48.0,23,2170.283969,1.363484166e-05,2.3228543e-07
11,44.0,48.0,23,2172.319883,1.384756288e-05,2.660087912e-07
11,44.0,48.0,23,2174.355796,1.411654168e-05,2.784877438e-07
11,44.0,48.0,23,2176.39171,1.423430144e-05,3.027778088e-07
11,44.0,48.0,23,2178.427624,1.430071029e-05,3.135197258e-07
11,44.0,48.0,23,2180.463537,1.446434826e-05,2.849115229e-07
11,44.0,48.0,23,2182.499451,1.461427121e-05,2.568924665e-07
11,44.0,48.0,23,2184.535365,1.46910813e-05,2.755242642e-07
11,44.0,48.0,23,2186.571278,1.483698167e-05,2.967215417e-07
11,44.0,48.0,23,2188.607192,1.492573716e-05,2.829463286e-07
11,44.0,48.0,23,2190.643106,1.474805612e-05,2.682185007e-07
11,44.0,48.0,23,2192.679019,1.461780731e-05,2.802836261e-07
11,44.0,48.0,23,2194.714933,1.489753935e-05,2.792999029e-07
11,44.0,48.0,23,2196.750847,1.531050247e-05,3.086276648e-07
11,44.0,48.0,23,2198.78676,1.556219425e-05,3.387285067e-07
11,44.0,48.0,23,2200.822674,1.577992046e-05,3.283497774e-07
11,44.0,48.0,23,2202.858588,1.590936134e-05,3.235269805e-07
11,44.0,48.0,23,2204.894501,1.599795584e-05,3.422447194e-07
11,44.0,48.0,23,2206.930415,1.617200184e-05,3.610002805e-07
11,44.0,48.0,23,2208.966329,1.620177095e-05,3.626692022e-07
11,44.0,48.0,23,2211.002242,1.603579803e-05,3.435437206e-07
11,44.0,48.0,23,2213.038156,1.595310229e-05,3.030217424e-07
11,44.0,48.0,23,2215.07407,1.604009652e-05,2.817762428e-07
11,44.0,48.0,23,2217.109983,1.610440297e-05,3.073477548e-07
11,44.0,48.0,23,2219.145897,1.617356104e-05,2.947917972e-07
11,44.0,48.0,23,2221.181811,1.649953273e-05,2.877174415e-07
11,44.0,48.0,23,2223.217724,1.687060747e-05,3.00495211e-07
11,44.0,48.0,23,2225.253638,1.688511738e-05,3.107246517e-07
11,44.0,48.0,23,2227.289552,1.667593695e-05,3.057676255e-07
11,44.0,48.0,23,2229.325465,1.672703119e-05,2.855840318e-07
11,44.0,48.0,23,2231.361379,1.70637599e-05,2.72004552e-07
11,44.0,48.0,23,2233.397293,1.72176213e-05,2.886355249e-07
11,44.0,48.0,23,2235.433206,1.713741853e-05,3.235350115e-07
11,44.0,48.0,23,2237.46912,1.706378838e-05,3.56902609e-07
11,44.0,48.0,23,2239.505034,1.710207069e-05,3.643124181e-07
11,44.0,48.0,23,2241.540947,1.720688989e-05,3.328053242e-07
11,44.0,48.0,23,2243.576861,1.726517486e-05,3.383404907e-07
11,44.0,48.0,23,2245.612775,1.733812408e-05,3.44584255e-07
11,44.0,48.0,23,2247.648688,1.735410915e-05,3.264593953e-07
11,44.0,48.0,23,2249.684602,1.717304052e-05,3.141685929e-07
11,44.0,48.0,23,2251.720516,1.694120752e-05,3.159311394e-07
11,44.0,48.0,23,2253.756429,1.699032989e-05,3.756512905e-07
11,44.0,48.0,23,2255.792343,1.735201152e-05,4.319566606e-07
11,44.0,48.0,23,2257.828257,1.758849966e-05,4.007339858e-07
11,44.0,48.0,23,2259.86417,1.753160052e-05,3.433570596e-07
11,44.0,48.0,23,2261.900084,1.739980206e-05,3.006468017e-07
11,44.0,48.0,23,2263.935998,1.732323507e-05,3.298122424e-07
11,44.0,48.0,23,2265.971911,1.729039238e-05,3.620643837e-07
11,44.0,48.0,23,2268.007825,1.736097745e-05,3.819351098e-07
11,44.0,48.0,23,2270.043739,1.754916305e-05,3.926961395e-07
11,44.0,48.0,23,2272.079652,1.769212664e-05,3.866687532e-07
11,44.0,48.0,23,2274.115566,1.763727831e-05,3.951553366e-07
11,44.0,48.0,23,2276.15148,1.73723523e-05,3.600251424e-07
11,44.0,48.0,23,2278.187393,1.719710323e-05,3.290769489e-07
11,44.0,48.0,23,2280.223307,1.740729236e-05,3.457224203e-07
11,44.0,48.0,23,2282.259221,1.776185416e-05,3.324841991e-07
11,44.0,48.0,23,2284.295134,1.784015912e-05,3.047199243e-07
11,44.0,48.0,23,2286.331048,1.756729531e-05,3.125002475e-07
11,44.0,48.0,23,2288.366962,1.728745367e-05,2.811607677e-07
11,44.0,48.0,23,2290.402875,1.726240838e-05,2.818330292e-07
11,44.0,48.0,23,2292.438789,1.735514557e-05,2.998136987e-07
11,44.0,48.0,23,2294.474703,1.729885835e-05,3.255790837e-07
11,44.0,48.0,23,2296.510616,1.711137936e-05,3.542439581e-07
11,44.0,48.0,23,2298.54653,1.705284531e-05,3.532726323e-07
11,44.0,48.0,23,2300.582444,1.708139467e-05,3.307634967e-07
11,44.0,48.0,23,2302.618357,1.701099444e-05,3.240162969e-07
11,44.0,48.0,23,2304.654271,1.69276499e-05,3.276181616e-07
11,44.0,48.0,23,2306.690185,1.699005073e-05,3.364071143e-07
11,44.0,48.0,23,2308.726098,1.71917029e-05,3.368359974e-07
11,44.0,48.0,23,2310.762012,1.73422484e-05,3.404430785e-07
11,44.0,48.0,23,2312.797926,1.729404449e-05,3.404574219e-07
11,44.0,48.0,23,2314.833839,1.721675765e-05,3.716020666e-07
11,44.0,48.0,23,2316.869753,1.728848148e-05,3.691835538e-07
11,44.0,48.0,23,2318.905667,1.734580447e-05,3.227510548e-07
11,44.0,48.0,23,2320.94158,1.737910683e-05,3.31403436e-07
11,44.0,48.0,23,2322.977494,1.743836556e-05,3.34887525e-07
11,44.0,48.0,23,2325.013408,1.740851724e-05,3.205549433e-07
11,44.0,48.0,23,2327.049321,1.75403243e-05,3.23747863e-07
11,44.0,48.0,23,2329.085235,1.775010978e-05,3.229450781e-07
11,44.0,48.0,23,2331.121149,1.750415768e-05,3.445560771e-07
11,44.0,48.0,23,2333.157062,1.696307437e-05,3.46593135e-07
11,44.0,48.0,23,2335.192976,1.67248774e-05,2.979273817e-07
11,44.0,48.0,23,2337.22889,1.676290512e-05,2.945495892e-07
11,44.0,48.0,23,2339.264803,1.681994288e-05,3.199747356e-07
11,44.0,48.0,23,2341.300717,1.690810983e-05,3.085912567e-07
11,44.0,48.0,23,2343.336631,1.697943657e-05,3.189697112e-07
11,44.0,48.0,23,2345.372544,1.696484699e-05,3.241535819e-07
11,44.0,48.0,23,2347.408458,1.692003794e-05,3.032291688e-07
11,44.0,48.0,23,2349.444372,1.69539825e-05,3.080010846e-07
11,44.0,48.0,23,2351.480285,1.704488287e-05,2.972544684e-07
11,44.0,48.0,23,2353.516199,1.70799268e-05,3.242958235e-07
11,44.0,48.0,23,2355.552113,1.710479713e-05,3.595451166e-07
11,44.0,48.0,23,2357.588026,1.717787938e-05,3.672802379e-07
11,44.0,48.0,23,2359.62394,1.722649228e-05,3.538213365e-07
11,44.0,48.0,23,2361.659854,1.712783683e-05,3.434061028e-07
11,44.0,48.0,23,2363.695767,1.68574928e-05,3.36558093e-07
11,44.0,48.0,23,2365.731681,1.651617325e-05,3.318332558e-07
11,44.0,48.0,23,2367.767595,1.621737958e-05,3.154850377e-07
11,44.0,48.0,23,2369.803508,1.610444385e-05,3.01695458e-07
11,44.0,48.0,23,2371.839422,1.612680221e-05,2.804542363e-07
11,44.0,48.0,23,2373.875336,1.606188551e-05,2.567505385e-07
11,44.0,48.0,23,2375.911249,1.590132008e-05,2.686501974e-07
11,44.0,48.0,23,2377.947163,1.583992989e-05,2.832548635e-07
11,44.0,48.0,23,2379.983077,1.596949191e-05,2.716007788e-07
11,44.0,48.0,23,2382.01899,1.613456751e-05,2.619653487e-07
11,44.0,48.0,23,2384.054904,1.622669949e-05,2.603811771e-07
11,44.0,48.0,23,2386.090818,1.628755694e-05,2.900918832e-07
11,44.0,48.0,23,2388.126731,1.635890039e-05,3.083016731e-07
11,44.0,48.0,23,2390.162645,1.640557899e-05,3.242463005e-07
11,44.0,48.0,23,2392.198559,1.636223594e-05,3.121425362e-07
11,44.0,48.0,23,2394.234472,1.627043713e-05,2.782802037e-07
11,44.0,48.0,23,2396.270386,1.621473485e-05,2.514349686e-07
11,44.0,48.0,23,2398.3063,1.61968636e-05,2.408594946e-07
11,44.0,48.0,23,2400.342213,1.609239445e-05,2.435858239e-07
11,44.0,48.0,23,2402.378127,1.587546421e-05,2.41236757e-07
11,44.0,48.0,23,2404.414041,1.570110186e-05,2.434933723e-07
11,44.0,48.0,23,2406.449954,1.567230743e-05,2.671654164e-07
11,44.0,48.0,23,2408.485868,1.585388216e-05,2.889889107e-07
11,44.0,48.0,23,2410.521782,1.614652061e-05,2.864238491e-07
11,44.0,48.0,23,2412.557695,1.625470092e-05,2.809094767e-07
11,44.0,48.0,23,2414.593609,1.613222223e-05,2.789183388e-07
11,44.0,48.0,23,2416.629523,1.61477186e-05,2.586300379e-07
11,44.0,48.0,23,2418.665436,1.634172267e-05,2.400262934e-07
11,44.0,48.0,23,2420.70135,1.644845727e-05,2.827994405e-07
11,44.0,48.0,23,2422.737264,1.634805341e-05,3.011700943e-07
11,44.0,48.0,23,2424.773177,1.605687545e-05,2.690709553e-07
11,44.0,48.0,23,2426.809091,1.578510717e-05,2.652920367e-07
11,44.0,48.0,23,2428.845005,1.576306867e-05,2.557648653e-07
11,44.0,48.0,23,2430.880918,1.603334637e-05,2.452578147e-07
11,44.0,48.0,23,2432.916832,1.625367735e-05,2.608229051e-07
11,44.0,48.0,23,2434.952746,1.609652895e-05,2.665700306e-07
11,44.0,48.0,23,2436.988659,1.575539228e-05,2.647986094e-07
11,44.0,48.0,23,2439.024573,1.559633632e-05,2.726163374e-07
11,44.0,48.0,23,2441.060487,1.566180528e-05,2.878213624e-07
11,44.0,48.0,23,2443.0964,1.584650085e-05,3.051331237e-07
11,44.0,48.0,23,2445.132314,1.605385118e-05,3.076001463e-07
11,44.0,48.0,23,2447.168228,1.614926647e-05,3.024191311e-07
11,44.0,48.0,23,2449.204141,1.618246249e-05,3.071430741e-07
11,44.0,48.0,23,2451.240055,1.610598685e-05,3.181154929e-07
11,44.0,48.0,23,2453.275969,1.59172254e-05,3.123453063e-07
11,44.0,48.0,23,2455.311882,1.595939986e-05,2.951017929e-07
11,44.0,48.0,23,2457.347796,1.624322717e-05,2.923808562e-07
11,44.0,48.0,23,2459.38371,1.64798366e-05,2.759376767e-07
11,44.0,48.0,23,2461.419623,1.65590782e-05,2.735214646e-07
11,44.0,48.0,23,2463.455537,1.649446693e-05,3.180522033e-07
11,44.0,48.0,23,2465.491451,1.637211243e-05,3.352910212e-07
11,44.0,48.0,23,2467.527364,1.621578315e-05,2.988013824e-07
11,44.0,48.0,23,2469.563278,1.600321364e-05,2.625416819e-07
11,44.0,48.0,23,2471.599192,1.591353149e-05,2.237565918e-07
11,44.0,48.0,23,2473.635105,1.606522992e-05,2.284868436e-07
11,44.0,48.0,23,2475.671019,1.632274106e-05,2.681005998e-07
11,44.0,48.0,23,2477.706933,1.645050081e-05,2.740253517e-07
11,44.0,48.0,23,2479.742846,1.629636842e-05,2.938857449e-07
11,44.0,48.0,23,2481.77876,1.61195316e-05,3.160846897e-07
11,44.0,48.0,23,2483.814674,1.621418269e-05,3.143283126e-07
11,44.0,48.0,23,2485.850587,1.637218071e-05,3.127725254e-07
11,44.0,48.0,23,2487.886501,1.640841397e-05,3.17097801e-07
11,44.0,48.0,23,2489.922415,1.64764795e-05,3.210677458e-07
11,44.0,48.0,23,2491.958328,1.665664407e-05,2.984252109e-07
11,44.0,48.0,23,2493.994242,1.665853951e-05,2.85950906e-07
11,44.0,48.0,23,2496.030156,1.627235341e-05,2.922428955e-07
11,44.0,48.0,23,2498.066069,1.589601241e-05,2.762312491e-07
11,44.0,48.0,23,2500.101983,1.585382964e-05,2.634381074e-07
11,44.0,48.0,23,2502.137897,1.587062627e-05,3.017920319e-07
11,44.0,48.0,23,2504.17381,1.58732593e-05,3.154608227e-07
11,44.0,48.0,23,2506.209724,1.608745724e-05,3.027682832e-07
11,44.0,48.0,23,2508.245638,1.639709404e-05,3.044492267e-07
11,44.0,48.0,23,2510.281551,1.657261317e-05,2.960720179e-07
11,44.0,48.0,23,2512.317465,1.658674714e-05,2.883496331e-07
11,44.0,48.0,23,2514.353379,1.650456022e-05,2.901169194e-07
11,44.0,48.0,23,2516.389292,1.645697069e-05,2.895814291e-07
11,44.0,48.0,23,2518.425206,1.651896999e-05,3.007974268e-07
11,44.0,48.0,23,2520.46112,1.659905231e-05,2.908355742e-07
11,44.0,48.0,23,2522.497033,1.649468581e-05,2.730071326e-07
11,44.0,48.0,23,2524.532947,1.620258647e-05,2.439465587e-07
11,44.0,48.0,23,2526.568861,1.605759621e-05,2.490805091e-07
11,44.0,48.0,23,2528.604774,1.614149023e-05,2.812646171e-07
11,44.0,48.0,23,2530.640688,1.6189761e-05,3.126647772e-07
11,44.0,48.0,23,2532.676602,1.613939841e-05,3.223217383e-07
11,44.0,48.0,23,2534.712515,1.612000353e-05,3.068454552e-07
11,44.0,48.0,23,2536.748429,1.609117445e-05,3.010526888e-07
11,44.0,48.0,23,2538.784343,1.602410004e-05,2.9238987e-07
11,44.0,48.0,23,2540.820256,1.602467846e-05,2.65651128e-07
11,44.0,48.0,23,2542.85617,1.606239806e-05,2.541540636e-07
11,44.0,48.0,23,2544.892084,1.608256834e-05,2.597254992e-07
11,44.0,48.0,23,2546.927997,1.621366521e-05,2.864425824e-07
11,44.0,48.0,23,2548.963911,1.643659516e-05,3.138122441e-07
11,44.0,48.0,23,2550.999825,1.652499493e-05,3.178981261e-07
11,44.0,48.0,23,2553.035738,1.639863461e-05,3.232925888e-07
11,44.0,48.0,23,2555.071652,1.622658414e-05,3.350693073e-07
11,44.0,48.0,23,2557.107566,1.623947918e-05,3.428549915e-07
11,44.0,48.0,23,2559.143479,1.638049514e-05,3.176115146e-07
11,44.0,48.0,23,2561.179393,1.647848479e-05,3.019032793e-07
11,44.0,48.0,23,2563.215307,1.647785443e-05,3.27969813e-07
11,44.0,48.0,23,2565.25122,1.637415502e-05,3.513826542e-07
11,44.0,48.0,23,2567.287134,1.638461717e-05,3.211850515e-07
11,44.0,48.0,23,2569.323048,1.665979344e-05,2.933001047e-07
11,44.0,48.0,23,2571.358961,1.691517343e-05,2.98191913e-07
11,44.0,48.0,23,2573.394875,1.681473422e-05,2.856338656e-07
11,44.0,48.0,23,2575.430789,1.657894847e-05,2.361161805e-07
11,44.0,48.0,23,2577.466702,1.667342494e-05,2.391126981e-07
11,44.0,48.0,23,2579.502616,1.692043265e-05,2.48339876e-07
11,44.0,48.0,23,2581.53853,1.680582876e-05,2.416762805e-07
11,44.0,48.0,23,2583.574443,1.64912898e-05,2.719497551e-07
11,44.0,48.0,23,2585.610357,1.650213523e-05,3.169143766e-07
11,44.0,48.0,23,2587.646271,1.679918977e-05,3.600704178e-07
11,44.0,48.0,23,2589.682184,1.706019074e-05,3.674501994e-07
11,44.0,48.0,23,2591.718098,1.719062176e-05,3.389405264e-07
11,44.0,48.0,23,2593.754012,1.711495239e-05,3.175716675e-07
11,44.0,48.0,23,2595.789925,1.695383833e-05,3.126442442e-07
11,44.0,48.0,23,2597.825839,1.687385031e-05,3.040950176e-07
11,44.0,48.0,23,2599.861753,1.67780673e-05,3.330112478e-07
11,44.0,48.0,23,2601.897666,1.672626783e-05,3.421118539e-07
11,44.0,48.0,23,2603.93358,1.682390469e-05,2.99246166e-07
11,44.0,48.0,23,2605.969494,1.703642586e-05,2.716328485e-07
11,44.0,48.0,23,2608.005407,1.727215925e-05,2.939841318e-07
11,44.0,48.0,23,2610.041321,1.74420022e-05,3.067897787e-07
11,44.0,48.0,23,2612.077235,1.747623146e-05,3.195872164e-07
11,44.0,48.0,23,2614.113148,1.732201841e-05,3.367629209e-07
11,44.0,48.0,23,2616.149062,1.713405749e-05,3.278289136e-07
11,44.0,48.0,23,2618.184976,1.71105601e-05,3.014204418e-07
11,44.0,48.0,23,2620.220889,1.715470833e-05,3.060265639e-07
11,44.0,48.0,23,2622.256803,1.712302638e-05,3.093880168e-07
11,44.0,48.0,23,2624.292717,1.705281296e-05,3.139032553e-07
11,44.0,48.0,23,2626.32863,1.711568381e-05,3.366090909e-07
11,44.0,48.0,23,2628.364544,1.737451888e-05,3.637162466e-07
11,44.0,48.0,23,2630.400458,1.75457901e-05,3.722896572e-07
11,44.0,48.0,23,2632.436371,1.754086882e-05,3.596778696e-07
11,44.0,48.0,23,2634.472285,1.764391057e-05,3.480762042e-07
11,44.0,48.0,23,2636.508199,1.786219079e-05,3.513568643e-07
11,44.0,48.0,23,2638.544112,1.78831787e-05,3.688631726e-07
11,44.0,48.0,23,2640.580026,1.776803518e-05,3.940312636e-07
11,44.0,48.0,23,2642.61594,1.784389078e-05,4.226015528e-07
11,44.0,48.0,23,2644.651853,1.806276029e-05,4.093679374e-07
11,44.0,48.0,23,2646.687767,1.820199467e-05,3.513983637e-07
11,44.0,48.0,23,2648.723681,1.824801031e-05,3.186390859e-07
11,44.0,48.0,23,2650.759594,1.834606771e-05,3.43998431e-07
11,44.0,48.0,23,2652.795508,1.854627889e-05,3.796373257e-07
11,44.0,48.0,23,2654.831422,1.862432241e-05,3.865590358e-07
11,44.0,48.0,23,2656.867335,1.831959241e-05,3.48406571e-07
11,44.0,48.0,23,2658.903249,1.794321535e-05,3.19811677e-07
11,44.0,48.0,23,2660.939163,1.806532964e-05,3.541537275e-07
11,44.0,48.0,23,2662.975076,1.854929461e-05,4.042293476e-07
11,44.0,48.0,23,2665.01099,1.881670813e-05,4.147693171e-07
11,44.0,48.0,23,2667.046904,1.882045185e-05,4.135867441e-07
11,44.0,48.0,23,2669.082817,1.888667207e-05,4.212375061e-07
11,44.0,48.0,23,2671.118731,1.908997714e-05,3.966605348e-07
11,44.0,48.0,23,2673.154645,1.936348368e-05,3.784999294e-07
11,44.0,48.0,23,2675.190558,1.967572807e-05,4.075693295e-07
11,44.0,48.0,23,2677.226472,1.986177893e-05,4.091484807e-07
11,44.0,48.0,23,2679.262386,1.990068402e-05,4.21320135e-07
11,44.0,48.0,23,2681.298299,1.998495257e-05,4.761426842e-07
11,44.0,48.0,23,2683.334213,1.993424826e-05,5.211213429e-07
11,44.0,48.0,23,2685.370127,1.963212361e-05,5.077965337e-07
11,44.0,48.0,23,2687.40604,1.951665907e-05,4.449851362e-07
11,44.0,48.0,23,2689.441954,1.962253843e-05,4.270881004e-07
11,44.0,48.0,23,2691.477868,1.952557936e-05,4.441962261e-07
11,44.0,48.0,23,2693.513781,1.935852465e-05,4.303227444e-07
11,44.0,48.0,23,2695.549695,1.946226587e-05,4.078268238e-07
11,44.0,48.0,23,2697.585609,1.966556454e-05,3.896516602e-07
11,44.0,48.0,23,2699.621522,1.973031871e-05,4.018181142e-07
11,44.0,48.0,23,2701.657436,1.98488902e-05,4.439666413e-07
11,44.0,48.0,23,2703.69335,2.016610108e-05,5.040525887e-07
11,44.0,48.0,23,2705.729263,2.047337263e-05,5.739882596e-07
11,44.0,48.0,23,2707.765177,2.072255742e-05,6.01020864e-07
11,44.0,48.0,23,2709.801091,2.105014271e-05,5.972759211e-07
11,44.0,48.0,23,2711.837004,2.13224175e-05,5.968399765e-07
11,44.0,48.0,23,2713.872918,2.148650833e-05,5.885710454e-07
11,44.0,48.0,23,2715.908832,2.168301919e-05,5.747761029e-07
11,44.0,48.0,23,2717.944745,2.183802191e-05,5.543107982e-07
11,44.0,48.0,23,2719.980659,2.185762834e-05,5.544301499e-07
11,44.0,48.0,23,2722.016573,2.171905574e-05,5.34609532e-07
11,44.0,48.0,23,2724.052486,2.154206866e-05,5.014699718e-07
11,44.0,48.0,23,2726.0884,2.167057144e-05,4.998578372e-07
11,44.0,48.0,23,2728.124314,2.220546118e-05,5.031231942e-07
11,44.0,48.0,23,2730.160227,2.28234492e-05,5.297131761e-07
11,44.0,48.0,23,2732.196141,2.318762958e-05,5.692286454e-07
11,44.0,48.0,23,2734.232055,2.325513284e-05,6.099139473e-07
11,44.0,48.0,23,2736.267968,2.332570954e-05,5.991040636e-07
11,44.0,48.0,23,2738.303882,2.346739153e-05,5.398730023e-07
11,44.0,48.0,23,2740.339796,2.361027823e-05,5.400964179e-07
11,44.0,48.0,23,2742.375709,2.385679155e-05,5.766957584e-07
11,44.0,48.0,23,2744.411623,2.397681633e-05,6.062300013e-07
11,44.0,48.0,23,2746.447537,2.419422271e-05,6.552726524e-07
11,44.0,48.0,23,2748.48345,2.476707223e-05,6.94520267e-07
11,44.0,48.0,23,2750.519364,2.524049486e-05,7.260843461e-07
11,44.0,48.0,23,2752.555278,2.545036815e-05,7.474276136e-07
11,44.0,48.0,23,2754.591191,2.542459455e-05,7.196417178e-07
11,44.0,48.0,23,2756.627105,2.540534477e-05,6.83537829e-07
11,44.0,48.0,23,2758.663019,2.589198161e-05,7.114694099e-07
11,44.0,48.0,23,2760.698932,2.638104802e-05,7.327463189e-07
11,44.0,48.0,23,2762.734846,2.636430593e-05,7.17360221e-07
11,44.0,48.0,23,2764.77076,2.644257628e-05,7.355765113e-07
11,44.0,48.0,23,2766.806673,2.671391272e-05,8.01011847e-07
11,44.0,48.0,23,2768.842587,2.687854801e-05,8.240292305e-07
11,44.0,48.0,23,2770.878501,2.705926043e-05,7.838160025e-07
11,44.0,48.0,23,2772.914414,2.733961465e-05,7.53925906e-07
11,44.0,48.0,23,2774.950328,2.77110546e-05,7.580865859e-07
11,44.0,48.0,23,2776.986242,2.79695475e-05,8.025344134e-07
11,44.0,48.0,23,2779.022155,2.809392026e-05,8.239585607e-07
11,44.0,48.0,23,2781.058069,2.838750799e-05,8.126396858e-07
11,44.0,48.0,23,2783.093983,2.883282652e-05,8.226422379e-07
11,44.0,48.0,23,2785.129896,2.929006931e-05,8.770100058e-07
11,44.0,48.0,23,2787.16581,2.977737423e-05,9.353823214e-07
11,44.0,48.0,23,2789.201724,3.017627794e-05,9.919884752e-07
11,44.0,48.0,23,2791.237637,3.037072354e-05,9.290103344e-07
11,44.0,48.0,23,2793.273551,3.053514065e-05,9.104886829e-07
11,44.0,48.0,23,2795.309465,3.105655448e-05,9.545766583e-07
11,44.0,48.0,23,2797.345378,3.18247584e-05,9.603467082e-07
11,44.0,48.0,23,2799.381292,3.210124096e-05,9.967726372e-07
11,44.0,48.0,23,2801.417206,3.197445312e-05,9.826553793e-07
11,44.0,48.0,23,2803.453119,3.206531508e-05,8.649741102e-07
11,44.0,48.0,23,2805.489033,3.21662456e-05,7.59190018e-07
11,44.0,48.0,23,2807.524947,3.215488497e-05,7.808827272e-07
11,44.0,48.0,23,2809.56086,3.28111213e-05,9.560470132e-07
11,44.0,48.0,23,2811.596774,3.420821024e-05,1.110112235e-06
11,44.0,48.0,23,2813.632688,3.548267765e-05,1.153692319e-06
11,44.0,48.0,23,2815.668601,3.644740443e-05,1.172735491e-06
11,44.0,48.0,23,2817.704515,3.763927375e-05,1.20463985e-06
11,44.0,48.0,23,2819.740429,3.882586371e-05,1.287767591e-06
11,44.0,48.0,23,2821.776342,3.931911396e-05,1.369037424e-06
11,44.0,48.0,23,2823.812256,3.958952757e-05,1.416098962e-06
11,44.0,48.0,23,2825.84817,3.998635431e-05,1.433323293e-06
11,44.0,48.0,23,2827.884083,3.979219504e-05,1.25887245e-06
11,44.0,48.0,23,2829.919997,3.952004148e-05,1.170453116e-06
11,44.0,48.0,23,2831.955911,4.044093394e-05,1.29594318e-06
11,44.0,48.0,23,2833.991824,4.201878312e-05,1.433694231e-06
11,44.0,48.0,23,2836.027738,4.313660163e-05,1.495678914e-06
11,44.0,48.0,23,2838.063652,4.363977733e-05,1.497488256e-06
11,44.0,48.0,23,2840.099565,4.434879669e-05,1.446237741e-06
11,44.0,48.0,23,2842.135479,4.565587211e-05,1.453320934e-06
11,44.0,48.0,23,2844.171393,4.677360004e-05,1.422543158e-06
11,44.0,48.0,23,2846.207306,4.721542891e-05,1.347754978e-06
11,44.0,48.0,23,2848.24322,4.678391188e-05,1.281123682e-06
11,44.0,48.0,23,2850.279134,4.590080324e-05,1.268184712e-06
11,44.0,48.0,23,2852.315047,4.597370667e-05,1.320081756e-06
11,44.0,48.0,23,2854.350961,4.729530365e-05,1.463305765e-06
11,44.0,48.0,23,2856.386875,4.890080685e-05,1.448432272e-06
11,44.0,48.0,23,2858.422788,5.035448879e-05,1.469932879e-06
11,44.0,48.0,23,2860.458702,5.178740569e-05,1.75220857e-06
11,44.0,48.0,23,2862.494616,5.300385112e-05,1.943716698e-06
11,44.0,48.0,23,2864.530529,5.384858594e-05,2.005002233e-06
11,44.0,48.0,23,2866.566443,5.483270998e-05,2.156646994e-06
11,44.0,48.0,23,2868.602357,5.58547451e-05,2.322869639e-06
11,44.0,48.0,23,2870.63827,5.627212425e-05,2.292729055e-06
11,44.0,48.0,23,2872.674184,5.625073732e-05,2.174972771e-06
11,44.0,48.0,23,2874.710098,5.637937493e-05,2.147969218e-06
11,44.0,48.0,23,2876.746011,5.703543227e-05,1.999088694e-06
11,44.0,48.0,23,2878.781925,5.876904072e-05,1.817590881e-06
11,44.0,48.0,23,2880.817839,6.141909655e-05,2.0283426e-06
11,44.0,48.0,23,2882.853752,6.251748767e-05,2.413250771e-06
11,44.0,48.0,23,2884.889666,6.148709967e-05,2.482147893e-06
11,44.0,48.0,23,2886.92558,6.175398422e-05,2.290930347e-06
11,44.0,48.0,23,2888.961493,6.510184698e-05,2.231904517e-06
11,44.0,48.0,23,2890.997407,6.865042992e-05,2.543348341e-06
11,44.0,48.0,23,2893.033321,6.951774643e-05,2.941122811e-06
11,44.0,48.0,23,2895.069234,6.902173688e-05,2.792585821e-06
11,44.0,48.0,23,2897.105148,6.918473917e-05,2.410901658e-06
11,44.0,48.0,23,2899.141062,6.988152279e-05,2.048804665e-06
11,44.0,48.0,23,2901.176975,7.120740148e-05,1.987680751e-06
11,44.0,48.0,23,2903.212889,7.362582533e-05,2.178048672e-06
11,44.0,48.0,23,2905.248803,7.607773656e-05,2.430557046e-06
11,44.0,48.0,23,2907.284716,7.634645314e-05,2.615946857e-06
11,44.0,48.0,23,2909.32063,7.550085265e-05,2.509193558e-06
11,44.0,48.0,23,2911.356544,7.675288978e-05,2.393905254e-06
11,44.0,48.0,23,2913.392457,7.975493991e-05,2.607899286e-06
11,44.0,48.0,23,2915.428371,8.206810003e-05,2.666791147e-06
11,44.0,48.0,23,2917.464285,8.288815937e-05,2.640842413e-06
11,44.0,48.0,23,2919.500198,8.268005522e-05,2.857753969e-06
11,44.0,48.0,23,2921.536112,8.305399248e-05,2.888618067e-06
11,44.0,48.0,23,2923.572026,8.574226029e-05,2.826905334e-06
11,44.0,48.0,23,2925.607939,8.90889247e-05,2.730925113e-06
11,44.0,48.0,23,2927.643853,9.203683488e-05,2.897233876e-06
11,44.0,48.0,23,2929.679767,9.465613198e-05,2.846471237e-06
11,44.0,48.0,23,2931.71568,9.573666847e-05,2.97714842e-06
11,44.0,48.0,23,2933.751594,9.769413811e-05,3.198443841e-06
11,44.0,48.0,23,2935.787508,0.0001026065236,3.597893979e-06
11,44.0,48.0,23,2937.823421,0.0001069371729,4.240673826e-06
11,44.0,48.0,23,2939.859335,0.0001087085589,4.517273786e-06
11,44.0,48.0,23,2941.895249,0.0001094031963,4.40352742e-06
11,44.0,48.0,23,2943.931162,0.0001098331759,4.351682608e-06
11,44.0,48.0,23,2945.967076,0.0001096036477,4.771890614e-06
11,44.0,48.0,23,2948.00299,0.0001092772345,4.887091591e-06
11,44.0,48.0,23,2950.038903,0.0001104354254,4.344772007e-06
11,44.0,48.0,23,2952.074817,0.0001126064426,3.633277301e-06
11,44.0,48.0,23,2954.110731,0.0001147415955,3.387826082e-06
11,44.0,48.0,23,2956.146644,0.0001166015382,3.574076672e-06
11,44.0,48.0,23,2958.182558,0.0001190078542,3.845536532e-06
11,44.0,48.0,23,2960.218472,0.0001231734506,4.237620051e-06
11,44.0,48.0,23,2962.254385,0.0001282975522,4.707699358e-06
11,44.0,48.0,23,2964.290299,0.0001328934781,5.288267929e-06
11,44.0,48.0,23,2966.326213,0.0001339629539,5.474601864e-06
11,44.0,48.0,23,2968.362126,0.0001325189903,5.164570424e-06
11,44.0,48.0,23,2970.39804,0.0001336648774,5.041684827e-06
11,44.0,48.0,23,2972.433954,0.0001375180297,5.526572944e-06
11,44.0,48.0,23,2974.469867,0.0001394209869,5.670874871e-06
11,44.0,48.0,23,2976.505781,0.0001392872184,5.385527418e-06
11,44.0,48.0,23,2978.541695,0.000143077608,4.879537861e-06
11,44.0,48.0,23,2980.577608,0.0001514224313,4.951548191e-06
11,44.0,48.0,23,2982.613522,0.0001588843114,6.125061278e-06
11,44.0,48.0,23,2984.649436,0.0001606015031,6.647618926e-06
11,44.0,48.0,23,2986.685349,0.000157608311,6.410754672e-06
11,44.0,48.0,23,2988.721263,0.0001584607199,5.997410268e-06
11,44.0,48.0,23,2990.757177,0.0001668636716,6.245070317e-06
11,44.0,48.0,23,2992.79309,0.0001778905,6.705805325e-06
11,44.0,48.0,23,2994.829004,0.0001844327422,7.07962653e-06
11,44.0,48.0,23,2996.864918,0.0001843319313,7.400667912e-06
11,44.0,48.0,23,2998.900831,0.0001823042059,6.734727905e-06
11,44.0,48.0,23,3000.936745,0.0001815965479,6.267863973e-06
11,44.0,48.0,23,3002.972659,0.0001819928709,6.474369242e-06
11,44.0,48.0,23,3005.008572,0.0001829825883,6.505835751e-06
11,44.0,48.0,23,3007.044486,0.00018577521,6.161100633e-06
11,44.0,48.0,23,3009.0804,0.0001899603676,6.329625591e-06
11,44.0,48.0,23,3011.116313,0.000191986259,6.807966013e-06
11,44.0,48.0,23,3013.152227,0.0001938233541,7.001995913e-06
11,44.0,48.0,23,3015.188141,0.0001987467214,6.831539904e-06
11,44.0,48.0,23,3017.224054,0.0002033258899,6.306323527e-06
11,44.0,48.0,23,3019.259968,0.0002060745085,6.413169677e-06
11,44.0,48.0,23,3021.295882,0.0002097089767,6.756801924e-06
11,44.0,48.0,23,3023.331795,0.0002149358193,7.240820858e-06
11,44.0,48.0,23,3025.367709,0.000219770308,7.332163741e-06
11,44.0,48.0,23,3027.403623,0.0002244220929,7.245890706e-06
11,44.0,48.0,23,3029.439536,0.00023444911,7.633867363e-06
11,44.0,48.0,23,3031.47545,0.0002464535581,8.47126701e-06
11,44.0,48.0,23,3033.511364,0.0002527921916,9.050138515e-06
11,44.0,48.0,23,3035.547277,0.0002547804177,8.68402546e-06
11,44.0,48.0,23,3037.583191,0.0002545909283,8.600588156e-06
11,44.0,48.0,23,3039.619105,0.0002532783808,8.000260773e-06
11,44.0,48.0,23,3041.655018,0.0002526844659,7.481964225e-06
11,44.0,48.0,23,3043.690932,0.0002565365731,7.797101971e-06
11,44.0,48.0,23,3045.726846,0.0002662561407,7.648901154e-06
11,44.0,48.0,23,3047.762759,0.0002746676413,7.559016324e-06
11,44.0,48.0,23,3049.798673,0.0002773051019,9.076720406e-06
11,44.0,48.0,23,3051.834587,0.0002815920881,1.102464372e-05
11,44.0,48.0,23,3053.8705,0.0002898152565,1.129827268e-05
11,44.0,48.0,23,3055.906414,0.0002974313829,1.057417087e-05
11,44.0,48.0,23,3057.942328,0.0003077060272,9.756440803e-06
11,44.0,48.0,23,3059.978241,0.0003204733266,1.006698002e-05
11,44.0,48.0,23,3062.014155,0.000326795042,1.038965284e-05
11,44.0,48.0,23,3064.050069,0.0003231863533,1.011355523e-05
11,44.0,48.0,23,3066.085982,0.0003132369714,8.963715597e-06
11,44.0,48.0,23,3068.121896,0.000306312278,7.956102576e-06
11,44.0,48.0,23,3070.15781,0.0003103546069,7.61196478e-06
11,44.0,48.0,23,3072.193723,0.0003228276419,8.541213717e-06
11,44.0,48.0,23,3074.229637,0.0003346710374,9.764691675e-06
11,44.0,48.0,23,3076.265551,0.000341078932,1.07166805e-05
11,44.0,48.0,23,3078.301464,0.0003427687099,1.136041875e-05
11,44.0,48.0,23,3080.337378,0.0003448116244,1.024670283e-05
11,44.0,48.0,23,3082.373292,0.0003505318832,1.017089845e-05
11,44.0,48.0,23,3084.409205,0.0003541732776,1.095349826e-05
11,44.0,48.0,23,3086.445119,0.0003553798232,1.198466163e-05
11,44.0,48.0,23,3088.481033,0.0003589916978,1.212354405e-05
11,44.0,48.0,23,3090.516946,0.0003610633705,1.19685906e-05
11,44.0,48.0,23,3092.55286,0.0003600360997,1.144189758e-05
11,44.0,48.0,23,3094.588774,0.000364558664,1.101912886e-05
11,44.0,48.0,23,3096.624687,0.000378083087,1.027633448e-05
11,44.0,48.0,23,3098.660601,0.0003940392558,1.030001271e-05
11,44.0,48.0,23,3100.696515,0.0004050887461,1.158772438e-05
11,44.0,48.0,23,3102.732428,0.0004101839878,1.213283017e-05
11,44.0,48.0,23,3104.768342,0.0004143701764,1.315164231e-05
11,44.0,48.0,23,3106.804256,0.0004207071076,1.347931601e-05
11,44.0,48.0,23,3108.840169,0.0004248810922,1.30389063e-05
11,44.0,48.0,23,3110.876083,0.0004236979422,1.214181745e-05
11,44.0,48.0,23,3112.911997,0.0004235483474,1.207118563e-05
11,44.0,48.0,23,3114.94791,0.0004266274786,1.220621475e-05
11,44.0,48.0,23,3116.983824,0.0004295108647,1.253507268e-05
11,44.0,48.0,23,3119.019738,0.0004331185368,1.29863794e-05
11,44.0,48.0,23,3121.055651,0.0004397713428,1.339081802e-05
11,44.0,48.0,23,3123.091565,0.0004489433138,1.458338252e-05
11,44.0,48.0,23,3125.127479,0.0004536656043,1.468873565e-05
11,44.0,48.0,23,3127.163392,0.0004509141308,1.416021638e-05
11,44.0,48.0,23,3129.199306,0.0004480790674,1.393483527e-05
11,44.0,48.0,23,3131.23522,0.0004528062573,1.357491648e-05
11,44.0,48.0,23,3133.271133,0.0004655717142,1.277662612e-05
11,44.0,48.0,23,3135.307047,0.0004773203552,1.185511433e-05
11,44.0,48.0,23,3137.342961,0.0004766600666,1.162160786e-05
11,44.0,48.0,23,3139.378874,0.0004691851558,1.078150142e-05
11,44.0,48.0,23,3141.414788,0.0004708362082,1.158193417e-05
11,44.0,48.0,23,3143.450702,0.0004818121229,1.242925795e-05
11,44.0,48.0,23,3145.486615,0.000495208252,1.25763363e-05
11,44.0,48.0,23,3147.522529,0.0005098946762,1.368148481e-05
11,44.0,48.0,23,3149.558443,0.0005216257601,1.386458129e-05
11,44.0,48.0,23,3151.594356,0.0005224771106,1.410591198e-05
11,44.0,48.0,23,3153.63027,0.0005155412242,1.449952622e-05
11,44.0,48.0,23,3155.666184,0.0005069121008,1.44630925e-05
11,44.0,48.0,23,3157.702097,0.0005000744994,1.451656627e-05
11,44.0,48.0,23,3159.738011,0.0005030815874,1.407088748e-05
11,44.0,48.0,23,3161.773925,0.0005120517219,1.229213729e-05
11,44.0,48.0,23,3163.809838,0.0005162458838,1.155835092e-05
11,44.0,48.0,23,3165.845752,0.000520552323,1.058196225e-05
11,44.0,48.0,23,3167.881666,0.0005338365524,1.101456297e-05
11,44.0,48.0,23,3169.917579,0.0005447477398,1.299781793e-05
11,44.0,48.0,23,3171.953493,0.00054247294,1.434405389e-05
11,44.0,48.0,23,3173.989407,0.0005365136894,1.333756014e-05
11,44.0,48.0,23,3176.02532,0.0005290577242,1.243211311e-05
11,44.0,48.0,23,3178.061234,0.0005202877774,1.251796099e-05
11,44.0,48.0,23,3180.097148,0.0005218527382,1.221834462e-05
11,44.0,48.0,23,3182.133061,0.0005324393481,1.468650381e-05
11,44.0,48.0,23,3184.168975,0.0005397875897,1.615986766e-05
11,44.0,48.0,23,3186.204889,0.0005395183503,1.46957907e-05
11,44.0,48.0,23,3188.240802,0.0005343389276,1.234408478e-05
11,44.0,48.0,23,3190.276716,0.0005341579511,1.291206634e-05
11,44.0,48.0,23,3192.31263,0.0005450303986,1.318758928e-05
11,44.0,48.0,23,3194.348543,0.0005563040026,1.288305743e-05
11,44.0,48.0,23,3196.384457,0.0005603806929,1.328141574e-05
11,44.0,48.0,23,3198.420371,0.0005654331968,1.252073464e-05
11,44.0,48.0,23,3200.456284,0.0005763723631,1.250096682e-05
11,44.0,48.0,23,3202.492198,0.000584526359,1.444349409e-05
11,44.0,48.0,23,3204.528112,0.0005843653643,1.49053986e-05
11,44.0,48.0,23,3206.564025,0.0005774978681,1.585535149e-05
11,44.0,48.0,23,3208.599939,0.0005722112032,1.588645341e-05
11,44.0,48.0,23,3210.635853,0.0005774102089,1.688771183e-05
11,44.0,48.0,23,3212.671766,0.0005869185477,1.750477316e-05
11,44.0,48.0,23,3214.70768,0.0005926992434,1.52976775e-05
11,44.0,48.0,23,3216.743594,0.0005955649941,1.401622159e-05
11,44.0,48.0,23,3218.779507,0.0005939339543,1.199512864e-05
11,44.0,48.0,23,3220.815421,0.0005928666527,1.102091449e-05
11,44.0,48.0,23,3222.851335,0.000600902669,1.163742984e-05
11,44.0,48.0,23,3224.887248,0.0006121743162,1.267961429e-05
11,44.0,48.0,23,3226.923162,0.0006189868002,1.455279505e-05
11,44.0,48.0,23,3228.959076,0.0006195286646,1.526337119e-05
11,44.0,48.0,23,3230.994989,0.0006155611488,1.528887284e-05
11,44.0,48.0,23,3233.030903,0.0006075345354,1.490745388e-05
11,44.0,48.0,23,3235.066817,0.0006026209761,1.30329836e-05
11,44.0,48.0,23,3237.10273,0.0006091759981,1.27847946e-05
11,44.0,48.0,23,3239.138644,0.0006230551352,1.25314842e-05
11,44.0,48.0,23,3241.174558,0.0006372589027,1.250455931e-05
11,44.0,48.0,23,3243.210472,0.0006448382915,1.450241157e-05
11,44.0,48.0,23,3245.246385,0.0006425973238,1.529789603e-05
11,44.0,48.0,23,3247.282299,0.0006342976734,1.527706335e-05
11,44.0,48.0,23,3249.318213,0.0006200480893,1.63556235e-05
11,44.0,48.0,23,3251.354126,0.0006066103427,1.726592003e-05
11,44.0,48.0,23,3253.39004,0.0005992447494,1.445958059e-05
11,44.0,48.0,23,3255.425954,0.0005976065704,1.226612737e-05
11,44.0,48.0,23,3257.461867,0.0006123755614,1.316728343e-05
11,44.0,48.0,23,3259.497781,0.0006406304692,1.462607795e-05
11,44.0,48.0,23,3261.533695,0.0006613786603,1.574350037e-05
11,44.0,48.0,23,3263.569608,0.0006682130714,1.51637089e-05
11,44.0,48.0,23,3265.605522,0.0006693744404,1.504475432e-05
11,44.0,48.0,23,3267.641436,0.0006669641769,1.455333316e-05
11,44.0,48.0,23,3269.677349,0.0006599508128,1.546589674e-05
11,44.0,48.0,23,3271.713263,0.0006561384814,1.659331797e-05
11,44.0,48.0,23,3273.749177,0.000658715945,1.66030728e-05
11,44.0,48.0,23,3275.78509,0.0006674961012,1.689862985e-05
11,44.0,48.0,23,3277.821004,0.0006806589662,1.764253856e-05
11,44.0,48.0,23,3279.856918,0.0006825841146,1.631618525e-05
11,44.0,48.0,23,3281.892831,0.0006679862869,1.41551372e-05
11,44.0,48.0,23,3283.928745,0.0006553094402,1.469644696e-05
11,44.0,48.0,23,3285.964659,0.000656979312,1.582256448e-05
11,44.0,48.0,23,3288.000572,0.0006603640599,1.68360835e-05
11,44.0,48.0,23,3290.036486,0.000658781654,1.799879846e-05
11,44.0,48.0,23,3292.0724,0.0006619381847,1.583020671e-05
11,44.0,48.0,23,3294.108313,0.0006634458294,1.325680758e-05
11,44.0,48.0,23,3296.144227,0.0006613415381,1.349771199e-05
11,44.0,48.0,23,3298.180141,0.0006674849129,1.563754394e-05
11,44.0,48.0,23,3300.216054,0.0006767928649,1.895513951e-05
11,44.0,48.0,23,3302.251968,0.0006876995011,1.820294318e-05
11,44.0,48.0,23,3304.287882,0.0006985158485,1.603187432e-05
11,44.0,48.0,23,3306.323795,0.0007014016265,1.638191346e-05
11,44.0,48.0,23,3308.359709,0.0006972617336,1.647102308e-05
11,44.0,48.0,23,3310.395623,0.0006917529554,1.623243046e-05
11,44.0,48.0,23,3312.431536,0.0006854578922,1.559210911e-05
11,44.0,48.0,23,3314.46745,0.0006796590011,1.582152231e-05
11,44.0,48.0,23,3316.503364,0.0006870248192,1.710063482e-05
11,44.0,48.0,23,3318.539277,0.0007059787589,1.709536614e-05
11,44.0,48.0,23,3320.575191,0.0007213354641,1.636494002e-05
11,44.0,48.0,23,3322.611105,0.0007229986735,1.567500551e-05
11,44.0,48.0,23,3324.647018,0.000719657362,1.682842532e-05
11,44.0,48.0,23,3326.682932,0.0007282450526,1.733454897e-05
11,44.0,48.0,23,3328.718846,0.0007366413779,1.791084277e-05
11,44.0,48.0,23,3330.754759,0.0007274838069,1.732514965e-05
11,44.0,48.0,23,3332.790673,0.0007184134391,1.651957681e-05
11,44.0,48.0,23,3334.826587,0.0007267787833,1.497015567e-05
11,44.0,48.0,23,3336.8625,0.0007383962208,1.501190979e-05
11,44.0,48.0,23,3338.898414,0.0007411887596,1.614447325e-05
11,44.0,48.0,23,3340.934328,0.0007412816308,1.795483563e-05
11,44.0,48.0,23,3342.970241,0.0007413068807,1.841505754e-05
11,44.0,48.0,23,3345.006155,0.0007401016406,1.648575627e-05
11,44.0,48.0,23,3347.042069,0.0007389853704,1.670312732e-05
11,44.0,48.0,23,3349.077982,0.0007300329033,1.832588313e-05
11,44.0,48.0,23,3351.113896,0.0007142878156,2.048237441e-05
11,44.0,48.0,23,3353.14981,0.0007060470147,1.992907214e-05
11,44.0,48.0,23,3355.185723,0.0007110380452,1.81310371e-05
11,44.0,48.0,23,3357.221637,0.0007282736174,1.702216372e-05
11,44.0,48.0,23,3359.257551,0.0007476052475,1.630724416e-05
11,44.0,48.0,23,3361.293464,0.0007563523357,1.806254737e-05
11,44.0,48.0,23,3363.329378,0.0007553316185,1.773377727e-05
11,44.0,48.0,23,3365.365292,0.0007449636294,1.699190714e-05
11,44.0,48.0,23,3367.401205,0.0007237605518,1.693239279e-05
11,44.0,48.0,23,3369.437119,0.0007016416137,1.842406288e-05
11,44.0,48.0,23,3371.473033,0.000690178807,1.776616658e-05
11,44.0,48.0,23,3373.508946,0.0006828861309,1.510673887e-05
11,44.0,48.0,23,3375.54486,0.0006731185893,1.53741338e-05
11,44.0,48.0,23,3377.580774,0.0006603870173,1.59346399e-05
11,44.0,48.0,23,3379.616687,0.000641593013,1.551683223e-05
11,44.0,48.0,23,3381.652601,0.0006338732155,1.518153929e-05
11,44.0,48.0,23,3383.688515,0.0006431076917,1.548011696e-05
11,44.0,48.0,23,3385.724428,0.0006493547878,1.591055505e-05
11,44.0,48.0,23,3387.760342,0.0006503390744,1.686590366e-05
11,44.0,48.0,23,3389.796256,0.0006519957585,1.509862291e-05
11,44.0,48.0,23,3391.832169,0.0006473432872,1.275772418e-05
11,44.0,48.0,23,3393.868083,0.0006376433473,1.468219228e-05
11,44.0,48.0,23,3395.903997,0.0006271305958,1.726049181e-05
11,44.0,48.0,23,3397.93991,0.0006113258115,1.547079532e-05
11,44.0,48.0,23,3399.975824,0.0005938036512,1.288143561e-05
11,44.0,48.0,23,3402.011738,0.000585294214,1.374838847e-05
11,44.0,48.0,23,3404.047651,0.0005862347702,1.437404825e-05
11,44.0,48.0,23,3406.083565,0.0005815521631,1.401961799e-05
11,44.0,48.0,23,3408.119479,0.0005698965136,1.433781326e-05
11,44.0,48.0,23,3410.155392,0.0005657891305,1.605296516e-05
11,44.0,48.0,23,3412.191306,0.0005670678433,1.608002853e-05
11,44.0,48.0,23,3414.22722,0.0005637818009,1.597789256e-05
11,44.0,48.0,23,3416.263133,0.0005517873479,1.516783949e-05
11,44.0,48.0,23,3418.299047,0.0005297767491,1.456534302e-05
11,44.0,48.0,23,3420.334961,0.000507032979,1.45392352e-05
11,44.0,48.0,23,3422.370874,0.0004917589478,1.62810796e-05
11,44.0,48.0,23,3424.406788,0.0004848258489,1.691021367e-05
11,44.0,48.0,23,3426.442702,0.0004896715044,1.631601518e-05
11,44.0,48.0,23,3428.478615,0.0004932237847,1.502103261e-05
11,44.0,48.0,23,3430.514529,0.0004814718169,1.27764567e-05
11,44.0,48.0,23,3432.550443,0.0004671506085,1.227800041e-05
11,44.0,48.0,23,3434.586356,0.0004594002756,1.265539347e-05
11,44.0,48.0,23,3436.62227,0.0004558073381,1.31638201e-05
11,44.0,48.0,23,3438.658184,0.0004523675324,1.362144855e-05
11,44.0,48.0,23,3440.694097,0.0004393426314,1.326475878e-05
11,44.0,48.0,23,3442.730011,0.000417367828,1.289439455e-05
11,44.0,48.0,23,3444.765925,0.0004012474687,1.2278251e-05
11,44.0,48.0,23,3446.801838,0.0004004599943,1.225735996e-05
11,44.0,48.0,23,3448.837752,0.0004054584693,1.16212351e-05
11,44.0,48.0,23,3450.873666,0.0004020441979,9.76605118e-06
11,44.0,48.0,23,3452.909579,0.0003878016792,8.812879977e-06
11,44.0,48.0,23,3454.945493,0.0003716939655,9.47686109e-06
11,44.0,48.0,23,3456.981407,0.0003676679192,1.086279855e-05
11,44.0,48.0,23,3459.01732,0.0003721906928,1.147768809e-05
11,44.0,48.0,23,3461.053234,0.0003647849598,1.177223854e-05
11,44.0,48.0,23,3463.089148,0.0003467485468,1.243672522e-05
11,44.0,48.0,23,3465.125061,0.0003357114127,1.226203748e-05
11,44.0,48.0,23,3467.160975,0.0003301539528,1.08101604e-05
11,44.0,48.0,23,3469.196889,0.0003262553945,9.743144554e-06
11,44.0,48.0,23,3471.232802,0.0003254228526,9.239951408e-06
11,44.0,48.0,23,3473.268716,0.0003246637911,8.675402619e-06
11,44.0,48.0,23,3475.30463,0.0003214628026,9.446377615e-06
11,44.0,48.0,23,3477.340543,0.0003153093972,1.007317474e-05
11,44.0,48.0,23,3479.376457,0.0003121175222,1.099545748e-05
11,44.0,48.0,23,3481.412371,0.0003124423236,1.186410115e-05
11,44.0,48.0,23,3483.448284,0.0003029689672,1.172158665e-05
11,44.0,48.0,23,3485.484198,0.0002870157647,1.123713281e-05
11,44.0,48.0,23,3487.520112,0.0002801654783,1.02965897e-05
11,44.0,48.0,23,3489.556025,0.0002776812435,8.974196025e-06
11,44.0,48.0,23,3491.591939,0.0002694001536,7.685274037e-06
11,44.0,48.0,23,3493.627853,0.0002618963186,7.589187724e-06
11,44.0,48.0,23,3495.663766,0.0002613915646,8.922852117e-06
11,44.0,48.0,23,3497.69968,0.000255108088,9.716200981e-06
11,44.0,48.0,23,3499.735594,0.0002375612438,9.551742204e-06
11,44.0,48.0,23,3501.771507,0.0002260359764,9.331990994e-06
11,44.0,48.0,23,3503.807421,0.0002254601466,9.012556849e-06
11,44.0,48.0,23,3505.843335,0.0002229920852,8.898409757e-06
11,44.0,48.0,23,3507.879248,0.000217030602,8.793818734e-06
11,44.0,48.0,23,3509.915162,0.0002123305408,8.880756592e-06
11,44.0,48.0,23,3511.951076,0.0002068308755,8.522324569e-06
11,44.0,48.0,23,3513.986989,0.0002006662605,8.066150772e-06
11,44.0,48.0,23,3516.022903,0.000198185845,8.368439477e-06
11,44.0,48.0,23,3518.058817,0.0002002821177,8.40524936e-06
11,44.0,48.0,23,3520.09473,0.0002028097933,7.865093138e-06
11,44.0,48.0,23,3522.130644,0.0002008800038,7.775528891e-06
11,44.0,48.0,23,3524.166558,0.0001942801794,8.207393663e-06
11,44.0,48.0,23,3526.202471,0.0001874644446,8.513235488e-06
11,44.0,48.0,23,3528.238385,0.0001834268568,8.144142146e-06
11,44.0,48.0,23,3530.274299,0.0001819163679,7.672681083e-06
11,44.0,48.0,23,3532.310212,0.0001811719926,7.390075196e-06
11,44.0,48.0,23,3534.346126,0.0001760346361,7.115999054e-06
11,44.0,48.0,23,3536.38204,0.0001651122579,6.933003916e-06
11,44.0,48.0,23,3538.417953,0.0001579755359,6.603161886e-06
11,44.0,48.0,23,3540.453867,0.0001590331186,6.747925283e-06
11,44.0,48.0,23,3542.489781,0.0001595289336,6.995721898e-06
11,44.0,48.0,23,3544.525694,0.0001544022856,6.904195834e-06
11,44.0,48.0,23,3546.561608,0.0001461886039,6.508441833e-06
11,44.0,48.0,23,3548.597522,0.0001373555697,5.760135337e-06
11,44.0,48.0,23,3550.633435,0.0001315445639,5.307929136e-06
11,44.0,48.0,23,3552.669349,0.000132354198,5.090028593e-06
11,44.0,48.0,23,3554.705263,0.0001369614107,4.758910682e-06
11,44.0,48.0,23,3556.741176,0.0001385587502,4.483697716e-06
11,44.0,48.0,23,3558.77709,0.0001357749769,4.853391951e-06
11,44.0,48.0,23,3560.813004,0.0001296900275,4.822119022e-06
11,44.0,48.0,23,3562.848917,0.0001225029079,4.76408254e-06
11,44.0,48.0,23,3564.884831,0.0001195348236,5.437082873e-06
11,44.0,48.0,23,3566.920745,0.0001209985249,5.792539797e-06
11,44.0,48.0,23,3568.956658,0.0001204196118,5.886036737e-06
11,44.0,48.0,23,3570.992572,0.000114804674,6.072880818e-06
11,44.0,48.0,23,3573.028486,0.0001083357563,5.66619617e-06
11,44.0,48.0,23,3575.064399,0.0001051848954,5.216997567e-06
11,44.0,48.0,23,3577.100313,0.0001056947104,5.217656959e-06
11,44.0,48.0,23,3579.136227,0.000107513924,5.822840855e-06
11,44.0,48.0,23,3581.17214,0.0001072772659,5.86681513e-06
11,44.0,48.0,23,3583.208054,0.0001054982528,5.438539313e-06
11,44.0,48.0,23,3585.243968,0.000104085147,5.294589769e-06
11,44.0,48.0,23,3587.279881,0.0001015543011,4.928954857e-06
11,44.0,48.0,23,3589.315795,9.67876287e-05,4.60966945e-06
11,44.0,48.0,23,3591.351709,9.173451282e-05,4.506339034e-06
11,44.0,48.0,23,3593.387622,8.814146227e-05,4.324339061e-06
11,44.0,48.0,23,3595.423536,8.573569897e-05,4.257999108e-06
11,44.0,48.0,23,3597.45945,8.433621725e-05,4.370616545e-06
11,44.0,48.0,23,3599.495363,8.444959784e-05,4.61624051e-06
11,44.0,48.0,23,3601.531277,8.466362801e-05,4.655686754e-06
11,44.0,48.0,23,3603.567191,8.369156953e-05,4.200675832e-06
11,44.0,48.0,23,3605.603104,8.176455328e-05,3.929130496e-06
11,44.0,48.0,23,3607.639018,7.886861701e-05,3.812684571e-06
11,44.0,48.0,23,3609.674932,7.623447222e-05,3.957785824e-06
11,44.0,48.0,23,3611.710845,7.439463331e-05,4.391700598e-06
11,44.0,48.0,23,3613.746759,7.210050424e-05,4.522104662e-06
11,44.0,48.0,23,3615.782673,6.958957623e-05,4.155100864e-06
11,44.0,48.0,23,3617.818586,6.824687354e-05,3.704155666e-06
11,44.0,48.0,23,3619.8545,6.763556736e-05,3.812925008e-06
11,44.0,48.0,23,3621.890414,6.596324992e-05,3.708675183e-06
11,44.0,48.0,23,3623.926327,6.342346419e-05,3.291933785e-06
11,44.0,48.0,23,3625.962241,6.192917866e-05,3.281992409e-06
11,44.0,48.0,23,3627.998155,6.148571863e-05,3.418159835e-06
11,44.0,48.0,23,3630.034068,6.086889301e-05,3.483372844e-06
11,44.0,48.0,23,3632.069982,5.981135464e-05,3.509800637e-06
11,44.0,48.0,23,3634.105896,5.821978214e-05,3.395164779e-06
11,44.0,48.0,23,3636.141809,5.683932668e-05,3.303743135e-06
11,44.0,48.0,23,3638.177723,5.565276123e-05,3.340760642e-06
11,44.0,48.0,23,3640.213637,5.365144674e-05,3.226635185e-06
11,44.0,48.0,23,3642.24955,5.144745373e-05,3.093751167e-06
11,44.0,48.0,23,3644.285464,4.960731194e-05,3.037292896e-06
11,44.0,48.0,23,3646.321378,4.775311911e-05,2.954423372e-06
11,44.0,48.0,23,3648.357291,4.613101335e-05,2.735549248e-06
11,44.0,48.0,23,3650.393205,4.556355275e-05,2.613867061e-06
11,44.0,48.0,23,3652.429119,4.55028834e-05,2.542224753e-06
11,44.0,48.0,23,3654.465032,4.412633989e-05,2.246548524e-06
11,44.0,48.0,23,3656.500946,4.169019259e-05,1.994752385e-06
11,44.0,48.0,23,3658.53686,3.993182196e-05,1.953478046e-06
11,44.0,48.0,23,3660.572773,3.947884759e-05,2.060424058e-06
11,44.0,48.0,23,3662.608687,3.973281448e-05,2.323328194e-06
11,44.0,48.0,23,3664.644601,3.943414097e-05,2.46700848e-06
11,44.0,48.0,23,3666.680514,3.804671699e-05,2.292761493e-06
11,44.0,48.0,23,3668.716428,3.615420743e-05,1.922687863e-06
11,44.0,48.0,23,3670.752342,3.422340522e-05,1.583225379e-06
11,44.0,48.0,23,3672.788255,3.27585804e-05,1.531924532e-06
11,44.0,48.0,23,3674.824169,3.205098682e-05,1.639944856e-06
11,44.0,48.0,23,3676.860083,3.150398268e-05,1.56665536e-06
11,44.0,48.0,23,3678.895996,3.075199199e-05,1.441901072e-06
11,44.0,48.0,23,3680.93191,3.019569552e-05,1.478204368e-06
11,44.0,48.0,23,3682.967824,3.019324777e-05,1.599154917e-06
11,44.0,48.0,23,3685.003737,3.028929187e-05,1.575426578e-06
11,44.0,48.0,23,3687.039651,3.007749019e-05,1.719344265e-06
11,44.0,48.0,23,3689.075565,2.983672974e-05,1.804345285e-06
11,44.0,48.0,23,3691.111478,2.94924571e-05,1.74235681e-06
11,44.0,48.0,23,3693.147392,2.851873881e-05,1.604822467e-06
11,44.0,48.0,23,3695.183306,2.713418203e-05,1.481975962e-06
11,44.0,48.0,23,3697.219219,2.612128307e-05,1.530095727e-06
11,44.0,48.0,23,3699.255133,2.550937573e-05,1.536878326e-06
11,44.0,48.0,23,3701.291047,2.482160321e-05,1.435215523e-06
11,44.0,48.0,23,3703.32696,2.403030885e-05,1.382844794e-06
11,44.0,48.0,23,3705.362874,2.346967392e-05,1.434467423e-06
11,44.0,48.0,23,3707.398788,2.294327609e-05,1.482694282e-06
11,44.0,48.0,23,3709.434701,2.231649451e-05,1.377607528e-06
11,44.0,48.0,23,3711.470615,2.184908239e-05,1.330218564e-06
11,44.0,48.0,23,3713.506529,2.127665685e-05,1.322889873e-06
11,44.0,48.0,23,3715.542442,2.030962276e-05,1.226756349e-06
11,44.0,48.0,23,3717.578356,1.930331375e-05,1.072708746e-06
11,44.0,48.0,23,3719.61427,1.897120361e-05,1.043743808e-06
11,44.0,48.0,23,3721.650183,1.931323314e-05,1.154176903e-06
11,44.0,48.0,23,3723.686097,1.929522321e-05,1.218048704e-06
11,44.0,48.0,23,3725.722011,1.873452212e-05,1.116605579e-06
11,44.0,48.0,23,3727.757924,1.848572055e-05,1.072141969e-06
11,44.0,48.0,23,3729.793838,1.845896749e-05,1.146772133e-06
11,44.0,48.0,23,3731.829752,1.801713337e-05,1.24513899e-06
11,44.0,48.0,23,3733.865665,1.751223627e-05,1.332661416e-06
11,44.0,48.0,23,3735.901579,1.742655267e-05,1.454097026e-06
11,44.0,48.0,23,3737.937493,1.738981308e-05,1.592136513e-06
11,44.0,48.0,23,3739.973406,1.715690521e-05,1.666412229e-06
11,44.0,48.0,23,3742.00932,1.700016369e-05,1.629612354e-06
11,44.0,48.0,23,3744.045234,1.68813555e-05,1.557014598e-06
11,44.0,48.0,23,3746.081147,1.667106565e-05,1.536821376e-06
11,44.0,48.0,23,3748.117061,1.643595939e-05,1.52931241e-06
11,44.0,48.0,23,3750.152975,1.62057021e-05,1.514568855e-06
11,44.0,48.0,23,3752.188888,1.592408625e-05,1.50151045e-06
11,44.0,48.0,23,3754.224802,1.544293893e-05,1.425481441e-06
11,44.0,48.0,23,3756.260716,1.485892719e-05,1.296786455e-06
11,44.0,48.0,23,3758.296629,1.456737535e-05,1.190513499e-06
11,44.0,48.0,23,3760.332543,1.444024567e-05,1.103930499e-06
11,44.0,48.0,23,3762.368457,1.403001152e-05,9.890737406e-07
11,44.0,48.0,23,3764.40437,1.334638222e-05,8.794619291e-07
11,44.0,48.0,23,3766.440284,1.270732681e-05,8.437831179e-07
11,44.0,48.0,23,3768.476198,1.232182501e-05,8.382796292e-07
11,44.0,48.0,23,3770.512111,1.214941483e-05,7.946434576e-07
11,44.0,48.0,23,3772.548025,1.2030447e-05,7.24225388e-07
11,44.0,48.0,23,3774.583939,1.189288448e-05,6.858883743e-07
11,44.0,48.0,23,3776.619852,1.190129034e-05,7.263980076e-07
11,44.0,48.0,23,3778.655766,1.20199641e-05,7.498753358e-07
11,44.0,48.0,23,3780.69168,1.199744174e-05,7.31029944e-07
11,44.0,48.0,23,3782.727593,1.190563802e-05,7.876959616e-07
11,44.0,48.0,23,3784.763507,1.191457242e-05,1.043442891e-06
11,44.0,48.0,23,3786.799421,1.198352633e-05,1.31071088e-06
11,44.0,48.0,23,3788.835334,1.192847052e-05,1.355690292e-06
11,44.0,48.0,23,3790.871248,1.163845379e-05,1.26617875e-06
11,44.0,48.0,23,3792.907162,1.127168079e-05,1.159836479e-06
11,44.0,48.0,23,3794.943075,1.097547861e-05,1.024282593e-06
11,44.0,48.0,23,3796.978989,1.065034393e-05,8.67752674e-07
11,44.0,48.0,23,3799.014903,1.034336335e-05,7.451734334e-07
11,44.0,48.0,23,3801.050816,1.018789031e-05,6.596579409e-07
11,44.0,48.0,23,3803.08673,1.002870165e-05,5.629053843e-07
11,44.0,48.0,23,3805.122644,9.733811879e-06,4.555989626e-07
11,44.0,48.0,23,3807.158557,9.461510629e-06,3.913687121e-07
11,44.0,48.0,23,3809.194471,9.300712549e-06,3.866542788e-07
11,44.0,48.0,23,3811.230385,9.250143131e-06,4.298023209e-07
11,44.0,48.0,23,3813.266298,9.402401002e-06,5.099447374e-07
11,44.0,48.0,23,3815.302212,9.587459038e-06,6.027697221e-07
11,44.0,48.0,23,3817.338126,9.517985826e-06,6.38135302e-07
11,44.0,48.0,23,3819.374039,9.263257018e-06,5.946470397e-07
11,44.0,48.0,23,3821.409953,9.030293333e-06,4.937582863e-07
11,44.0,48.0,23,3823.445867,8.918228352e-06,4.06512813e-07
11,44.0,48.0,23,3825.48178,8.89204234e-06,3.90679658e-07
11,44.0,48.0,23,3827.517694,8.865189048e-06,4.036769245e-07
11,44.0,48.0,23,3829.553608,8.771846619e-06,3.870279929e-07
11,44.0,48.0,23,3831.589521,8.581548117e-06,3.358064642e-07
11,44.0,48.0,23,3833.625435,8.432555391e-06,2.812276296e-07
11,44.0,48.0,23,3835.661349,8.404600912e-06,2.659862599e-07
11,44.0,48.0,23,3837.697262,8.331880238e-06,2.645708931e-07
11,44.0,48.0,23,3839.733176,8.177727464e-06,2.586744487e-07
11,44.0,48.0,23,3841.76909,8.113921143e-06,2.563948837e-07
11,44.0,48.0,23,3843.805003,8.154600186e-06,2.406291004e-07
11,44.0,48.0,23,3845.840917,8.179920508e-06,2.258181341e-07
11,44.0,48.0,23,3847.876831,8.207797215e-06,2.241541159e-07
11,44.0,48.0,23,3849.912744,8.297609773e-06,2.115385199e-07
11,44.0,48.0,23,3851.948658,8.312023946e-06,2.053424719e-07
11,44.0,48.0,23,3853.984572,8.230353192e-06,2.20116438e-07
11,44.0,48.0,23,3856.020485,8.192922842e-06,2.365573007e-07
11,44.0,48.0,23,3858.056399,8.15520246e-06,2.357477537e-07
11,44.0,48.0,23,3860.092313,8.062601784e-06,2.147653716e-07
11,44.0,48.0,23,3862.128226,8.016379149e-06,1.924916607e-07
11,44.0,48.0,23,3864.16414,8.062888781e-06,1.748310153e-07
11,44.0,48.0,23,3866.200054,8.134435719e-06,1.784221157e-07
11,44.0,48.0,23,3868.235967,8.156338489e-06,2.02437084e-07
11,44.0,48.0,23,3870.271881,8.100525412e-06,2.208805459e-07
11,44.0,48.0,23,3872.307795,8.034889415e-06,2.149145332e-07
11,44.0,48.0,23,3874.343708,8.046918983e-06,1.978984631e-07
11,44.0,48.0,23,3876.379622,8.105855882e-06,1.968711729e-07
11,44.0,48.0,23,3878.415536,8.157423483e-06,2.02864163e-07
11,44.0,48.0,23,3880.451449,8.191373409e-06,1.997170488e-07
11,44.0,48.0,23,3882.487363,8.196893655e-06,2.275382116e-07
11,44.0,48.0,23,3884.523277,8.130931304e-06,2.479633946e-07
11,44.0,48.0,23,3886.55919,7.95154707e-06,2.210803948e-07
11,44.0,48.0,23,3888.595104,7.792511065e-06,1.796858442e-07
11,44.0,48.0,23,3890.631018,7.775653815e-06,1.601230276e-07
11,44.0,48.0,23,3892.666931,7.812654477e-06,1.60902577e-07
11,44.0,48.0,23,3894.702845,7.823464624e-06,1.617398646e-07
11,44.0,48.0,23,3896.738759,7.841672271e-06,1.668858575e-07
11,44.0,48.0,23,3898.774672,7.896927158e-06,1.718173193e-07
11,44.0,48.0,23,3900.810586,7.962360238e-06,1.636863335e-07
11,44.0,48.0,23,3902.8465,7.951703142e-06,1.595024357e-07
11,44.0,48.0,23,3904.882413,7.899322773e-06,1.763090773e-07
11,44.0,48.0,23,3906.918327,7.938800171e-06,1.930358572e-07
11,44.0,48.0,23,3908.954241,8.074772214e-06,2.002785985e-07
11,44.0,48.0,23,3910.990154,8.209048347e-06,2.05077041e-07
11,44.0,48.0,23,3913.026068,8.235873056e-06,2.02527167e-07
11,44.0,48.0,23,3915.061982,8.173964686e-06,1.868003143e-07
11,44.0,48.0,23,3917.097895,8.137474129e-06,1.677444694e-07
11,44.0,48.0,23,3919.133809,8.169073397e-06,1.559293014e-07
11,44.0,48.0,23,3921.169723,8.225991075e-06,1.599408585e-07
11,44.0,48.0,23,3923.205636,8.267499948e-06,1.745165921e-07
11,44.0,48.0,23,3925.24155,8.322586103e-06,1.81812928e-07
11,44.0,48.0,23,3927.277464,8.369199028e-06,1.817964763e-07
11,44.0,48.0,23,3929.313377,8.346723499e-06,1.708497314e-07
11,44.0,48.0,23,3931.349291,8.276127935e-06,1.581956145e-07
11,44.0,48.0,23,3933.385205,8.182505188e-06,1.366652095e-07
11,44.0,48.0,23,3935.421118,8.105034366e-06,1.329882446e-07
11,44.0,48.0,23,3937.457032,8.080809784e-06,1.404247546e-07
11,44.0,48.0,23,3939.492946,8.139847858e-06,1.493422313e-07
11,44.0,48.0,23,3941.528859,8.294271682e-06,1.511107975e-07
11,44.0,48.0,23,3943.564773,8.383803231e-06,1.564322182e-07
11,44.0,48.0,23,3945.600687,8.304970685e-06,1.576764491e-07
11,44.0,48.0,23,3947.6366,8.229875369e-06,1.578817257e-07
11,44.0,48.0,23,3949.672514,8.293792325e-06,1.668598242e-07
11,44.0,48.0,23,3951.708428,8.392960442e-06,1.501302631e-07
11,44.0,48.0,23,3953.744341,8.392720591e-06,1.322383409e-07
11,44.0,48.0,23,3955.780255,8.315518675e-06,1.376477445e-07
11,44.0,48.0,23,3957.816169,8.271484783e-06,1.452555237e-07
11,44.0,48.0,23,3959.852082,8.343238962e-06,1.496463573e-07
11,44.0,48.0,23,3961.887996,8.470630637e-06,1.605350484e-07
11,44.0,48.0,23,3963.92391,8.541720998e-06,1.627337729e-07
11,44.0,48.0,23,3965.959823,8.482815495e-06,1.474783517e-07
11,44.0,48.0,23,3967.995737,8.353635399e-06,1.301057117e-07
11,44.0,48.0,23,3970.031651,8.289329951e-06,1.359994692e-07
11,44.0,48.0,23,3972.067564,8.266202681e-06,1.363470293e-07
11,44.0,48.0,23,3974.103478,8.280684097e-06,1.374526841e-07
11,44.0,48.0,23,3976.139392,8.404634308e-06,1.478133785e-07
11,44.0,48.0,23,3978.175305,8.542612545e-06,1.555915308e-07
11,44.0,48.0,23,3980.211219,8.551372896e-06,1.685136918e-07
11,44.0,48.0,23,3982.247133,8.447563064e-06,1.70273132e-07
11,44.0,48.0,23,3984.283046,8.308062277e-06,1.623692402e-07
11,44.0,48.0,23,3986.31896,8.209262616e-06,1.596720548e-07
11,44.0,48.0,23,3988.354874,8.204190798e-06,1.62785232e-07
11,44.0,48.0,23,3990.390787,8.276705481e-06,1.659017892e-07
11,44.0,48.0,23,3992.426701,8.322342345e-06,1.626955264e-07
11,44.0,48.0,23,3994.462615,8.325305223e-06,1.62881109e-07
11,44.0,48.0,23,3996.498528,8.359962574e-06,1.716603139e-07
11,44.0,48.0,23,3998.534442,8.331984892e-06,1.725675148e-07
12,48.0,52.0,20,1201.189064,4.197695414e-05,9.78316177e-07
12,48.0,52.0,20,1203.224977,4.151649336e-05,9.564821214e-07
12,48.0,52.0,20,1205.260891,4.091748369e-05,8.672174207e-07
12,48.0,52.0,20,1207.296805,4.056828066e-05,8.707363576e-07
12,48.0,52.0,20,1209.332718,4.04051875e-05,8.6370939e-07
12,48.0,52.0,20,1211.368632,4.032427056e-05,8.469930138e-07
12,48.0,52.0,20,1213.404546,4.029616088e-05,9.449984547e-07
12,48.0,52.0,20,1215.440459,3.988978531e-05,1.038422428e-06
12,48.0,52.0,20,1217.476373,3.93264655e-05,1.065004735e-06
12,48.0,52.0,20,1219.512287,3.915967018e-05,1.005301629e-06
12,48.0,52.0,20,1221.5482,3.913483275e-05,9.589113309e-07
12,48.0,52.0,20,1223.584114,3.897691234e-05,9.212771167e-07
12,48.0,52.0,20,1225.620028,3.890922998e-05,9.275890816e-07
12,48.0,52.0,20,1227.655941,3.884092836e-05,9.237455018e-07
12,48.0,52.0,20,1229.691855,3.858894744e-05,8.812975777e-07
12,48.0,52.0,20,1231.727769,3.863305826e-05,9.386280689e-07
12,48.0,52.0,20,1233.763682,3.892130327e-05,9.496563982e-07
12,48.0,52.0,20,1235.799596,3.883301121e-05,9.235748298e-07
12,48.0,52.0,20,1237.83551,3.834216455e-05,9.580220663e-07
12,48.0,52.0,20,1239.871423,3.782858116e-05,9.264710028e-07
12,48.0,52.0,20,1241.907337,3.773288538e-05,9.493909679e-07
12,48.0,52.0,20,1243.943251,3.759594239e-05,9.343963635e-07
12,48.0,52.0,20,1245.979164,3.696943383e-05,8.204571951e-07
12,48.0,52.0,20,1248.015078,3.679172523e-05,7.848146294e-07
12,48.0,52.0,20,1250.050992,3.752363148e-05,8.130405332e-07
12,48.0,52.0,20,1252.086905,3.825802924e-05,8.290696581e-07
12,48.0,52.0,20,1254.122819,3.857378882e-05,8.494532332e-07
12,48.0,52.0,20,1256.158733,3.901690519e-05,8.339973215e-07
12,48.0,52.0,20,1258.194646,3.927010511e-05,8.510529292e-07
12,48.0,52.0,20,1260.23056,3.868230709e-05,9.005032422e-07
12,48.0,52.0,20,1262.266474,3.837414411e-05,9.002081314e-07
12,48.0,52.0,20,1264.302387,3.928139257e-05,8.387719736e-07
12,48.0,52.0,20,1266.338301,4.053595208e-05,7.889668892e-07
12,48.0,52.0,20,1268.374215,4.100172526e-05,7.91569266e-07
12,48.0,52.0,20,1270.410128,4.049359605e-05,7.674108562e-07
12,48.0,52.0,20,1272.446042,3.974143068e-05,7.715033848e-07
12,48.0,52.0,20,1274.481956,3.949608997e-05,8.241436393e-07
12,48.0,52.0,20,1276.517869,3.961908488e-05,9.722528427e-07
12,48.0,52.0,20,1278.553783,3.947932247e-05,1.028231778e-06
12,48.0,52.0,20,1280.589697,3.927879384e-05,9.502782452e-07
12,48.0,52.0,20,1282.62561,3.94231674e-05,9.791607753e-07
12,48.0,52.0,20,1284.661524,3.949412127e-05,1.014663862e-06
12,48.0,52.0,20,1286.697438,3.946923442e-05,1.011327672e-06
12,48.0,52.0,20,1288.733351,3.984668058e-05,9.626625537e-07
12,48.0,52.0,20,1290.769265,4.046833248e-05,9.117700046e-07
12,48.0,52.0,20,1292.805179,4.096562872e-05,9.713261242e-07
12,48.0,52.0,20,1294.841092,4.113647339e-05,1.002876882e-06
12,48.0,52.0,20,1296.877006,4.125095722e-05,9.746889781e-07
12,48.0,52.0,20,1298.91292,4.172267519e-05,1.007844249e-06
12,48.0,52.0,20,1300.948833,4.228835125e-05,1.072060046e-06
12,48.0,52.0,20,1302.984747,4.24264292e-05,1.075786325e-06
12,48.0,52.0,20,1305.020661,4.202858227e-05,1.022699297e-06
12,48.0,52.0,20,1307.056574,4.167562016e-05,1.001032412e-06
12,48.0,52.0,20,1309.092488,4.15375082e-05,1.077833597e-06
12,48.0,52.0,20,1311.128402,4.183483351e-05,1.119011704e-06
12,48.0,52.0,20,1313.164315,4.267950456e-05,1.210085683e-06
12,48.0,52.0,20,1315.200229,4.321400903e-05,1.198507376e-06
12,48.0,52.0,20,1317.236143,4.360969775e-05,1.106283531e-06
12,48.0,52.0,20,1319.272056,4.428494327e-05,1.076473093e-06
12,48.0,52.0,20,1321.30797,4.482203449e-05,1.062970811e-06
12,48.0,52.0,20,1323.343884,4.514047897e-05,1.036428367e-06
12,48.0,52.0,20,1325.379797,4.535411166e-05,9.735548654e-07
12,48.0,52.0,20,1327.415711,4.573127993e-05,9.774445019e-07
12,48.0,52.0,20,1329.451625,4.636034185e-05,9.812658333e-07
12,48.0,52.0,20,1331.487538,4.698377652e-05,1.078468371e-06
12,48.0,52.0,20,1333.523452,4.78770247e-05,1.244075251e-06
12,48.0,52.0,20,1335.559366,4.91070043e-05,1.26748484e-06
12,48.0,52.0,20,1337.595279,4.979140384e-05,1.276299484e-06
12,48.0,52.0,20,1339.631193,4.998775569e-05,1.431066788e-06
12,48.0,52.0,20,1341.667107,5.051967548e-05,1.559179554e-06
12,48.0,52.0,20,1343.70302,5.07352972e-05,1.419956992e-06
12,48.0,52.0,20,1345.738934,5.039937688e-05,1.225042941e-06
12,48.0,52.0,20,1347.774848,5.040857585e-05,1.48011418e-06
12,48.0,52.0,20,1349.810761,5.0824523e-05,1.601985572e-06
12,48.0,52.0,20,1351.846675,5.163451133e-05,1.431035379e-06
12,48.0,52.0,20,1353.882589,5.291214623e-05,1.329301177e-06
12,48.0,52.0,20,1355.918502,5.445545657e-05,1.451649274e-06
12,48.0,52.0,20,1357.954416,5.605637403e-05,1.663455099e-06
12,48.0,52.0,20,1359.99033,5.643389015e-05,1.717842904e-06
12,48.0,52.0,20,1362.026243,5.604032756e-05,1.472971273e-06
12,48.0,52.0,20,1364.062157,5.738429518e-05,1.351414894e-06
12,48.0,52.0,20,1366.098071,5.955790618e-05,1.599264456e-06
12,48.0,52.0,20,1368.133984,6.060611265e-05,1.684006537e-06
12,48.0,52.0,20,1370.169898,6.150618686e-05,1.643603789e-06
12,48.0,52.0,20,1372.205812,6.220375397e-05,1.614475456e-06
12,48.0,52.0,20,1374.241725,6.166147206e-05,1.552580576e-06
12,48.0,52.0,20,1376.277639,6.124355173e-05,1.473438211e-06
12,48.0,52.0,20,1378.313553,6.201001459e-05,1.682141488e-06
12,48.0,52.0,20,1380.349466,6.390094284e-05,1.963160211e-06
12,48.0,52.0,20,1382.38538,6.664884036e-05,2.225299676e-06
12,48.0,52.0,20,1384.421294,6.854323727e-05,2.19961206e-06
12,48.0,52.0,20,1386.457207,6.822577884e-05,2.027038264e-06
12,48.0,52.0,20,1388.493121,6.68549361e-05,2.190629891e-06
12,48.0,52.0,20,1390.529035,6.683676446e-05,2.112833075e-06
12,48.0,52.0,20,1392.564948,6.865830275e-05,2.21475504e-06
12,48.0,52.0,20,1394.600862,7.094284564e-05,2.534167114e-06
12,48.0,52.0,20,1396.636776,7.367542153e-05,2.526405898e-06
12,48.0,52.0,20,1398.672689,7.615875979e-05,2.589304031e-06
12,48.0,52.0,20,1400.708603,7.637381667e-05,2.809990446e-06
12,48.0,52.0,20,1402.744517,7.524958348e-05,2.799026161e-06
12,48.0,52.0,20,1404.78043,7.469449685e-05,2.441769625e-06
12,48.0,52.0,20,1406.816344,7.577001585e-05,1.980637993e-06
12,48.0,52.0,20,1408.852258,7.808952727e-05,2.050227989e-06
12,48.0,52.0,20,1410.888171,7.867494066e-05,2.459139357e-06
12,48.0,52.0,20,1412.924085,7.690063838e-05,2.544101043e-06
12,48.0,52.0,20,1414.959999,7.669227995e-05,2.332462464e-06
12,48.0,52.0,20,1416.995912,8.045898764e-05,2.096610382e-06
12,48.0,52.0,20,1419.031826,8.551696625e-05,2.412670229e-06
12,48.0,52.0,20,1421.06774,8.897192448e-05,2.65788744e-06
12,48.0,52.0,20,1423.103653,9.228011365e-05,2.606005136e-06
12,48.0,52.0,20,1425.139567,9.49057584e-05,3.012246818e-06
12,48.0,52.0,20,1427.175481,9.422407031e-05,3.125844472e-06
12,48.0,52.0,20,1429.211394,9.356315933e-05,3.239565228e-06
12,48.0,52.0,20,1431.247308,9.551934545e-05,3.179370447e-06
12,48.0,52.0,20,1433.283222,9.814887808e-05,3.265632454e-06
12,48.0,52.0,20,1435.319135,0.0001000100312,3.298313123e-06
12,48.0,52.0,20,1437.355049,0.0001008642024,3.025681794e-06
12,48.0,52.0,20,1439.390963,0.0001014063832,2.704943672e-06
12,48.0,52.0,20,1441.426876,0.0001026349316,2.610060909e-06
12,48.0,52.0,20,1443.46279,0.0001051496619,2.933019945e-06
12,48.0,52.0,20,1445.498704,0.0001095622179,3.352489052e-06
12,48.0,52.0,20,1447.534617,0.0001147947575,3.421770142e-06
12,48.0,52.0,20,1449.570531,0.0001181009361,3.632311617e-06
12,48.0,52.0,20,1451.606445,0.0001207658691,4.448287781e-06
12,48.0,52.0,20,1453.642358,0.0001251134244,4.683839862e-06
12,48.0,52.0,20,1455.678272,0.0001286244867,4.661502412e-06
12,48.0,52.0,20,1457.714186,0.0001299013602,4.754366505e-06
12,48.0,52.0,20,1459.750099,0.0001320198596,4.818293867e-06
12,48.0,52.0,20,1461.786013,0.0001341113531,4.819418209e-06
12,48.0,52.0,20,1463.821927,0.0001328388368,4.302087592e-06
12,48.0,52.0,20,1465.85784,0.0001323244213,4.378730663e-06
12,48.0,52.0,20,1467.893754,0.0001360257624,4.700491185e-06
12,48.0,52.0,20,1469.929668,0.0001396956785,4.865941643e-06
12,48.0,52.0,20,1471.965581,0.0001410231082,5.231502492e-06
12,48.0,52.0,20,1474.001495,0.0001429323905,5.058358025e-06
12,48.0,52.0,20,1476.037409,0.0001476052819,4.795951729e-06
12,48.0,52.0,20,1478.073322,0.0001541458384,5.607964451e-06
12,48.0,52.0,20,1480.109236,0.0001613257287,6.777355935e-06
12,48.0,52.0,20,1482.14515,0.0001691813484,7.872618748e-06
12,48.0,52.0,20,1484.181063,0.0001735294306,8.07664038e-06
12,48.0,52.0,20,1486.216977,0.0001717089624,6.993465694e-06
12,48.0,52.0,20,1488.252891,0.0001715491359,6.376631176e-06
12,48.0,52.0,20,1490.288804,0.0001798507547,6.469947044e-06
12,48.0,52.0,20,1492.324718,0.0001906531307,7.119988794e-06
12,48.0,52.0,20,1494.360632,0.0001959267332,7.343984127e-06
12,48.0,52.0,20,1496.396545,0.0001976616154,7.220105766e-06
12,48.0,52.0,20,1498.432459,0.0001998207252,7.260392196e-06
12,48.0,52.0,20,1500.468373,0.0002044884964,8.142658373e-06
12,48.0,52.0,20,1502.504286,0.0002092253378,9.089509971e-06
12,48.0,52.0,20,1504.5402,0.0002090148516,9.109707426e-06
12,48.0,52.0,20,1506.576114,0.000207532501,8.678876036e-06
12,48.0,52.0,20,1508.612027,0.00020907955,7.70047415e-06
12,48.0,52.0,20,1510.647941,0.0002138910679,7.286463569e-06
12,48.0,52.0,20,1512.683855,0.0002213434288,7.853179338e-06
12,48.0,52.0,20,1514.719768,0.0002280169211,7.663853978e-06
12,48.0,52.0,20,1516.755682,0.0002309265046,6.677434333e-06
12,48.0,52.0,20,1518.791596,0.0002347961577,6.775714691e-06
12,48.0,52.0,20,1520.827509,0.0002439735257,7.23892819e-06
12,48.0,52.0,20,1522.863423,0.0002559729962,7.63843802e-06
12,48.0,52.0,20,1524.899337,0.0002690165839,9.150361323e-06
12,48.0,52.0,20,1526.93525,0.0002780947303,1.015493581e-05
12,48.0,52.0,20,1528.971164,0.0002827605132,1.070213919e-05
12,48.0,52.0,20,1531.007078,0.0002933988942,1.115507825e-05
12,48.0,52.0,20,1533.042991,0.0003076383727,1.054937048e-05
12,48.0,52.0,20,1535.078905,0.0003136576999,1.064079039e-05
12,48.0,52.0,20,1537.114819,0.0003124954207,1.119116706e-05
12,48.0,52.0,20,1539.150732,0.0003148697284,1.234819478e-05
12,48.0,52.0,20,1541.186646,0.0003269339461,1.289334713e-05
12,48.0,52.0,20,1543.22256,0.0003401716003,1.434151144e-05
12,48.0,52.0,20,1545.258473,0.0003501873141,1.51757018e-05
12,48.0,52.0,20,1547.294387,0.0003601692228,1.470131652e-05
12,48.0,52.0,20,1549.330301,0.0003636358847,1.526992335e-05
12,48.0,52.0,20,1551.366214,0.0003664714504,1.488057691e-05
12,48.0,52.0,20,1553.402128,0.0003827019189,1.46376246e-05
12,48.0,52.0,20,1555.438042,0.0003984067802,1.355780293e-05
12,48.0,52.0,20,1557.473955,0.0004033980603,1.241723216e-05
12,48.0,52.0,20,1559.509869,0.0004077316612,1.425375791e-05
12,48.0,52.0,20,1561.545783,0.0004125752927,1.553483573e-05
12,48.0,52.0,20,1563.581696,0.0004186773563,1.54399733e-05
12,48.0,52.0,20,1565.61761,0.0004269508188,1.698017095e-05
12,48.0,52.0,20,1567.653524,0.0004366921329,1.666635154e-05
12,48.0,52.0,20,1569.689437,0.0004547570802,1.501862972e-05
12,48.0,52.0,20,1571.725351,0.0004759323739,1.682568043e-05
12,48.0,52.0,20,1573.761265,0.0004874905581,1.837446857e-05
12,48.0,52.0,20,1575.797178,0.0004949543106,1.864011607e-05
12,48.0,52.0,20,1577.833092,0.000504589383,1.689856867e-05
12,48.0,52.0,20,1579.869006,0.0005121915998,1.547637576e-05
12,48.0,52.0,20,1581.904919,0.0005191705667,1.600919571e-05
12,48.0,52.0,20,1583.940833,0.0005296180467,1.784303758e-05
12,48.0,52.0,20,1585.976747,0.0005495501162,1.756039587e-05
12,48.0,52.0,20,1588.01266,0.0005741801819,1.880680239e-05
12,48.0,52.0,20,1590.048574,0.000586484249,2.138480523e-05
12,48.0,52.0,20,1592.084488,0.0005903282573,2.205012825e-05
12,48.0,52.0,20,1594.120401,0.0006080742892,2.128782492e-05
12,48.0,52.0,20,1596.156315,0.0006413993604,2.268151424e-05
12,48.0,52.0,20,1598.192229,0.000662740161,2.377033029e-05
12,48.0,52.0,20,1600.228142,0.0006677967846,2.230712849e-05
12,48.0,52.0,20,1602.264056,0.0006657416183,2.14835247e-05
12,48.0,52.0,20,1604.29997,0.0006534741579,2.485064162e-05
12,48.0,52.0,20,1606.335883,0.0006401254412,2.376103593e-05
12,48.0,52.0,20,1608.371797,0.000637649126,2.038509912e-05
12,48.0,52.0,20,1610.407711,0.0006515171252,1.726016274e-05
12,48.0,52.0,20,1612.443624,0.0006661873327,1.843175171e-05
12,48.0,52.0,20,1614.479538,0.0006709882479,2.28479979e-05
12,48.0,52.0,20,1616.515452,0.0006871757989,2.39522761e-05
12,48.0,52.0,20,1618.551365,0.0007120599821,2.20695868e-05
12,48.0,52.0,20,1620.587279,0.0007217987247,1.797811784e-05
12,48.0,52.0,20,1622.623193,0.000728813694,1.870323952e-05
12,48.0,52.0,20,1624.659106,0.0007489135245,2.257717149e-05
12,48.0,52.0,20,1626.69502,0.0007702238402,2.545756078e-05
12,48.0,52.0,20,1628.730934,0.0007850246688,2.564993673e-05
12,48.0,52.0,20,1630.766847,0.0007897910092,2.702584025e-05
12,48.0,52.0,20,1632.802761,0.0007884915621,2.837424208e-05
12,48.0,52.0,20,1634.838675,0.0007907561442,2.603509831e-05
12,48.0,52.0,20,1636.874588,0.0007877143219,2.518565219e-05
12,48.0,52.0,20,1638.910502,0.0007792462824,2.42909034e-05
12,48.0,52.0,20,1640.946416,0.0007897851406,2.334679334e-05
12,48.0,52.0,20,1642.982329,0.0008093360044,2.586774933e-05
12,48.0,52.0,20,1645.018243,0.0008214199256,2.686524799e-05
12,48.0,52.0,20,1647.054157,0.0008369085974,2.791695474e-05
12,48.0,52.0,20,1649.09007,0.0008486148179,2.911406793e-05
12,48.0,52.0,20,1651.125984,0.0008319340688,2.883504906e-05
12,48.0,52.0,20,1653.161898,0.0007934256025,2.699303169e-05
12,48.0,52.0,20,1655.197811,0.0007808215018,2.001080425e-05
12,48.0,52.0,20,1657.233725,0.0007962826724,1.883261638e-05
12,48.0,52.0,20,1659.269639,0.0007902551604,2.169441877e-05
12,48.0,52.0,20,1661.305552,0.0007561927923,2.306099241e-05
12,48.0,52.0,20,1663.341466,0.0007257793513,2.38291845e-05
12,48.0,52.0,20,1665.37738,0.0007164973074,2.09611218e-05
12,48.0,52.0,20,1667.413293,0.0007314853314,2.283550866e-05
12,48.0,52.0,20,1669.449207,0.000748061156,2.889795502e-05
12,48.0,52.0,20,1671.485121,0.000751685561,2.97673591e-05
12,48.0,52.0,20,1673.521034,0.0007549856474,2.49985129e-05
12,48.0,52.0,20,1675.556948,0.0007450605728,2.065674952e-05
12,48.0,52.0,20,1677.592862,0.000714025348,2.122422161e-05
12,48.0,52.0,20,1679.628775,0.0006902528413,2.278947877e-05
12,48.0,52.0,20,1681.664689,0.0006718243568,2.132375098e-05
12,48.0,52.0,20,1683.700603,0.0006470952248,2.024236134e-05
12,48.0,52.0,20,1685.736516,0.0006370268937,2.214263768e-05
12,48.0,52.0,20,1687.77243,0.000636858581,2.367533055e-05
12,48.0,52.0,20,1689.808344,0.0006311645221,2.384615591e-05
12,48.0,52.0,20,1691.844257,0.0006249127911,2.257865742e-05
12,48.0,52.0,20,1693.880171,0.0006147271264,2.392859285e-05
12,48.0,52.0,20,1695.916085,0.0005999491337,2.680434753e-05
12,48.0,52.0,20,1697.951998,0.0005854232579,2.620338897e-05
12,48.0,52.0,20,1699.987912,0.0005644607112,2.154493253e-05
12,48.0,52.0,20,1702.023826,0.0005406912641,1.958990485e-05
12,48.0,52.0,20,1704.059739,0.0005245028928,2.042146859e-05
12,48.0,52.0,20,1706.095653,0.0005077669915,2.213064853e-05
12,48.0,52.0,20,1708.131567,0.0004846614167,2.231317488e-05
12,48.0,52.0,20,1710.16748,0.0004602468408,2.051377887e-05
12,48.0,52.0,20,1712.203394,0.0004372329629,1.990411908e-05
12,48.0,52.0,20,1714.239308,0.0004199627999,1.937308753e-05
12,48.0,52.0,20,1716.275221,0.0004104751115,1.872922311e-05
12,48.0,52.0,20,1718.311135,0.0004018249233,1.957637968e-05
12,48.0,52.0,20,1720.347049,0.0003896461629,1.864848774e-05
12,48.0,52.0,20,1722.382962,0.000374020121,1.834453146e-05
12,48.0,52.0,20,1724.418876,0.0003539759747,1.78911427e-05
12,48.0,52.0,20,1726.45479,0.000333278623,1.633798157e-05
12,48.0,52.0,20,1728.490703,0.0003171862784,1.575286587e-05
12,48.0,52.0,20,1730.526617,0.0003015898288,1.52564827e-05
12,48.0,52.0,20,1732.562531,0.000283873911,1.419282932e-05
12,48.0,52.0,20,1734.598444,0.0002721404982,1.316916781e-05
12,48.0,52.0,20,1736.634358,0.0002690656642,1.285264636e-05
12,48.0,52.0,20,1738.670272,0.0002656676172,1.341478927e-05
12,48.0,52.0,20,1740.706185,0.0002549400995,1.307553627e-05
12,48.0,52.0,20,1742.742099,0.0002404136035,1.192242817e-05
12,48.0,52.0,20,1744.778013,0.0002267183767,1.011733825e-05
12,48.0,52.0,20,1746.813926,0.0002128316349,8.137998688e-06
12,48.0,52.0,20,1748.84984,0.0001994348018,6.624982823e-06
12,48.0,52.0,20,1750.885754,0.0001903401515,5.906445482e-06
12,48.0,52.0,20,1752.921667,0.0001859562291,7.049039971e-06
12,48.0,52.0,20,1754.957581,0.0001813337933,7.531349357e-06
12,48.0,52.0,20,1756.993495,0.0001713234054,6.514384343e-06
12,48.0,52.0,20,1759.029408,0.0001576286258,5.546097522e-06
12,48.0,52.0,20,1761.065322,0.00014701435,5.16311281e-06
12,48.0,52.0,20,1763.101236,0.0001407334253,5.20931984e-06
12,48.0,52.0,20,1765.137149,0.0001337672016,4.8343037e-06
12,48.0,52.0,20,1767.173063,0.000124405014,4.390308298e-06
12,48.0,52.0,20,1769.208977,0.0001182822842,4.1544456e-06
12,48.0,52.0,20,1771.24489,0.0001172831325,3.976485454e-06
12,48.0,52.0,20,1773.280804,0.0001148286084,3.530820469e-06
12,48.0,52.0,20,1775.316718,0.0001100301155,3.329159027e-06
12,48.0,52.0,20,1777.352631,0.0001061839253,3.519407156e-06
12,48.0,52.0,20,1779.388545,0.0001024009403,3.229340483e-06
12,48.0,52.0,20,1781.424459,9.833150027e-05,3.067613121e-06
12,48.0,52.0,20,1783.460372,9.423374162e-05,3.121667992e-06
12,48.0,52.0,20,1785.496286,8.89603798e-05,2.780876615e-06
12,48.0,52.0,20,1787.5322,8.311203242e-05,2.252537987e-06
12,48.0,52.0,20,1789.568113,7.932240167e-05,2.061692443e-06
12,48.0,52.0,20,1791.604027,7.797227141e-05,2.185602371e-06
12,48.0,52.0,20,1793.639941,7.650369001e-05,2.04101617e-06
12,48.0,52.0,20,1795.675854,7.390418227e-05,2.023907642e-06
12,48.0,52.0,20,1797.711768,7.070301018e-05,2.14258603e-06
12,48.0,52.0,20,1799.747682,6.796421012e-05,2.184071477e-06
12,48.0,52.0,20,1801.783595,6.584912999e-05,2.170055387e-06
12,48.0,52.0,20,1803.819509,6.346094974e-05,1.96866394e-06
12,48.0,52.0,20,1805.855423,6.101906923e-05,1.6988984e-06
12,48.0,52.0,20,1807.891336,5.879003411e-05,1.661142108e-06
12,48.0,52.0,20,1809.92725,5.685016542e-05,1.661743874e-06
12,48.0,52.0,20,1811.963164,5.551190995e-05,1.667743545e-06
12,48.0,52.0,20,1813.999077,5.464703958e-05,1.69389863e-06
12,48.0,52.0,20,1816.034991,5.391161911e-05,1.713712513e-06
12,48.0,52.0,20,1818.070905,5.250144383e-05,1.614240058e-06
12,48.0,52.0,20,1820.106818,4.986308187e-05,1.606206863e-06
12,48.0,52.0,20,1822.142732,4.732117631e-05,1.650697276e-06
12,48.0,52.0,20,1824.178646,4.6455045e-05,1.676285784e-06
12,48.0,52.0,20,1826.214559,4.685467761e-05,1.639321233e-06
12,48.0,52.0,20,1828.250473,4.665756077e-05,1.496037081e-06
12,48.0,52.0,20,1830.286387,4.476123612e-05,1.479955231e-06
12,48.0,52.0,20,1832.3223,4.170618524e-05,1.381222473e-06
12,48.0,52.0,20,1834.358214,3.934894416e-05,1.153254687e-06
12,48.0,52.0,20,1836.394128,3.828153476e-05,9.853432495e-07
12,48.0,52.0,20,1838.430041,3.709211264e-05,9.978534392e-07
12,48.0,52.0,20,1840.465955,3.597302753e-05,1.027945703e-06
12,48.0,52.0,20,1842.501869,3.559467068e-05,1.012694856e-06
12,48.0,52.0,20,1844.537782,3.494696595e-05,9.466033012e-07
12,48.0,52.0,20,1846.573696,3.388678472e-05,9.948727891e-07
12,48.0,52.0,20,1848.60961,3.3072158e-05,1.042089512e-06
12,48.0,52.0,20,1850.645523,3.277167458e-05,9.690431887e-07
12,48.0,52.0,20,1852.681437,3.250669109e-05,9.944815643e-07
12,48.0,52.0,20,1854.717351,3.129789129e-05,1.003757092e-06
12,48.0,52.0,20,1856.753264,2.949184826e-05,8.988841567e-07
12,48.0,52.0,20,1858.789178,2.835055069e-05,7.384042818e-07
12,48.0,52.0,20,1860.825092,2.793542525e-05,6.494746259e-07
12,48.0,52.0,20,1862.861005,2.746114664e-05,7.071403136e-07
12,48.0,52.0,20,1864.896919,2.686715994e-05,6.700598547e-07
12,48.0,52.0,20,1866.932833,2.622072082e-05,5.794183436e-07
12,48.0,52.0,20,1868.968746,2.539801233e-05,6.069085617e-07
12,48.0,52.0,20,1871.00466,2.468558898e-05,6.517745445e-07
12,48.0,52.0,20,1873.040574,2.411392022e-05,6.492051054e-07
12,48.0,52.0,20,1875.076487,2.367774686e-05,6.460410213e-07
12,48.0,52.0,20,1877.112401,2.344413017e-05,6.083679147e-07
12,48.0,52.0,20,1879.148315,2.31062071e-05,5.480616902e-07
12,48.0,52.0,20,1881.184228,2.274134036e-05,5.307199179e-07
12,48.0,52.0,20,1883.220142,2.255467221e-05,5.562313999e-07
12,48.0,52.0,20,1885.256056,2.217074899e-05,5.690466986e-07
12,48.0,52.0,20,1887.291969,2.14512595e-05,5.030706009e-07
12,48.0,52.0,20,1889.327883,2.075938879e-05,4.616766664e-07
12,48.0,52.0,20,1891.363797,2.036929422e-05,5.297146011e-07
12,48.0,52.0,20,1893.39971,2.025125494e-05,5.766208509e-07
12,48.0,52.0,20,1895.435624,2.026091057e-05,5.746174712e-07
12,48.0,52.0,20,1897.471538,2.017043869e-05,5.804284376e-07
12,48.0,52.0,20,1899.507451,1.97623364e-05,5.360016424e-07
12,48.0,52.0,20,1901.543365,1.930815683e-05,4.736843644e-07
12,48.0,52.0,20,1903.579279,1.904030906e-05,4.238184239e-07
12,48.0,52.0,20,1905.615192,1.857830443e-05,4.083657311e-07
12,48.0,52.0,20,1907.651106,1.797267751e-05,4.546046833e-07
12,48.0,52.0,20,1909.68702,1.761401622e-05,4.004118678e-07
12,48.0,52.0,20,1911.722933,1.733178271e-05,3.661300852e-07
12,48.0,52.0,20,1913.758847,1.689180528e-05,4.021055804e-07
12,48.0,52.0,20,1915.794761,1.636888782e-05,4.171541507e-07
12,48.0,52.0,20,1917.830674,1.598422295e-05,4.419971622e-07
12,48.0,52.0,20,1919.866588,1.573211204e-05,4.203987359e-07
12,48.0,52.0,20,1921.902502,1.545872561e-05,4.114455011e-07
12,48.0,52.0,20,1923.938415,1.530548283e-05,4.389763544e-07
12,48.0,52.0,20,1925.974329,1.529271517e-05,4.119360133e-07
12,48.0,52.0,20,1928.010243,1.514722619e-05,3.790973861e-07
12,48.0,52.0,20,1930.046156,1.478908609e-05,3.671951642e-07
12,48.0,52.0,20,1932.08207,1.45538344e-05,3.666109564e-07
12,48.0,52.0,20,1934.117984,1.452635956e-05,3.486839469e-07
12,48.0,52.0,20,1936.153897,1.429393296e-05,3.342397675e-07
12,48.0,52.0,20,1938.189811,1.38502556e-05,3.027401947e-07
12,48.0,52.0,20,1940.225725,1.357474884e-05,2.840901074e-07
12,48.0,52.0,20,1942.261638,1.348930828e-05,2.960363408e-07
12,48.0,52.0,20,1944.297552,1.339938544e-05,3.080863047e-07
12,48.0,52.0,20,1946.333466,1.330726337e-05,3.04972986e-07
12,48.0,52.0,20,1948.369379,1.323430153e-05,3.151821616e-07
12,48.0,52.0,20,1950.405293,1.302578759e-05,3.517233952e-07
12,48.0,52.0,20,1952.441207,1.269685551e-05,3.380358207e-07
12,48.0,52.0,20,1954.47712,1.252641025e-05,2.94779942e-07
12,48.0,52.0,20,1956.513034,1.252705233e-05,2.972012101e-07
12,48.0,52.0,20,1958.548948,1.241830312e-05,3.210056511e-07
12,48.0,52.0,20,1960.584861,1.21457208e-05,3.200821763e-07
12,48.0,52.0,20,1962.620775,1.188705494e-05,2.977737847e-07
12,48.0,52.0,20,1964.656689,1.176951578e-05,2.957374562e-07
12,48.0,52.0,20,1966.692602,1.170808559e-05,2.799391741e-07
12,48.0,52.0,20,1968.728516,1.156626121e-05,2.485168605e-07
12,48.0,52.0,20,1970.76443,1.136319582e-05,2.134739874e-07
12,48.0,52.0,20,1972.800343,1.117972682e-05,2.121910406e-07
12,48.0,52.0,20,1974.836257,1.105814573e-05,2.444126749e-07
12,48.0,52.0,20,1976.872171,1.102614973e-05,2.524336068e-07
12,48.0,52.0,20,1978.908084,1.093863486e-05,2.325010759e-07
12,48.0,52.0,20,1980.943998,1.076906772e-05,2.37192066e-07
12,48.0,52.0,20,1982.979912,1.074364942e-05,2.442258897e-07
12,48.0,52.0,20,1985.015825,1.079930665e-05,2.499944569e-07
12,48.0,52.0,20,1987.051739,1.072248997e-05,2.418799143e-07
12,48.0,52.0,20,1989.087653,1.055553722e-05,2.330705937e-07
12,48.0,52.0,20,1991.123566,1.047511864e-05,2.185088377e-07
12,48.0,52.0,20,1993.15948,1.052614398e-05,2.109165397e-07
12,48.0,52.0,20,1995.195394,1.061179749e-05,2.266559012e-07
12,48.0,52.0,20,1997.231307,1.062827365e-05,2.343665906e-07
12,48.0,52.0,20,1999.267221,1.054432903e-05,2.292918316e-07
12,48.0,52.0,20,2001.303135,1.039606605e-05,2.22333737e-07
12,48.0,52.0,20,2003.339048,1.026583065e-05,2.178245897e-07
12,48.0,52.0,20,2005.374962,1.018638332e-05,2.106576141e-07
12,48.0,52.0,20,2007.410876,1.000720092e-05,1.942982985e-07
12,48.0,52.0,20,2009.446789,9.762749607e-06,1.927264876e-07
12,48.0,52.0,20,2011.482703,9.736453293e-06,2.011532383e-07
12,48.0,52.0,20,2013.518617,9.912031099e-06,2.017894059e-07
12,48.0,52.0,20,2015.55453,1.002013482e-05,2.119852458e-07
12,48.0,52.0,20,2017.590444,9.978173377e-06,2.130296417e-07
12,48.0,52.0,20,2019.626358,9.874721328e-06,2.112093276e-07
12,48.0,52.0,20,2021.662271,9.746880932e-06,2.266307514e-07
12,48.0,52.0,20,2023.698185,9.70178829e-06,2.29834137e-07
12,48.0,52.0,20,2025.734099,9.771588587e-06,2.252065464e-07
12,48.0,52.0,20,2027.770012,9.819557441e-06,2.268242643e-07
12,48.0,52.0,20,2029.805926,9.795847807e-06,2.157102916e-07
12,48.0,52.0,20,2031.84184,9.657784165e-06,1.909565966e-07
12,48.0,52.0,20,2033.877753,9.510641998e-06,1.89638576e-07
12,48.0,52.0,20,2035.913667,9.483094565e-06,1.976886697e-07
12,48.0,52.0,20,2037.949581,9.431454301e-06,2.205093826e-07
12,48.0,52.0,20,2039.985494,9.372269954e-06,2.184248686e-07
12,48.0,52.0,20,2042.021408,9.483933744e-06,1.932887563e-07
12,48.0,52.0,20,2044.057322,9.623936109e-06,2.091157643e-07
12,48.0,52.0,20,2046.093235,9.568308204e-06,2.294311185e-07
12,48.0,52.0,20,2048.129149,9.46389869e-06,2.137291965e-07
12,48.0,52.0,20,2050.165063,9.538174944e-06,1.894382361e-07
12,48.0,52.0,20,2052.200976,9.728341388e-06,2.142650332e-07
12,48.0,52.0,20,2054.23689,9.899953459e-06,2.497488681e-07
12,48.0,52.0,20,2056.272804,1.00440109e-05,2.585752395e-07
12,48.0,52.0,20,2058.308717,1.012244631e-05,2.449361009e-07
12,48.0,52.0,20,2060.344631,1.008374216e-05,2.325200008e-07
12,48.0,52.0,20,2062.380545,1.001611893e-05,2.220242568e-07
12,48.0,52.0,20,2064.416458,9.93010725e-06,2.196356612e-07
12,48.0,52.0,20,2066.452372,9.774959859e-06,2.058671015e-07
12,48.0,52.0,20,2068.488286,9.681746571e-06,1.81608418e-07
12,48.0,52.0,20,2070.524199,9.654318239e-06,1.869723821e-07
12,48.0,52.0,20,2072.560113,9.603871487e-06,1.911541595e-07
12,48.0,52.0,20,2074.596027,9.514222504e-06,1.795523619e-07
12,48.0,52.0,20,2076.63194,9.451962933e-06,1.705573871e-07
12,48.0,52.0,20,2078.667854,9.614605966e-06,1.912809293e-07
12,48.0,52.0,20,2080.703768,9.908689088e-06,2.077090518e-07
12,48.0,52.0,20,2082.739681,1.014841246e-05,2.340225994e-07
12,48.0,52.0,20,2084.775595,1.028694129e-05,2.570034576e-07
12,48.0,52.0,20,2086.811509,1.028175219e-05,2.452101404e-07
12,48.0,52.0,20,2088.847422,1.026308118e-05,2.315897475e-07
12,48.0,52.0,20,2090.883336,1.029024394e-05,2.313202617e-07
12,48.0,52.0,20,2092.91925,1.035990836e-05,2.288061086e-07
12,48.0,52.0,20,2094.955163,1.055733928e-05,2.349000898e-07
12,48.0,52.0,20,2096.991077,1.078466599e-05,2.559534831e-07
12,48.0,52.0,20,2099.026991,1.089079694e-05,2.728198981e-07
12,48.0,52.0,20,2101.062904,1.089570484e-05,2.864385931e-07
12,48.0,52.0,20,2103.098818,1.093742274e-05,2.890860885e-07
12,48.0,52.0,20,2105.134732,1.097756059e-05,2.956873271e-07
12,48.0,52.0,20,2107.170645,1.094350078e-05,2.940217457e-07
12,48.0,52.0,20,2109.206559,1.097164174e-05,2.98175818e-07
12,48.0,52.0,20,2111.242473,1.104872389e-05,3.084935726e-07
12,48.0,52.0,20,2113.278386,1.107907477e-05,3.028994454e-07
12,48.0,52.0,20,2115.3143,1.108344684e-05,2.766637268e-07
12,48.0,52.0,20,2117.350214,1.11174042e-05,2.405339559e-07
12,48.0,52.0,20,2119.386127,1.120780254e-05,2.33003552e-07
12,48.0,52.0,20,2121.422041,1.139571392e-05,2.536738312e-07
12,48.0,52.0,20,2123.457955,1.16678754e-05,2.619843821e-07
12,48.0,52.0,20,2125.493868,1.178472351e-05,2.553387384e-07
12,48.0,52.0,20,2127.529782,1.171931721e-05,2.507808765e-07
12,48.0,52.0,20,2129.565696,1.174288368e-05,2.657284197e-07
12,48.0,52.0,20,2131.601609,1.190081325e-05,3.041317681e-07
12,48.0,52.0,20,2133.637523,1.203110423e-05,2.985794289e-07
12,48.0,52.0,20,2135.673437,1.207262337e-05,2.701492501e-07
12,48.0,52.0,20,2137.70935,1.212313058e-05,2.890650792e-07
12,48.0,52.0,20,2139.745264,1.222955348e-05,3.247646994e-07
12,48.0,52.0,20,2141.781178,1.235235473e-05,3.211734908e-07
12,48.0,52.0,20,2143.817091,1.250315001e-05,3.147428033e-07
12,48.0,52.0,20,2145.853005,1.274104022e-05,3.04899854e-07
12,48.0,52.0,20,2147.888919,1.305475117e-05,2.699853913e-07
12,48.0,52.0,20,2149.924832,1.333367154e-05,2.768746837e-07
12,48.0,52.0,20,2151.960746,1.342778636e-05,3.050643184e-07
12,48.0,52.0,20,2153.99666,1.342092393e-05,3.316847856e-07
12,48.0,52.0,20,2156.032573,1.35302455e-05,3.492986002e-07
12,48.0,52.0,20,2158.068487,1.364130249e-05,3.108517516e-07
12,48.0,52.0,20,2160.104401,1.359807697e-05,2.95777581e-07
12,48.0,52.0,20,2162.140314,1.359991021e-05,3.051574622e-07
12,48.0,52.0,20,2164.176228,1.382887881e-05,2.846593774e-07
12,48.0,52.0,20,2166.212142,1.40355796e-05,2.837040387e-07
12,48.0,52.0,20,2168.248055,1.410271297e-05,3.139882322e-07
12,48.0,52.0,20,2170.283969,1.421205553e-05,2.950754502e-07
12,48.0,52.0,20,2172.319883,1.433741727e-05,3.291624729e-07
12,48.0,52.0,20,2174.355796,1.443578917e-05,3.756502658e-07
12,48.0,52.0,20,2176.39171,1.461821376e-05,3.665059658e-07
12,48.0,52.0,20,2178.427624,1.471452869e-05,3.738621666e-07
12,48.0,52.0,20,2180.463537,1.458761291e-05,3.700620258e-07
12,48.0,52.0,20,2182.499451,1.454667751e-05,3.786947227e-07
12,48.0,52.0,20,2184.535365,1.473319646e-05,3.857108983e-07
12,48.0,52.0,20,2186.571278,1.496654702e-05,3.529275827e-07
12,48.0,52.0,20,2188.607192,1.509210756e-05,3.216840014e-07
12,48.0,52.0,20,2190.643106,1.508299301e-05,3.285017502e-07
12,48.0,52.0,20,2192.679019,1.505654624e-05,3.237637461e-07
12,48.0,52.0,20,2194.714933,1.508991222e-05,2.918810418e-07
12,48.0,52.0,20,2196.750847,1.519265564e-05,2.839584165e-07
12,48.0,52.0,20,2198.78676,1.540085262e-05,3.123166688e-07
12,48.0,52.0,20,2200.822674,1.551904212e-05,3.309454656e-07
12,48.0,52.0,20,2202.858588,1.532659304e-05,3.068877522e-07
12,48.0,52.0,20,2204.894501,1.514243396e-05,2.947844479e-07
12,48.0,52.0,20,2206.930415,1.531706327e-05,3.225589165e-07
12,48.0,52.0,20,2208.966329,1.568242107e-05,3.46170093e-07
12,48.0,52.0,20,2211.002242,1.599028007e-05,3.496419723e-07
12,48.0,52.0,20,2213.038156,1.620925504e-05,3.330607112e-07
12,48.0,52.0,20,2215.07407,1.651012597e-05,3.310117214e-07
12,48.0,52.0,20,2217.109983,1.701733155e-05,3.728805247e-07
12,48.0,52.0,20,2219.145897,1.739485868e-05,4.266838201e-07
12,48.0,52.0,20,2221.181811,1.734900484e-05,4.330489608e-07
12,48.0,52.0,20,2223.217724,1.716156166e-05,4.133959653e-07
12,48.0,52.0,20,2225.253638,1.706891483e-05,3.959028598e-07
12,48.0,52.0,20,2227.289552,1.7002827e-05,3.6896214e-07
12,48.0,52.0,20,2229.325465,1.693933112e-05,3.507919317e-07
12,48.0,52.0,20,2231.361379,1.682266163e-05,3.654735255e-07
12,48.0,52.0,20,2233.397293,1.667674412e-05,3.665727217e-07
12,48.0,52.0,20,2235.433206,1.66797297e-05,3.422932916e-07
12,48.0,52.0,20,2237.46912,1.687191562e-05,3.363871732e-07
12,48.0,52.0,20,2239.505034,1.708990792e-05,3.185491946e-07
12,48.0,52.0,20,2241.540947,1.730050774e-05,3.045840893e-07
12,48.0,52.0,20,2243.576861,1.764886277e-05,3.631941351e-07
12,48.0,52.0,20,2245.612775,1.800045488e-05,3.903255259e-07
12,48.0,52.0,20,2247.648688,1.813203536e-05,3.675920282e-07
12,48.0,52.0,20,2249.684602,1.807927885e-05,3.699516957e-07
12,48.0,52.0,20,2251.720516,1.788730547e-05,3.869848065e-07
12,48.0,52.0,20,2253.756429,1.772157453e-05,3.949873573e-07
12,48.0,52.0,20,2255.792343,1.772836662e-05,3.666728918e-07
12,48.0,52.0,20,2257.828257,1.789195849e-05,3.963091538e-07
12,48.0,52.0,20,2259.86417,1.821383918e-05,4.595450886e-07
12,48.0,52.0,20,2261.900084,1.832950849e-05,4.897422005e-07
12,48.0,52.0,20,2263.935998,1.806788735e-05,4.903134508e-07
12,48.0,52.0,20,2265.971911,1.807128258e-05,4.647021126e-07
12,48.0,52.0,20,2268.007825,1.850231339e-05,4.18868033e-07
12,48.0,52.0,20,2270.043739,1.865928019e-05,3.771965827e-07
12,48.0,52.0,20,2272.079652,1.835023131e-05,3.644771358e-07
12,48.0,52.0,20,2274.115566,1.803484524e-05,3.745456987e-07
12,48.0,52.0,20,2276.15148,1.808467783e-05,3.928279938e-07
12,48.0,52.0,20,2278.187393,1.82800305e-05,4.056502741e-07
12,48.0,52.0,20,2280.223307,1.823969887e-05,3.690449971e-07
12,48.0,52.0,20,2282.259221,1.811103253e-05,3.327078855e-07
12,48.0,52.0,20,2284.295134,1.795820026e-05,3.357307753e-07
12,48.0,52.0,20,2286.331048,1.77978931e-05,3.357749069e-07
12,48.0,52.0,20,2288.366962,1.776570149e-05,3.69585478e-07
12,48.0,52.0,20,2290.402875,1.772885367e-05,3.492216882e-07
12,48.0,52.0,20,2292.438789,1.766192741e-05,3.255104495e-07
12,48.0,52.0,20,2294.474703,1.772406055e-05,3.209591977e-07
12,48.0,52.0,20,2296.510616,1.801388256e-05,3.105386905e-07
12,48.0,52.0,20,2298.54653,1.836971769e-05,3.352676263e-07
12,48.0,52.0,20,2300.582444,1.846146177e-05,3.735396196e-07
12,48.0,52.0,20,2302.618357,1.823856897e-05,4.059464436e-07
12,48.0,52.0,20,2304.654271,1.800454164e-05,3.700464824e-07
12,48.0,52.0,20,2306.690185,1.797853372e-05,3.439079057e-07
12,48.0,52.0,20,2308.726098,1.80160493e-05,3.722881841e-07
12,48.0,52.0,20,2310.762012,1.793344534e-05,3.607957355e-07
12,48.0,52.0,20,2312.797926,1.77311023e-05,3.592770558e-07
12,48.0,52.0,20,2314.833839,1.757590531e-05,3.805933758e-07
12,48.0,52.0,20,2316.869753,1.770907515e-05,3.884051517e-07
12,48.0,52.0,20,2318.905667,1.804787705e-05,3.385509247e-07
12,48.0,52.0,20,2320.94158,1.822074409e-05,3.00183443e-07
12,48.0,52.0,20,2322.977494,1.804322396e-05,3.313568439e-07
12,48.0,52.0,20,2325.013408,1.770317857e-05,3.536513956e-07
12,48.0,52.0,20,2327.049321,1.751171969e-05,3.629805147e-07
12,48.0,52.0,20,2329.085235,1.759534526e-05,3.512763724e-07
12,48.0,52.0,20,2331.121149,1.785368602e-05,3.208723421e-07
12,48.0,52.0,20,2333.157062,1.796034067e-05,3.021893477e-07
12,48.0,52.0,20,2335.192976,1.780072686e-05,3.222033795e-07
12,48.0,52.0,20,2337.22889,1.77228881e-05,3.218275659e-07
12,48.0,52.0,20,2339.264803,1.773126472e-05,3.569815019e-07
12,48.0,52.0,20,2341.300717,1.760456336e-05,3.793394563e-07
12,48.0,52.0,20,2343.336631,1.748501507e-05,3.659652759e-07
12,48.0,52.0,20,2345.372544,1.751420073e-05,3.691821347e-07
12,48.0,52.0,20,2347.408458,1.763415189e-05,3.798013135e-07
12,48.0,52.0,20,2349.444372,1.771038854e-05,3.607912497e-07
12,48.0,52.0,20,2351.480285,1.769578726e-05,3.483307201e-07
12,48.0,52.0,20,2353.516199,1.75412116e-05,3.736665258e-07
12,48.0,52.0,20,2355.552113,1.740114661e-05,3.666180744e-07
12,48.0,52.0,20,2357.588026,1.749257193e-05,3.411978143e-07
12,48.0,52.0,20,2359.62394,1.761514564e-05,3.317412807e-07
12,48.0,52.0,20,2361.659854,1.748677657e-05,3.356679297e-07
12,48.0,52.0,20,2363.695767,1.721763851e-05,3.32361703e-07
12,48.0,52.0,20,2365.731681,1.711387686e-05,3.3807336e-07
12,48.0,52.0,20,2367.767595,1.718794715e-05,3.394196794e-07
12,48.0,52.0,20,2369.803508,1.72686086e-05,3.267428713e-07
12,48.0,52.0,20,2371.839422,1.733719626e-05,3.137940099e-07
12,48.0,52.0,20,2373.875336,1.74600005e-05,3.107254376e-07
12,48.0,52.0,20,2375.911249,1.754881932e-05,3.339622476e-07
12,48.0,52.0,20,2377.947163,1.748644601e-05,3.56941491e-07
12,48.0,52.0,20,2379.983077,1.733040488e-05,3.680279197e-07
12,48.0,52.0,20,2382.01899,1.716276971e-05,3.681671046e-07
12,48.0,52.0,20,2384.054904,1.696110912e-05,3.163693468e-07
12,48.0,52.0,20,2386.090818,1.682912225e-05,2.829672e-07
12,48.0,52.0,20,2388.126731,1.691773774e-05,3.307839832e-07
12,48.0,52.0,20,2390.162645,1.704552811e-05,3.705827028e-07
12,48.0,52.0,20,2392.198559,1.697408456e-05,3.53045816e-07
12,48.0,52.0,20,2394.234472,1.677733906e-05,3.096021659e-07
12,48.0,52.0,20,2396.270386,1.680350467e-05,2.689952518e-07
12,48.0,52.0,20,2398.3063,1.711226314e-05,2.562153917e-07
12,48.0,52.0,20,2400.342213,1.736996117e-05,3.113210292e-07
12,48.0,52.0,20,2402.378127,1.743426232e-05,3.971724724e-07
12,48.0,52.0,20,2404.414041,1.730240402e-05,3.950862817e-07
12,48.0,52.0,20,2406.449954,1.701715913e-05,3.305396276e-07
12,48.0,52.0,20,2408.485868,1.683365912e-05,3.056760763e-07
12,48.0,52.0,20,2410.521782,1.691104133e-05,3.07040025e-07
12,48.0,52.0,20,2412.557695,1.703934703e-05,2.707167791e-07
12,48.0,52.0,20,2414.593609,1.702238281e-05,2.899842298e-07
12,48.0,52.0,20,2416.629523,1.692564773e-05,3.229208504e-07
12,48.0,52.0,20,2418.665436,1.691851248e-05,3.053821737e-07
12,48.0,52.0,20,2420.70135,1.70626985e-05,2.837965788e-07
12,48.0,52.0,20,2422.737264,1.710966799e-05,2.778117201e-07
12,48.0,52.0,20,2424.773177,1.693925358e-05,2.947960534e-07
12,48.0,52.0,20,2426.809091,1.684291453e-05,3.088293141e-07
12,48.0,52.0,20,2428.845005,1.693107139e-05,3.263658327e-07
12,48.0,52.0,20,2430.880918,1.693871169e-05,3.155440002e-07
12,48.0,52.0,20,2432.916832,1.679133003e-05,3.018835237e-07
12,48.0,52.0,20,2434.952746,1.672489661e-05,2.991878176e-07
12,48.0,52.0,20,2436.988659,1.66692695e-05,3.052310335e-07
12,48.0,52.0,20,2439.024573,1.646065254e-05,3.23136524e-07
12,48.0,52.0,20,2441.060487,1.642841542e-05,3.179385893e-07
12,48.0,52.0,20,2443.0964,1.675807662e-05,3.057675045e-07
12,48.0,52.0,20,2445.132314,1.70642565e-05,2.900131937e-07
12,48.0,52.0,20,2447.168228,1.715258768e-05,2.503074082e-07
12,48.0,52.0,20,2449.204141,1.712050724e-05,2.72583307e-07
12,48.0,52.0,20,2451.240055,1.688959325e-05,3.009323206e-07
12,48.0,52.0,20,2453.275969,1.659940698e-05,2.867328715e-07
12,48.0,52.0,20,2455.311882,1.658126757e-05,2.679072304e-07
12,48.0,52.0,20,2457.347796,1.674888745e-05,2.719537902e-07
12,48.0,52.0,20,2459.38371,1.694152877e-05,2.922923759e-07
12,48.0,52.0,20,2461.419623,1.724617328e-05,2.989237719e-07
12,48.0,52.0,20,2463.455537,1.755231594e-05,2.820763819e-07
12,48.0,52.0,20,2465.491451,1.76236846e-05,3.002252633e-07
12,48.0,52.0,20,2467.527364,1.748961477e-05,2.805244455e-07
12,48.0,52.0,20,2469.563278,1.728826742e-05,2.605324668e-07
12,48.0,52.0,20,2471.599192,1.72056834e-05,2.819158217e-07
12,48.0,52.0,20,2473.635105,1.71626807e-05,3.085474227e-07
12,48.0,52.0,20,2475.671019,1.693531748e-05,3.089804737e-07
12,48.0,52.0,20,2477.706933,1.669751833e-05,2.913279441e-07
12,48.0,52.0,20,2479.742846,1.660802873e-05,2.755046607e-07
12,48.0,52.0,20,2481.77876,1.660616139e-05,2.796284946e-07
12,48.0,52.0,20,2483.814674,1.66725309e-05,2.820494239e-07
12,48.0,52.0,20,2485.850587,1.680777799e-05,2.897523752e-07
12,48.0,52.0,20,2487.886501,1.697252835e-05,3.034191512e-07
12,48.0,52.0,20,2489.922415,1.704609494e-05,3.184122171e-07
12,48.0,52.0,20,2491.958328,1.691559296e-05,3.023162555e-07
12,48.0,52.0,20,2493.994242,1.669807117e-05,2.864698943e-07
12,48.0,52.0,20,2496.030156,1.666722586e-05,2.843154779e-07
12,48.0,52.0,20,2498.066069,1.688576792e-05,2.918671715e-07
12,48.0,52.0,20,2500.101983,1.704225912e-05,3.006331177e-07
12,48.0,52.0,20,2502.137897,1.704208314e-05,2.790187702e-07
12,48.0,52.0,20,2504.17381,1.69596848e-05,2.591930463e-07
12,48.0,52.0,20,2506.209724,1.666003274e-05,2.862016442e-07
12,48.0,52.0,20,2508.245638,1.638005473e-05,2.969998873e-07
12,48.0,52.0,20,2510.281551,1.650660398e-05,2.866843089e-07
12,48.0,52.0,20,2512.317465,1.691840665e-05,3.054336152e-07
12,48.0,52.0,20,2514.353379,1.718440791e-05,2.91223564e-07
12,48.0,52.0,20,2516.389292,1.715596678e-05,2.71172979e-07
12,48.0,52.0,20,2518.425206,1.703137239e-05,2.745767768e-07
12,48.0,52.0,20,2520.46112,1.690331346e-05,2.93829674e-07
12,48.0,52.0,20,2522.497033,1.687785471e-05,3.219823938e-07
12,48.0,52.0,20,2524.532947,1.706360337e-05,3.246924393e-07
12,48.0,52.0,20,2526.568861,1.713127858e-05,3.090995373e-07
12,48.0,52.0,20,2528.604774,1.697260608e-05,2.829047911e-07
12,48.0,52.0,20,2530.640688,1.696123486e-05,2.605498838e-07
12,48.0,52.0,20,2532.676602,1.705962743e-05,2.79555432e-07
12,48.0,52.0,20,2534.712515,1.704452303e-05,3.030626483e-07
12,48.0,52.0,20,2536.748429,1.696890554e-05,3.312331041e-07
12,48.0,52.0,20,2538.784343,1.696879109e-05,3.207596959e-07
12,48.0,52.0,20,2540.820256,1.703855548e-05,2.883727315e-07
12,48.0,52.0,20,2542.85617,1.69977792e-05,2.795713197e-07
12,48.0,52.0,20,2544.892084,1.685831322e-05,2.941173634e-07
12,48.0,52.0,20,2546.927997,1.679423503e-05,3.269142716e-07
12,48.0,52.0,20,2548.963911,1.688802665e-05,3.085699874e-07
12,48.0,52.0,20,2550.999825,1.702691582e-05,2.844257428e-07
12,48.0,52.0,20,2553.035738,1.70239172e-05,2.859013552e-07
12,48.0,52.0,20,2555.071652,1.697624446e-05,2.611725658e-07
12,48.0,52.0,20,2557.107566,1.700513788e-05,2.545135292e-07
12,48.0,52.0,20,2559.143479,1.701573332e-05,2.662321597e-07
12,48.0,52.0,20,2561.179393,1.703534273e-05,2.877782718e-07
12,48.0,52.0,20,2563.215307,1.721427834e-05,3.096514898e-07
12,48.0,52.0,20,2565.25122,1.739215881e-05,3.270906971e-07
12,48.0,52.0,20,2567.287134,1.732159405e-05,3.3357322e-07
12,48.0,52.0,20,2569.323048,1.714652861e-05,3.102452489e-07
12,48.0,52.0,20,2571.358961,1.702114001e-05,2.689981345e-07
12,48.0,52.0,20,2573.394875,1.69740009e-05,2.729217363e-07
12,48.0,52.0,20,2575.430789,1.713857277e-05,2.843466308e-07
12,48.0,52.0,20,2577.466702,1.748635997e-05,2.980526522e-07
12,48.0,52.0,20,2579.502616,1.771963289e-05,2.968321259e-07
12,48.0,52.0,20,2581.53853,1.765218957e-05,2.830705285e-07
12,48.0,52.0,20,2583.574443,1.742276697e-05,2.986967872e-07
12,48.0,52.0,20,2585.610357,1.727251934e-05,3.010674456e-07
12,48.0,52.0,20,2587.646271,1.731305534e-05,2.733540293e-07
12,48.0,52.0,20,2589.682184,1.745007734e-05,2.572448097e-07
12,48.0,52.0,20,2591.718098,1.749472247e-05,2.818577897e-07
12,48.0,52.0,20,2593.754012,1.747004453e-05,3.141746429e-07
12,48.0,52.0,20,2595.789925,1.74799961e-05,2.827442151e-07
12,48.0,52.0,20,2597.825839,1.746228306e-05,2.616204503e-07
12,48.0,52.0,20,2599.861753,1.744798925e-05,3.024496866e-07
12,48.0,52.0,20,2601.897666,1.753047319e-05,3.096520472e-07
12,48.0,52.0,20,2603.93358,1.769323382e-05,2.93055868e-07
12,48.0,52.0,20,2605.969494,1.775337387e-05,2.868112762e-07
12,48.0,52.0,20,2608.005407,1.754842599e-05,2.809793891e-07
12,48.0,52.0,20,2610.041321,1.731179948e-05,2.761875139e-07
12,48.0,52.0,20,2612.077235,1.731358647e-05,2.753174021e-07
12,48.0,52.0,20,2614.113148,1.744310851e-05,3.069586397e-07
12,48.0,52.0,20,2616.149062,1.756699981e-05,3.432053749e-07
12,48.0,52.0,20,2618.184976,1.774385709e-05,3.403095958e-07
12,48.0,52.0,20,2620.220889,1.785487707e-05,3.467173514e-07
12,48.0,52.0,20,2622.256803,1.776098718e-05,3.296294824e-07
12,48.0,52.0,20,2624.292717,1.774535854e-05,3.047183292e-07
12,48.0,52.0,20,2626.32863,1.799765566e-05,3.443741271e-07
12,48.0,52.0,20,2628.364544,1.81842754e-05,4.094451993e-07
12,48.0,52.0,20,2630.400458,1.818115278e-05,4.016979987e-07
12,48.0,52.0,20,2632.436371,1.81721456e-05,3.402608297e-07
12,48.0,52.0,20,2634.472285,1.805969697e-05,3.023200219e-07
12,48.0,52.0,20,2636.508199,1.795010229e-05,2.887883255e-07
12,48.0,52.0,20,2638.544112,1.809381504e-05,2.799425164e-07
12,48.0,52.0,20,2640.580026,1.827808997e-05,3.300539702e-07
12,48.0,52.0,20,2642.61594,1.829544505e-05,4.013800049e-07
12,48.0,52.0,20,2644.651853,1.835328202e-05,4.203037386e-07
12,48.0,52.0,20,2646.687767,1.867643324e-05,4.351161913e-07
12,48.0,52.0,20,2648.723681,1.898399463e-05,4.310164947e-07
12,48.0,52.0,20,2650.759594,1.891197425e-05,3.844725008e-07
12,48.0,52.0,20,2652.795508,1.874068202e-05,3.604326088e-07
12,48.0,52.0,20,2654.831422,1.88014779e-05,3.81372895e-07
12,48.0,52.0,20,2656.867335,1.884140623e-05,3.968444666e-07
12,48.0,52.0,20,2658.903249,1.872818136e-05,3.947982535e-07
12,48.0,52.0,20,2660.939163,1.878949113e-05,3.87631665e-07
12,48.0,52.0,20,2662.975076,1.913617496e-05,4.077751904e-07
12,48.0,52.0,20,2665.01099,1.934752043e-05,4.232736117e-07
12,48.0,52.0,20,2667.046904,1.93193954e-05,4.555860427e-07
12,48.0,52.0,20,2669.082817,1.946881768e-05,5.197443651e-07
12,48.0,52.0,20,2671.118731,1.975020234e-05,5.453126359e-07
12,48.0,52.0,20,2673.154645,1.97866571e-05,4.981192145e-07
12,48.0,52.0,20,2675.190558,1.955598552e-05,4.4125851e-07
12,48.0,52.0,20,2677.226472,1.944181576e-05,4.492885998e-07
12,48.0,52.0,20,2679.262386,1.974874692e-05,4.49421829e-07
12,48.0,52.0,20,2681.298299,2.019486446e-05,4.418617182e-07
12,48.0,52.0,20,2683.334213,2.028955173e-05,4.378062485e-07
12,48.0,52.0,20,2685.370127,2.000544599e-05,4.172704336e-07
12,48.0,52.0,20,2687.40604,1.977821864e-05,4.113596117e-07
12,48.0,52.0,20,2689.441954,1.989457388e-05,4.155783662e-07
12,48.0,52.0,20,2691.477868,2.003032693e-05,4.196805354e-07
12,48.0,52.0,20,2693.513781,1.997384795e-05,4.399205673e-07
12,48.0,52.0,20,2695.549695,1.999041253e-05,4.787489545e-07
12,48.0,52.0,20,2697.585609,2.031278257e-05,4.886225922e-07
12,48.0,52.0,20,2699.621522,2.077145983e-05,4.79196145e-07
12,48.0,52.0,20,2701.657436,2.077584446e-05,4.9854189e-07
12,48.0,52.0,20,2703.69335,2.03961579e-05,4.818359386e-07
12,48.0,52.0,20,2705.729263,2.045670624e-05,4.606010812e-07
12,48.0,52.0,20,2707.765177,2.113517501e-05,5.009704001e-07
12,48.0,52.0,20,2709.801091,2.182042735e-05,5.471820685e-07
12,48.0,52.0,20,2711.837004,2.204815691e-05,5.508047358e-07
12,48.0,52.0,20,2713.872918,2.193932009e-05,5.724588576e-07
12,48.0,52.0,20,2715.908832,2.18893185e-05,6.45678462e-07
12,48.0,52.0,20,2717.944745,2.216366344e-05,6.556338819e-07
12,48.0,52.0,20,2719.980659,2.271070564e-05,6.29132275e-07
12,48.0,52.0,20,2722.016573,2.323181732e-05,6.601090599e-07
12,48.0,52.0,20,2724.052486,2.346474737e-05,7.089398666e-07
12,48.0,52.0,20,2726.0884,2.333894067e-05,7.522269473e-07
12,48.0,52.0,20,2728.124314,2.325555659e-05,8.206850353e-07
12,48.0,52.0,20,2730.160227,2.341470829e-05,8.700886686e-07
12,48.0,52.0,20,2732.196141,2.361958503e-05,8.38524182e-07
12,48.0,52.0,20,2734.232055,2.372530735e-05,7.554074783e-07
12,48.0,52.0,20,2736.267968,2.363192184e-05,6.993269573e-07
12,48.0,52.0,20,2738.303882,2.365207114e-05,6.742119886e-07
12,48.0,52.0,20,2740.339796,2.378903861e-05,6.52218e-07
12,48.0,52.0,20,2742.375709,2.374775942e-05,6.242736474e-07
12,48.0,52.0,20,2744.411623,2.385996305e-05,6.227625183e-07
12,48.0,52.0,20,2746.447537,2.43944091e-05,6.404533656e-07
12,48.0,52.0,20,2748.48345,2.523000056e-05,6.748899925e-07
12,48.0,52.0,20,2750.519364,2.615427654e-05,7.364609112e-07
12,48.0,52.0,20,2752.555278,2.662646088e-05,7.937992772e-07
12,48.0,52.0,20,2754.591191,2.639627772e-05,8.194352228e-07
12,48.0,52.0,20,2756.627105,2.627940673e-05,8.7623089e-07
12,48.0,52.0,20,2758.663019,2.702626491e-05,9.221430795e-07
12,48.0,52.0,20,2760.698932,2.789703113e-05,9.350647283e-07
12,48.0,52.0,20,2762.734846,2.795281105e-05,9.060681241e-07
12,48.0,52.0,20,2764.77076,2.764592571e-05,8.162775755e-07
12,48.0,52.0,20,2766.806673,2.762357607e-05,7.633812945e-07
12,48.0,52.0,20,2768.842587,2.765414456e-05,7.225457039e-07
12,48.0,52.0,20,2770.878501,2.778485706e-05,7.109079355e-07
12,48.0,52.0,20,2772.914414,2.864628248e-05,8.077643531e-07
12,48.0,52.0,20,2774.950328,2.959563738e-05,9.788462919e-07
12,48.0,52.0,20,2776.986242,2.976641057e-05,1.064434877e-06
12,48.0,52.0,20,2779.022155,2.975311651e-05,1.0788213e-06
12,48.0,52.0,20,2781.058069,2.999966668e-05,1.042055605e-06
12,48.0,52.0,20,2783.093983,3.048457861e-05,9.776513743e-07
12,48.0,52.0,20,2785.129896,3.107900599e-05,9.903305037e-07
12,48.0,52.0,20,2787.16581,3.12718658e-05,1.055201516e-06
12,48.0,52.0,20,2789.201724,3.114563128e-05,1.075014645e-06
12,48.0,52.0,20,2791.237637,3.12272995e-05,1.017820181e-06
12,48.0,52.0,20,2793.273551,3.1633355e-05,8.85525525e-07
12,48.0,52.0,20,2795.309465,3.220357678e-05,8.14483799e-07
12,48.0,52.0,20,2797.345378,3.298775382e-05,8.816360347e-07
12,48.0,52.0,20,2799.381292,3.425179996e-05,1.051659153e-06
12,48.0,52.0,20,2801.417206,3.590492511e-05,1.33622163e-06
12,48.0,52.0,20,2803.453119,3.728821646e-05,1.500431224e-06
12,48.0,52.0,20,2805.489033,3.776074733e-05,1.357072201e-06
12,48.0,52.0,20,2807.524947,3.74807181e-05,1.197132594e-06
12,48.0,52.0,20,2809.56086,3.718752744e-05,1.177722666e-06
12,48.0,52.0,20,2811.596774,3.709081779e-05,1.117658653e-06
12,48.0,52.0,20,2813.632688,3.6858739e-05,1.119311342e-06
12,48.0,52.0,20,2815.668601,3.685073771e-05,1.080487777e-06
12,48.0,52.0,20,2817.704515,3.781764781e-05,1.035877148e-06
12,48.0,52.0,20,2819.740429,3.963346317e-05,1.190384643e-06
12,48.0,52.0,20,2821.776342,4.098105463e-05,1.14999212e-06
12,48.0,52.0,20,2823.812256,4.132854508e-05,1.163860724e-06
12,48.0,52.0,20,2825.84817,4.165395756e-05,1.250569901e-06
12,48.0,52.0,20,2827.884083,4.25150714e-05,1.44509724e-06
12,48.0,52.0,20,2829.919997,4.39434896e-05,1.667304954e-06
12,48.0,52.0,20,2831.955911,4.490185434e-05,1.667102347e-06
12,48.0,52.0,20,2833.991824,4.413110217e-05,1.636697118e-06
12,48.0,52.0,20,2836.027738,4.336427687e-05,1.692207285e-06
12,48.0,52.0,20,2838.063652,4.420735173e-05,1.691756079e-06
12,48.0,52.0,20,2840.099565,4.533066829e-05,1.789556924e-06
12,48.0,52.0,20,2842.135479,4.643750109e-05,1.95409959e-06
12,48.0,52.0,20,2844.171393,4.81674035e-05,2.003315859e-06
12,48.0,52.0,20,2846.207306,4.932044587e-05,1.911262219e-06
12,48.0,52.0,20,2848.24322,4.921269338e-05,1.712319567e-06
12,48.0,52.0,20,2850.279134,4.897465557e-05,1.510621708e-06
12,48.0,52.0,20,2852.315047,4.943513758e-05,1.48038168e-06
12,48.0,52.0,20,2854.350961,5.074379127e-05,1.611723783e-06
12,48.0,52.0,20,2856.386875,5.218802273e-05,1.689492856e-06
12,48.0,52.0,20,2858.422788,5.279050648e-05,1.571140552e-06
12,48.0,52.0,20,2860.458702,5.289792014e-05,1.625691748e-06
12,48.0,52.0,20,2862.494616,5.347258498e-05,1.740679023e-06
12,48.0,52.0,20,2864.530529,5.452867141e-05,1.892983189e-06
12,48.0,52.0,20,2866.566443,5.592170178e-05,2.094275116e-06
12,48.0,52.0,20,2868.602357,5.747165652e-05,2.187736409e-06
12,48.0,52.0,20,2870.63827,5.866442879e-05,2.175089473e-06
12,48.0,52.0,20,2872.674184,5.959036743e-05,2.010914872e-06
12,48.0,52.0,20,2874.710098,5.983175826e-05,1.794165444e-06
12,48.0,52.0,20,2876.746011,5.884241123e-05,1.705464094e-06
12,48.0,52.0,20,2878.781925,5.805436134e-05,1.816069328e-06
12,48.0,52.0,20,2880.817839,5.925567739e-05,1.975800076e-06
12,48.0,52.0,20,2882.853752,6.192976575e-05,2.216297572e-06
12,48.0,52.0,20,2884.889666,6.479237693e-05,2.258275869e-06
12,48.0,52.0,20,2886.92558,6.726595225e-05,2.031994335e-06
12,48.0,52.0,20,2888.961493,6.877758052e-05,2.160799095e-06
12,48.0,52.0,20,2890.997407,6.921686553e-05,2.518784544e-06
12,48.0,52.0,20,2893.033321,7.055665231e-05,2.84412137e-06
12,48.0,52.0,20,2895.069234,7.33912904e-05,2.991496586e-06
12,48.0,52.0,20,2897.105148,7.430987918e-05,2.86827029e-06
12,48.0,52.0,20,2899.141062,7.308047254e-05,2.622253586e-06
12,48.0,52.0,20,2901.176975,7.296675189e-05,2.257305763e-06
12,48.0,52.0,20,2903.212889,7.407791549e-05,2.230149147e-06
12,48.0,52.0,20,2905.248803,7.579421005e-05,2.517243691e-06
12,48.0,52.0,20,2907.284716,7.827347259e-05,2.840382228e-06
12,48.0,52.0,20,2909.32063,8.04937259e-05,2.860927398e-06
12,48.0,52.0,20,2911.356544,8.230050026e-05,2.954194104e-06
12,48.0,52.0,20,2913.392457,8.438384657e-05,3.11882009e-06
12,48.0,52.0,20,2915.428371,8.673820433e-05,3.309821181e-06
12,48.0,52.0,20,2917.464285,8.917068254e-05,3.237045144e-06
12,48.0,52.0,20,2919.500198,9.055992291e-05,3.108725303e-06
12,48.0,52.0,20,2921.536112,9.207883093e-05,3.297410278e-06
12,48.0,52.0,20,2923.572026,9.594359861e-05,3.504183056e-06
12,48.0,52.0,20,2925.607939,0.0001002913019,3.626005237e-06
12,48.0,52.0,20,2927.643853,0.0001030520523,3.813318262e-06
12,48.0,52.0,20,2929.679767,0.0001046631997,3.939269092e-06
12,48.0,52.0,20,2931.71568,0.0001062262101,3.812032109e-06
12,48.0,52.0,20,2933.751594,0.0001086412261,3.715222306e-06
12,48.0,52.0,20,2935.787508,0.0001121728581,3.932508271e-06
12,48.0,52.0,20,2937.823421,0.0001151397551,4.612923667e-06
12,48.0,52.0,20,2939.859335,0.0001169693873,5.046647023e-06
12,48.0,52.0,20,2941.895249,0.0001194137403,5.064464341e-06
12,48.0,52.0,20,2943.931162,0.0001221411416,5.213329285e-06
12,48.0,52.0,20,2945.967076,0.0001231919936,5.032124038e-06
12,48.0,52.0,20,2948.00299,0.0001221822146,4.643094992e-06
12,48.0,52.0,20,2950.038903,0.0001218135043,4.649525399e-06
12,48.0,52.0,20,2952.074817,0.0001239690052,4.575272405e-06
12,48.0,52.0,20,2954.110731,0.0001274334204,4.471402773e-06
12,48.0,52.0,20,2956.146644,0.0001327262325,4.805362331e-06
12,48.0,52.0,20,2958.182558,0.0001384309014,5.325420724e-06
12,48.0,52.0,20,2960.218472,0.0001399490565,6.027622286e-06
12,48.0,52.0,20,2962.254385,0.0001392845106,5.870015201e-06
12,48.0,52.0,20,2964.290299,0.0001412738229,5.48865212e-06
12,48.0,52.0,20,2966.326213,0.0001432045176,5.386730385e-06
12,48.0,52.0,20,2968.362126,0.0001425938929,5.745547919e-06
12,48.0,52.0,20,2970.39804,0.0001427708929,6.112695584e-06
12,48.0,52.0,20,2972.433954,0.0001476717472,6.062176174e-06
12,48.0,52.0,20,2974.469867,0.0001556815281,6.364086994e-06
12,48.0,52.0,20,2976.505781,0.0001615052375,6.705920453e-06
12,48.0,52.0,20,2978.541695,0.0001646991684,6.994919682e-06
12,48.0,52.0,20,2980.577608,0.0001661448243,6.720295299e-06
12,48.0,52.0,20,2982.613522,0.0001667939588,5.923531223e-06
12,48.0,52.0,20,2984.649436,0.0001693097366,5.727296791e-06
12,48.0,52.0,20,2986.685349,0.0001713903196,6.162593655e-06
12,48.0,52.0,20,2988.721263,0.0001699902525,6.323906044e-06
12,48.0,52.0,20,2990.757177,0.0001706926574,6.111899151e-06
12,48.0,52.0,20,2992.79309,0.0001781023487,6.132345817e-06
12,48.0,52.0,20,2994.829004,0.0001847069487,6.035382805e-06
12,48.0,52.0,20,2996.864918,0.000186803664,6.116142982e-06
12,48.0,52.0,20,2998.900831,0.0001917179835,6.399663618e-06
12,48.0,52.0,20,3000.936745,0.0001995436256,7.063251757e-06
12,48.0,52.0,20,3002.972659,0.0002062977475,7.771655803e-06
12,48.0,52.0,20,3005.008572,0.0002111777106,7.559327803e-06
12,48.0,52.0,20,3007.044486,0.0002119544971,6.985464024e-06
12,48.0,52.0,20,3009.0804,0.0002120217582,7.055522754e-06
12,48.0,52.0,20,3011.116313,0.0002144986861,6.360599361e-06
12,48.0,52.0,20,3013.152227,0.0002168539835,5.96101918e-06
12,48.0,52.0,20,3015.188141,0.0002215141825,6.85779331e-06
12,48.0,52.0,20,3017.224054,0.0002286064497,6.011128195e-06
12,48.0,52.0,20,3019.259968,0.0002326492417,5.76962207e-06
12,48.0,52.0,20,3021.295882,0.000233881837,5.827734179e-06
12,48.0,52.0,20,3023.331795,0.0002385434085,5.371899979e-06
12,48.0,52.0,20,3025.367709,0.0002478423136,6.79149247e-06
12,48.0,52.0,20,3027.403623,0.0002565214965,7.741358198e-06
12,48.0,52.0,20,3029.439536,0.0002599086734,7.954483563e-06
12,48.0,52.0,20,3031.47545,0.0002600218214,9.168979176e-06
12,48.0,52.0,20,3033.511364,0.0002627770025,1.005000025e-05
12,48.0,52.0,20,3035.547277,0.0002685120311,8.983563953e-06
12,48.0,52.0,20,3037.583191,0.0002733169878,8.088030455e-06
12,48.0,52.0,20,3039.619105,0.0002774324604,9.12557657e-06
12,48.0,52.0,20,3041.655018,0.0002806446097,1.008425159e-05
12,48.0,52.0,20,3043.690932,0.0002819905034,1.002327973e-05
12,48.0,52.0,20,3045.726846,0.000286755651,1.028235165e-05
12,48.0,52.0,20,3047.762759,0.000295970517,1.110039661e-05
12,48.0,52.0,20,3049.798673,0.0003026529954,1.021184381e-05
12,48.0,52.0,20,3051.834587,0.0003029340974,9.938564613e-06
12,48.0,52.0,20,3053.8705,0.0003039052373,9.426812898e-06
12,48.0,52.0,20,3055.906414,0.0003088087567,9.824533422e-06
12,48.0,52.0,20,3057.942328,0.0003148935859,1.046757742e-05
12,48.0,52.0,20,3059.978241,0.0003259427693,1.029473612e-05
12,48.0,52.0,20,3062.014155,0.0003397752269,9.270763817e-06
12,48.0,52.0,20,3064.050069,0.0003490627523,8.843494434e-06
12,48.0,52.0,20,3066.085982,0.0003518820049,8.634755507e-06
12,48.0,52.0,20,3068.121896,0.0003454996906,8.130431267e-06
12,48.0,52.0,20,3070.15781,0.0003309441032,9.208044768e-06
12,48.0,52.0,20,3072.193723,0.0003192473819,8.334597116e-06
12,48.0,52.0,20,3074.229637,0.0003213495245,9.036100476e-06
12,48.0,52.0,20,3076.265551,0.0003382029225,1.126489074e-05
12,48.0,52.0,20,3078.301464,0.0003623423937,1.173157641e-05
12,48.0,52.0,20,3080.337378,0.0003807497897,1.195466223e-05
12,48.0,52.0,20,3082.373292,0.0003891642084,1.29312885e-05
12,48.0,52.0,20,3084.409205,0.0003910518567,1.382150127e-05
12,48.0,52.0,20,3086.445119,0.0003914227307,1.32391847e-05
12,48.0,52.0,20,3088.481033,0.0003961017029,1.162451356e-05
12,48.0,52.0,20,3090.516946,0.0003974100655,1.202693237e-05
12,48.0,52.0,20,3092.55286,0.0003895066818,1.286537564e-05
12,48.0,52.0,20,3094.588774,0.0003853221828,1.303580769e-05
12,48.0,52.0,20,3096.624687,0.0003941558638,1.31807057e-05
12,48.0,52.0,20,3098.660601,0.0004090081042,1.299323522e-05
12,48.0,52.0,20,3100.696515,0.0004162461744,1.246517153e-05
12,48.0,52.0,20,3102.732428,0.0004140470816,1.111417208e-05
12,48.0,52.0,20,3104.768342,0.0004170693658,1.105812575e-05
12,48.0,52.0,20,3106.804256,0.0004283871825,1.033928904e-05
12,48.0,52.0,20,3108.840169,0.000436681652,1.005535445e-05
12,48.0,52.0,20,3110.876083,0.0004382336125,1.184816751e-05
12,48.0,52.0,20,3112.911997,0.0004426168651,1.205347614e-05
12,48.0,52.0,20,3114.94791,0.00045728707,1.192891602e-05
12,48.0,52.0,20,3116.983824,0.0004732556405,1.236832003e-05
12,48.0,52.0,20,3119.019738,0.0004744906525,1.313081147e-05
12,48.0,52.0,20,3121.055651,0.0004642489928,1.325241102e-05
12,48.0,52.0,20,3123.091565,0.0004613612232,1.15577135e-05
12,48.0,52.0,20,3125.127479,0.0004710815684,1.200159533e-05
12,48.0,52.0,20,3127.163392,0.0004794822189,1.396434105e-05
12,48.0,52.0,20,3129.199306,0.0004773693515,1.321855999e-05
12,48.0,52.0,20,3131.23522,0.000475222239,1.392678369e-05
12,48.0,52.0,20,3133.271133,0.0004838434015,1.580711266e-05
12,48.0,52.0,20,3135.307047,0.0004942729658,1.433552816e-05
12,48.0,52.0,20,3137.342961,0.0004978781545,1.392767777e-05
12,48.0,52.0,20,3139.378874,0.0004988532211,1.284795709e-05
12,48.0,52.0,20,3141.414788,0.0005049840711,1.11388571e-05
12,48.0,52.0,20,3143.450702,0.0005167361077,1.309740257e-05
12,48.0,52.0,20,3145.486615,0.0005236741285,1.557273647e-05
12,48.0,52.0,20,3147.522529,0.0005225548839,1.44368927e-05
12,48.0,52.0,20,3149.558443,0.0005188220649,1.111801028e-05
12,48.0,52.0,20,3151.594356,0.0005181097078,1.061553664e-05
12,48.0,52.0,20,3153.63027,0.0005241142325,1.264116029e-05
12,48.0,52.0,20,3155.666184,0.0005296107695,1.564450069e-05
12,48.0,52.0,20,3157.702097,0.000532065341,1.694273063e-05
12,48.0,52.0,20,3159.738011,0.0005380671431,1.545681355e-05
12,48.0,52.0,20,3161.773925,0.0005469320089,1.529907717e-05
12,48.0,52.0,20,3163.809838,0.0005535840144,1.507026543e-05
12,48.0,52.0,20,3165.845752,0.0005578539879,1.414781089e-05
12,48.0,52.0,20,3167.881666,0.0005577735642,1.493247019e-05
12,48.0,52.0,20,3169.917579,0.0005558809936,1.470583437e-05
12,48.0,52.0,20,3171.953493,0.0005565792775,1.173278236e-05
12,48.0,52.0,20,3173.989407,0.0005513960605,1.087009038e-05
12,48.0,52.0,20,3176.02532,0.0005414941907,1.188316744e-05
12,48.0,52.0,20,3178.061234,0.0005385311164,1.423013632e-05
12,48.0,52.0,20,3180.097148,0.0005447711059,1.545725853e-05
12,48.0,52.0,20,3182.133061,0.0005585142639,1.516646691e-05
12,48.0,52.0,20,3184.168975,0.0005721288921,1.432800088e-05
12,48.0,52.0,20,3186.204889,0.000578175187,1.473601546e-05
12,48.0,52.0,20,3188.240802,0.0005773726327,1.695551443e-05
12,48.0,52.0,20,3190.276716,0.000571942332,1.77810241e-05
12,48.0,52.0,20,3192.31263,0.0005734434973,1.653562544e-05
12,48.0,52.0,20,3194.348543,0.0005883713156,1.586669265e-05
12,48.0,52.0,20,3196.384457,0.0005979618318,1.687021744e-05
12,48.0,52.0,20,3198.420371,0.0005928011626,1.767719366e-05
12,48.0,52.0,20,3200.456284,0.0005922949853,1.721094116e-05
12,48.0,52.0,20,3202.492198,0.0006062673458,1.724281154e-05
12,48.0,52.0,20,3204.528112,0.0006143178203,1.918204368e-05
12,48.0,52.0,20,3206.564025,0.0006029804731,2.044560582e-05
12,48.0,52.0,20,3208.599939,0.0005870175458,1.884222696e-05
12,48.0,52.0,20,3210.635853,0.0005798496067,1.489868055e-05
12,48.0,52.0,20,3212.671766,0.0005792975078,1.417098497e-05
12,48.0,52.0,20,3214.70768,0.000581243988,1.553194023e-05
12,48.0,52.0,20,3216.743594,0.0005813386151,1.493532462e-05
12,48.0,52.0,20,3218.779507,0.000572641092,1.261931728e-05
12,48.0,52.0,20,3220.815421,0.0005629614309,1.287050549e-05
12,48.0,52.0,20,3222.851335,0.0005705051255,1.416060088e-05
12,48.0,52.0,20,3224.887248,0.0005917383105,1.449425031e-05
12,48.0,52.0,20,3226.923162,0.0006056956263,1.576145134e-05
12,48.0,52.0,20,3228.959076,0.0006119705889,1.619012845e-05
12,48.0,52.0,20,3230.994989,0.000622504676,1.568267754e-05
12,48.0,52.0,20,3233.030903,0.0006326649316,1.480678303e-05
12,48.0,52.0,20,3235.066817,0.000629887952,1.498561154e-05
12,48.0,52.0,20,3237.10273,0.0006154208864,1.553378307e-05
12,48.0,52.0,20,3239.138644,0.0006051518896,1.397602229e-05
12,48.0,52.0,20,3241.174558,0.0006102685698,1.306346834e-05
12,48.0,52.0,20,3243.210472,0.0006249100198,1.582398157e-05
12,48.0,52.0,20,3245.246385,0.0006252248612,1.663906117e-05
12,48.0,52.0,20,3247.282299,0.0006081540232,1.433748221e-05
12,48.0,52.0,20,3249.318213,0.0006085951323,1.347469514e-05
12,48.0,52.0,20,3251.354126,0.0006325042547,1.493135073e-05
12,48.0,52.0,20,3253.39004,0.0006451372153,1.694530387e-05
12,48.0,52.0,20,3255.425954,0.0006336201804,1.664228735e-05
12,48.0,52.0,20,3257.461867,0.0006218112477,1.628203106e-05
12,48.0,52.0,20,3259.497781,0.0006257083755,1.65178036e-05
12,48.0,52.0,20,3261.533695,0.0006294563115,1.719233179e-05
12,48.0,52.0,20,3263.569608,0.0006283398192,1.815140214e-05
12,48.0,52.0,20,3265.605522,0.0006344161074,1.6181783e-05
12,48.0,52.0,20,3267.641436,0.0006410850807,1.452601717e-05
12,48.0,52.0,20,3269.677349,0.0006455304546,1.486980631e-05
12,48.0,52.0,20,3271.713263,0.0006623501854,1.65790211e-05
12,48.0,52.0,20,3273.749177,0.0006893514525,1.587822148e-05
12,48.0,52.0,20,3275.78509,0.0007007859188,1.537421188e-05
12,48.0,52.0,20,3277.821004,0.0006899764453,1.564761016e-05
12,48.0,52.0,20,3279.856918,0.0006760810301,1.692240995e-05
12,48.0,52.0,20,3281.892831,0.0006712354916,1.741939441e-05
12,48.0,52.0,20,3283.928745,0.0006752457364,1.68398777e-05
12,48.0,52.0,20,3285.964659,0.0006782254562,1.693198863e-05
12,48.0,52.0,20,3288.000572,0.000672523384,1.737256771e-05
12,48.0,52.0,20,3290.036486,0.0006611199341,1.703404116e-05
12,48.0,52.0,20,3292.0724,0.0006478750013,1.639426015e-05
12,48.0,52.0,20,3294.108313,0.0006378256321,1.5480456e-05
12,48.0,52.0,20,3296.144227,0.0006394311275,1.596037508e-05
12,48.0,52.0,20,3298.180141,0.0006426810002,1.725504983e-05
12,48.0,52.0,20,3300.216054,0.0006397821034,1.817283812e-05
12,48.0,52.0,20,3302.251968,0.0006483484567,1.829706067e-05
12,48.0,52.0,20,3304.287882,0.0006726424248,1.881006603e-05
12,48.0,52.0,20,3306.323795,0.0006917650114,2.045265714e-05
12,48.0,52.0,20,3308.359709,0.000692863288,2.036481271e-05
12,48.0,52.0,20,3310.395623,0.0006921216501,1.889200355e-05
12,48.0,52.0,20,3312.431536,0.0006978644416,1.795210683e-05
12,48.0,52.0,20,3314.46745,0.000698367617,1.612600326e-05
12,48.0,52.0,20,3316.503364,0.000693167948,1.537331469e-05
12,48.0,52.0,20,3318.539277,0.0006908342309,1.591164383e-05
12,48.0,52.0,20,3320.575191,0.0007008849938,1.531033248e-05
12,48.0,52.0,20,3322.611105,0.0007178763622,1.727862768e-05
12,48.0,52.0,20,3324.647018,0.0007265959006,1.978565502e-05
12,48.0,52.0,20,3326.682932,0.0007214491883,1.981869222e-05
12,48.0,52.0,20,3328.718846,0.0007126730641,1.943776103e-05
12,48.0,52.0,20,3330.754759,0.0007075648984,1.970826408e-05
12,48.0,52.0,20,3332.790673,0.0006978967982,1.785806811e-05
12,48.0,52.0,20,3334.826587,0.0006898570884,1.646810409e-05
12,48.0,52.0,20,3336.8625,0.0006969870257,1.802533275e-05
12,48.0,52.0,20,3338.898414,0.0007127549053,1.791977157e-05
12,48.0,52.0,20,3340.934328,0.0007215459434,1.801697344e-05
12,48.0,52.0,20,3342.970241,0.000721239169,2.034398792e-05
12,48.0,52.0,20,3345.006155,0.0007190272475,2.194106713e-05
12,48.0,52.0,20,3347.042069,0.0007090843541,2.018862099e-05
12,48.0,52.0,20,3349.077982,0.0006828467661,1.765727801e-05
12,48.0,52.0,20,3351.113896,0.0006644110952,1.686580606e-05
12,48.0,52.0,20,3353.14981,0.0006765548509,1.593260671e-05
12,48.0,52.0,20,3355.185723,0.0006898368434,1.605385328e-05
12,48.0,52.0,20,3357.221637,0.0006814963647,1.888919289e-05
12,48.0,52.0,20,3359.257551,0.0006797713445,1.863809171e-05
12,48.0,52.0,20,3361.293464,0.0006964883533,1.766839351e-05
12,48.0,52.0,20,3363.329378,0.0007047892745,1.814455722e-05
12,48.0,52.0,20,3365.365292,0.0007015360955,1.934474832e-05
12,48.0,52.0,20,3367.401205,0.0006935419924,2.055988233e-05
12,48.0,52.0,20,3369.437119,0.0006733116004,1.970346388e-05
12,48.0,52.0,20,3371.473033,0.0006567020347,1.975013984e-05
12,48.0,52.0,20,3373.508946,0.0006535485678,1.896676482e-05
12,48.0,52.0,20,3375.54486,0.0006543099822,1.79216808e-05
12,48.0,52.0,20,3377.580774,0.0006532417754,1.780696991e-05
12,48.0,52.0,20,3379.616687,0.0006431941561,1.70403942e-05
12,48.0,52.0,20,3381.652601,0.0006304986665,1.54031952e-05
12,48.0,52.0,20,3383.688515,0.0006245626039,1.448657202e-05
12,48.0,52.0,20,3385.724428,0.0006172072367,1.667322502e-05
12,48.0,52.0,20,3387.760342,0.0006105941169,1.949145344e-05
12,48.0,52.0,20,3389.796256,0.0006062103913,2.039749972e-05
12,48.0,52.0,20,3391.832169,0.0006033621771,1.913373355e-05
12,48.0,52.0,20,3393.868083,0.0006119237603,1.793947876e-05
12,48.0,52.0,20,3395.903997,0.0006180881629,1.723247319e-05
12,48.0,52.0,20,3397.93991,0.0006018425068,1.710916245e-05
12,48.0,52.0,20,3399.975824,0.000576633139,1.675929361e-05
12,48.0,52.0,20,3402.011738,0.0005630019707,1.396490388e-05
12,48.0,52.0,20,3404.047651,0.0005563600421,1.253053443e-05
12,48.0,52.0,20,3406.083565,0.0005499405647,1.475938784e-05
12,48.0,52.0,20,3408.119479,0.0005466336014,1.674743007e-05
12,48.0,52.0,20,3410.155392,0.000545449209,1.67877331e-05
12,48.0,52.0,20,3412.191306,0.0005457009881,1.662780807e-05
12,48.0,52.0,20,3414.22722,0.0005451028576,1.684477578e-05
12,48.0,52.0,20,3416.263133,0.000533993832,1.548348193e-05
12,48.0,52.0,20,3418.299047,0.0005121892001,1.329742544e-05
12,48.0,52.0,20,3420.334961,0.0004889999602,1.144034593e-05
12,48.0,52.0,20,3422.370874,0.0004660934638,1.175261448e-05
12,48.0,52.0,20,3424.406788,0.000450490892,1.377720582e-05
12,48.0,52.0,20,3426.442702,0.0004483416469,1.398621137e-05
12,48.0,52.0,20,3428.478615,0.0004495121121,1.230250708e-05
12,48.0,52.0,20,3430.514529,0.0004429569461,1.145445575e-05
12,48.0,52.0,20,3432.550443,0.0004300386941,1.203524423e-05
12,48.0,52.0,20,3434.586356,0.0004152515662,1.240038406e-05
12,48.0,52.0,20,3436.62227,0.0004034222738,1.158846766e-05
12,48.0,52.0,20,3438.658184,0.0003998430293,1.080419909e-05
12,48.0,52.0,20,3440.694097,0.0003995358043,1.203442323e-05
12,48.0,52.0,20,3442.730011,0.0003951783671,1.340313104e-05
12,48.0,52.0,20,3444.765925,0.0003898749594,1.327369712e-05
12,48.0,52.0,20,3446.801838,0.0003867920582,1.293055168e-05
12,48.0,52.0,20,3448.837752,0.0003803375443,1.365111314e-05
12,48.0,52.0,20,3450.873666,0.0003674890975,1.305844737e-05
12,48.0,52.0,20,3452.909579,0.0003545900805,1.171251414e-05
12,48.0,52.0,20,3454.945493,0.000343834753,1.004892368e-05
12,48.0,52.0,20,3456.981407,0.0003294390941,1.002107995e-05
12,48.0,52.0,20,3459.01732,0.0003146647996,1.054017569e-05
12,48.0,52.0,20,3461.053234,0.0003089372413,1.0299725e-05
12,48.0,52.0,20,3463.089148,0.0003075774087,1.066299212e-05
12,48.0,52.0,20,3465.125061,0.0002985789405,1.034484421e-05
12,48.0,52.0,20,3467.160975,0.0002823116978,8.721894821e-06
12,48.0,52.0,20,3469.196889,0.0002695729493,6.96449686e-06
12,48.0,52.0,20,3471.232802,0.0002659774295,7.239917498e-06
12,48.0,52.0,20,3473.268716,0.0002654209352,8.446356664e-06
12,48.0,52.0,20,3475.30463,0.0002592743813,8.931097078e-06
12,48.0,52.0,20,3477.340543,0.0002521426415,9.106299269e-06
12,48.0,52.0,20,3479.376457,0.0002506628248,9.524615014e-06
12,48.0,52.0,20,3481.412371,0.000249946039,9.767254285e-06
12,48.0,52.0,20,3483.448284,0.0002474168066,9.315226613e-06
12,48.0,52.0,20,3485.484198,0.0002435389534,8.493657637e-06
12,48.0,52.0,20,3487.520112,0.0002364475305,7.534170754e-06
12,48.0,52.0,20,3489.556025,0.0002282912127,7.453234179e-06
12,48.0,52.0,20,3491.591939,0.0002231260016,7.601966571e-06
12,48.0,52.0,20,3493.627853,0.0002217441583,7.317676198e-06
12,48.0,52.0,20,3495.663766,0.0002187588499,6.375775852e-06
12,48.0,52.0,20,3497.69968,0.0002115400178,6.463799617e-06
12,48.0,52.0,20,3499.735594,0.0002067445232,7.045500753e-06
12,48.0,52.0,20,3501.771507,0.0002069593947,7.274347577e-06
12,48.0,52.0,20,3503.807421,0.0002064370754,7.376522575e-06
12,48.0,52.0,20,3505.843335,0.000202790716,6.682181136e-06
12,48.0,52.0,20,3507.879248,0.0001972374903,6.173819562e-06
12,48.0,52.0,20,3509.915162,0.0001876102033,6.289982523e-06
12,48.0,52.0,20,3511.951076,0.0001740204305,6.117555928e-06
12,48.0,52.0,20,3513.986989,0.0001644562796,6.220053293e-06
12,48.0,52.0,20,3516.022903,0.0001629991827,6.463523604e-06
12,48.0,52.0,20,3518.058817,0.0001647254959,6.447933315e-06
12,48.0,52.0,20,3520.09473,0.0001653375921,6.566127772e-06
12,48.0,52.0,20,3522.130644,0.0001652321304,6.813033029e-06
12,48.0,52.0,20,3524.166558,0.000165700416,7.320005737e-06
12,48.0,52.0,20,3526.202471,0.0001635784367,7.348895593e-06
12,48.0,52.0,20,3528.238385,0.0001553131222,6.689244728e-06
12,48.0,52.0,20,3530.274299,0.0001463143586,6.069494362e-06
12,48.0,52.0,20,3532.310212,0.0001421996403,5.694890946e-06
12,48.0,52.0,20,3534.346126,0.0001417020161,5.555055871e-06
12,48.0,52.0,20,3536.38204,0.0001431280266,5.957497705e-06
12,48.0,52.0,20,3538.417953,0.0001453402815,6.612768759e-06
12,48.0,52.0,20,3540.453867,0.0001434583798,6.369092979e-06
12,48.0,52.0,20,3542.489781,0.0001353102815,5.669734811e-06
12,48.0,52.0,20,3544.525694,0.0001284583974,5.349770148e-06
12,48.0,52.0,20,3546.561608,0.0001275870095,5.086025984e-06
12,48.0,52.0,20,3548.597522,0.0001273868838,4.622620392e-06
12,48.0,52.0,20,3550.633435,0.000126281709,4.923963227e-06
12,48.0,52.0,20,3552.669349,0.0001273510654,6.397336781e-06
12,48.0,52.0,20,3554.705263,0.0001244964459,6.320037779e-06
12,48.0,52.0,20,3556.741176,0.000114309971,4.800209833e-06
12,48.0,52.0,20,3558.77709,0.0001060867987,3.77884927e-06
12,48.0,52.0,20,3560.813004,0.0001046927711,3.529162665e-06
12,48.0,52.0,20,3562.848917,0.0001066618384,4.183541013e-06
12,48.0,52.0,20,3564.884831,0.0001085917146,4.955310179e-06
12,48.0,52.0,20,3566.920745,0.0001088323052,5.343224975e-06
12,48.0,52.0,20,3568.956658,0.0001070319222,5.342900005e-06
12,48.0,52.0,20,3570.992572,0.0001028616399,4.897347847e-06
12,48.0,52.0,20,3573.028486,9.772686266e-05,4.607392733e-06
12,48.0,52.0,20,3575.064399,9.379686759e-05,4.485770084e-06
12,48.0,52.0,20,3577.100313,9.096225853e-05,4.250835191e-06
12,48.0,52.0,20,3579.136227,8.812581571e-05,4.296985829e-06
12,48.0,52.0,20,3581.17214,8.580639618e-05,4.507248952e-06
12,48.0,52.0,20,3583.208054,8.600576384e-05,4.577837434e-06
12,48.0,52.0,20,3585.243968,8.753330405e-05,4.517461438e-06
12,48.0,52.0,20,3587.279881,8.658688009e-05,4.422229082e-06
12,48.0,52.0,20,3589.315795,8.299448264e-05,4.006144183e-06
12,48.0,52.0,20,3591.351709,8.07256199e-05,4.376195675e-06
12,48.0,52.0,20,3593.387622,8.025298618e-05,5.009623997e-06
12,48.0,52.0,20,3595.423536,7.820333637e-05,4.654837656e-06
12,48.0,52.0,20,3597.45945,7.420407091e-05,3.996283603e-06
12,48.0,52.0,20,3599.495363,7.054802604e-05,3.516565159e-06
12,48.0,52.0,20,3601.531277,6.88260193e-05,3.31768987e-06
12,48.0,52.0,20,3603.567191,6.911424572e-05,3.285198719e-06
12,48.0,52.0,20,3605.603104,6.927437582e-05,3.51446164e-06
12,48.0,52.0,20,3607.639018,6.764290514e-05,3.981823528e-06
12,48.0,52.0,20,3609.674932,6.499010815e-05,4.096333093e-06
12,48.0,52.0,20,3611.710845,6.263889213e-05,4.032142255e-06
12,48.0,52.0,20,3613.746759,6.13003333e-05,3.898895853e-06
12,48.0,52.0,20,3615.782673,6.052421127e-05,3.808389256e-06
12,48.0,52.0,20,3617.818586,5.998517408e-05,3.771425349e-06
12,48.0,52.0,20,3619.8545,5.958239614e-05,3.551011677e-06
12,48.0,52.0,20,3621.890414,5.899020044e-05,3.501453498e-06
12,48.0,52.0,20,3623.926327,5.779596003e-05,3.669238876e-06
12,48.0,52.0,20,3625.962241,5.673369201e-05,3.803571149e-06
12,48.0,52.0,20,3627.998155,5.726379011e-05,4.193178019e-06
12,48.0,52.0,20,3630.034068,5.790222757e-05,4.283016856e-06
12,48.0,52.0,20,3632.069982,5.560155308e-05,3.580353316e-06
12,48.0,52.0,20,3634.105896,5.155440618e-05,3.152394435e-06
12,48.0,52.0,20,3636.141809,4.916810461e-05,3.104842324e-06
12,48.0,52.0,20,3638.177723,4.8810542e-05,2.966519401e-06
12,48.0,52.0,20,3640.213637,4.781163484e-05,2.868613419e-06
12,48.0,52.0,20,3642.24955,4.592312138e-05,2.6158899e-06
12,48.0,52.0,20,3644.285464,4.492984575e-05,2.658026891e-06
12,48.0,52.0,20,3646.321378,4.445203807e-05,2.67142206e-06
12,48.0,52.0,20,3648.357291,4.38085798e-05,2.62885754e-06
12,48.0,52.0,20,3650.393205,4.263855513e-05,2.618626848e-06
12,48.0,52.0,20,3652.429119,4.147955405e-05,2.304013163e-06
12,48.0,52.0,20,3654.465032,4.126839142e-05,2.277434893e-06
12,48.0,52.0,20,3656.500946,4.032741332e-05,2.331552522e-06
12,48.0,52.0,20,3658.53686,3.836672599e-05,2.368101694e-06
12,48.0,52.0,20,3660.572773,3.824308059e-05,2.407549092e-06
12,48.0,52.0,20,3662.608687,3.951951731e-05,2.618230897e-06
12,48.0,52.0,20,3664.644601,4.01995763e-05,3.09802897e-06
12,48.0,52.0,20,3666.680514,3.998070591e-05,3.242524765e-06
12,48.0,52.0,20,3668.716428,3.804949765e-05,3.021476645e-06
12,48.0,52.0,20,3670.752342,3.468699294e-05,3.01481531e-06
12,48.0,52.0,20,3672.788255,3.298869059e-05,3.283200343e-06
12,48.0,52.0,20,3674.824169,3.482626525e-05,3.705984857e-06
12,48.0,52.0,20,3676.860083,3.691159343e-05,4.188969451e-06
12,48.0,52.0,20,3678.895996,3.652791541e-05,4.080950266e-06
12,48.0,52.0,20,3680.93191,3.524626815e-05,4.03176819e-06
12,48.0,52.0,20,3682.967824,3.435983091e-05,4.476589351e-06
12,48.0,52.0,20,3685.003737,3.333026399e-05,4.517217094e-06
12,48.0,52.0,20,3687.039651,3.215791508e-05,4.163141146e-06
12,48.0,52.0,20,3689.075565,3.200601451e-05,4.36293047e-06
12,48.0,52.0,20,3691.111478,3.274027135e-05,4.821084309e-06
12,48.0,52.0,20,3693.147392,3.269475464e-05,4.782709428e-06
12,48.0,52.0,20,3695.183306,3.186635607e-05,4.409052527e-06
12,48.0,52.0,20,3697.219219,3.085175608e-05,3.834852493e-06
12,48.0,52.0,20,3699.255133,2.880992362e-05,3.045716715e-06
12,48.0,52.0,20,3701.291047,2.612752546e-05,2.70749634e-06
12,48.0,52.0,20,3703.32696,2.467640756e-05,2.63711158e-06
12,48.0,52.0,20,3705.362874,2.473583328e-05,2.682052266e-06
12,48.0,52.0,20,3707.398788,2.550889202e-05,2.775653995e-06
12,48.0,52.0,20,3709.434701,2.630119127e-05,3.015408362e-06
12,48.0,52.0,20,3711.470615,2.70358321e-05,3.114785267e-06
12,48.0,52.0,20,3713.506529,2.778215366e-05,3.170131305e-06
12,48.0,52.0,20,3715.542442,2.770363316e-05,3.353166216e-06
12,48.0,52.0,20,3717.578356,2.679021957e-05,3.421838535e-06
12,48.0,52.0,20,3719.61427,2.556567346e-05,3.217588236e-06
12,48.0,52.0,20,3721.650183,2.438713169e-05,2.973952119e-06
12,48.0,52.0,20,3723.686097,2.392798446e-05,2.919488817e-06
12,48.0,52.0,20,3725.722011,2.355771008e-05,2.911405643e-06
12,48.0,52.0,20,3727.757924,2.209596209e-05,2.757955092e-06
12,48.0,52.0,20,3729.793838,2.015978235e-05,2.598444945e-06
12,48.0,52.0,20,3731.829752,1.921583065e-05,2.831071113e-06
12,48.0,52.0,20,3733.865665,1.962637886e-05,3.433962629e-06
12,48.0,52.0,20,3735.901579,2.056471798e-05,3.881585972e-06
12,48.0,52.0,20,3737.937493,2.063170514e-05,3.611315471e-06
12,48.0,52.0,20,3739.973406,1.95648223e-05,2.902133059e-06
12,48.0,52.0,20,3742.00932,1.804125471e-05,2.259727831e-06
12,48.0,52.0,20,3744.045234,1.664563524e-05,1.695234664e-06
12,48.0,52.0,20,3746.081147,1.573932286e-05,1.378325884e-06
12,48.0,52.0,20,3748.117061,1.527860984e-05,1.533129622e-06
12,48.0,52.0,20,3750.152975,1.492315638e-05,1.679472242e-06
12,48.0,52.0,20,3752.188888,1.441696204e-05,1.423465837e-06
12,48.0,52.0,20,3754.224802,1.391342263e-05,1.169908629e-06
12,48.0,52.0,20,3756.260716,1.340534542e-05,1.05868037e-06
12,48.0,52.0,20,3758.296629,1.30741073e-05,9.977571648e-07
12,48.0,52.0,20,3760.332543,1.302574458e-05,9.849623591e-07
12,48.0,52.0,20,3762.368457,1.299775456e-05,1.005697508e-06
12,48.0,52.0,20,3764.40437,1.282139254e-05,9.782184555e-07
12,48.0,52.0,20,3766.440284,1.246047204e-05,9.402361743e-07
12,48.0,52.0,20,3768.476198,1.198541924e-05,8.731246899e-07
12,48.0,52.0,20,3770.512111,1.144234987e-05,7.57427691e-07
12,48.0,52.0,20,3772.548025,1.109926174e-05,7.217508696e-07
12,48.0,52.0,20,3774.583939,1.112129561e-05,8.38584524e-07
12,48.0,52.0,20,3776.619852,1.126318407e-05,8.966268e-07
12,48.0,52.0,20,3778.655766,1.13054357e-05,8.394945422e-07
12,48.0,52.0,20,3780.69168,1.107779059e-05,7.71538931e-07
12,48.0,52.0,20,3782.727593,1.059883583e-05,6.347777131e-07
12,48.0,52.0,20,3784.763507,1.023485139e-05,5.563411656e-07
12,48.0,52.0,20,3786.799421,1.026344463e-05,5.665030459e-07
12,48.0,52.0,20,3788.835334,1.053997118e-05,6.575700717e-07
12,48.0,52.0,20,3790.871248,1.049322625e-05,7.088329961e-07
12,48.0,52.0,20,3792.907162,9.983997903e-06,6.790860283e-07
12,48.0,52.0,20,3794.943075,9.504135174e-06,5.759588707e-07
12,48.0,52.0,20,3796.978989,9.186402359e-06,4.854358118e-07
12,48.0,52.0,20,3799.014903,8.916162351e-06,4.764962343e-07
12,48.0,52.0,20,3801.050816,8.724565934e-06,4.7202499e-07
12,48.0,52.0,20,3803.08673,8.542254146e-06,4.364317346e-07
12,48.0,52.0,20,3805.122644,8.491523059e-06,4.273731234e-07
12,48.0,52.0,20,3807.158557,8.704031081e-06,4.722489336e-07
12,48.0,52.0,20,3809.194471,9.021086713e-06,5.31696934e-07
12,48.0,52.0,20,3811.230385,9.120056235e-06,4.796439231e-07
12,48.0,52.0,20,3813.266298,8.841397558e-06,3.837118799e-07
12,48.0,52.0,20,3815.302212,8.46579797e-06,3.500583685e-07
12,48.0,52.0,20,3817.338126,8.278724485e-06,4.032017811e-07
12,48.0,52.0,20,3819.374039,8.207496288e-06,4.421766127e-07
12,48.0,52.0,20,3821.409953,8.16216431e-06,3.988747044e-07
12,48.0,52.0,20,3823.445867,8.073146909e-06,3.486663242e-07
12,48.0,52.0,20,3825.48178,7.859025685e-06,2.993180411e-07
12,48.0,52.0,20,3827.517694,7.73067046e-06,2.635379086e-07
12,48.0,52.0,20,3829.553608,7.81715231e-06,2.668425671e-07
12,48.0,52.0,20,3831.589521,7.848132477e-06,2.695800517e-07
12,48.0,52.0,20,3833.625435,7.691157035e-06,2.495989247e-07
12,48.0,52.0,20,3835.661349,7.552758611e-06,2.470795792e-07
12,48.0,52.0,20,3837.697262,7.588369797e-06,2.624712697e-07
12,48.0,52.0,20,3839.733176,7.729214901e-06,2.602716768e-07
12,48.0,52.0,20,3841.76909,7.815104212e-06,2.567164363e-07
12,48.0,52.0,20,3843.805003,7.761004034e-06,2.399433623e-07
12,48.0,52.0,20,3845.840917,7.585604891e-06,2.299402592e-07
12,48.0,52.0,20,3847.876831,7.397522432e-06,2.187855973e-07
12,48.0,52.0,20,3849.912744,7.304850077e-06,2.063498542e-07
12,48.0,52.0,20,3851.948658,7.29371057e-06,1.808718741e-07
12,48.0,52.0,20,3853.984572,7.299166762e-06,1.667675143e-07
12,48.0,52.0,20,3856.020485,7.311240687e-06,1.699638513e-07
12,48.0,52.0,20,3858.056399,7.359012689e-06,1.911233943e-07
12,48.0,52.0,20,3860.092313,7.413014738e-06,1.992841054e-07
12,48.0,52.0,20,3862.128226,7.439515168e-06,2.000167734e-07
12,48.0,52.0,20,3864.16414,7.522397162e-06,2.19447526e-07
12,48.0,52.0,20,3866.200054,7.62261638e-06,2.179667091e-07
12,48.0,52.0,20,3868.235967,7.610554202e-06,1.960272084e-07
12,48.0,52.0,20,3870.271881,7.507129127e-06,1.781140893e-07
12,48.0,52.0,20,3872.307795,7.424874983e-06,1.806434896e-07
12,48.0,52.0,20,3874.343708,7.430538514e-06,1.942442802e-07
12,48.0,52.0,20,3876.379622,7.445268049e-06,1.861945039e-07
12,48.0,52.0,20,3878.415536,7.403673897e-06,1.713830737e-07
12,48.0,52.0,20,3880.451449,7.308386483e-06,1.626128119e-07
12,48.0,52.0,20,3882.487363,7.220735691e-06,1.750004738e-07
12,48.0,52.0,20,3884.523277,7.197708756e-06,1.845316952e-07
12,48.0,52.0,20,3886.55919,7.224533888e-06,1.705717589e-07
12,48.0,52.0,20,3888.595104,7.306467382e-06,1.673436406e-07
12,48.0,52.0,20,3890.631018,7.427103695e-06,1.693951437e-07
12,48.0,52.0,20,3892.666931,7.543054332e-06,1.744494069e-07
12,48.0,52.0,20,3894.702845,7.546805578e-06,1.912833747e-07
12,48.0,52.0,20,3896.738759,7.425477457e-06,1.950145766e-07
12,48.0,52.0,20,3898.774672,7.371199879e-06,1.879906724e-07
12,48.0,52.0,20,3900.810586,7.424223626e-06,1.868828009e-07
12,48.0,52.0,20,3902.8465,7.498738401e-06,1.943592104e-07
12,48.0,52.0,20,3904.882413,7.561796655e-06,1.929746021e-07
12,48.0,52.0,20,3906.918327,7.547748584e-06,1.757364707e-07
12,48.0,52.0,20,3908.954241,7.472464898e-06,1.56021038e-07
12,48.0,52.0,20,3910.990154,7.446844892e-06,1.651303177e-07
12,48.0,52.0,20,3913.026068,7.470195926e-06,1.721734348e-07
12,48.0,52.0,20,3915.061982,7.480985963e-06,1.595725654e-07
12,48.0,52.0,20,3917.097895,7.499943045e-06,1.566439998e-07
12,48.0,52.0,20,3919.133809,7.560123729e-06,1.552037316e-07
12,48.0,52.0,20,3921.169723,7.631533929e-06,1.561234029e-07
12,48.0,52.0,20,3923.205636,7.650956665e-06,1.619569799e-07
12,48.0,52.0,20,3925.24155,7.614958698e-06,1.59451505e-07
12,48.0,52.0,20,3927.277464,7.567117747e-06,1.706478133e-07
12,48.0,52.0,20,3929.313377,7.542147663e-06,1.778076453e-07
12,48.0,52.0,20,3931.349291,7.533751809e-06,1.775398335e-07
12,48.0,52.0,20,3933.385205,7.522738517e-06,1.671479746e-07
12,48.0,52.0,20,3935.421118,7.540214505e-06,1.587895393e-07
12,48.0,52.0,20,3937.457032,7.568329027e-06,1.67625743e-07
12,48.0,52.0,20,3939.492946,7.596682759e-06,1.93479526e-07
12,48.0,52.0,20,3941.528859,7.650695951e-06,2.177348912e-07
12,48.0,52.0,20,3943.564773,7.720683783e-06,2.138449223e-07
12,48.0,52.0,20,3945.600687,7.846539222e-06,1.877989429e-07
12,48.0,52.0,20,3947.6366,7.980075508e-06,1.824789794e-07
12,48.0,52.0,20,3949.672514,7.973560012e-06,1.807078066e-07
12,48.0,52.0,20,3951.708428,7.862261572e-06,1.642864446e-07
12,48.0,52.0,20,3953.744341,7.797706998e-06,1.363638565e-07
12,48.0,52.0,20,3955.780255,7.776654697e-06,1.276202364e-07
12,48.0,52.0,20,3957.816169,7.753055718e-06,1.371481774e-07
12,48.0,52.0,20,3959.852082,7.802752871e-06,1.441664277e-07
12,48.0,52.0,20,3961.887996,7.886635927e-06,1.620600546e-07
12,48.0,52.0,20,3963.92391,7.871375329e-06,1.786826307e-07
12,48.0,52.0,20,3965.959823,7.837666195e-06,1.708920391e-07
12,48.0,52.0,20,3967.995737,7.920871027e-06,1.436529999e-07
12,48.0,52.0,20,3970.031651,8.056537847e-06,1.467475621e-07
12,48.0,52.0,20,3972.067564,8.071471809e-06,1.590459614e-07
12,48.0,52.0,20,3974.103478,8.013677963e-06,1.668051341e-07
12,48.0,52.0,20,3976.139392,8.068851347e-06,1.852863878e-07
12,48.0,52.0,20,3978.175305,8.165615647e-06,1.957926163e-07
12,48.0,52.0,20,3980.211219,8.182463957e-06,2.004372302e-07
12,48.0,52.0,20,3982.247133,8.203837801e-06,2.227328082e-07
12,48.0,52.0,20,3984.283046,8.231994983e-06,2.406209492e-07
12,48.0,52.0,20,3986.31896,8.223012396e-06,2.264661435e-07
12,48.0,52.0,20,3988.354874,8.273965334e-06,2.150261943e-07
12,48.0,52.0,20,3990.390787,8.320013262e-06,2.02981614e-07
12,48.0,52.0,20,3992.426701,8.230326295e-06,1.932561735e-07
12,48.0,52.0,20,3994.462615,8.065946889e-06,1.916097e-07
12,48.0,52.0,20,3996.498528,7.874799395e-06,1.771354067e-07
12,48.0,52.0,20,3998.534442,7.71932776e-06,1.622138819e-07
13,52.0,56.0,19,1201.189064,4.268354531e-05,8.914837774e-07
13,52.0,56.0,19,1203.224977,4.255764988e-05,8.66373685e-07
13,52.0,56.0,19,1205.260891,4.224586478e-05,7.981386469e-07
13,52.0,56.0,19,1207.296805,4.167047268e-05,8.474868244e-07
13,52.0,56.0,19,1209.332718,4.131359796e-05,9.71530713e-07
13,52.0,56.0,19,1211.368632,4.157894099e-05,1.041740653e-06
13,52.0,56.0,19,1213.404546,4.218315692e-05,1.03990673e-06
13,52.0,56.0,19,1215.440459,4.227041034e-05,1.018110256e-06
13,52.0,56.0,19,1217.476373,4.129371357e-05,9.852046935e-07
13,52.0,56.0,19,1219.512287,4.000711912e-05,9.934176173e-07
13,52.0,56.0,19,1221.5482,3.958692588e-05,1.009229301e-06
13,52.0,56.0,19,1223.584114,3.993159962e-05,9.908781033e-07
13,52.0,56.0,19,1225.620028,4.001224479e-05,1.094885094e-06
13,52.0,56.0,19,1227.655941,3.953096443e-05,1.097490003e-06
13,52.0,56.0,19,1229.691855,3.908787101e-05,1.056746327e-06
13,52.0,56.0,19,1231.727769,3.916022558e-05,1.102280845e-06
13,52.0,56.0,19,1233.763682,3.946805082e-05,1.111170884e-06
13,52.0,56.0,19,1235.799596,3.963430158e-05,1.102658359e-06
13,52.0,56.0,19,1237.83551,3.984713303e-05,1.102159216e-06
13,52.0,56.0,19,1239.871423,4.001223565e-05,1.117544373e-06
13,52.0,56.0,19,1241.907337,3.994792952e-05,1.123584604e-06
13,52.0,56.0,19,1243.943251,3.976583255e-05,1.116918297e-06
13,52.0,56.0,19,1245.979164,3.919115355e-05,1.026409778e-06
13,52.0,56.0,19,1248.015078,3.853930135e-05,8.719779085e-07
13,52.0,56.0,19,1250.050992,3.831524114e-05,7.913677467e-07
13,52.0,56.0,19,1252.086905,3.832802715e-05,8.556713592e-07
13,52.0,56.0,19,1254.122819,3.883901302e-05,1.028281287e-06
13,52.0,56.0,19,1256.158733,3.974271027e-05,1.133896072e-06
13,52.0,56.0,19,1258.194646,3.996397687e-05,1.168134672e-06
13,52.0,56.0,19,1260.23056,3.939164393e-05,1.110931849e-06
13,52.0,56.0,19,1262.266474,3.919774248e-05,9.875807005e-07
13,52.0,56.0,19,1264.302387,3.95663165e-05,8.999779948e-07
13,52.0,56.0,19,1266.338301,4.007784298e-05,9.579734084e-07
13,52.0,56.0,19,1268.374215,4.07120115e-05,1.056020529e-06
13,52.0,56.0,19,1270.410128,4.096122017e-05,1.050579212e-06
13,52.0,56.0,19,1272.446042,4.086955891e-05,1.080560044e-06
13,52.0,56.0,19,1274.481956,4.140075324e-05,1.177314868e-06
13,52.0,56.0,19,1276.517869,4.237538648e-05,1.28233364e-06
13,52.0,56.0,19,1278.553783,4.27966816e-05,1.325055856e-06
13,52.0,56.0,19,1280.589697,4.219318806e-05,1.214524075e-06
13,52.0,56.0,19,1282.62561,4.130914193e-05,1.067569407e-06
13,52.0,56.0,19,1284.661524,4.148181426e-05,1.158889154e-06
13,52.0,56.0,19,1286.697438,4.239874223e-05,1.37541112e-06
13,52.0,56.0,19,1288.733351,4.282565194e-05,1.456016256e-06
13,52.0,56.0,19,1290.769265,4.281268908e-05,1.297048071e-06
13,52.0,56.0,19,1292.805179,4.309067381e-05,1.329150203e-06
13,52.0,56.0,19,1294.841092,4.348277933e-05,1.491208544e-06
13,52.0,56.0,19,1296.877006,4.337004061e-05,1.483165768e-06
13,52.0,56.0,19,1298.91292,4.341198056e-05,1.41206774e-06
13,52.0,56.0,19,1300.948833,4.368157344e-05,1.38826853e-06
13,52.0,56.0,19,1302.984747,4.36661358e-05,1.413506576e-06
13,52.0,56.0,19,1305.020661,4.39725771e-05,1.418080764e-06
13,52.0,56.0,19,1307.056574,4.462152126e-05,1.443121056e-06
13,52.0,56.0,19,1309.092488,4.526815135e-05,1.427042886e-06
13,52.0,56.0,19,1311.128402,4.57534775e-05,1.49092539e-06
13,52.0,56.0,19,1313.164315,4.605484906e-05,1.607792166e-06
13,52.0,56.0,19,1315.200229,4.640292508e-05,1.496997105e-06
13,52.0,56.0,19,1317.236143,4.7029983e-05,1.308287356e-06
13,52.0,56.0,19,1319.272056,4.790690462e-05,1.364696955e-06
13,52.0,56.0,19,1321.30797,4.875793969e-05,1.51610152e-06
13,52.0,56.0,19,1323.343884,4.923694064e-05,1.523075217e-06
13,52.0,56.0,19,1325.379797,4.916486691e-05,1.41870649e-06
13,52.0,56.0,19,1327.415711,4.953192031e-05,1.513859707e-06
13,52.0,56.0,19,1329.451625,5.061333955e-05,1.621946426e-06
13,52.0,56.0,19,1331.487538,5.126124542e-05,1.558699284e-06
13,52.0,56.0,19,1333.523452,5.140526606e-05,1.541452894e-06
13,52.0,56.0,19,1335.559366,5.168809128e-05,1.579807982e-06
13,52.0,56.0,19,1337.595279,5.186305452e-05,1.619378523e-06
13,52.0,56.0,19,1339.631193,5.21253562e-05,1.579328411e-06
13,52.0,56.0,19,1341.667107,5.322022291e-05,1.535377651e-06
13,52.0,56.0,19,1343.70302,5.477879092e-05,1.481349517e-06
13,52.0,56.0,19,1345.738934,5.574792188e-05,1.533906558e-06
13,52.0,56.0,19,1347.774848,5.540434286e-05,1.71570697e-06
13,52.0,56.0,19,1349.810761,5.43662125e-05,1.667132413e-06
13,52.0,56.0,19,1351.846675,5.431887861e-05,1.551330128e-06
13,52.0,56.0,19,1353.882589,5.557574001e-05,1.765527873e-06
13,52.0,56.0,19,1355.918502,5.709700008e-05,1.925744932e-06
13,52.0,56.0,19,1357.954416,5.875831559e-05,2.150436643e-06
13,52.0,56.0,19,1359.99033,6.050271332e-05,2.72733563e-06
13,52.0,56.0,19,1362.026243,6.071525748e-05,3.160282882e-06
13,52.0,56.0,19,1364.062157,5.919742607e-05,3.06350414e-06
13,52.0,56.0,19,1366.098071,5.84519495e-05,2.737883505e-06
13,52.0,56.0,19,1368.133984,5.998113032e-05,2.661605653e-06
13,52.0,56.0,19,1370.169898,6.335447957e-05,2.613919842e-06
13,52.0,56.0,19,1372.205812,6.668942927e-05,2.504370792e-06
13,52.0,56.0,19,1374.241725,6.832241406e-05,2.690604977e-06
13,52.0,56.0,19,1376.277639,6.848176078e-05,2.96454623e-06
13,52.0,56.0,19,1378.313553,6.789130272e-05,3.093634761e-06
13,52.0,56.0,19,1380.349466,6.746922361e-05,3.069737558e-06
13,52.0,56.0,19,1382.38538,6.8128475e-05,3.155248726e-06
13,52.0,56.0,19,1384.421294,6.973616072e-05,3.254600739e-06
13,52.0,56.0,19,1386.457207,7.053965342e-05,3.110122796e-06
13,52.0,56.0,19,1388.493121,7.005119661e-05,2.672322007e-06
13,52.0,56.0,19,1390.529035,6.991265327e-05,2.200941834e-06
13,52.0,56.0,19,1392.564948,7.07766859e-05,2.115582825e-06
13,52.0,56.0,19,1394.600862,7.255046394e-05,2.234873304e-06
13,52.0,56.0,19,1396.636776,7.419079168e-05,2.410478479e-06
13,52.0,56.0,19,1398.672689,7.494307573e-05,2.510516441e-06
13,52.0,56.0,19,1400.708603,7.578914835e-05,2.443770075e-06
13,52.0,56.0,19,1402.744517,7.712922932e-05,2.534249936e-06
13,52.0,56.0,19,1404.78043,7.840151914e-05,2.685979142e-06
13,52.0,56.0,19,1406.816344,7.871450715e-05,2.836217066e-06
13,52.0,56.0,19,1408.852258,7.828916159e-05,2.822123991e-06
13,52.0,56.0,19,1410.888171,7.911058343e-05,2.41239569e-06
13,52.0,56.0,19,1412.924085,8.132900038e-05,2.303995309e-06
13,52.0,56.0,19,1414.959999,8.3647562e-05,2.563173096e-06
13,52.0,56.0,19,1416.995912,8.564257245e-05,2.85009919e-06
13,52.0,56.0,19,1419.031826,8.63035356e-05,2.96821542e-06
13,52.0,56.0,19,1421.06774,8.65538024e-05,2.477280598e-06
13,52.0,56.0,19,1423.103653,8.950188745e-05,2.437112549e-06
13,52.0,56.0,19,1425.139567,9.425984893e-05,2.838244633e-06
13,52.0,56.0,19,1427.175481,9.72982643e-05,2.783124514e-06
13,52.0,56.0,19,1429.211394,9.860757193e-05,3.031228357e-06
13,52.0,56.0,19,1431.247308,0.000100950483,3.721538185e-06
13,52.0,56.0,19,1433.283222,0.0001043492608,4.147149533e-06
13,52.0,56.0,19,1435.319135,0.0001046575008,4.086545999e-06
13,52.0,56.0,19,1437.355049,0.0001022358482,3.737035837e-06
13,52.0,56.0,19,1439.390963,0.0001021159205,3.58402229e-06
13,52.0,56.0,19,1441.426876,0.0001054580771,3.451504449e-06
13,52.0,56.0,19,1443.46279,0.0001095775973,3.787272291e-06
13,52.0,56.0,19,1445.498704,0.0001125564429,4.185176448e-06
13,52.0,56.0,19,1447.534617,0.0001153338751,4.052691274e-06
13,52.0,56.0,19,1449.570531,0.0001185291739,3.767847891e-06
13,52.0,56.0,19,1451.606445,0.0001204510099,3.704405853e-06
13,52.0,56.0,19,1453.642358,0.0001212651398,3.637662963e-06
13,52.0,56.0,19,1455.678272,0.0001229464437,3.85422114e-06
13,52.0,56.0,19,1457.714186,0.000126944255,4.456877767e-06
13,52.0,56.0,19,1459.750099,0.0001339070276,5.161362759e-06
13,52.0,56.0,19,1461.786013,0.0001418952698,5.423169729e-06
13,52.0,56.0,19,1463.821927,0.000147477537,5.588836105e-06
13,52.0,56.0,19,1465.85784,0.0001492272741,6.044250298e-06
13,52.0,56.0,19,1467.893754,0.0001486216615,6.094992753e-06
13,52.0,56.0,19,1469.929668,0.0001471405433,5.725526569e-06
13,52.0,56.0,19,1471.965581,0.0001462892057,5.002249517e-06
13,52.0,56.0,19,1474.001495,0.0001457573173,4.726636349e-06
13,52.0,56.0,19,1476.037409,0.0001476309121,4.975472757e-06
13,52.0,56.0,19,1478.073322,0.0001555176779,5.36103015e-06
13,52.0,56.0,19,1480.109236,0.0001628550212,5.865042416e-06
13,52.0,56.0,19,1482.14515,0.0001640380608,6.467791546e-06
13,52.0,56.0,19,1484.181063,0.0001653256034,6.22434395e-06
13,52.0,56.0,19,1486.216977,0.0001701755743,6.275068065e-06
13,52.0,56.0,19,1488.252891,0.0001767341222,7.144395303e-06
13,52.0,56.0,19,1490.288804,0.0001843868447,7.338664749e-06
13,52.0,56.0,19,1492.324718,0.0001900339977,6.638897986e-06
13,52.0,56.0,19,1494.360632,0.0001907151475,6.157328235e-06
13,52.0,56.0,19,1496.396545,0.0001879196708,5.567199834e-06
13,52.0,56.0,19,1498.432459,0.0001876780476,5.671364689e-06
13,52.0,56.0,19,1500.468373,0.0001951667676,6.304402075e-06
13,52.0,56.0,19,1502.504286,0.0002053189229,7.11840175e-06
13,52.0,56.0,19,1504.5402,0.000209875442,7.41348107e-06
13,52.0,56.0,19,1506.576114,0.000209999303,6.677416487e-06
13,52.0,56.0,19,1508.612027,0.000214358239,6.587469417e-06
13,52.0,56.0,19,1510.647941,0.0002239163296,8.955260956e-06
13,52.0,56.0,19,1512.683855,0.0002307993528,1.03801882e-05
13,52.0,56.0,19,1514.719768,0.0002371451831,9.7081983e-06
13,52.0,56.0,19,1516.755682,0.0002478288033,8.826109746e-06
13,52.0,56.0,19,1518.791596,0.0002578531652,8.204899131e-06
13,52.0,56.0,19,1520.827509,0.0002619607894,8.268257764e-06
13,52.0,56.0,19,1522.863423,0.0002642007542,9.403296434e-06
13,52.0,56.0,19,1524.899337,0.0002744552425,1.048019629e-05
13,52.0,56.0,19,1526.93525,0.0002881995545,1.061501546e-05
13,52.0,56.0,19,1528.971164,0.000294672777,1.008346419e-05
13,52.0,56.0,19,1531.007078,0.0002957373846,9.384770537e-06
13,52.0,56.0,19,1533.042991,0.0002955934244,7.821550106e-06
13,52.0,56.0,19,1535.078905,0.0002971889152,8.795120462e-06
13,52.0,56.0,19,1537.114819,0.0003053014221,1.123087571e-05
13,52.0,56.0,19,1539.150732,0.0003192843336,1.373619075e-05
13,52.0,56.0,19,1541.186646,0.0003320052796,1.47990529e-05
13,52.0,56.0,19,1543.22256,0.0003383292241,1.371666865e-05
13,52.0,56.0,19,1545.258473,0.0003423460977,1.135527298e-05
13,52.0,56.0,19,1547.294387,0.0003536405551,1.119679039e-05
13,52.0,56.0,19,1549.330301,0.0003724141247,1.266899343e-05
13,52.0,56.0,19,1551.366214,0.0003849537165,1.354386851e-05
13,52.0,56.0,19,1553.402128,0.0003907730852,1.39457508e-05
13,52.0,56.0,19,1555.438042,0.0004070186938,1.505371508e-05
13,52.0,56.0,19,1557.473955,0.0004266708067,1.559414551e-05
13,52.0,56.0,19,1559.509869,0.0004294998435,1.56058822e-05
13,52.0,56.0,19,1561.545783,0.000427653289,1.485347313e-05
13,52.0,56.0,19,1563.581696,0.0004400712018,1.359421719e-05
13,52.0,56.0,19,1565.61761,0.0004544680885,1.255957837e-05
13,52.0,56.0,19,1567.653524,0.00045983866,1.484411931e-05
13,52.0,56.0,19,1569.689437,0.0004684994177,1.736951459e-05
13,52.0,56.0,19,1571.725351,0.0004862698604,1.552045862e-05
13,52.0,56.0,19,1573.761265,0.0004999935808,1.595992087e-05
13,52.0,56.0,19,1575.797178,0.0005101772817,1.795808766e-05
13,52.0,56.0,19,1577.833092,0.0005318479311,1.754356032e-05
13,52.0,56.0,19,1579.869006,0.0005500335648,1.73837838e-05
13,52.0,56.0,19,1581.904919,0.0005468219721,1.788360298e-05
13,52.0,56.0,19,1583.940833,0.0005421523117,2.001481067e-05
13,52.0,56.0,19,1585.976747,0.0005493666264,2.099173117e-05
13,52.0,56.0,19,1588.01266,0.0005648778164,1.933483352e-05
13,52.0,56.0,19,1590.048574,0.0005775247198,1.832213226e-05
13,52.0,56.0,19,1592.084488,0.0005794363945,1.855441434e-05
13,52.0,56.0,19,1594.120401,0.0005836374618,2.127637524e-05
13,52.0,56.0,19,1596.156315,0.0006019658867,2.134363606e-05
13,52.0,56.0,19,1598.192229,0.0006268549621,2.045369306e-05
13,52.0,56.0,19,1600.228142,0.0006398481343,2.144789308e-05
13,52.0,56.0,19,1602.264056,0.0006473864579,2.083641282e-05
13,52.0,56.0,19,1604.29997,0.0006699664225,1.997517644e-05
13,52.0,56.0,19,1606.335883,0.0006972017927,2.13128965e-05
13,52.0,56.0,19,1608.371797,0.0007092717001,2.391651825e-05
13,52.0,56.0,19,1610.407711,0.0007181788571,2.601820275e-05
13,52.0,56.0,19,1612.443624,0.0007327396992,2.572659083e-05
13,52.0,56.0,19,1614.479538,0.0007372571477,2.390556112e-05
13,52.0,56.0,19,1616.515452,0.000730043158,2.343753097e-05
13,52.0,56.0,19,1618.551365,0.0007250220666,2.404651519e-05
13,52.0,56.0,19,1620.587279,0.0007339144289,2.248710353e-05
13,52.0,56.0,19,1622.623193,0.0007533528724,2.326726447e-05
13,52.0,56.0,19,1624.659106,0.0007690331663,2.757758554e-05
13,52.0,56.0,19,1626.69502,0.0007794665307,2.788602257e-05
13,52.0,56.0,19,1628.730934,0.0007952995989,2.543779574e-05
13,52.0,56.0,19,1630.766847,0.0008099491805,2.55407084e-05
13,52.0,56.0,19,1632.802761,0.0007997167521,2.491984361e-05
13,52.0,56.0,19,1634.838675,0.0007749594489,2.512760717e-05
13,52.0,56.0,19,1636.874588,0.0007694320264,2.63722924e-05
13,52.0,56.0,19,1638.910502,0.000782785766,2.566413859e-05
13,52.0,56.0,19,1640.946416,0.0007990663059,2.575621998e-05
13,52.0,56.0,19,1642.982329,0.0008104610492,2.852694773e-05
13,52.0,56.0,19,1645.018243,0.0008096442569,2.926580771e-05
13,52.0,56.0,19,1647.054157,0.0007980512696,2.67789308e-05
13,52.0,56.0,19,1649.09007,0.0007860717841,2.567518788e-05
13,52.0,56.0,19,1651.125984,0.0007804202936,2.620879156e-05
13,52.0,56.0,19,1653.161898,0.0007785785251,2.563659605e-05
13,52.0,56.0,19,1655.197811,0.0007856621825,2.545727623e-05
13,52.0,56.0,19,1657.233725,0.000801713963,2.504326009e-05
13,52.0,56.0,19,1659.269639,0.0008038346528,2.801462575e-05
13,52.0,56.0,19,1661.305552,0.000793460638,3.10864267e-05
13,52.0,56.0,19,1663.341466,0.0007866250816,2.912854374e-05
13,52.0,56.0,19,1665.37738,0.0007807169589,2.798080967e-05
13,52.0,56.0,19,1667.413293,0.0007642435116,3.014379481e-05
13,52.0,56.0,19,1669.449207,0.0007453784012,2.819031663e-05
13,52.0,56.0,19,1671.485121,0.0007548882301,2.751303065e-05
13,52.0,56.0,19,1673.521034,0.0007805050373,2.8811251e-05
13,52.0,56.0,19,1675.556948,0.000773756468,2.702515675e-05
13,52.0,56.0,19,1677.592862,0.0007296779412,2.27209952e-05
13,52.0,56.0,19,1679.628775,0.0006873760026,2.174113052e-05
13,52.0,56.0,19,1681.664689,0.0006676355589,2.469007752e-05
13,52.0,56.0,19,1683.700603,0.0006731455093,2.685736964e-05
13,52.0,56.0,19,1685.736516,0.0006976888356,2.773710288e-05
13,52.0,56.0,19,1687.77243,0.0007026286118,2.562431285e-05
13,52.0,56.0,19,1689.808344,0.0006634741683,2.292372888e-05
13,52.0,56.0,19,1691.844257,0.0006046799616,2.562137156e-05
13,52.0,56.0,19,1693.880171,0.0005661868015,2.568116409e-05
13,52.0,56.0,19,1695.916085,0.000554753172,2.347827675e-05
13,52.0,56.0,19,1697.951998,0.0005432227458,2.075751679e-05
13,52.0,56.0,19,1699.987912,0.0005207683601,1.847717938e-05
13,52.0,56.0,19,1702.023826,0.000500803344,1.785278224e-05
13,52.0,56.0,19,1704.059739,0.0004774187549,1.584613351e-05
13,52.0,56.0,19,1706.095653,0.0004461400433,1.413635152e-05
13,52.0,56.0,19,1708.131567,0.0004295663412,1.602526421e-05
13,52.0,56.0,19,1710.16748,0.0004266299993,1.776328663e-05
13,52.0,56.0,19,1712.203394,0.000418648342,1.770065299e-05
13,52.0,56.0,19,1714.239308,0.0004001339955,1.594082018e-05
13,52.0,56.0,19,1716.275221,0.0003734176842,1.406680948e-05
13,52.0,56.0,19,1718.311135,0.0003491653906,1.367751613e-05
13,52.0,56.0,19,1720.347049,0.0003380130125,1.284396862e-05
13,52.0,56.0,19,1722.382962,0.0003318380316,1.339296856e-05
13,52.0,56.0,19,1724.418876,0.0003140957835,1.237817859e-05
13,52.0,56.0,19,1726.45479,0.0002929478557,1.077430182e-05
13,52.0,56.0,19,1728.490703,0.0002846137856,1.043561745e-05
13,52.0,56.0,19,1730.526617,0.0002824025035,1.107157463e-05
13,52.0,56.0,19,1732.562531,0.000272786628,1.022066464e-05
13,52.0,56.0,19,1734.598444,0.000255737994,7.870518519e-06
13,52.0,56.0,19,1736.634358,0.0002408674248,7.907658924e-06
13,52.0,56.0,19,1738.670272,0.0002301512868,7.896332793e-06
13,52.0,56.0,19,1740.706185,0.0002175345581,7.962881916e-06
13,52.0,56.0,19,1742.742099,0.0002006517748,6.81015279e-06
13,52.0,56.0,19,1744.778013,0.0001854912353,6.075450296e-06
13,52.0,56.0,19,1746.813926,0.0001780261563,6.851372955e-06
13,52.0,56.0,19,1748.84984,0.0001738040956,6.447558249e-06
13,52.0,56.0,19,1750.885754,0.0001655351648,6.258247183e-06
13,52.0,56.0,19,1752.921667,0.0001558202777,5.434198511e-06
13,52.0,56.0,19,1754.957581,0.0001503844301,4.881725575e-06
13,52.0,56.0,19,1756.993495,0.0001460636819,4.806727335e-06
13,52.0,56.0,19,1759.029408,0.0001396655368,4.903471647e-06
13,52.0,56.0,19,1761.065322,0.0001342458978,4.40241739e-06
13,52.0,56.0,19,1763.101236,0.0001300018958,3.656202034e-06
13,52.0,56.0,19,1765.137149,0.0001247314702,3.684292213e-06
13,52.0,56.0,19,1767.173063,0.0001190553749,3.857065718e-06
13,52.0,56.0,19,1769.208977,0.0001144447865,3.738167526e-06
13,52.0,56.0,19,1771.24489,0.0001097110056,3.943272724e-06
13,52.0,56.0,19,1773.280804,0.0001040367533,3.897087779e-06
13,52.0,56.0,19,1775.316718,9.969177256e-05,3.225236619e-06
13,52.0,56.0,19,1777.352631,9.730961349e-05,3.094747191e-06
13,52.0,56.0,19,1779.388545,9.531296182e-05,3.236342149e-06
13,52.0,56.0,19,1781.424459,9.399465295e-05,3.223375063e-06
13,52.0,56.0,19,1783.460372,9.271096682e-05,3.086212821e-06
13,52.0,56.0,19,1785.496286,8.844650533e-05,2.766458202e-06
13,52.0,56.0,19,1787.5322,8.25521363e-05,2.542211213e-06
13,52.0,56.0,19,1789.568113,7.853093308e-05,2.38383457e-06
13,52.0,56.0,19,1791.604027,7.557218878e-05,2.371974294e-06
13,52.0,56.0,19,1793.639941,7.16550241e-05,2.243777229e-06
13,52.0,56.0,19,1795.675854,6.745223354e-05,1.9163541e-06
13,52.0,56.0,19,1797.711768,6.471226399e-05,1.649327034e-06
13,52.0,56.0,19,1799.747682,6.301483655e-05,1.7282719e-06
13,52.0,56.0,19,1801.783595,6.119141761e-05,1.934895522e-06
13,52.0,56.0,19,1803.819509,5.956761046e-05,1.853522145e-06
13,52.0,56.0,19,1805.855423,5.855247969e-05,1.673473822e-06
13,52.0,56.0,19,1807.891336,5.745884394e-05,1.513729346e-06
13,52.0,56.0,19,1809.92725,5.585627426e-05,1.612915799e-06
13,52.0,56.0,19,1811.963164,5.37151336e-05,1.753981773e-06
13,52.0,56.0,19,1813.999077,5.153854786e-05,1.592657574e-06
13,52.0,56.0,19,1816.034991,5.038792642e-05,1.395261675e-06
13,52.0,56.0,19,1818.070905,4.977997724e-05,1.416258007e-06
13,52.0,56.0,19,1820.106818,4.907358217e-05,1.5001481e-06
13,52.0,56.0,19,1822.142732,4.765201807e-05,1.561191347e-06
13,52.0,56.0,19,1824.178646,4.542129917e-05,1.35578802e-06
13,52.0,56.0,19,1826.214559,4.373298593e-05,1.054653408e-06
13,52.0,56.0,19,1828.250473,4.279519898e-05,1.011541607e-06
13,52.0,56.0,19,1830.286387,4.155929982e-05,1.110215244e-06
13,52.0,56.0,19,1832.3223,4.018326142e-05,1.076882029e-06
13,52.0,56.0,19,1834.358214,3.955701612e-05,1.152457449e-06
13,52.0,56.0,19,1836.394128,3.912245294e-05,1.300303236e-06
13,52.0,56.0,19,1838.430041,3.773354114e-05,1.190104988e-06
13,52.0,56.0,19,1840.465955,3.584205857e-05,1.024366132e-06
13,52.0,56.0,19,1842.501869,3.45651233e-05,9.65545506e-07
13,52.0,56.0,19,1844.537782,3.350860521e-05,9.262313324e-07
13,52.0,56.0,19,1846.573696,3.211787616e-05,8.691729802e-07
13,52.0,56.0,19,1848.60961,3.083229617e-05,8.681063462e-07
13,52.0,56.0,19,1850.645523,2.986993306e-05,8.540249369e-07
13,52.0,56.0,19,1852.681437,2.941097818e-05,7.969555687e-07
13,52.0,56.0,19,1854.717351,2.994431711e-05,8.512027411e-07
13,52.0,56.0,19,1856.753264,3.070661613e-05,9.738450034e-07
13,52.0,56.0,19,1858.789178,3.017661893e-05,9.790682516e-07
13,52.0,56.0,19,1860.825092,2.861538445e-05,8.572189658e-07
13,52.0,56.0,19,1862.861005,2.758586849e-05,8.17569891e-07
13,52.0,56.0,19,1864.896919,2.730041654e-05,8.72909861e-07
13,52.0,56.0,19,1866.932833,2.69358514e-05,8.598829168e-07
13,52.0,56.0,19,1868.968746,2.624578967e-05,7.576697064e-07
13,52.0,56.0,19,1871.00466,2.538694054e-05,6.63582988e-07
13,52.0,56.0,19,1873.040574,2.454334593e-05,5.808010779e-07
13,52.0,56.0,19,1875.076487,2.391335419e-05,5.154673625e-07
13,52.0,56.0,19,1877.112401,2.349717913e-05,5.517172679e-07
13,52.0,56.0,19,1879.148315,2.297196263e-05,6.096655693e-07
13,52.0,56.0,19,1881.184228,2.23578508e-05,6.279071053e-07
13,52.0,56.0,19,1883.220142,2.210634122e-05,5.881165926e-07
13,52.0,56.0,19,1885.256056,2.215040386e-05,5.416476568e-07
13,52.0,56.0,19,1887.291969,2.167642899e-05,5.08036936e-07
13,52.0,56.0,19,1889.327883,2.069326167e-05,4.96095438e-07
13,52.0,56.0,19,1891.363797,2.005419975e-05,5.155024983e-07
13,52.0,56.0,19,1893.39971,1.979026296e-05,5.214772928e-07
13,52.0,56.0,19,1895.435624,1.963032868e-05,4.968154326e-07
13,52.0,56.0,19,1897.471538,1.948182158e-05,4.979434554e-07
13,52.0,56.0,19,1899.507451,1.913536286e-05,4.598431986e-07
13,52.0,56.0,19,1901.543365,1.870636738e-05,3.967961135e-07
13,52.0,56.0,19,1903.579279,1.831551648e-05,4.235214748e-07
13,52.0,56.0,19,1905.615192,1.777828059e-05,4.375062768e-07
13,52.0,56.0,19,1907.651106,1.721454493e-05,4.429700938e-07
13,52.0,56.0,19,1909.68702,1.704593073e-05,4.365831381e-07
13,52.0,56.0,19,1911.722933,1.717401263e-05,4.2886213e-07
13,52.0,56.0,19,1913.758847,1.706898066e-05,4.333033418e-07
13,52.0,56.0,19,1915.794761,1.644646635e-05,4.362079685e-07
13,52.0,56.0,19,1917.830674,1.562072635e-05,3.793225374e-07
13,52.0,56.0,19,1919.866588,1.515558679e-05,3.319899866e-07
13,52.0,56.0,19,1921.902502,1.501261411e-05,3.257338378e-07
13,52.0,56.0,19,1923.938415,1.494939243e-05,3.447375506e-07
13,52.0,56.0,19,1925.974329,1.497786447e-05,3.856880496e-07
13,52.0,56.0,19,1928.010243,1.510393739e-05,4.310241315e-07
13,52.0,56.0,19,1930.046156,1.514298914e-05,4.501637827e-07
13,52.0,56.0,19,1932.08207,1.488333819e-05,4.357943174e-07
13,52.0,56.0,19,1934.117984,1.458459795e-05,3.944258953e-07
13,52.0,56.0,19,1936.153897,1.435719017e-05,3.803617628e-07
13,52.0,56.0,19,1938.189811,1.400352987e-05,3.675523666e-07
13,52.0,56.0,19,1940.225725,1.368722584e-05,3.500394442e-07
13,52.0,56.0,19,1942.261638,1.355179584e-05,3.474605005e-07
13,52.0,56.0,19,1944.297552,1.346022846e-05,3.366038396e-07
13,52.0,56.0,19,1946.333466,1.326009903e-05,3.221898026e-07
13,52.0,56.0,19,1948.369379,1.287799259e-05,3.183756819e-07
13,52.0,56.0,19,1950.405293,1.252700398e-05,3.094820155e-07
13,52.0,56.0,19,1952.441207,1.241086348e-05,2.774128503e-07
13,52.0,56.0,19,1954.47712,1.230447016e-05,2.465261683e-07
13,52.0,56.0,19,1956.513034,1.214775381e-05,2.471431642e-07
13,52.0,56.0,19,1958.548948,1.209275421e-05,2.582102063e-07
13,52.0,56.0,19,1960.584861,1.210149517e-05,2.838094296e-07
13,52.0,56.0,19,1962.620775,1.203571142e-05,2.789718841e-07
13,52.0,56.0,19,1964.656689,1.185465574e-05,2.63796933e-07
13,52.0,56.0,19,1966.692602,1.159043921e-05,2.405342216e-07
13,52.0,56.0,19,1968.728516,1.131355829e-05,2.402119909e-07
13,52.0,56.0,19,1970.76443,1.115548651e-05,2.738966974e-07
13,52.0,56.0,19,1972.800343,1.113870614e-05,2.960889694e-07
13,52.0,56.0,19,1974.836257,1.115871772e-05,2.912663184e-07
13,52.0,56.0,19,1976.872171,1.111201055e-05,2.723793709e-07
13,52.0,56.0,19,1978.908084,1.110222655e-05,2.468347365e-07
13,52.0,56.0,19,1980.943998,1.115718883e-05,2.443944762e-07
13,52.0,56.0,19,1982.979912,1.110773328e-05,2.708855345e-07
13,52.0,56.0,19,1985.015825,1.101549367e-05,2.739527715e-07
13,52.0,56.0,19,1987.051739,1.095095996e-05,2.531465182e-07
13,52.0,56.0,19,1989.087653,1.081902109e-05,2.365881042e-07
13,52.0,56.0,19,1991.123566,1.066569743e-05,2.33827567e-07
13,52.0,56.0,19,1993.15948,1.060025858e-05,2.466180309e-07
13,52.0,56.0,19,1995.195394,1.053504244e-05,2.438481357e-07
13,52.0,56.0,19,1997.231307,1.042934085e-05,2.351906056e-07
13,52.0,56.0,19,1999.267221,1.036574917e-05,2.393771452e-07
13,52.0,56.0,19,2001.303135,1.02613991e-05,2.603717312e-07
13,52.0,56.0,19,2003.339048,1.003234072e-05,2.68336016e-07
13,52.0,56.0,19,2005.374962,9.84721347e-06,2.548934847e-07
13,52.0,56.0,19,2007.410876,9.842382411e-06,2.379922574e-07
13,52.0,56.0,19,2009.446789,9.89460955e-06,2.147706196e-07
13,52.0,56.0,19,2011.482703,9.922058552e-06,2.095019372e-07
13,52.0,56.0,19,2013.518617,1.000573701e-05,2.144553357e-07
13,52.0,56.0,19,2015.55453,1.011045681e-05,2.3105014e-07
13,52.0,56.0,19,2017.590444,1.011582964e-05,2.380551859e-07
13,52.0,56.0,19,2019.626358,1.005868574e-05,2.407694784e-07
13,52.0,56.0,19,2021.662271,9.998085589e-06,2.497699576e-07
13,52.0,56.0,19,2023.698185,9.909798227e-06,2.655266234e-07
13,52.0,56.0,19,2025.734099,9.903119702e-06,2.717030518e-07
13,52.0,56.0,19,2027.770012,9.946369276e-06,2.66136599e-07
13,52.0,56.0,19,2029.805926,9.826391878e-06,2.545381479e-07
13,52.0,56.0,19,2031.84184,9.632941254e-06,2.14911974e-07
13,52.0,56.0,19,2033.877753,9.558463688e-06,1.867537575e-07
13,52.0,56.0,19,2035.913667,9.510663515e-06,1.826851569e-07
13,52.0,56.0,19,2037.949581,9.421027906e-06,1.962646062e-07
13,52.0,56.0,19,2039.985494,9.425026716e-06,2.126332348e-07
13,52.0,56.0,19,2042.021408,9.466604136e-06,2.253747192e-07
13,52.0,56.0,19,2044.057322,9.449123611e-06,2.055952882e-07
13,52.0,56.0,19,2046.093235,9.525901544e-06,1.992403891e-07
13,52.0,56.0,19,2048.129149,9.691727001e-06,2.003713985e-07
13,52.0,56.0,19,2050.165063,9.735935663e-06,2.036715749e-07
13,52.0,56.0,19,2052.200976,9.667937117e-06,2.064550902e-07
13,52.0,56.0,19,2054.23689,9.701695098e-06,2.106434954e-07
13,52.0,56.0,19,2056.272804,9.80363647e-06,2.058493668e-07
13,52.0,56.0,19,2058.308717,9.802231678e-06,2.134949672e-07
13,52.0,56.0,19,2060.344631,9.813025375e-06,2.232583958e-07
13,52.0,56.0,19,2062.380545,9.868832373e-06,2.246948956e-07
13,52.0,56.0,19,2064.416458,9.776492802e-06,2.084953084e-07
13,52.0,56.0,19,2066.452372,9.643502187e-06,2.133057165e-07
13,52.0,56.0,19,2068.488286,9.755235378e-06,2.417239752e-07
13,52.0,56.0,19,2070.524199,9.943635026e-06,2.375490356e-07
13,52.0,56.0,19,2072.560113,9.934672063e-06,2.264247965e-07
13,52.0,56.0,19,2074.596027,9.881875585e-06,2.199088198e-07
13,52.0,56.0,19,2076.63194,9.927000004e-06,2.016750475e-07
13,52.0,56.0,19,2078.667854,1.00338099e-05,1.981412356e-07
13,52.0,56.0,19,2080.703768,1.013449968e-05,1.976811749e-07
13,52.0,56.0,19,2082.739681,1.018631769e-05,1.874166018e-07
13,52.0,56.0,19,2084.775595,1.024551462e-05,1.985616902e-07
13,52.0,56.0,19,2086.811509,1.029351974e-05,2.140141149e-07
13,52.0,56.0,19,2088.847422,1.033060513e-05,2.146327451e-07
13,52.0,56.0,19,2090.883336,1.045186463e-05,2.22987229e-07
13,52.0,56.0,19,2092.91925,1.055794068e-05,2.376316756e-07
13,52.0,56.0,19,2094.955163,1.058541898e-05,2.471803424e-07
13,52.0,56.0,19,2096.991077,1.065297055e-05,2.643873919e-07
13,52.0,56.0,19,2099.026991,1.075078925e-05,2.594414827e-07
13,52.0,56.0,19,2101.062904,1.084581173e-05,2.450850444e-07
13,52.0,56.0,19,2103.098818,1.092686606e-05,2.505187092e-07
13,52.0,56.0,19,2105.134732,1.09383037e-05,2.506184182e-07
13,52.0,56.0,19,2107.170645,1.098039269e-05,2.468579046e-07
13,52.0,56.0,19,2109.206559,1.112440484e-05,2.628174186e-07
13,52.0,56.0,19,2111.242473,1.120123031e-05,2.557350434e-07
13,52.0,56.0,19,2113.278386,1.119117949e-05,2.525401584e-07
13,52.0,56.0,19,2115.3143,1.116366574e-05,2.688059942e-07
13,52.0,56.0,19,2117.350214,1.104339781e-05,2.543723372e-07
13,52.0,56.0,19,2119.386127,1.094926004e-05,2.30260707e-07
13,52.0,56.0,19,2121.422041,1.108232047e-05,2.495942874e-07
13,52.0,56.0,19,2123.457955,1.135265338e-05,2.71549852e-07
13,52.0,56.0,19,2125.493868,1.149349061e-05,2.56985691e-07
13,52.0,56.0,19,2127.529782,1.146663732e-05,2.410820194e-07
13,52.0,56.0,19,2129.565696,1.145241921e-05,2.426808008e-07
13,52.0,56.0,19,2131.601609,1.148369517e-05,2.527476457e-07
13,52.0,56.0,19,2133.637523,1.152926467e-05,2.610631848e-07
13,52.0,56.0,19,2135.673437,1.162232817e-05,2.538809491e-07
13,52.0,56.0,19,2137.70935,1.17382096e-05,2.645757013e-07
13,52.0,56.0,19,2139.745264,1.189676399e-05,2.839849725e-07
13,52.0,56.0,19,2141.781178,1.212848074e-05,2.933432888e-07
13,52.0,56.0,19,2143.817091,1.231931678e-05,2.820392958e-07
13,52.0,56.0,19,2145.853005,1.240366733e-05,2.778047501e-07
13,52.0,56.0,19,2147.888919,1.248313653e-05,2.917167488e-07
13,52.0,56.0,19,2149.924832,1.259323958e-05,2.986157279e-07
13,52.0,56.0,19,2151.960746,1.258160536e-05,2.951948084e-07
13,52.0,56.0,19,2153.99666,1.248173667e-05,2.969852326e-07
13,52.0,56.0,19,2156.032573,1.243592893e-05,3.036658961e-07
13,52.0,56.0,19,2158.068487,1.250367976e-05,3.074799862e-07
13,52.0,56.0,19,2160.104401,1.270460118e-05,3.138040565e-07
13,52.0,56.0,19,2162.140314,1.284561462e-05,3.159960553e-07
13,52.0,56.0,19,2164.176228,1.29274519e-05,3.134766475e-07
13,52.0,56.0,19,2166.212142,1.318478815e-05,3.357201341e-07
13,52.0,56.0,19,2168.248055,1.34798314e-05,3.51788593e-07
13,52.0,56.0,19,2170.283969,1.357118674e-05,3.153611349e-07
13,52.0,56.0,19,2172.319883,1.360359618e-05,2.858343758e-07
13,52.0,56.0,19,2174.355796,1.366837568e-05,3.164835332e-07
13,52.0,56.0,19,2176.39171,1.360600831e-05,3.496188411e-07
13,52.0,56.0,19,2178.427624,1.355913621e-05,3.26094141e-07
13,52.0,56.0,19,2180.463537,1.388631826e-05,2.927511314e-07
13,52.0,56.0,19,2182.499451,1.444020121e-05,2.941385529e-07
13,52.0,56.0,19,2184.535365,1.472820462e-05,3.058004899e-07
13,52.0,56.0,19,2186.571278,1.472307287e-05,3.220168838e-07
13,52.0,56.0,19,2188.607192,1.474106437e-05,3.141547125e-07
13,52.0,56.0,19,2190.643106,1.488964421e-05,2.882782221e-07
13,52.0,56.0,19,2192.679019,1.511207242e-05,3.186201883e-07
13,52.0,56.0,19,2194.714933,1.521147971e-05,3.498130372e-07
13,52.0,56.0,19,2196.750847,1.513138569e-05,3.384991596e-07
13,52.0,56.0,19,2198.78676,1.512349897e-05,3.219280915e-07
13,52.0,56.0,19,2200.822674,1.520497362e-05,3.311371559e-07
13,52.0,56.0,19,2202.858588,1.51764334e-05,3.199426818e-07
13,52.0,56.0,19,2204.894501,1.504504896e-05,3.259515204e-07
13,52.0,56.0,19,2206.930415,1.500749705e-05,3.487810277e-07
13,52.0,56.0,19,2208.966329,1.516148154e-05,3.300815166e-07
13,52.0,56.0,19,2211.002242,1.540677837e-05,3.325495875e-07
13,52.0,56.0,19,2213.038156,1.561245551e-05,3.370633958e-07
13,52.0,56.0,19,2215.07407,1.5894156e-05,3.453212755e-07
13,52.0,56.0,19,2217.109983,1.618701968e-05,3.875627818e-07
13,52.0,56.0,19,2219.145897,1.629898717e-05,4.347360157e-07
13,52.0,56.0,19,2221.181811,1.644052675e-05,4.282334539e-07
13,52.0,56.0,19,2223.217724,1.653826966e-05,3.793177826e-07
13,52.0,56.0,19,2225.253638,1.631861591e-05,3.728768957e-07
13,52.0,56.0,19,2227.289552,1.607581062e-05,3.477991121e-07
13,52.0,56.0,19,2229.325465,1.611948275e-05,3.54146808e-07
13,52.0,56.0,19,2231.361379,1.62352151e-05,3.707800764e-07
13,52.0,56.0,19,2233.397293,1.625916095e-05,3.845531964e-07
13,52.0,56.0,19,2235.433206,1.629094622e-05,3.670287314e-07
13,52.0,56.0,19,2237.46912,1.648166828e-05,3.527073288e-07
13,52.0,56.0,19,2239.505034,1.680261527e-05,3.738165868e-07
13,52.0,56.0,19,2241.540947,1.696631842e-05,3.317898665e-07
13,52.0,56.0,19,2243.576861,1.693491298e-05,3.234202356e-07
13,52.0,56.0,19,2245.612775,1.687939639e-05,3.230872879e-07
13,52.0,56.0,19,2247.648688,1.688237289e-05,3.714736366e-07
13,52.0,56.0,19,2249.684602,1.697045129e-05,4.164609457e-07
13,52.0,56.0,19,2251.720516,1.7023186e-05,4.14515252e-07
13,52.0,56.0,19,2253.756429,1.698017639e-05,4.063335986e-07
13,52.0,56.0,19,2255.792343,1.696806256e-05,4.111178944e-07
13,52.0,56.0,19,2257.828257,1.708077698e-05,3.914629147e-07
13,52.0,56.0,19,2259.86417,1.736276241e-05,3.644604334e-07
13,52.0,56.0,19,2261.900084,1.765840817e-05,3.906090128e-07
13,52.0,56.0,19,2263.935998,1.767876894e-05,3.849522892e-07
13,52.0,56.0,19,2265.971911,1.757825172e-05,3.464467668e-07
13,52.0,56.0,19,2268.007825,1.753063234e-05,3.42504854e-07
13,52.0,56.0,19,2270.043739,1.737512768e-05,3.908054126e-07
13,52.0,56.0,19,2272.079652,1.723139579e-05,4.491280333e-07
13,52.0,56.0,19,2274.115566,1.733754759e-05,4.35709058e-07
13,52.0,56.0,19,2276.15148,1.752689449e-05,4.162655373e-07
13,52.0,56.0,19,2278.187393,1.763276189e-05,4.397541118e-07
13,52.0,56.0,19,2280.223307,1.755557562e-05,4.697718323e-07
13,52.0,56.0,19,2282.259221,1.72839963e-05,4.525016587e-07
13,52.0,56.0,19,2284.295134,1.723619486e-05,3.948270534e-07
13,52.0,56.0,19,2286.331048,1.74662278e-05,3.860775232e-07
13,52.0,56.0,19,2288.366962,1.750850503e-05,3.909914456e-07
13,52.0,56.0,19,2290.402875,1.734121187e-05,3.635915193e-07
13,52.0,56.0,19,2292.438789,1.722519829e-05,3.615191112e-07
13,52.0,56.0,19,2294.474703,1.721145084e-05,3.899133151e-07
13,52.0,56.0,19,2296.510616,1.727277189e-05,3.943624365e-07
13,52.0,56.0,19,2298.54653,1.733686878e-05,3.969094907e-07
13,52.0,56.0,19,2300.582444,1.742961824e-05,4.243011913e-07
13,52.0,56.0,19,2302.618357,1.753246942e-05,4.067667425e-07
13,52.0,56.0,19,2304.654271,1.763535747e-05,3.933290705e-07
13,52.0,56.0,19,2306.690185,1.774728895e-05,4.01357577e-07
13,52.0,56.0,19,2308.726098,1.767926242e-05,4.229159508e-07
13,52.0,56.0,19,2310.762012,1.738806415e-05,4.367480755e-07
13,52.0,56.0,19,2312.797926,1.718667821e-05,3.977919138e-07
13,52.0,56.0,19,2314.833839,1.719280773e-05,3.500143351e-07
13,52.0,56.0,19,2316.869753,1.717302245e-05,3.563242369e-07
13,52.0,56.0,19,2318.905667,1.719348917e-05,3.648449773e-07
13,52.0,56.0,19,2320.94158,1.731322908e-05,3.470286187e-07
13,52.0,56.0,19,2322.977494,1.733363675e-05,3.623855639e-07
13,52.0,56.0,19,2325.013408,1.73112232e-05,4.189568513e-07
13,52.0,56.0,19,2327.049321,1.729107289e-05,4.317530422e-07
13,52.0,56.0,19,2329.085235,1.7236139e-05,4.022445883e-07
13,52.0,56.0,19,2331.121149,1.717681268e-05,3.875161489e-07
13,52.0,56.0,19,2333.157062,1.710512631e-05,4.011240298e-07
13,52.0,56.0,19,2335.192976,1.688140658e-05,4.108467348e-07
13,52.0,56.0,19,2337.22889,1.652397363e-05,4.06101329e-07
13,52.0,56.0,19,2339.264803,1.640978929e-05,3.850729299e-07
13,52.0,56.0,19,2341.300717,1.662160736e-05,3.507283302e-07
13,52.0,56.0,19,2343.336631,1.694431212e-05,3.566887091e-07
13,52.0,56.0,19,2345.372544,1.724355167e-05,3.656016285e-07
13,52.0,56.0,19,2347.408458,1.72627907e-05,3.644542009e-07
13,52.0,56.0,19,2349.444372,1.712589148e-05,3.493638659e-07
13,52.0,56.0,19,2351.480285,1.717332807e-05,3.38335212e-07
13,52.0,56.0,19,2353.516199,1.715114693e-05,3.351274214e-07
13,52.0,56.0,19,2355.552113,1.685923964e-05,3.394094856e-07
13,52.0,56.0,19,2357.588026,1.666455621e-05,3.267740737e-07
13,52.0,56.0,19,2359.62394,1.660211893e-05,3.218146757e-07
13,52.0,56.0,19,2361.659854,1.641847119e-05,3.44912556e-07
13,52.0,56.0,19,2363.695767,1.643783632e-05,3.470328391e-07
13,52.0,56.0,19,2365.731681,1.669563324e-05,3.522224509e-07
13,52.0,56.0,19,2367.767595,1.685111361e-05,3.633266425e-07
13,52.0,56.0,19,2369.803508,1.702670927e-05,3.677110441e-07
13,52.0,56.0,19,2371.839422,1.725442392e-05,3.805439189e-07
13,52.0,56.0,19,2373.875336,1.717913744e-05,3.64460464e-07
13,52.0,56.0,19,2375.911249,1.679198319e-05,3.288559898e-07
13,52.0,56.0,19,2377.947163,1.643013371e-05,3.163023922e-07
13,52.0,56.0,19,2379.983077,1.628188893e-05,3.096467357e-07
13,52.0,56.0,19,2382.01899,1.634707425e-05,3.166982236e-07
13,52.0,56.0,19,2384.054904,1.653515895e-05,3.236290967e-07
13,52.0,56.0,19,2386.090818,1.667723795e-05,3.429915918e-07
13,52.0,56.0,19,2388.126731,1.665684603e-05,3.343191794e-07
13,52.0,56.0,19,2390.162645,1.653409715e-05,3.299796605e-07
13,52.0,56.0,19,2392.198559,1.648144619e-05,3.67815271e-07
13,52.0,56.0,19,2394.234472,1.656602867e-05,3.807811533e-07
13,52.0,56.0,19,2396.270386,1.669433839e-05,3.588997477e-07
13,52.0,56.0,19,2398.3063,1.680926818e-05,3.261098222e-07
13,52.0,56.0,19,2400.342213,1.680498395e-05,3.043136225e-07
13,52.0,56.0,19,2402.378127,1.668162059e-05,3.123122354e-07
13,52.0,56.0,19,2404.414041,1.663543075e-05,3.190876751e-07
13,52.0,56.0,19,2406.449954,1.66864529e-05,3.19437674e-07
13,52.0,56.0,19,2408.485868,1.675439083e-05,3.216907008e-07
13,52.0,56.0,19,2410.521782,1.681731093e-05,3.340001084e-07
13,52.0,56.0,19,2412.557695,1.675473124e-05,3.429775367e-07
13,52.0,56.0,19,2414.593609,1.6434973e-05,3.185245723e-07
13,52.0,56.0,19,2416.629523,1.603633109e-05,3.056068115e-07
13,52.0,56.0,19,2418.665436,1.592698999e-05,3.085957149e-07
13,52.0,56.0,19,2420.70135,1.605760296e-05,3.050966162e-07
13,52.0,56.0,19,2422.737264,1.613677943e-05,3.2203932e-07
13,52.0,56.0,19,2424.773177,1.611177248e-05,3.303219176e-07
13,52.0,56.0,19,2426.809091,1.614219418e-05,2.971790965e-07
13,52.0,56.0,19,2428.845005,1.625601323e-05,2.92872221e-07
13,52.0,56.0,19,2430.880918,1.62704695e-05,3.0019058e-07
13,52.0,56.0,19,2432.916832,1.622487304e-05,2.83280162e-07
13,52.0,56.0,19,2434.952746,1.622560257e-05,2.873434002e-07
13,52.0,56.0,19,2436.988659,1.639712737e-05,2.891383083e-07
13,52.0,56.0,19,2439.024573,1.674891489e-05,3.136694334e-07
13,52.0,56.0,19,2441.060487,1.678880971e-05,3.391796389e-07
13,52.0,56.0,19,2443.0964,1.641048218e-05,3.370797775e-07
13,52.0,56.0,19,2445.132314,1.624902718e-05,3.061132248e-07
13,52.0,56.0,19,2447.168228,1.648352112e-05,3.0444701e-07
13,52.0,56.0,19,2449.204141,1.668550952e-05,3.31787851e-07
13,52.0,56.0,19,2451.240055,1.67344213e-05,3.443430996e-07
13,52.0,56.0,19,2453.275969,1.680725238e-05,3.597010329e-07
13,52.0,56.0,19,2455.311882,1.682193369e-05,3.673910143e-07
13,52.0,56.0,19,2457.347796,1.661147942e-05,3.686046557e-07
13,52.0,56.0,19,2459.38371,1.635343031e-05,3.952312922e-07
13,52.0,56.0,19,2461.419623,1.634014176e-05,4.000650736e-07
13,52.0,56.0,19,2463.455537,1.658186695e-05,3.690196432e-07
13,52.0,56.0,19,2465.491451,1.678698786e-05,3.561581268e-07
13,52.0,56.0,19,2467.527364,1.671679097e-05,3.266733446e-07
13,52.0,56.0,19,2469.563278,1.648006835e-05,2.969292094e-07
13,52.0,56.0,19,2471.599192,1.629348531e-05,2.938756596e-07
13,52.0,56.0,19,2473.635105,1.625552283e-05,2.823108626e-07
13,52.0,56.0,19,2475.671019,1.640021553e-05,2.650350574e-07
13,52.0,56.0,19,2477.706933,1.655505901e-05,2.650842518e-07
13,52.0,56.0,19,2479.742846,1.656390787e-05,2.941514912e-07
13,52.0,56.0,19,2481.77876,1.656876066e-05,3.741228999e-07
13,52.0,56.0,19,2483.814674,1.661772095e-05,4.144447131e-07
13,52.0,56.0,19,2485.850587,1.670105449e-05,3.954532827e-07
13,52.0,56.0,19,2487.886501,1.682947549e-05,3.767912218e-07
13,52.0,56.0,19,2489.922415,1.698529318e-05,3.297781683e-07
13,52.0,56.0,19,2491.958328,1.702202456e-05,3.152676007e-07
13,52.0,56.0,19,2493.994242,1.683900345e-05,3.555245365e-07
13,52.0,56.0,19,2496.030156,1.669860378e-05,3.628494487e-07
13,52.0,56.0,19,2498.066069,1.672428234e-05,3.438007198e-07
13,52.0,56.0,19,2500.101983,1.676604124e-05,3.510100824e-07
13,52.0,56.0,19,2502.137897,1.682254344e-05,3.663659305e-07
13,52.0,56.0,19,2504.17381,1.694962406e-05,3.636310417e-07
13,52.0,56.0,19,2506.209724,1.700162439e-05,3.373226957e-07
13,52.0,56.0,19,2508.245638,1.695221833e-05,3.320260835e-07
13,52.0,56.0,19,2510.281551,1.69868224e-05,3.690490518e-07
13,52.0,56.0,19,2512.317465,1.706943091e-05,3.983921803e-07
13,52.0,56.0,19,2514.353379,1.703780584e-05,4.029561659e-07
13,52.0,56.0,19,2516.389292,1.685619708e-05,4.357657565e-07
13,52.0,56.0,19,2518.425206,1.660948347e-05,4.395766097e-07
13,52.0,56.0,19,2520.46112,1.644055664e-05,4.107881755e-07
13,52.0,56.0,19,2522.497033,1.63347727e-05,3.887972699e-07
13,52.0,56.0,19,2524.532947,1.611323791e-05,3.574059455e-07
13,52.0,56.0,19,2526.568861,1.592812641e-05,3.370671052e-07
13,52.0,56.0,19,2528.604774,1.613467003e-05,3.258898081e-07
13,52.0,56.0,19,2530.640688,1.652264528e-05,3.333898467e-07
13,52.0,56.0,19,2532.676602,1.664059475e-05,3.759209648e-07
13,52.0,56.0,19,2534.712515,1.648943933e-05,3.81758101e-07
13,52.0,56.0,19,2536.748429,1.634470217e-05,3.48238367e-07
13,52.0,56.0,19,2538.784343,1.631403156e-05,3.4212952e-07
13,52.0,56.0,19,2540.820256,1.638266013e-05,3.577116439e-07
13,52.0,56.0,19,2542.85617,1.655527851e-05,3.391083047e-07
13,52.0,56.0,19,2544.892084,1.674398814e-05,3.08776949e-07
13,52.0,56.0,19,2546.927997,1.681394612e-05,3.382942688e-07
13,52.0,56.0,19,2548.963911,1.686130789e-05,3.702768863e-07
13,52.0,56.0,19,2550.999825,1.689582154e-05,4.327705708e-07
13,52.0,56.0,19,2553.035738,1.672389272e-05,4.626305876e-07
13,52.0,56.0,19,2555.071652,1.650299412e-05,4.275659185e-07
13,52.0,56.0,19,2557.107566,1.647172905e-05,3.824674303e-07
13,52.0,56.0,19,2559.143479,1.667708668e-05,3.60988682e-07
13,52.0,56.0,19,2561.179393,1.702643689e-05,3.842361949e-07
13,52.0,56.0,19,2563.215307,1.718673057e-05,4.111581988e-07
13,52.0,56.0,19,2565.25122,1.703840213e-05,4.4674184e-07
13,52.0,56.0,19,2567.287134,1.694934126e-05,5.158885763e-07
13,52.0,56.0,19,2569.323048,1.710816313e-05,5.694291784e-07
13,52.0,56.0,19,2571.358961,1.720787627e-05,5.512431215e-07
13,52.0,56.0,19,2573.394875,1.712459742e-05,4.756822302e-07
13,52.0,56.0,19,2575.430789,1.703900581e-05,4.066750621e-07
13,52.0,56.0,19,2577.466702,1.698068757e-05,3.718719988e-07
13,52.0,56.0,19,2579.502616,1.697265642e-05,3.481541717e-07
13,52.0,56.0,19,2581.53853,1.703213071e-05,3.463163828e-07
13,52.0,56.0,19,2583.574443,1.705482585e-05,4.279112854e-07
13,52.0,56.0,19,2585.610357,1.699548201e-05,5.29348885e-07
13,52.0,56.0,19,2587.646271,1.69709698e-05,5.198425517e-07
13,52.0,56.0,19,2589.682184,1.71161849e-05,4.588272165e-07
13,52.0,56.0,19,2591.718098,1.724165339e-05,4.431027342e-07
13,52.0,56.0,19,2593.754012,1.711872064e-05,4.23175118e-07
13,52.0,56.0,19,2595.789925,1.696773726e-05,4.112050092e-07
13,52.0,56.0,19,2597.825839,1.709534134e-05,4.405928131e-07
13,52.0,56.0,19,2599.861753,1.737812452e-05,4.729624308e-07
13,52.0,56.0,19,2601.897666,1.750955093e-05,5.175963056e-07
13,52.0,56.0,19,2603.93358,1.749512733e-05,5.85510463e-07
13,52.0,56.0,19,2605.969494,1.743840524e-05,6.182411376e-07
13,52.0,56.0,19,2608.005407,1.746708434e-05,5.912361187e-07
13,52.0,56.0,19,2610.041321,1.763339285e-05,5.664539814e-07
13,52.0,56.0,19,2612.077235,1.778365407e-05,6.031730744e-07
13,52.0,56.0,19,2614.113148,1.776544151e-05,6.233046135e-07
13,52.0,56.0,19,2616.149062,1.757814985e-05,6.193111806e-07
13,52.0,56.0,19,2618.184976,1.750170409e-05,6.526376724e-07
13,52.0,56.0,19,2620.220889,1.765951459e-05,7.112695826e-07
13,52.0,56.0,19,2622.256803,1.783906577e-05,7.412765131e-07
13,52.0,56.0,19,2624.292717,1.782728381e-05,7.124018653e-07
13,52.0,56.0,19,2626.32863,1.777985504e-05,6.499147699e-07
13,52.0,56.0,19,2628.364544,1.805376169e-05,6.166170314e-07
13,52.0,56.0,19,2630.400458,1.849170695e-05,6.190583643e-07
13,52.0,56.0,19,2632.436371,1.873223414e-05,6.402878581e-07
13,52.0,56.0,19,2634.472285,1.870951673e-05,6.852068675e-07
13,52.0,56.0,19,2636.508199,1.855542424e-05,6.984694154e-07
13,52.0,56.0,19,2638.544112,1.849768463e-05,6.580429374e-07
13,52.0,56.0,19,2640.580026,1.859449822e-05,6.394332606e-07
13,52.0,56.0,19,2642.61594,1.864308072e-05,6.880346766e-07
13,52.0,56.0,19,2644.651853,1.869942618e-05,7.361760657e-07
13,52.0,56.0,19,2646.687767,1.895338478e-05,7.323213752e-07
13,52.0,56.0,19,2648.723681,1.916064537e-05,6.607327542e-07
13,52.0,56.0,19,2650.759594,1.916098212e-05,5.945803456e-07
13,52.0,56.0,19,2652.795508,1.903478497e-05,5.830844464e-07
13,52.0,56.0,19,2654.831422,1.870267547e-05,5.781589119e-07
13,52.0,56.0,19,2656.867335,1.832522126e-05,5.648935955e-07
13,52.0,56.0,19,2658.903249,1.815457887e-05,5.385428447e-07
13,52.0,56.0,19,2660.939163,1.799124954e-05,4.903999256e-07
13,52.0,56.0,19,2662.975076,1.793049339e-05,4.999060336e-07
13,52.0,56.0,19,2665.01099,1.817662754e-05,5.262875845e-07
13,52.0,56.0,19,2667.046904,1.840499924e-05,5.163013997e-07
13,52.0,56.0,19,2669.082817,1.856506879e-05,5.03944825e-07
13,52.0,56.0,19,2671.118731,1.889049288e-05,5.430333335e-07
13,52.0,56.0,19,2673.154645,1.913890544e-05,5.901124034e-07
13,52.0,56.0,19,2675.190558,1.908676525e-05,6.33422282e-07
13,52.0,56.0,19,2677.226472,1.909577001e-05,6.132112297e-07
13,52.0,56.0,19,2679.262386,1.921501835e-05,5.655987034e-07
13,52.0,56.0,19,2681.298299,1.921473483e-05,5.300119504e-07
13,52.0,56.0,19,2683.334213,1.940113766e-05,5.130617332e-07
13,52.0,56.0,19,2685.370127,1.98589652e-05,5.226029914e-07
13,52.0,56.0,19,2687.40604,2.017464417e-05,5.433753505e-07
13,52.0,56.0,19,2689.441954,2.030714721e-05,5.851634227e-07
13,52.0,56.0,19,2691.477868,2.041394687e-05,6.105825638e-07
13,52.0,56.0,19,2693.513781,2.030802833e-05,5.823475248e-07
13,52.0,56.0,19,2695.549695,2.003748188e-05,5.521416117e-07
13,52.0,56.0,19,2697.585609,1.991493006e-05,5.808579107e-07
13,52.0,56.0,19,2699.621522,1.999951816e-05,6.792882596e-07
13,52.0,56.0,19,2701.657436,2.024243783e-05,8.562611971e-07
13,52.0,56.0,19,2703.69335,2.064044841e-05,1.087292012e-06
13,52.0,56.0,19,2705.729263,2.112707056e-05,1.194610315e-06
13,52.0,56.0,19,2707.765177,2.149970385e-05,1.105529417e-06
13,52.0,56.0,19,2709.801091,2.152262666e-05,9.235694073e-07
13,52.0,56.0,19,2711.837004,2.139338728e-05,8.189954716e-07
13,52.0,56.0,19,2713.872918,2.144885056e-05,8.913538599e-07
13,52.0,56.0,19,2715.908832,2.166997418e-05,1.103192627e-06
13,52.0,56.0,19,2717.944745,2.207549662e-05,1.292979554e-06
13,52.0,56.0,19,2719.980659,2.247616849e-05,1.312876727e-06
13,52.0,56.0,19,2722.016573,2.252061404e-05,1.153080805e-06
13,52.0,56.0,19,2724.052486,2.226223396e-05,9.248576967e-07
13,52.0,56.0,19,2726.0884,2.222178128e-05,8.206671553e-07
13,52.0,56.0,19,2728.124314,2.274322357e-05,1.038495402e-06
13,52.0,56.0,19,2730.160227,2.345330638e-05,1.488544641e-06
13,52.0,56.0,19,2732.196141,2.388699952e-05,1.904079015e-06
13,52.0,56.0,19,2734.232055,2.412790194e-05,2.073141754e-06
13,52.0,56.0,19,2736.267968,2.449162608e-05,2.00704361e-06
13,52.0,56.0,19,2738.303882,2.476774235e-05,1.875873292e-06
13,52.0,56.0,19,2740.339796,2.467519851e-05,1.838846319e-06
13,52.0,56.0,19,2742.375709,2.479852366e-05,1.967793833e-06
13,52.0,56.0,19,2744.411623,2.556351994e-05,2.227744515e-06
13,52.0,56.0,19,2746.447537,2.634350564e-05,2.395971542e-06
13,52.0,56.0,19,2748.48345,2.639157988e-05,2.152870354e-06
13,52.0,56.0,19,2750.519364,2.560493922e-05,1.559731193e-06
13,52.0,56.0,19,2752.555278,2.486903545e-05,1.109035463e-06
13,52.0,56.0,19,2754.591191,2.529118786e-05,1.151929302e-06
13,52.0,56.0,19,2756.627105,2.663328576e-05,1.665305596e-06
13,52.0,56.0,19,2758.663019,2.772485689e-05,2.193758399e-06
13,52.0,56.0,19,2760.698932,2.819428131e-05,2.391361565e-06
13,52.0,56.0,19,2762.734846,2.857008874e-05,2.256304032e-06
13,52.0,56.0,19,2764.77076,2.873105634e-05,2.000684574e-06
13,52.0,56.0,19,2766.806673,2.8286366e-05,1.776821482e-06
13,52.0,56.0,19,2768.842587,2.779610297e-05,1.56147776e-06
13,52.0,56.0,19,2770.878501,2.790051467e-05,1.442101998e-06
13,52.0,56.0,19,2772.914414,2.841460558e-05,1.425173771e-06
13,52.0,56.0,19,2774.950328,2.887653013e-05,1.381400244e-06
13,52.0,56.0,19,2776.986242,2.905939733e-05,1.342919341e-06
13,52.0,56.0,19,2779.022155,2.906842655e-05,1.21583849e-06
13,52.0,56.0,19,2781.058069,2.927644366e-05,1.050564694e-06
13,52.0,56.0,19,2783.093983,2.973850818e-05,1.050517498e-06
13,52.0,56.0,19,2785.129896,2.995020949e-05,1.104639498e-06
13,52.0,56.0,19,2787.16581,2.990997553e-05,1.09408281e-06
13,52.0,56.0,19,2789.201724,3.020225041e-05,1.102405548e-06
13,52.0,56.0,19,2791.237637,3.080641771e-05,1.224637733e-06
13,52.0,56.0,19,2793.273551,3.138623365e-05,1.521258455e-06
13,52.0,56.0,19,2795.309465,3.196665466e-05,1.953307095e-06
13,52.0,56.0,19,2797.345378,3.261728751e-05,2.305367506e-06
13,52.0,56.0,19,2799.381292,3.342631897e-05,2.359965441e-06
13,52.0,56.0,19,2801.417206,3.432698807e-05,2.128947755e-06
13,52.0,56.0,19,2803.453119,3.460178122e-05,1.837091947e-06
13,52.0,56.0,19,2805.489033,3.393570139e-05,1.605922999e-06
13,52.0,56.0,19,2807.524947,3.337051477e-05,1.459309783e-06
13,52.0,56.0,19,2809.56086,3.38342878e-05,1.416371852e-06
13,52.0,56.0,19,2811.596774,3.452282536e-05,1.384179552e-06
13,52.0,56.0,19,2813.632688,3.512248852e-05,1.452581788e-06
13,52.0,56.0,19,2815.668601,3.632029823e-05,1.563637363e-06
13,52.0,56.0,19,2817.704515,3.750516876e-05,1.625489764e-06
13,52.0,56.0,19,2819.740429,3.80244367e-05,1.665277181e-06
13,52.0,56.0,19,2821.776342,3.843943795e-05,1.733774017e-06
13,52.0,56.0,19,2823.812256,3.931819557e-05,1.813438731e-06
13,52.0,56.0,19,2825.84817,4.068879865e-05,1.825212905e-06
13,52.0,56.0,19,2827.884083,4.175796979e-05,1.710593073e-06
13,52.0,56.0,19,2829.919997,4.194127113e-05,1.817044601e-06
13,52.0,56.0,19,2831.955911,4.163438534e-05,2.09197268e-06
13,52.0,56.0,19,2833.991824,4.180033992e-05,2.207178333e-06
13,52.0,56.0,19,2836.027738,4.259257006e-05,2.224371714e-06
13,52.0,56.0,19,2838.063652,4.258966377e-05,2.054465787e-06
13,52.0,56.0,19,2840.099565,4.190190306e-05,1.770478327e-06
13,52.0,56.0,19,2842.135479,4.2307946e-05,1.638109172e-06
13,52.0,56.0,19,2844.171393,4.388923824e-05,1.609673009e-06
13,52.0,56.0,19,2846.207306,4.465105896e-05,1.706103168e-06
13,52.0,56.0,19,2848.24322,4.406120947e-05,1.768406622e-06
13,52.0,56.0,19,2850.279134,4.437121523e-05,1.720220012e-06
13,52.0,56.0,19,2852.315047,4.70241403e-05,1.888397121e-06
13,52.0,56.0,19,2854.350961,5.116000764e-05,2.124655528e-06
13,52.0,56.0,19,2856.386875,5.425317669e-05,2.578251736e-06
13,52.0,56.0,19,2858.422788,5.450827036e-05,3.316855447e-06
13,52.0,56.0,19,2860.458702,5.332876195e-05,3.663315709e-06
13,52.0,56.0,19,2862.494616,5.295497345e-05,3.340228921e-06
13,52.0,56.0,19,2864.530529,5.405066509e-05,2.758963969e-06
13,52.0,56.0,19,2866.566443,5.595935423e-05,2.549086587e-06
13,52.0,56.0,19,2868.602357,5.693591369e-05,2.435432724e-06
13,52.0,56.0,19,2870.63827,5.583785016e-05,2.113636729e-06
13,52.0,56.0,19,2872.674184,5.416792701e-05,1.836165521e-06
13,52.0,56.0,19,2874.710098,5.451571562e-05,1.754403667e-06
13,52.0,56.0,19,2876.746011,5.723531803e-05,1.761022591e-06
13,52.0,56.0,19,2878.781925,6.015126623e-05,1.79943682e-06
13,52.0,56.0,19,2880.817839,6.172259271e-05,2.053778491e-06
13,52.0,56.0,19,2882.853752,6.237314965e-05,2.390657931e-06
13,52.0,56.0,19,2884.889666,6.21142683e-05,2.339994567e-06
13,52.0,56.0,19,2886.92558,6.168015162e-05,2.228605881e-06
13,52.0,56.0,19,2888.961493,6.280812294e-05,2.358722911e-06
13,52.0,56.0,19,2890.997407,6.598725889e-05,2.855415895e-06
13,52.0,56.0,19,2893.033321,6.989915155e-05,3.757093088e-06
13,52.0,56.0,19,2895.069234,7.146728594e-05,4.618739393e-06
13,52.0,56.0,19,2897.105148,7.041475101e-05,5.383389798e-06
13,52.0,56.0,19,2899.141062,6.940307112e-05,5.958836126e-06
13,52.0,56.0,19,2901.176975,6.933451066e-05,5.856536575e-06
13,52.0,56.0,19,2903.212889,7.027353104e-05,5.062955277e-06
13,52.0,56.0,19,2905.248803,7.26570704e-05,4.441898687e-06
13,52.0,56.0,19,2907.284716,7.585588153e-05,4.122010062e-06
13,52.0,56.0,19,2909.32063,7.815319759e-05,3.587630705e-06
13,52.0,56.0,19,2911.356544,7.876582955e-05,2.664194354e-06
13,52.0,56.0,19,2913.392457,7.841813541e-05,2.225216078e-06
13,52.0,56.0,19,2915.428371,7.849168586e-05,2.588015693e-06
13,52.0,56.0,19,2917.464285,8.108444825e-05,2.827071839e-06
13,52.0,56.0,19,2919.500198,8.519801174e-05,3.253651111e-06
13,52.0,56.0,19,2921.536112,8.781810977e-05,3.646509044e-06
13,52.0,56.0,19,2923.572026,8.878990594e-05,3.828551093e-06
13,52.0,56.0,19,2925.607939,8.994924316e-05,3.755698405e-06
13,52.0,56.0,19,2927.643853,9.310920974e-05,3.918226072e-06
13,52.0,56.0,19,2929.679767,9.72890624e-05,4.216135553e-06
13,52.0,56.0,19,2931.71568,9.909966007e-05,3.928111941e-06
13,52.0,56.0,19,2933.751594,9.765414313e-05,3.673138288e-06
13,52.0,56.0,19,2935.787508,9.7659365e-05,3.795680417e-06
13,52.0,56.0,19,2937.823421,0.0001022570625,3.779398136e-06
13,52.0,56.0,19,2939.859335,0.0001076003119,3.634084118e-06
13,52.0,56.0,19,2941.895249,0.0001100557853,3.583673942e-06
13,52.0,56.0,19,2943.931162,0.0001112126137,3.497056647e-06
13,52.0,56.0,19,2945.967076,0.0001149704618,3.724849346e-06
13,52.0,56.0,19,2948.00299,0.000119968403,4.938959744e-06
13,52.0,56.0,19,2950.038903,0.0001214828091,6.107787713e-06
13,52.0,56.0,19,2952.074817,0.0001186477045,6.376483504e-06
13,52.0,56.0,19,2954.110731,0.0001141421517,5.75425994e-06
13,52.0,56.0,19,2956.146644,0.0001127455587,4.995805758e-06
13,52.0,56.0,19,2958.182558,0.0001174156119,4.59277472e-06
13,52.0,56.0,19,2960.218472,0.0001253356506,4.702055259e-06
13,52.0,56.0,19,2962.254385,0.0001314299988,4.807408464e-06
13,52.0,56.0,19,2964.290299,0.0001346203276,4.722413191e-06
13,52.0,56.0,19,2966.326213,0.000136151451,4.631427608e-06
13,52.0,56.0,19,2968.362126,0.000134930438,4.414799178e-06
13,52.0,56.0,19,2970.39804,0.000132704334,4.600402264e-06
13,52.0,56.0,19,2972.433954,0.0001356535249,5.107777395e-06
13,52.0,56.0,19,2974.469867,0.0001417500243,5.892807256e-06
13,52.0,56.0,19,2976.505781,0.0001447553275,6.070099544e-06
13,52.0,56.0,19,2978.541695,0.0001461010625,5.896154493e-06
13,52.0,56.0,19,2980.577608,0.0001489263204,5.597380054e-06
13,52.0,56.0,19,2982.613522,0.0001529851867,5.410856776e-06
13,52.0,56.0,19,2984.649436,0.0001589326229,5.860324538e-06
13,52.0,56.0,19,2986.685349,0.0001656617589,6.474270376e-06
13,52.0,56.0,19,2988.721263,0.0001667007932,6.252051804e-06
13,52.0,56.0,19,2990.757177,0.0001643504612,5.80311575e-06
13,52.0,56.0,19,2992.79309,0.0001662882355,6.219751515e-06
13,52.0,56.0,19,2994.829004,0.0001709588352,7.419884533e-06
13,52.0,56.0,19,2996.864918,0.000175846383,7.904864959e-06
13,52.0,56.0,19,2998.900831,0.0001819782453,8.300505722e-06
13,52.0,56.0,19,3000.936745,0.0001878980475,8.788639058e-06
13,52.0,56.0,19,3002.972659,0.0001910371203,8.428052875e-06
13,52.0,56.0,19,3005.008572,0.0001907485266,7.597494948e-06
13,52.0,56.0,19,3007.044486,0.0001901554093,7.000455345e-06
13,52.0,56.0,19,3009.0804,0.0001926134504,6.835920069e-06
13,52.0,56.0,19,3011.116313,0.0001949385363,6.617786884e-06
13,52.0,56.0,19,3013.152227,0.0001966647283,6.19880056e-06
13,52.0,56.0,19,3015.188141,0.0002023633644,6.591131297e-06
13,52.0,56.0,19,3017.224054,0.0002095363566,7.752301449e-06
13,52.0,56.0,19,3019.259968,0.0002130570141,8.192897709e-06
13,52.0,56.0,19,3021.295882,0.0002131470462,7.519419498e-06
13,52.0,56.0,19,3023.331795,0.0002161692519,8.899043744e-06
13,52.0,56.0,19,3025.367709,0.0002258872215,1.073552924e-05
13,52.0,56.0,19,3027.403623,0.0002362096228,1.147054719e-05
13,52.0,56.0,19,3029.439536,0.0002438615371,1.150550564e-05
13,52.0,56.0,19,3031.47545,0.0002513851364,1.129491885e-05
13,52.0,56.0,19,3033.511364,0.0002562543286,1.047824401e-05
13,52.0,56.0,19,3035.547277,0.0002573607372,8.63117501e-06
13,52.0,56.0,19,3037.583191,0.0002548870111,7.449915501e-06
13,52.0,56.0,19,3039.619105,0.0002488283465,7.106793927e-06
13,52.0,56.0,19,3041.655018,0.0002499743508,8.876915624e-06
13,52.0,56.0,19,3043.690932,0.0002654770719,1.082106241e-05
13,52.0,56.0,19,3045.726846,0.0002813979272,1.162413778e-05
13,52.0,56.0,19,3047.762759,0.0002872249558,1.2367959e-05
13,52.0,56.0,19,3049.798673,0.0002894839493,1.206833415e-05
13,52.0,56.0,19,3051.834587,0.0002879386984,1.106704204e-05
13,52.0,56.0,19,3053.8705,0.0002853125831,1.078692439e-05
13,52.0,56.0,19,3055.906414,0.0002913004447,1.100996213e-05
13,52.0,56.0,19,3057.942328,0.0002984632056,1.213060817e-05
13,52.0,56.0,19,3059.978241,0.0003019378136,1.192741245e-05
13,52.0,56.0,19,3062.014155,0.0003106761581,1.09383213e-05
13,52.0,56.0,19,3064.050069,0.0003223290008,1.163391152e-05
13,52.0,56.0,19,3066.085982,0.0003298559866,1.307761215e-05
13,52.0,56.0,19,3068.121896,0.0003354685921,1.444486566e-05
13,52.0,56.0,19,3070.15781,0.0003379988784,1.430474014e-05
13,52.0,56.0,19,3072.193723,0.0003381818609,1.291358085e-05
13,52.0,56.0,19,3074.229637,0.0003369547797,1.218327777e-05
13,52.0,56.0,19,3076.265551,0.0003309805335,1.092369509e-05
13,52.0,56.0,19,3078.301464,0.000329127081,9.241929993e-06
13,52.0,56.0,19,3080.337378,0.0003379907846,1.089090968e-05
13,52.0,56.0,19,3082.373292,0.0003471577826,1.212660932e-05
13,52.0,56.0,19,3084.409205,0.0003517925569,1.160926394e-05
13,52.0,56.0,19,3086.445119,0.0003556859055,1.105996081e-05
13,52.0,56.0,19,3088.481033,0.0003620600807,1.155726405e-05
13,52.0,56.0,19,3090.516946,0.0003721021494,1.318068228e-05
13,52.0,56.0,19,3092.55286,0.0003821112697,1.386435036e-05
13,52.0,56.0,19,3094.588774,0.0003881602774,1.312721308e-05
13,52.0,56.0,19,3096.624687,0.0003932103779,1.259724195e-05
13,52.0,56.0,19,3098.660601,0.0004025311715,1.348449562e-05
13,52.0,56.0,19,3100.696515,0.0004121365127,1.323388768e-05
13,52.0,56.0,19,3102.732428,0.0004083939902,1.267907975e-05
13,52.0,56.0,19,3104.768342,0.0003917183632,1.384249339e-05
13,52.0,56.0,19,3106.804256,0.0003834750794,1.406557102e-05
13,52.0,56.0,19,3108.840169,0.0003911476042,1.293910922e-05
13,52.0,56.0,19,3110.876083,0.000404042195,1.290312466e-05
13,52.0,56.0,19,3112.911997,0.0004140874519,1.419683931e-05
13,52.0,56.0,19,3114.94791,0.0004194893652,1.46226233e-05
13,52.0,56.0,19,3116.983824,0.000425065085,1.364486949e-05
13,52.0,56.0,19,3119.019738,0.0004306327475,1.300271232e-05
13,52.0,56.0,19,3121.055651,0.0004371676499,1.321246514e-05
13,52.0,56.0,19,3123.091565,0.000450565331,1.386827137e-05
13,52.0,56.0,19,3125.127479,0.0004624273236,1.564889817e-05
13,52.0,56.0,19,3127.163392,0.0004628732706,1.611159584e-05
13,52.0,56.0,19,3129.199306,0.0004590331605,1.52784177e-05
13,52.0,56.0,19,3131.23522,0.0004612438539,1.445042543e-05
13,52.0,56.0,19,3133.271133,0.0004692312718,1.514399176e-05
13,52.0,56.0,19,3135.307047,0.0004788215634,1.505531129e-05
13,52.0,56.0,19,3137.342961,0.0004871934887,1.456506579e-05
13,52.0,56.0,19,3139.378874,0.0004964534361,1.569657695e-05
13,52.0,56.0,19,3141.414788,0.0005016701223,1.610064469e-05
13,52.0,56.0,19,3143.450702,0.0004911570308,1.473917642e-05
13,52.0,56.0,19,3145.486615,0.0004746300715,1.232029375e-05
13,52.0,56.0,19,3147.522529,0.0004744099279,1.364004078e-05
13,52.0,56.0,19,3149.558443,0.0004928499853,1.649947439e-05
13,52.0,56.0,19,3151.594356,0.0005158324447,1.850093059e-05
13,52.0,56.0,19,3153.63027,0.0005284360368,1.757548868e-05
13,52.0,56.0,19,3155.666184,0.0005275042109,1.522939138e-05
13,52.0,56.0,19,3157.702097,0.000520091496,1.546357891e-05
13,52.0,56.0,19,3159.738011,0.0005165625463,1.504323537e-05
13,52.0,56.0,19,3161.773925,0.0005203823248,1.420590772e-05
13,52.0,56.0,19,3163.809838,0.0005228720553,1.332880066e-05
13,52.0,56.0,19,3165.845752,0.0005218473843,1.303081929e-05
13,52.0,56.0,19,3167.881666,0.0005220797633,1.623946221e-05
13,52.0,56.0,19,3169.917579,0.0005224615107,1.750848285e-05
13,52.0,56.0,19,3171.953493,0.000526408227,1.508055163e-05
13,52.0,56.0,19,3173.989407,0.0005352884859,1.324639164e-05
13,52.0,56.0,19,3176.02532,0.0005410282736,1.381877801e-05
13,52.0,56.0,19,3178.061234,0.0005445722567,1.551735255e-05
13,52.0,56.0,19,3180.097148,0.0005523754955,1.743375944e-05
13,52.0,56.0,19,3182.133061,0.00055999045,1.863515194e-05
13,52.0,56.0,19,3184.168975,0.0005598967755,1.615025385e-05
13,52.0,56.0,19,3186.204889,0.0005583433402,1.527804972e-05
13,52.0,56.0,19,3188.240802,0.0005641428735,1.694162937e-05
13,52.0,56.0,19,3190.276716,0.0005779074409,1.791927159e-05
13,52.0,56.0,19,3192.31263,0.0005917985769,1.648680977e-05
13,52.0,56.0,19,3194.348543,0.0005952695333,1.548448869e-05
13,52.0,56.0,19,3196.384457,0.0005797753434,1.616588495e-05
13,52.0,56.0,19,3198.420371,0.0005609825989,1.638594997e-05
13,52.0,56.0,19,3200.456284,0.0005676220719,1.579099867e-05
13,52.0,56.0,19,3202.492198,0.0005886125553,1.510727822e-05
13,52.0,56.0,19,3204.528112,0.0005997787956,1.575220925e-05
13,52.0,56.0,19,3206.564025,0.0006006059838,1.689887535e-05
13,52.0,56.0,19,3208.599939,0.0005943440905,1.822937904e-05
13,52.0,56.0,19,3210.635853,0.0005870934512,1.943773962e-05
13,52.0,56.0,19,3212.671766,0.0005892677344,1.71197061e-05
13,52.0,56.0,19,3214.70768,0.0005949938433,1.504410944e-05
13,52.0,56.0,19,3216.743594,0.0005943264426,1.677433976e-05
13,52.0,56.0,19,3218.779507,0.0005967083909,1.737598773e-05
13,52.0,56.0,19,3220.815421,0.0006004252403,1.709561518e-05
13,52.0,56.0,19,3222.851335,0.0005916637091,1.783864914e-05
13,52.0,56.0,19,3224.887248,0.000583554657,1.708087097e-05
13,52.0,56.0,19,3226.923162,0.0005872350716,1.775079565e-05
13,52.0,56.0,19,3228.959076,0.0005922273753,1.935525606e-05
13,52.0,56.0,19,3230.994989,0.0005989507201,1.775816763e-05
13,52.0,56.0,19,3233.030903,0.0006088459571,1.6121947e-05
13,52.0,56.0,19,3235.066817,0.0006116788648,1.640321942e-05
13,52.0,56.0,19,3237.10273,0.0006093542455,1.601242558e-05
13,52.0,56.0,19,3239.138644,0.0006126585687,1.529292775e-05
13,52.0,56.0,19,3241.174558,0.0006265444356,1.626556933e-05
13,52.0,56.0,19,3243.210472,0.0006431305016,1.514729726e-05
13,52.0,56.0,19,3245.246385,0.0006447435345,1.519082482e-05
13,52.0,56.0,19,3247.282299,0.0006322069681,1.678628989e-05
13,52.0,56.0,19,3249.318213,0.0006235429026,1.665742581e-05
13,52.0,56.0,19,3251.354126,0.0006255657268,1.727115885e-05
13,52.0,56.0,19,3253.39004,0.000633781892,1.789325202e-05
13,52.0,56.0,19,3255.425954,0.0006416201281,1.900490229e-05
13,52.0,56.0,19,3257.461867,0.0006409065861,1.784339746e-05
13,52.0,56.0,19,3259.497781,0.0006297436919,1.781074852e-05
13,52.0,56.0,19,3261.533695,0.0006223784398,1.990609655e-05
13,52.0,56.0,19,3263.569608,0.0006300745714,2.006998201e-05
13,52.0,56.0,19,3265.605522,0.0006394239421,1.835004305e-05
13,52.0,56.0,19,3267.641436,0.0006418399967,1.614679758e-05
13,52.0,56.0,19,3269.677349,0.0006441010501,1.416989638e-05
13,52.0,56.0,19,3271.713263,0.0006431818494,1.500677692e-05
13,52.0,56.0,19,3273.749177,0.0006368318834,1.594334623e-05
13,52.0,56.0,19,3275.78509,0.000634684761,1.552523304e-05
13,52.0,56.0,19,3277.821004,0.000643467444,1.719089094e-05
13,52.0,56.0,19,3279.856918,0.0006574939268,1.819161768e-05
13,52.0,56.0,19,3281.892831,0.0006720257129,1.76208846e-05
13,52.0,56.0,19,3283.928745,0.0006802250181,1.710274199e-05
13,52.0,56.0,19,3285.964659,0.0006753577595,1.695877441e-05
13,52.0,56.0,19,3288.000572,0.0006756009462,1.67816284e-05
13,52.0,56.0,19,3290.036486,0.000687385281,1.812102653e-05
13,52.0,56.0,19,3292.0724,0.0006926413331,1.899816142e-05
13,52.0,56.0,19,3294.108313,0.0006910008519,1.912962525e-05
13,52.0,56.0,19,3296.144227,0.0006945815746,1.853245744e-05
13,52.0,56.0,19,3298.180141,0.0007063699362,1.759567485e-05
13,52.0,56.0,19,3300.216054,0.0007139770642,1.681022668e-05
13,52.0,56.0,19,3302.251968,0.0007071039937,1.763517081e-05
13,52.0,56.0,19,3304.287882,0.000696925528,1.731672343e-05
13,52.0,56.0,19,3306.323795,0.0006927919252,1.683016526e-05
13,52.0,56.0,19,3308.359709,0.0006902146409,1.902489002e-05
13,52.0,56.0,19,3310.395623,0.0006836979711,1.97333981e-05
13,52.0,56.0,19,3312.431536,0.0006766104548,1.799965993e-05
13,52.0,56.0,19,3314.46745,0.0006748579971,1.758428829e-05
13,52.0,56.0,19,3316.503364,0.0006789846458,1.749460048e-05
13,52.0,56.0,19,3318.539277,0.0006921767019,1.859173559e-05
13,52.0,56.0,19,3320.575191,0.000717098225,2.000206612e-05
13,52.0,56.0,19,3322.611105,0.0007424669662,2.038004639e-05
13,52.0,56.0,19,3324.647018,0.0007539729469,1.926322962e-05
13,52.0,56.0,19,3326.682932,0.0007479391162,1.704805792e-05
13,52.0,56.0,19,3328.718846,0.0007241624138,1.802575835e-05
13,52.0,56.0,19,3330.754759,0.0006965277695,1.694678536e-05
13,52.0,56.0,19,3332.790673,0.0006763547052,1.599963038e-05
13,52.0,56.0,19,3334.826587,0.0006562322811,1.620550529e-05
13,52.0,56.0,19,3336.8625,0.0006470045034,1.655290337e-05
13,52.0,56.0,19,3338.898414,0.0006620645094,1.632221609e-05
13,52.0,56.0,19,3340.934328,0.000684642804,1.752734903e-05
13,52.0,56.0,19,3342.970241,0.0006957738104,1.93727072e-05
13,52.0,56.0,19,3345.006155,0.0006909178319,1.826719572e-05
13,52.0,56.0,19,3347.042069,0.0006713601222,1.845943483e-05
13,52.0,56.0,19,3349.077982,0.0006497720411,1.787295211e-05
13,52.0,56.0,19,3351.113896,0.000649667009,1.767044436e-05
13,52.0,56.0,19,3353.14981,0.0006679798746,2.032206241e-05
13,52.0,56.0,19,3355.185723,0.0006802275495,2.057942812e-05
13,52.0,56.0,19,3357.221637,0.0006805589751,1.984311257e-05
13,52.0,56.0,19,3359.257551,0.0006738294806,2.009364648e-05
13,52.0,56.0,19,3361.293464,0.0006656485005,1.88432101e-05
13,52.0,56.0,19,3363.329378,0.0006612730973,1.878285785e-05
13,52.0,56.0,19,3365.365292,0.0006628870411,1.906488984e-05
13,52.0,56.0,19,3367.401205,0.0006739772808,1.743325959e-05
13,52.0,56.0,19,3369.437119,0.0006908116363,1.825153408e-05
13,52.0,56.0,19,3371.473033,0.0006955787827,2.076244348e-05
13,52.0,56.0,19,3373.508946,0.0006749335805,1.888529048e-05
13,52.0,56.0,19,3375.54486,0.0006429514094,1.526355943e-05
13,52.0,56.0,19,3377.580774,0.0006201066518,1.42895975e-05
13,52.0,56.0,19,3379.616687,0.0006135986658,1.715655296e-05
13,52.0,56.0,19,3381.652601,0.0006216551537,1.804623532e-05
13,52.0,56.0,19,3383.688515,0.0006340510652,1.768303904e-05
13,52.0,56.0,19,3385.724428,0.0006404726069,1.789459657e-05
13,52.0,56.0,19,3387.760342,0.0006328315807,1.919841455e-05
13,52.0,56.0,19,3389.796256,0.0006111816135,1.939586757e-05
13,52.0,56.0,19,3391.832169,0.0005896153929,1.714428125e-05
13,52.0,56.0,19,3393.868083,0.0005771304934,1.589795336e-05
13,52.0,56.0,19,3395.903997,0.0005714312281,1.614434417e-05
13,52.0,56.0,19,3397.93991,0.0005641422286,1.535849594e-05
13,52.0,56.0,19,3399.975824,0.00054508246,1.46469993e-05
13,52.0,56.0,19,3402.011738,0.0005327709221,1.566205843e-05
13,52.0,56.0,19,3404.047651,0.000545701315,1.577617791e-05
13,52.0,56.0,19,3406.083565,0.0005556882892,1.64256921e-05
13,52.0,56.0,19,3408.119479,0.00054100869,1.807176708e-05
13,52.0,56.0,19,3410.155392,0.0005204481821,1.888554326e-05
13,52.0,56.0,19,3412.191306,0.0005092611813,1.789020567e-05
13,52.0,56.0,19,3414.22722,0.0005064835194,1.663458448e-05
13,52.0,56.0,19,3416.263133,0.0005082240185,1.496001958e-05
13,52.0,56.0,19,3418.299047,0.0005057029258,1.304531379e-05
13,52.0,56.0,19,3420.334961,0.0005004729073,1.437167452e-05
13,52.0,56.0,19,3422.370874,0.0005031812148,1.786189716e-05
13,52.0,56.0,19,3424.406788,0.0005018815392,1.908155756e-05
13,52.0,56.0,19,3426.442702,0.000481226898,1.730721028e-05
13,52.0,56.0,19,3428.478615,0.0004564223647,1.419546855e-05
13,52.0,56.0,19,3430.514529,0.0004500464937,1.387073301e-05
13,52.0,56.0,19,3432.550443,0.0004589710836,1.657698988e-05
13,52.0,56.0,19,3434.586356,0.0004582370387,1.815052239e-05
13,52.0,56.0,19,3436.62227,0.0004413131947,1.685398683e-05
13,52.0,56.0,19,3438.658184,0.0004264662643,1.426829324e-05
13,52.0,56.0,19,3440.694097,0.0004154772726,1.378317765e-05
13,52.0,56.0,19,3442.730011,0.0003995677283,1.398433709e-05
13,52.0,56.0,19,3444.765925,0.0003878541994,1.341422142e-05
13,52.0,56.0,19,3446.801838,0.0003837311303,1.254381446e-05
13,52.0,56.0,19,3448.837752,0.0003791099661,1.223234476e-05
13,52.0,56.0,19,3450.873666,0.0003757248724,1.214114223e-05
13,52.0,56.0,19,3452.909579,0.0003723307824,1.2373549e-05
13,52.0,56.0,19,3454.945493,0.0003655189146,1.253131256e-05
13,52.0,56.0,19,3456.981407,0.0003579567711,1.237860235e-05
13,52.0,56.0,19,3459.01732,0.0003483921372,1.195638778e-05
13,52.0,56.0,19,3461.053234,0.0003355885153,1.12265716e-05
13,52.0,56.0,19,3463.089148,0.0003236929848,1.125112039e-05
13,52.0,56.0,19,3465.125061,0.0003155471385,1.141141159e-05
13,52.0,56.0,19,3467.160975,0.0003122874604,1.143516612e-05
13,52.0,56.0,19,3469.196889,0.0003093233892,1.080745503e-05
13,52.0,56.0,19,3471.232802,0.0003032447118,1.048463376e-05
13,52.0,56.0,19,3473.268716,0.0002972416465,1.128736706e-05
13,52.0,56.0,19,3475.30463,0.0002896895339,1.239134339e-05
13,52.0,56.0,19,3477.340543,0.0002812094037,1.207948431e-05
13,52.0,56.0,19,3479.376457,0.0002795144428,1.016703092e-05
13,52.0,56.0,19,3481.412371,0.0002818430102,8.877503273e-06
13,52.0,56.0,19,3483.448284,0.0002776876144,8.965300047e-06
13,52.0,56.0,19,3485.484198,0.0002672249534,9.700942671e-06
13,52.0,56.0,19,3487.520112,0.0002577733842,9.805173027e-06
13,52.0,56.0,19,3489.556025,0.0002524186614,8.84979097e-06
13,52.0,56.0,19,3491.591939,0.0002489645476,8.333948464e-06
13,52.0,56.0,19,3493.627853,0.0002452657891,9.139523502e-06
13,52.0,56.0,19,3495.663766,0.0002401212602,1.007580122e-05
13,52.0,56.0,19,3497.69968,0.0002352419779,9.738580116e-06
13,52.0,56.0,19,3499.735594,0.0002367631942,9.077283124e-06
13,52.0,56.0,19,3501.771507,0.0002389865993,9.424587276e-06
13,52.0,56.0,19,3503.807421,0.0002294195858,9.824181932e-06
13,52.0,56.0,19,3505.843335,0.0002151103948,9.915678273e-06
13,52.0,56.0,19,3507.879248,0.0002091385534,9.674448119e-06
13,52.0,56.0,19,3509.915162,0.0002061575893,9.020920393e-06
13,52.0,56.0,19,3511.951076,0.000200236505,7.532867953e-06
13,52.0,56.0,19,3513.986989,0.0001973224024,8.068895214e-06
13,52.0,56.0,19,3516.022903,0.0002009125284,9.268426803e-06
13,52.0,56.0,19,3518.058817,0.0002026668127,9.220112411e-06
13,52.0,56.0,19,3520.09473,0.0001952499795,8.145988255e-06
13,52.0,56.0,19,3522.130644,0.0001828824533,7.557126679e-06
13,52.0,56.0,19,3524.166558,0.0001739046371,6.933342043e-06
13,52.0,56.0,19,3526.202471,0.0001729868916,6.656003614e-06
13,52.0,56.0,19,3528.238385,0.0001741289523,6.922928189e-06
13,52.0,56.0,19,3530.274299,0.0001737304186,7.486046371e-06
13,52.0,56.0,19,3532.310212,0.0001759172951,8.53133021e-06
13,52.0,56.0,19,3534.346126,0.0001777931675,9.54132116e-06
13,52.0,56.0,19,3536.38204,0.0001738836391,8.814477662e-06
13,52.0,56.0,19,3538.417953,0.0001644311249,7.507211141e-06
13,52.0,56.0,19,3540.453867,0.0001548498227,6.99136565e-06
13,52.0,56.0,19,3542.489781,0.0001488580262,6.222918715e-06
13,52.0,56.0,19,3544.525694,0.0001449068777,5.704984201e-06
13,52.0,56.0,19,3546.561608,0.0001434717787,5.767952506e-06
13,52.0,56.0,19,3548.597522,0.0001434077052,6.814622256e-06
13,52.0,56.0,19,3550.633435,0.0001413633897,7.012069865e-06
13,52.0,56.0,19,3552.669349,0.0001380771022,6.174981246e-06
13,52.0,56.0,19,3554.705263,0.0001354310406,5.768039113e-06
13,52.0,56.0,19,3556.741176,0.0001334673069,6.025773163e-06
13,52.0,56.0,19,3558.77709,0.000132654443,6.018100639e-06
13,52.0,56.0,19,3560.813004,0.0001318762014,5.576972662e-06
13,52.0,56.0,19,3562.848917,0.0001298494287,5.808309898e-06
13,52.0,56.0,19,3564.884831,0.0001284529308,6.662250945e-06
13,52.0,56.0,19,3566.920745,0.0001304125575,6.85514998e-06
13,52.0,56.0,19,3568.956658,0.0001330847123,6.290976897e-06
13,52.0,56.0,19,3570.992572,0.000130779216,6.046699195e-06
13,52.0,56.0,19,3573.028486,0.0001238522253,5.87673382e-06
13,52.0,56.0,19,3575.064399,0.0001149224951,5.352042194e-06
13,52.0,56.0,19,3577.100313,0.0001083138879,4.687614206e-06
13,52.0,56.0,19,3579.136227,0.0001076037084,4.474171676e-06
13,52.0,56.0,19,3581.17214,0.0001082561113,5.328020795e-06
13,52.0,56.0,19,3583.208054,0.0001057084796,5.839996012e-06
13,52.0,56.0,19,3585.243968,0.0001018375531,5.607886813e-06
13,52.0,56.0,19,3587.279881,9.925231478e-05,4.593757372e-06
13,52.0,56.0,19,3589.315795,9.762490619e-05,4.166980794e-06
13,52.0,56.0,19,3591.351709,9.659742247e-05,4.582514607e-06
13,52.0,56.0,19,3593.387622,9.569324379e-05,5.044588345e-06
13,52.0,56.0,19,3595.423536,9.370680512e-05,5.416002656e-06
13,52.0,56.0,19,3597.45945,9.14339595e-05,5.886345208e-06
13,52.0,56.0,19,3599.495363,9.165353415e-05,7.498719988e-06
13,52.0,56.0,19,3601.531277,9.387365776e-05,8.889521961e-06
13,52.0,56.0,19,3603.567191,9.510750766e-05,8.784772017e-06
13,52.0,56.0,19,3605.603104,9.313579535e-05,7.120243025e-06
13,52.0,56.0,19,3607.639018,8.920453542e-05,5.269159787e-06
13,52.0,56.0,19,3609.674932,8.531460294e-05,4.498346898e-06
13,52.0,56.0,19,3611.710845,8.139020535e-05,4.033159262e-06
13,52.0,56.0,19,3613.746759,7.948804202e-05,4.258748187e-06
13,52.0,56.0,19,3615.782673,8.162696914e-05,4.816727887e-06
13,52.0,56.0,19,3617.818586,8.41969054e-05,5.514368403e-06
13,52.0,56.0,19,3619.8545,8.226133278e-05,6.442030615e-06
13,52.0,56.0,19,3621.890414,7.642305249e-05,6.419432271e-06
13,52.0,56.0,19,3623.926327,7.142828872e-05,5.881517347e-06
13,52.0,56.0,19,3625.962241,6.996867478e-05,5.533808557e-06
13,52.0,56.0,19,3627.998155,6.935099832e-05,5.065829492e-06
13,52.0,56.0,19,3630.034068,6.724473096e-05,4.522225195e-06
13,52.0,56.0,19,3632.069982,6.641180792e-05,4.092685535e-06
13,52.0,56.0,19,3634.105896,6.709419411e-05,3.861826918e-06
13,52.0,56.0,19,3636.141809,6.531754951e-05,3.723058649e-06
13,52.0,56.0,19,3638.177723,6.38435507e-05,3.907018285e-06
13,52.0,56.0,19,3640.213637,6.634664623e-05,4.643066872e-06
13,52.0,56.0,19,3642.24955,6.871050236e-05,5.55935676e-06
13,52.0,56.0,19,3644.285464,6.705123752e-05,5.617612976e-06
13,52.0,56.0,19,3646.321378,6.261302023e-05,4.760580386e-06
13,52.0,56.0,19,3648.357291,5.758082966e-05,4.28803091e-06
13,52.0,56.0,19,3650.393205,5.306967509e-05,3.770723946e-06
13,52.0,56.0,19,3652.429119,4.954786727e-05,3.423136109e-06
13,52.0,56.0,19,3654.465032,4.839593424e-05,3.082924808e-06
13,52.0,56.0,19,3656.500946,5.128942361e-05,3.118561409e-06
13,52.0,56.0,19,3658.53686,5.528432525e-05,4.626975065e-06
13,52.0,56.0,19,3660.572773,5.570917454e-05,5.117220359e-06
13,52.0,56.0,19,3662.608687,5.270705255e-05,4.090490856e-06
13,52.0,56.0,19,3664.644601,4.932128208e-05,3.243550813e-06
13,52.0,56.0,19,3666.680514,4.77933315e-05,2.987387781e-06
13,52.0,56.0,19,3668.716428,4.738477697e-05,3.186699088e-06
13,52.0,56.0,19,3670.752342,4.53273271e-05,3.29642391e-06
13,52.0,56.0,19,3672.788255,4.260124164e-05,3.21262154e-06
13,52.0,56.0,19,3674.824169,4.263677317e-05,3.048836505e-06
13,52.0,56.0,19,3676.860083,4.445733135e-05,3.005548854e-06
13,52.0,56.0,19,3678.895996,4.456328869e-05,3.254039994e-06
13,52.0,56.0,19,3680.93191,4.290844327e-05,3.639406072e-06
13,52.0,56.0,19,3682.967824,4.193757591e-05,3.884545847e-06
13,52.0,56.0,19,3685.003737,4.27973052e-05,3.992164921e-06
13,52.0,56.0,19,3687.039651,4.385726866e-05,3.908965376e-06
13,52.0,56.0,19,3689.075565,4.27825816e-05,3.591435315e-06
13,52.0,56.0,19,3691.111478,4.00880891e-05,3.20132652e-06
13,52.0,56.0,19,3693.147392,3.834394844e-05,3.109418618e-06
13,52.0,56.0,19,3695.183306,3.91715358e-05,3.674690285e-06
13,52.0,56.0,19,3697.219219,4.107214492e-05,4.363231571e-06
13,52.0,56.0,19,3699.255133,4.098669788e-05,4.579144373e-06
13,52.0,56.0,19,3701.291047,3.875018887e-05,3.967429857e-06
13,52.0,56.0,19,3703.32696,3.624859385e-05,3.25497025e-06
13,52.0,56.0,19,3705.362874,3.466452494e-05,3.086643503e-06
13,52.0,56.0,19,3707.398788,3.40051112e-05,3.261996046e-06
13,52.0,56.0,19,3709.434701,3.410761819e-05,3.732278071e-06
13,52.0,56.0,19,3711.470615,3.586874872e-05,4.711224101e-06
13,52.0,56.0,19,3713.506529,3.796170834e-05,5.312581081e-06
13,52.0,56.0,19,3715.542442,3.735402222e-05,4.651049268e-06
13,52.0,56.0,19,3717.578356,3.444063976e-05,3.561996598e-06
13,52.0,56.0,19,3719.61427,3.181800176e-05,3.293743891e-06
13,52.0,56.0,19,3721.650183,3.098945128e-05,3.759848251e-06
13,52.0,56.0,19,3723.686097,3.156700777e-05,4.690753071e-06
13,52.0,56.0,19,3725.722011,3.234851482e-05,5.237905234e-06
13,52.0,56.0,19,3727.757924,3.253683231e-05,4.797390206e-06
13,52.0,56.0,19,3729.793838,3.233677449e-05,4.039853547e-06
13,52.0,56.0,19,3731.829752,3.238788271e-05,3.658559377e-06
13,52.0,56.0,19,3733.865665,3.281875872e-05,3.996206107e-06
13,52.0,56.0,19,3735.901579,3.314583796e-05,4.659172235e-06
13,52.0,56.0,19,3737.937493,3.184271647e-05,4.327009802e-06
13,52.0,56.0,19,3739.973406,2.838974981e-05,3.488464623e-06
13,52.0,56.0,19,3742.00932,2.48673066e-05,2.921026673e-06
13,52.0,56.0,19,3744.045234,2.302099397e-05,2.514254799e-06
13,52.0,56.0,19,3746.081147,2.262723182e-05,2.570792987e-06
13,52.0,56.0,19,3748.117061,2.214359298e-05,2.685473383e-06
13,52.0,56.0,19,3750.152975,2.059831408e-05,2.132158629e-06
13,52.0,56.0,19,3752.188888,1.882180563e-05,1.539230819e-06
13,52.0,56.0,19,3754.224802,1.844123753e-05,1.764433163e-06
13,52.0,56.0,19,3756.260716,1.953450371e-05,2.634299698e-06
13,52.0,56.0,19,3758.296629,2.036276068e-05,3.655024566e-06
13,52.0,56.0,19,3760.332543,1.982215367e-05,3.906168765e-06
13,52.0,56.0,19,3762.368457,1.827650375e-05,3.080123767e-06
13,52.0,56.0,19,3764.40437,1.675371852e-05,1.937104889e-06
13,52.0,56.0,19,3766.440284,1.586616672e-05,1.339696655e-06
13,52.0,56.0,19,3768.476198,1.560140014e-05,1.280933293e-06
13,52.0,56.0,19,3770.512111,1.575517599e-05,1.421583639e-06
13,52.0,56.0,19,3772.548025,1.599905372e-05,1.633632619e-06
13,52.0,56.0,19,3774.583939,1.597538876e-05,1.723704829e-06
13,52.0,56.0,19,3776.619852,1.584731684e-05,1.761989083e-06
13,52.0,56.0,19,3778.655766,1.584189541e-05,1.91413131e-06
13,52.0,56.0,19,3780.69168,1.551535251e-05,2.0085743e-06
13,52.0,56.0,19,3782.727593,1.477370373e-05,1.900611703e-06
13,52.0,56.0,19,3784.763507,1.404809832e-05,1.652622373e-06
13,52.0,56.0,19,3786.799421,1.327694426e-05,1.356623748e-06
13,52.0,56.0,19,3788.835334,1.230996331e-05,1.094556351e-06
13,52.0,56.0,19,3790.871248,1.155608474e-05,9.434436591e-07
13,52.0,56.0,19,3792.907162,1.120125676e-05,8.643121007e-07
13,52.0,56.0,19,3794.943075,1.07664465e-05,7.703336611e-07
13,52.0,56.0,19,3796.978989,1.023164888e-05,6.30804917e-07
13,52.0,56.0,19,3799.014903,9.994711759e-06,5.282153971e-07
13,52.0,56.0,19,3801.050816,9.890135504e-06,4.925492379e-07
13,52.0,56.0,19,3803.08673,9.561775178e-06,4.759393059e-07
13,52.0,56.0,19,3805.122644,9.107181735e-06,4.443844346e-07
13,52.0,56.0,19,3807.158557,8.841344195e-06,4.298597393e-07
13,52.0,56.0,19,3809.194471,8.788788132e-06,4.108712459e-07
13,52.0,56.0,19,3811.230385,8.785908418e-06,3.929416444e-07
13,52.0,56.0,19,3813.266298,8.810699984e-06,4.114492367e-07
13,52.0,56.0,19,3815.302212,8.876040975e-06,4.374369161e-07
13,52.0,56.0,19,3817.338126,8.846225184e-06,4.310886082e-07
13,52.0,56.0,19,3819.374039,8.735303525e-06,4.073998841e-07
13,52.0,56.0,19,3821.409953,8.753593654e-06,4.01311949e-07
13,52.0,56.0,19,3823.445867,8.847703569e-06,4.025562428e-07
13,52.0,56.0,19,3825.48178,8.830189344e-06,4.064410877e-07
13,52.0,56.0,19,3827.517694,8.638028485e-06,4.079047547e-07
13,52.0,56.0,19,3829.553608,8.437907874e-06,4.335768289e-07
13,52.0,56.0,19,3831.589521,8.377379899e-06,4.479521036e-07
13,52.0,56.0,19,3833.625435,8.261356338e-06,3.789023521e-07
13,52.0,56.0,19,3835.661349,8.056581997e-06,2.835188876e-07
13,52.0,56.0,19,3837.697262,7.946656747e-06,2.395931262e-07
13,52.0,56.0,19,3839.733176,7.937566353e-06,2.401880754e-07
13,52.0,56.0,19,3841.76909,7.968334699e-06,2.568120642e-07
13,52.0,56.0,19,3843.805003,7.949925607e-06,2.820351406e-07
13,52.0,56.0,19,3845.840917,7.857712365e-06,2.716592932e-07
13,52.0,56.0,19,3847.876831,7.82552709e-06,2.675870853e-07
13,52.0,56.0,19,3849.912744,7.943184314e-06,3.201026433e-07
13,52.0,56.0,19,3851.948658,8.085946672e-06,3.569112328e-07
13,52.0,56.0,19,3853.984572,8.037432792e-06,3.227718516e-07
13,52.0,56.0,19,3856.020485,7.806939433e-06,2.640820658e-07
13,52.0,56.0,19,3858.056399,7.644715678e-06,2.34713068e-07
13,52.0,56.0,19,3860.092313,7.64825408e-06,2.162532532e-07
13,52.0,56.0,19,3862.128226,7.696631372e-06,2.017855646e-07
13,52.0,56.0,19,3864.16414,7.718482885e-06,2.032270216e-07
13,52.0,56.0,19,3866.200054,7.681855332e-06,2.074930401e-07
13,52.0,56.0,19,3868.235967,7.596567129e-06,2.169190416e-07
13,52.0,56.0,19,3870.271881,7.498133566e-06,2.220787314e-07
13,52.0,56.0,19,3872.307795,7.378079975e-06,2.156495389e-07
13,52.0,56.0,19,3874.343708,7.308050128e-06,2.134898682e-07
13,52.0,56.0,19,3876.379622,7.335598174e-06,2.162513329e-07
13,52.0,56.0,19,3878.415536,7.341380609e-06,1.981460302e-07
13,52.0,56.0,19,3880.451449,7.292973956e-06,1.683750466e-07
13,52.0,56.0,19,3882.487363,7.288730556e-06,1.450006378e-07
13,52.0,56.0,19,3884.523277,7.307919682e-06,1.413407818e-07
13,52.0,56.0,19,3886.55919,7.358282422e-06,1.43782632e-07
13,52.0,56.0,19,3888.595104,7.534303106e-06,1.360502868e-07
13,52.0,56.0,19,3890.631018,7.695674228e-06,1.438586932e-07
13,52.0,56.0,19,3892.666931,7.64452507e-06,1.450658846e-07
13,52.0,56.0,19,3894.702845,7.511477876e-06,1.434767975e-07
13,52.0,56.0,19,3896.738759,7.44879156e-06,1.597020836e-07
13,52.0,56.0,19,3898.774672,7.407767511e-06,1.614579066e-07
13,52.0,56.0,19,3900.810586,7.380251567e-06,1.454910416e-07
13,52.0,56.0,19,3902.8465,7.394467085e-06,1.455615515e-07
13,52.0,56.0,19,3904.882413,7.429110824e-06,1.485028687e-07
13,52.0,56.0,19,3906.918327,7.469309855e-06,1.568040518e-07
13,52.0,56.0,19,3908.954241,7.518039236e-06,1.655482326e-07
13,52.0,56.0,19,3910.990154,7.582666883e-06,1.707494746e-07
13,52.0,56.0,19,3913.026068,7.585427278e-06,1.73584154e-07
13,52.0,56.0,19,3915.061982,7.494126163e-06,1.578480148e-07
13,52.0,56.0,19,3917.097895,7.419198511e-06,1.457544472e-07
13,52.0,56.0,19,3919.133809,7.417360958e-06,1.384029335e-07
13,52.0,56.0,19,3921.169723,7.460404293e-06,1.4170922e-07
13,52.0,56.0,19,3923.205636,7.521470667e-06,1.401418285e-07
13,52.0,56.0,19,3925.24155,7.568963294e-06,1.370479567e-07
13,52.0,56.0,19,3927.277464,7.564267978e-06,1.435175991e-07
13,52.0,56.0,19,3929.313377,7.556911057e-06,1.623901092e-07
13,52.0,56.0,19,3931.349291,7.585849571e-06,1.842396396e-07
13,52.0,56.0,19,3933.385205,7.641484938e-06,1.985610847e-07
13,52.0,56.0,19,3935.421118,7.730791319e-06,2.033186892e-07
13,52.0,56.0,19,3937.457032,7.839362374e-06,2.087679326e-07
13,52.0,56.0,19,3939.492946,7.894531725e-06,2.037435339e-07
13,52.0,56.0,19,3941.528859,7.909624489e-06,1.904584264e-07
13,52.0,56.0,19,3943.564773,7.992262843e-06,1.838995932e-07
13,52.0,56.0,19,3945.600687,8.063768723e-06,1.966985156e-07
13,52.0,56.0,19,3947.6366,8.020602954e-06,2.122104815e-07
13,52.0,56.0,19,3949.672514,8.013459922e-06,2.124854722e-07
13,52.0,56.0,19,3951.708428,8.087477749e-06,1.994824743e-07
13,52.0,56.0,19,3953.744341,8.081101622e-06,1.786806403e-07
13,52.0,56.0,19,3955.780255,7.982614218e-06,1.767756303e-07
13,52.0,56.0,19,3957.816169,7.908083753e-06,1.82036237e-07
13,52.0,56.0,19,3959.852082,7.850161317e-06,1.747514669e-07
13,52.0,56.0,19,3961.887996,7.773496321e-06,1.676924347e-07
13,52.0,56.0,19,3963.92391,7.722187292e-06,1.610870564e-07
13,52.0,56.0,19,3965.959823,7.705931201e-06,1.577622885e-07
13,52.0,56.0,19,3967.995737,7.679923041e-06,1.619635844e-07
13,52.0,56.0,19,3970.031651,7.688946263e-06,1.57785141e-07
13,52.0,56.0,19,3972.067564,7.832285901e-06,1.639478906e-07
13,52.0,56.0,19,3974.103478,7.962538264e-06,1.727718382e-07
13,52.0,56.0,19,3976.139392,7.897862356e-06,1.692369904e-07
13,52.0,56.0,19,3978.175305,7.800846514e-06,1.836601868e-07
13,52.0,56.0,19,3980.211219,7.822196296e-06,1.877300065e-07
13,52.0,56.0,19,3982.247133,7.908619261e-06,1.801282278e-07
13,52.0,56.0,19,3984.283046,8.124279541e-06,1.939828703e-07
13,52.0,56.0,19,3986.31896,8.38780893e-06,2.05265003e-07
13,52.0,56.0,19,3988.354874,8.414427937e-06,1.871101647e-07
13,52.0,56.0,19,3990.390787,8.199273375e-06,1.687004095e-07
13,52.0,56.0,19,3992.426701,7.932163114e-06,1.598604605e-07
13,52.0,56.0,19,3994.462615,7.75021333e-06,1.619924878e-07
13,52.0,56.0,19,3996.498528,7.673883209e-06,1.765307225e-07
13,52.0,56.0,19,3998.534442,7.693916163e-06,1.803774038e-07
14,56.0,60.0,16,1201.189064,5.089475259e-05,1.317631062e-06
14,56.0,60.0,16,1203.224977,5.016773876e-05,1.241147397e-06
14,56.0,60.0,16,1205.260891,4.934284147e-05,1.238756403e-06
14,56.0,60.0,16,1207.296805,4.850945681e-05,1.12402147e-06
14,56.0,60.0,16,1209.332718,4.865061626e-05,1.077693793e-06
14,56.0,60.0,16,1211.368632,4.96875309e-05,1.306955188e-06
14,56.0,60.0,16,1213.404546,5.070608969e-05,1.479783126e-06
14,56.0,60.0,16,1215.440459,5.14144339e-05,1.479271384e-06
14,56.0,60.0,16,1217.476373,5.20098247e-05,1.438383148e-06
14,56.0,60.0,16,1219.512287,5.209617444e-05,1.379153357e-06
14,56.0,60.0,16,1221.5482,5.144442551e-05,1.410200837e-06
14,56.0,60.0,16,1223.584114,5.087795876e-05,1.544732681e-06
14,56.0,60.0,16,1225.620028,5.094452804e-05,1.650001998e-06
14,56.0,60.0,16,1227.655941,5.152748347e-05,1.700995747e-06
14,56.0,60.0,16,1229.691855,5.188296283e-05,1.605268786e-06
14,56.0,60.0,16,1231.727769,5.156325506e-05,1.481189406e-06
14,56.0,60.0,16,1233.763682,5.163916626e-05,1.376404185e-06
14,56.0,60.0,16,1235.799596,5.233859559e-05,1.464913477e-06
14,56.0,60.0,16,1237.83551,5.265804551e-05,1.617456638e-06
14,56.0,60.0,16,1239.871423,5.228467811e-05,1.701446553e-06
14,56.0,60.0,16,1241.907337,5.092914903e-05,1.633509056e-06
14,56.0,60.0,16,1243.943251,4.93456092e-05,1.420754139e-06
14,56.0,60.0,16,1245.979164,4.941705588e-05,1.33114066e-06
14,56.0,60.0,16,1248.015078,5.114041897e-05,1.468814992e-06
14,56.0,60.0,16,1250.050992,5.28154462e-05,1.614732191e-06
14,56.0,60.0,16,1252.086905,5.356596868e-05,1.669670248e-06
14,56.0,60.0,16,1254.122819,5.369281618e-05,1.594114853e-06
14,56.0,60.0,16,1256.158733,5.408568302e-05,1.584154954e-06
14,56.0,60.0,16,1258.194646,5.519073388e-05,1.603153001e-06
14,56.0,60.0,16,1260.23056,5.603284504e-05,1.618232875e-06
14,56.0,60.0,16,1262.266474,5.522030991e-05,1.637602846e-06
14,56.0,60.0,16,1264.302387,5.330338646e-05,1.689590141e-06
14,56.0,60.0,16,1266.338301,5.173598369e-05,1.694817248e-06
14,56.0,60.0,16,1268.374215,5.064818377e-05,1.574873947e-06
14,56.0,60.0,16,1270.410128,5.056669491e-05,1.451488631e-06
14,56.0,60.0,16,1272.446042,5.190289876e-05,1.467975547e-06
14,56.0,60.0,16,1274.481956,5.359240305e-05,1.680081148e-06
14,56.0,60.0,16,1276.517869,5.521270251e-05,1.894058065e-06
14,56.0,60.0,16,1278.553783,5.666455344e-05,1.967891542e-06
14,56.0,60.0,16,1280.589697,5.683928298e-05,1.920661871e-06
14,56.0,60.0,16,1282.62561,5.56075266e-05,1.788123649e-06
14,56.0,60.0,16,1284.661524,5.443242655e-05,1.552970713e-06
14,56.0,60.0,16,1286.697438,5.401436154e-05,1.455793372e-06
14,56.0,60.0,16,1288.733351,5.408615425e-05,1.594892165e-06
14,56.0,60.0,16,1290.769265,5.418843969e-05,1.522473445e-06
14,56.0,60.0,16,1292.805179,5.391490631e-05,1.483556345e-06
14,56.0,60.0,16,1294.841092,5.386107193e-05,1.693527474e-06
14,56.0,60.0,16,1296.877006,5.366490679e-05,1.849446171e-06
14,56.0,60.0,16,1298.91292,5.273513084e-05,1.772647793e-06
14,56.0,60.0,16,1300.948833,5.310096772e-05,1.781289236e-06
14,56.0,60.0,16,1302.984747,5.528205729e-05,1.88638094e-06
14,56.0,60.0,16,1305.020661,5.683380584e-05,1.914131223e-06
14,56.0,60.0,16,1307.056574,5.677864766e-05,1.838125589e-06
14,56.0,60.0,16,1309.092488,5.583506255e-05,1.648057028e-06
14,56.0,60.0,16,1311.128402,5.49363545e-05,1.68139988e-06
14,56.0,60.0,16,1313.164315,5.494953194e-05,1.773019274e-06
14,56.0,60.0,16,1315.200229,5.484706225e-05,1.68572895e-06
14,56.0,60.0,16,1317.236143,5.46512433e-05,1.625565038e-06
14,56.0,60.0,16,1319.272056,5.576733555e-05,2.056013941e-06
14,56.0,60.0,16,1321.30797,5.774144731e-05,3.32297012e-06
14,56.0,60.0,16,1323.343884,5.951430777e-05,5.507108377e-06
14,56.0,60.0,16,1325.379797,6.060687694e-05,7.076419182e-06
14,56.0,60.0,16,1327.415711,6.062669454e-05,6.327071947e-06
14,56.0,60.0,16,1329.451625,6.106152522e-05,4.670822071e-06
14,56.0,60.0,16,1331.487538,6.582817102e-05,9.390639058e-06
14,56.0,60.0,16,1333.523452,7.306479805e-05,1.550224347e-05
14,56.0,60.0,16,1335.559366,7.460231624e-05,1.393706971e-05
14,56.0,60.0,16,1337.595279,6.834466599e-05,7.127915568e-06
14,56.0,60.0,16,1339.631193,6.059279463e-05,2.698520698e-06
14,56.0,60.0,16,1341.667107,5.615951743e-05,1.538061291e-06
14,56.0,60.0,16,1343.70302,5.537824546e-05,1.36207747e-06
14,56.0,60.0,16,1345.738934,5.653673946e-05,1.410494292e-06
14,56.0,60.0,16,1347.774848,5.74518033e-05,1.46526996e-06
14,56.0,60.0,16,1349.810761,5.780838233e-05,1.65333144e-06
14,56.0,60.0,16,1351.846675,5.843359764e-05,1.842561589e-06
14,56.0,60.0,16,1353.882589,5.905390657e-05,1.933921619e-06
14,56.0,60.0,16,1355.918502,5.940996454e-05,1.918584081e-06
14,56.0,60.0,16,1357.954416,6.061269308e-05,2.143161325e-06
14,56.0,60.0,16,1359.99033,6.250986435e-05,2.453030005e-06
14,56.0,60.0,16,1362.026243,6.339380194e-05,2.622561342e-06
14,56.0,60.0,16,1364.062157,6.296499252e-05,3.111744065e-06
14,56.0,60.0,16,1366.098071,6.244421994e-05,3.692383409e-06
14,56.0,60.0,16,1368.133984,6.253535773e-05,4.049691724e-06
14,56.0,60.0,16,1370.169898,6.274751111e-05,4.279595596e-06
14,56.0,60.0,16,1372.205812,6.329052634e-05,4.396443307e-06
14,56.0,60.0,16,1374.241725,6.417540189e-05,4.237454477e-06
14,56.0,60.0,16,1376.277639,6.408403182e-05,3.588556962e-06
14,56.0,60.0,16,1378.313553,6.299248194e-05,2.747784334e-06
14,56.0,60.0,16,1380.349466,6.232573329e-05,2.290834166e-06
14,56.0,60.0,16,1382.38538,6.249471186e-05,2.008846329e-06
14,56.0,60.0,16,1384.421294,6.273046912e-05,1.782683404e-06
14,56.0,60.0,16,1386.457207,6.314467852e-05,1.668041194e-06
14,56.0,60.0,16,1388.493121,6.517147578e-05,2.014679876e-06
14,56.0,60.0,16,1390.529035,6.797674135e-05,2.238001576e-06
14,56.0,60.0,16,1392.564948,6.88962816e-05,2.264848164e-06
14,56.0,60.0,16,1394.600862,6.88710027e-05,2.470398365e-06
14,56.0,60.0,16,1396.636776,6.979000403e-05,2.802665999e-06
14,56.0,60.0,16,1398.672689,7.037814843e-05,3.157021111e-06
14,56.0,60.0,16,1400.708603,7.000129623e-05,3.127192739e-06
14,56.0,60.0,16,1402.744517,6.960596579e-05,2.827351669e-06
14,56.0,60.0,16,1404.78043,6.937278877e-05,2.631608683e-06
14,56.0,60.0,16,1406.816344,7.02803317e-05,2.527217787e-06
14,56.0,60.0,16,1408.852258,7.340005479e-05,2.658605653e-06
14,56.0,60.0,16,1410.888171,7.669547209e-05,2.564324107e-06
14,56.0,60.0,16,1412.924085,7.796901965e-05,2.393069241e-06
14,56.0,60.0,16,1414.959999,7.797314123e-05,2.712269896e-06
14,56.0,60.0,16,1416.995912,7.774584506e-05,2.928301557e-06
14,56.0,60.0,16,1419.031826,7.773566711e-05,3.091898132e-06
14,56.0,60.0,16,1421.06774,7.99127042e-05,3.670011551e-06
14,56.0,60.0,16,1423.103653,8.530651555e-05,5.728332553e-06
14,56.0,60.0,16,1425.139567,9.037558585e-05,7.548226059e-06
14,56.0,60.0,16,1427.175481,9.043351779e-05,6.308667804e-06
14,56.0,60.0,16,1429.211394,8.694924845e-05,4.067849909e-06
14,56.0,60.0,16,1431.247308,8.601245766e-05,3.201970701e-06
14,56.0,60.0,16,1433.283222,8.871161929e-05,3.031367293e-06
14,56.0,60.0,16,1435.319135,9.159136655e-05,2.942424312e-06
14,56.0,60.0,16,1437.355049,9.218086576e-05,3.078097675e-06
14,56.0,60.0,16,1439.390963,9.177385699e-05,3.376511241e-06
14,56.0,60.0,16,1441.426876,9.451395177e-05,4.072206485e-06
14,56.0,60.0,16,1443.46279,0.0001003625678,4.636019918e-06
14,56.0,60.0,16,1445.498704,0.000105489597,5.134505292e-06
14,56.0,60.0,16,1447.534617,0.000106864332,5.128598442e-06
14,56.0,60.0,16,1449.570531,0.0001044973612,4.82063763e-06
14,56.0,60.0,16,1451.606445,0.0001014970562,4.271238796e-06
14,56.0,60.0,16,1453.642358,0.0001012923178,3.720165838e-06
14,56.0,60.0,16,1455.678272,0.0001037494348,3.578233558e-06
14,56.0,60.0,16,1457.714186,0.0001062461764,3.968790023e-06
14,56.0,60.0,16,1459.750099,0.0001101046324,4.715437353e-06
14,56.0,60.0,16,1461.786013,0.0001169651964,5.882868748e-06
14,56.0,60.0,16,1463.821927,0.0001236037933,7.954994767e-06
14,56.0,60.0,16,1465.85784,0.0001251233816,8.112586371e-06
14,56.0,60.0,16,1467.893754,0.0001202068831,5.659260486e-06
14,56.0,60.0,16,1469.929668,0.0001154931243,4.021115248e-06
14,56.0,60.0,16,1471.965581,0.0001163284949,4.21782246e-06
14,56.0,60.0,16,1474.001495,0.0001208039571,4.372127374e-06
14,56.0,60.0,16,1476.037409,0.000126522054,4.528924674e-06
14,56.0,60.0,16,1478.073322,0.0001305746197,5.179860077e-06
14,56.0,60.0,16,1480.109236,0.0001310996456,5.346366423e-06
14,56.0,60.0,16,1482.14515,0.0001324953039,5.615541301e-06
14,56.0,60.0,16,1484.181063,0.0001373584902,5.638575175e-06
14,56.0,60.0,16,1486.216977,0.0001427289966,5.511126581e-06
14,56.0,60.0,16,1488.252891,0.0001461836061,6.110715942e-06
14,56.0,60.0,16,1490.288804,0.0001496714901,6.348157957e-06
14,56.0,60.0,16,1492.324718,0.0001535925764,6.099568178e-06
14,56.0,60.0,16,1494.360632,0.0001536713951,5.923737604e-06
14,56.0,60.0,16,1496.396545,0.0001504699932,5.225520342e-06
14,56.0,60.0,16,1498.432459,0.0001502101274,5.431178403e-06
14,56.0,60.0,16,1500.468373,0.0001560066988,6.227227275e-06
14,56.0,60.0,16,1502.504286,0.0001637094295,5.788792697e-06
14,56.0,60.0,16,1504.5402,0.0001670437811,5.444178679e-06
14,56.0,60.0,16,1506.576114,0.000167589028,6.531775442e-06
14,56.0,60.0,16,1508.612027,0.0001732892345,7.873322985e-06
14,56.0,60.0,16,1510.647941,0.000184921847,7.941698988e-06
14,56.0,60.0,16,1512.683855,0.0001956302815,7.017734073e-06
14,56.0,60.0,16,1514.719768,0.0002015565509,6.326095845e-06
14,56.0,60.0,16,1516.755682,0.0002058889915,6.914572355e-06
14,56.0,60.0,16,1518.791596,0.0002118211125,8.337657482e-06
14,56.0,60.0,16,1520.827509,0.0002172386937,9.600624692e-06
14,56.0,60.0,16,1522.863423,0.000221502082,9.584143039e-06
14,56.0,60.0,16,1524.899337,0.0002274289958,9.264309341e-06
14,56.0,60.0,16,1526.93525,0.0002376193418,9.575854159e-06
14,56.0,60.0,16,1528.971164,0.0002523820246,1.002174003e-05
14,56.0,60.0,16,1531.007078,0.0002672492619,1.058656419e-05
14,56.0,60.0,16,1533.042991,0.0002821546584,1.135886923e-05
14,56.0,60.0,16,1535.078905,0.0002968705649,1.218623599e-05
14,56.0,60.0,16,1537.114819,0.0003044297069,1.325756231e-05
14,56.0,60.0,16,1539.150732,0.0003062400525,1.453999923e-05
14,56.0,60.0,16,1541.186646,0.0003047797198,1.522597677e-05
14,56.0,60.0,16,1543.22256,0.0003023034914,1.513553357e-05
14,56.0,60.0,16,1545.258473,0.0003111622295,1.488325289e-05
14,56.0,60.0,16,1547.294387,0.0003336838692,1.389696524e-05
14,56.0,60.0,16,1549.330301,0.00035447094,1.284408847e-05
14,56.0,60.0,16,1551.366214,0.0003713833141,1.440487968e-05
14,56.0,60.0,16,1553.402128,0.0003935560883,1.513535416e-05
14,56.0,60.0,16,1555.438042,0.0004235409753,1.588034678e-05
14,56.0,60.0,16,1557.473955,0.0004596045645,1.863005811e-05
14,56.0,60.0,16,1559.509869,0.000489244116,2.387900928e-05
14,56.0,60.0,16,1561.545783,0.0004995002617,2.66297788e-05
14,56.0,60.0,16,1563.581696,0.0004959630069,2.50857109e-05
14,56.0,60.0,16,1565.61761,0.0005001995023,2.296481694e-05
14,56.0,60.0,16,1567.653524,0.0005270801629,2.321186722e-05
14,56.0,60.0,16,1569.689437,0.0005666654092,2.563661869e-05
14,56.0,60.0,16,1571.725351,0.0006074482318,3.134738102e-05
14,56.0,60.0,16,1573.761265,0.0006419269833,3.598348394e-05
14,56.0,60.0,16,1575.797178,0.0006614744462,3.528322892e-05
14,56.0,60.0,16,1577.833092,0.0006758788023,2.848345785e-05
14,56.0,60.0,16,1579.869006,0.0006990641393,2.489816722e-05
14,56.0,60.0,16,1581.904919,0.0007206908127,2.651608257e-05
14,56.0,60.0,16,1583.940833,0.0007324935532,2.691979474e-05
14,56.0,60.0,16,1585.976747,0.0007515628304,2.792004781e-05
14,56.0,60.0,16,1588.01266,0.0007878635224,2.82304057e-05
14,56.0,60.0,16,1590.048574,0.0008351075354,3.215367882e-05
14,56.0,60.0,16,1592.084488,0.0008865302615,4.057012775e-05
14,56.0,60.0,16,1594.120401,0.0009280962558,4.531868213e-05
14,56.0,60.0,16,1596.156315,0.0009436065666,4.444375443e-05
14,56.0,60.0,16,1598.192229,0.0009477527674,4.069307664e-05
14,56.0,60.0,16,1600.228142,0.0009763996807,3.529207893e-05
14,56.0,60.0,16,1602.264056,0.001019398366,3.686614947e-05
14,56.0,60.0,16,1604.29997,0.001043065831,4.343697263e-05
14,56.0,60.0,16,1606.335883,0.00104470767,4.495123861e-05
14,56.0,60.0,16,1608.371797,0.001023595499,4.141894561e-05
14,56.0,60.0,16,1610.407711,0.0009916081241,4.146667423e-05
14,56.0,60.0,16,1612.443624,0.0009868061179,4.286374646e-05
14,56.0,60.0,16,1614.479538,0.001020327386,4.254221521e-05
14,56.0,60.0,16,1616.515452,0.001046517771,4.068373796e-05
14,56.0,60.0,16,1618.551365,0.00102184324,3.703413726e-05
14,56.0,60.0,16,1620.587279,0.0009660819523,3.127207213e-05
14,56.0,60.0,16,1622.623193,0.0009277139842,2.996026679e-05
14,56.0,60.0,16,1624.659106,0.000917001665,3.574339855e-05
14,56.0,60.0,16,1626.69502,0.0009064918755,4.073841141e-05
14,56.0,60.0,16,1628.730934,0.0008737303556,4.095477929e-05
14,56.0,60.0,16,1630.766847,0.0008328895848,3.696679613e-05
14,56.0,60.0,16,1632.802761,0.0008168488747,3.615502496e-05
14,56.0,60.0,16,1634.838675,0.0008209555636,3.487442888e-05
14,56.0,60.0,16,1636.874588,0.0008174689322,3.170246505e-05
14,56.0,60.0,16,1638.910502,0.0007968914077,2.854435294e-05
14,56.0,60.0,16,1640.946416,0.0007565729494,2.697201643e-05
14,56.0,60.0,16,1642.982329,0.0007187692942,2.324886055e-05
14,56.0,60.0,16,1645.018243,0.0007113939233,2.194299508e-05
14,56.0,60.0,16,1647.054157,0.0007114618116,2.107151716e-05
14,56.0,60.0,16,1649.09007,0.00070335729,2.312371954e-05
14,56.0,60.0,16,1651.125984,0.0007025228641,2.882374435e-05
14,56.0,60.0,16,1653.161898,0.0007008475963,3.125196941e-05
14,56.0,60.0,16,1655.197811,0.000686719058,3.095015709e-05
14,56.0,60.0,16,1657.233725,0.0006692639567,2.907357614e-05
14,56.0,60.0,16,1659.269639,0.0006631710551,2.757004425e-05
14,56.0,60.0,16,1661.305552,0.0006662510107,2.696033531e-05
14,56.0,60.0,16,1663.341466,0.0006620128608,2.823778356e-05
14,56.0,60.0,16,1665.37738,0.0006478931955,3.001929634e-05
14,56.0,60.0,16,1667.413293,0.0006348973507,2.970799899e-05
14,56.0,60.0,16,1669.449207,0.0006204980851,2.854853682e-05
14,56.0,60.0,16,1671.485121,0.0006020181387,2.598229574e-05
14,56.0,60.0,16,1673.521034,0.0005828173306,2.299456125e-05
14,56.0,60.0,16,1675.556948,0.0005582311492,2.049565191e-05
14,56.0,60.0,16,1677.592862,0.0005286484734,1.93913289e-05
14,56.0,60.0,16,1679.628775,0.0004975415715,1.908968383e-05
14,56.0,60.0,16,1681.664689,0.0004730526087,1.88918485e-05
14,56.0,60.0,16,1683.700603,0.0004657930901,1.748865395e-05
14,56.0,60.0,16,1685.736516,0.0004614893366,1.813543728e-05
14,56.0,60.0,16,1687.77243,0.0004375307293,1.871321295e-05
14,56.0,60.0,16,1689.808344,0.0004114644957,1.581507764e-05
14,56.0,60.0,16,1691.844257,0.0003966964689,1.577156837e-05
14,56.0,60.0,16,1693.880171,0.0003761555865,1.817436669e-05
14,56.0,60.0,16,1695.916085,0.0003528376159,1.742075276e-05
14,56.0,60.0,16,1697.951998,0.0003397408346,1.574605111e-05
14,56.0,60.0,16,1699.987912,0.0003322975959,1.603548116e-05
14,56.0,60.0,16,1702.023826,0.000318614144,1.868897745e-05
14,56.0,60.0,16,1704.059739,0.0002961768814,1.940057978e-05
14,56.0,60.0,16,1706.095653,0.000278988355,1.627642144e-05
14,56.0,60.0,16,1708.131567,0.0002785541779,1.373066792e-05
14,56.0,60.0,16,1710.16748,0.0002791417885,1.352424445e-05
14,56.0,60.0,16,1712.203394,0.0002631601594,1.301158859e-05
14,56.0,60.0,16,1714.239308,0.0002364231419,1.078356043e-05
14,56.0,60.0,16,1716.275221,0.0002120678136,8.678499346e-06
14,56.0,60.0,16,1718.311135,0.0001963889161,7.900564948e-06
14,56.0,60.0,16,1720.347049,0.0001869773987,8.086159882e-06
14,56.0,60.0,16,1722.382962,0.0001841715005,7.850353048e-06
14,56.0,60.0,16,1724.418876,0.0001875998127,7.976074153e-06
14,56.0,60.0,16,1726.45479,0.0001856381635,8.522895041e-06
14,56.0,60.0,16,1728.490703,0.0001724237823,7.840264176e-06
14,56.0,60.0,16,1730.526617,0.000156127621,6.402202481e-06
14,56.0,60.0,16,1732.562531,0.000143712589,5.375398082e-06
14,56.0,60.0,16,1734.598444,0.0001358483621,5.975379071e-06
14,56.0,60.0,16,1736.634358,0.0001303850891,5.957935415e-06
14,56.0,60.0,16,1738.670272,0.0001249911307,5.636879586e-06
14,56.0,60.0,16,1740.706185,0.0001205688393,5.369857288e-06
14,56.0,60.0,16,1742.742099,0.0001162636038,5.145266478e-06
14,56.0,60.0,16,1744.778013,0.0001099467826,4.595493091e-06
14,56.0,60.0,16,1746.813926,0.0001055197723,3.857066774e-06
14,56.0,60.0,16,1748.84984,0.00010439014,3.680375563e-06
14,56.0,60.0,16,1750.885754,0.0001030160664,3.779360832e-06
14,56.0,60.0,16,1752.921667,0.0001014052595,3.911990768e-06
14,56.0,60.0,16,1754.957581,0.0001006025679,4.343625965e-06
14,56.0,60.0,16,1756.993495,9.850198027e-05,3.95753455e-06
14,56.0,60.0,16,1759.029408,9.417121408e-05,3.255331278e-06
14,56.0,60.0,16,1761.065322,8.929510279e-05,3.243167632e-06
14,56.0,60.0,16,1763.101236,8.487271413e-05,3.083404335e-06
14,56.0,60.0,16,1765.137149,8.097598585e-05,2.960810505e-06
14,56.0,60.0,16,1767.173063,7.805446815e-05,3.16801538e-06
14,56.0,60.0,16,1769.208977,7.55758664e-05,3.459180486e-06
14,56.0,60.0,16,1771.24489,7.261657392e-05,3.361521188e-06
14,56.0,60.0,16,1773.280804,6.960240062e-05,2.807845605e-06
14,56.0,60.0,16,1775.316718,6.730331348e-05,2.716751116e-06
14,56.0,60.0,16,1777.352631,6.541253748e-05,3.009452208e-06
14,56.0,60.0,16,1779.388545,6.315470724e-05,3.323360432e-06
14,56.0,60.0,16,1781.424459,6.019777693e-05,4.231985135e-06
14,56.0,60.0,16,1783.460372,5.789577233e-05,5.149803085e-06
14,56.0,60.0,16,1785.496286,5.685984067e-05,4.995815558e-06
14,56.0,60.0,16,1787.5322,5.576788582e-05,4.125714008e-06
14,56.0,60.0,16,1789.568113,5.397014381e-05,3.189243682e-06
14,56.0,60.0,16,1791.604027,5.148945602e-05,2.46895382e-06
14,56.0,60.0,16,1793.639941,4.919970227e-05,2.015892063e-06
14,56.0,60.0,16,1795.675854,4.796952103e-05,1.921224414e-06
14,56.0,60.0,16,1797.711768,4.704148014e-05,1.800436378e-06
14,56.0,60.0,16,1799.747682,4.561488726e-05,1.576868559e-06
14,56.0,60.0,16,1801.783595,4.388846945e-05,1.411423994e-06
14,56.0,60.0,16,1803.819509,4.230413045e-05,1.416170914e-06
14,56.0,60.0,16,1805.855423,4.137301125e-05,1.54838086e-06
14,56.0,60.0,16,1807.891336,4.052766238e-05,1.449466144e-06
14,56.0,60.0,16,1809.92725,3.886690369e-05,1.204829872e-06
14,56.0,60.0,16,1811.963164,3.657451435e-05,9.713788898e-07
14,56.0,60.0,16,1813.999077,3.467605445e-05,9.030151836e-07
14,56.0,60.0,16,1816.034991,3.403450817e-05,1.089764274e-06
14,56.0,60.0,16,1818.070905,3.375239528e-05,1.074216704e-06
14,56.0,60.0,16,1820.106818,3.240343689e-05,1.006316933e-06
14,56.0,60.0,16,1822.142732,3.053861852e-05,9.241750841e-07
14,56.0,60.0,16,1824.178646,2.92875984e-05,8.662758411e-07
14,56.0,60.0,16,1826.214559,2.897820174e-05,1.033523029e-06
14,56.0,60.0,16,1828.250473,2.913580468e-05,1.173972424e-06
14,56.0,60.0,16,1830.286387,2.918786272e-05,1.182559957e-06
14,56.0,60.0,16,1832.3223,2.909710387e-05,1.206696846e-06
14,56.0,60.0,16,1834.358214,2.883368806e-05,1.21367838e-06
14,56.0,60.0,16,1836.394128,2.826936788e-05,1.131691823e-06
14,56.0,60.0,16,1838.430041,2.747936992e-05,1.090018786e-06
14,56.0,60.0,16,1840.465955,2.670799174e-05,1.02013045e-06
14,56.0,60.0,16,1842.501869,2.617468445e-05,9.224069588e-07
14,56.0,60.0,16,1844.537782,2.579830846e-05,7.882003244e-07
14,56.0,60.0,16,1846.573696,2.547050071e-05,7.139573129e-07
14,56.0,60.0,16,1848.60961,2.510843488e-05,6.994274087e-07
14,56.0,60.0,16,1850.645523,2.446162918e-05,6.575271332e-07
14,56.0,60.0,16,1852.681437,2.366039136e-05,6.166074353e-07
14,56.0,60.0,16,1854.717351,2.298102529e-05,5.838618861e-07
14,56.0,60.0,16,1856.753264,2.24262606e-05,5.670726672e-07
14,56.0,60.0,16,1858.789178,2.201125582e-05,5.430251462e-07
14,56.0,60.0,16,1860.825092,2.177096268e-05,5.531785004e-07
14,56.0,60.0,16,1862.861005,2.167531861e-05,5.729634521e-07
14,56.0,60.0,16,1864.896919,2.161466749e-05,5.717910538e-07
14,56.0,60.0,16,1866.932833,2.138055883e-05,5.489462067e-07
14,56.0,60.0,16,1868.968746,2.112665051e-05,5.79696023e-07
14,56.0,60.0,16,1871.00466,2.092028278e-05,6.867425922e-07
14,56.0,60.0,16,1873.040574,2.034687397e-05,6.375967442e-07
14,56.0,60.0,16,1875.076487,1.955034034e-05,4.994129165e-07
14,56.0,60.0,16,1877.112401,1.892311904e-05,4.000736785e-07
14,56.0,60.0,16,1879.148315,1.848357164e-05,4.03160847e-07
14,56.0,60.0,16,1881.184228,1.821498189e-05,4.717453741e-07
14,56.0,60.0,16,1883.220142,1.818269129e-05,5.083374266e-07
14,56.0,60.0,16,1885.256056,1.825119007e-05,4.341195073e-07
14,56.0,60.0,16,1887.291969,1.819256542e-05,3.810789246e-07
14,56.0,60.0,16,1889.327883,1.797948558e-05,4.030436967e-07
14,56.0,60.0,16,1891.363797,1.772944226e-05,4.288511951e-07
14,56.0,60.0,16,1893.39971,1.749720239e-05,4.513778113e-07
14,56.0,60.0,16,1895.435624,1.726726751e-05,4.533456786e-07
14,56.0,60.0,16,1897.471538,1.721796801e-05,4.459311237e-07
14,56.0,60.0,16,1899.507451,1.736755435e-05,4.770968055e-07
14,56.0,60.0,16,1901.543365,1.734760461e-05,4.770609562e-07
14,56.0,60.0,16,1903.579279,1.700044745e-05,4.150050692e-07
14,56.0,60.0,16,1905.615192,1.646169703e-05,3.682292207e-07
14,56.0,60.0,16,1907.651106,1.603981742e-05,3.500533222e-07
14,56.0,60.0,16,1909.68702,1.596624817e-05,3.952574612e-07
14,56.0,60.0,16,1911.722933,1.611267209e-05,4.590268982e-07
14,56.0,60.0,16,1913.758847,1.614905997e-05,4.60891681e-07
14,56.0,60.0,16,1915.794761,1.602894283e-05,4.262603678e-07
14,56.0,60.0,16,1917.830674,1.597957374e-05,4.280228385e-07
14,56.0,60.0,16,1919.866588,1.59678056e-05,4.500807152e-07
14,56.0,60.0,16,1921.902502,1.604738178e-05,4.833350545e-07
14,56.0,60.0,16,1923.938415,1.609738964e-05,5.171519251e-07
14,56.0,60.0,16,1925.974329,1.58646886e-05,5.307338743e-07
14,56.0,60.0,16,1928.010243,1.555886191e-05,5.428636053e-07
14,56.0,60.0,16,1930.046156,1.520684869e-05,5.194816474e-07
14,56.0,60.0,16,1932.08207,1.481244988e-05,4.591367542e-07
14,56.0,60.0,16,1934.117984,1.469598837e-05,4.07261947e-07
14,56.0,60.0,16,1936.153897,1.473771121e-05,3.90617899e-07
14,56.0,60.0,16,1938.189811,1.441813413e-05,3.866493983e-07
14,56.0,60.0,16,1940.225725,1.401567702e-05,3.908931959e-07
14,56.0,60.0,16,1942.261638,1.414826306e-05,4.368421591e-07
14,56.0,60.0,16,1944.297552,1.461910547e-05,5.05659494e-07
14,56.0,60.0,16,1946.333466,1.488310772e-05,5.436576638e-07
14,56.0,60.0,16,1948.369379,1.475172772e-05,5.29943814e-07
14,56.0,60.0,16,1950.405293,1.442735341e-05,4.457532679e-07
14,56.0,60.0,16,1952.441207,1.423112337e-05,3.5849023e-07
14,56.0,60.0,16,1954.47712,1.421192353e-05,3.374524045e-07
14,56.0,60.0,16,1956.513034,1.409498743e-05,3.488798177e-07
14,56.0,60.0,16,1958.548948,1.395418193e-05,3.629758023e-07
14,56.0,60.0,16,1960.584861,1.396067007e-05,4.068893516e-07
14,56.0,60.0,16,1962.620775,1.39880599e-05,4.230327946e-07
14,56.0,60.0,16,1964.656689,1.41217882e-05,4.162326694e-07
14,56.0,60.0,16,1966.692602,1.436238079e-05,4.251260118e-07
14,56.0,60.0,16,1968.728516,1.446574612e-05,4.471494902e-07
14,56.0,60.0,16,1970.76443,1.443949771e-05,4.458016859e-07
14,56.0,60.0,16,1972.800343,1.439466636e-05,4.679208167e-07
14,56.0,60.0,16,1974.836257,1.429903943e-05,4.652790281e-07
14,56.0,60.0,16,1976.872171,1.40789553e-05,4.361029305e-07
14,56.0,60.0,16,1978.908084,1.391690064e-05,4.022164689e-07
14,56.0,60.0,16,1980.943998,1.400120955e-05,3.948909522e-07
14,56.0,60.0,16,1982.979912,1.403473424e-05,4.163493051e-07
14,56.0,60.0,16,1985.015825,1.391132944e-05,4.213247017e-07
14,56.0,60.0,16,1987.051739,1.388915533e-05,4.106931955e-07
14,56.0,60.0,16,1989.087653,1.383728715e-05,4.334326777e-07
14,56.0,60.0,16,1991.123566,1.366430366e-05,4.342195656e-07
14,56.0,60.0,16,1993.15948,1.361340864e-05,4.003500858e-07
14,56.0,60.0,16,1995.195394,1.359108187e-05,3.580156088e-07
14,56.0,60.0,16,1997.231307,1.338521568e-05,3.07882942e-07
14,56.0,60.0,16,1999.267221,1.321376762e-05,3.303322593e-07
14,56.0,60.0,16,2001.303135,1.339259904e-05,3.878795095e-07
14,56.0,60.0,16,2003.339048,1.370750382e-05,4.117089492e-07
14,56.0,60.0,16,2005.374962,1.374019021e-05,3.974060076e-07
14,56.0,60.0,16,2007.410876,1.3518153e-05,3.85317444e-07
14,56.0,60.0,16,2009.446789,1.330160231e-05,3.983461208e-07
14,56.0,60.0,16,2011.482703,1.325652236e-05,3.814826758e-07
14,56.0,60.0,16,2013.518617,1.351872133e-05,4.036760948e-07
14,56.0,60.0,16,2015.55453,1.388592187e-05,4.48726705e-07
14,56.0,60.0,16,2017.590444,1.397481558e-05,4.31892453e-07
14,56.0,60.0,16,2019.626358,1.392237595e-05,4.258542504e-07
14,56.0,60.0,16,2021.662271,1.383368706e-05,4.139630786e-07
14,56.0,60.0,16,2023.698185,1.351715337e-05,3.832203061e-07
14,56.0,60.0,16,2025.734099,1.327882123e-05,3.827660124e-07
14,56.0,60.0,16,2027.770012,1.355044014e-05,4.103044222e-07
14,56.0,60.0,16,2029.805926,1.399641723e-05,4.251929753e-07
14,56.0,60.0,16,2031.84184,1.420058254e-05,4.99189491e-07
14,56.0,60.0,16,2033.877753,1.428319225e-05,5.401883779e-07
14,56.0,60.0,16,2035.913667,1.435933872e-05,5.23830872e-07
14,56.0,60.0,16,2037.949581,1.438545211e-05,5.148342178e-07
14,56.0,60.0,16,2039.985494,1.443022725e-05,4.893396629e-07
14,56.0,60.0,16,2042.021408,1.450279775e-05,4.803214318e-07
14,56.0,60.0,16,2044.057322,1.448426749e-05,4.929559486e-07
14,56.0,60.0,16,2046.093235,1.431440893e-05,4.931423321e-07
14,56.0,60.0,16,2048.129149,1.417931138e-05,4.881637572e-07
14,56.0,60.0,16,2050.165063,1.425540246e-05,5.099262728e-07
14,56.0,60.0,16,2052.200976,1.437113878e-05,5.199131912e-07
14,56.0,60.0,16,2054.23689,1.428099475e-05,4.738252932e-07
14,56.0,60.0,16,2056.272804,1.392130813e-05,3.88162723e-07
14,56.0,60.0,16,2058.308717,1.355001651e-05,3.629753412e-07
14,56.0,60.0,16,2060.344631,1.34470052e-05,3.653448685e-07
14,56.0,60.0,16,2062.380545,1.344468255e-05,3.641051542e-07
14,56.0,60.0,16,2064.416458,1.333024368e-05,3.530651152e-07
14,56.0,60.0,16,2066.452372,1.30629189e-05,3.412672188e-07
14,56.0,60.0,16,2068.488286,1.276122409e-05,3.433307545e-07
14,56.0,60.0,16,2070.524199,1.284188997e-05,3.647201231e-07
14,56.0,60.0,16,2072.560113,1.323349014e-05,4.122737174e-07
14,56.0,60.0,16,2074.596027,1.336900587e-05,4.405846606e-07
14,56.0,60.0,16,2076.63194,1.311248786e-05,4.074991725e-07
14,56.0,60.0,16,2078.667854,1.290863846e-05,3.857376175e-07
14,56.0,60.0,16,2080.703768,1.310396907e-05,4.021181491e-07
14,56.0,60.0,16,2082.739681,1.335483189e-05,4.082593249e-07
14,56.0,60.0,16,2084.775595,1.319448092e-05,3.639939052e-07
14,56.0,60.0,16,2086.811509,1.285897299e-05,3.650152836e-07
14,56.0,60.0,16,2088.847422,1.292813508e-05,4.045294066e-07
14,56.0,60.0,16,2090.883336,1.320862943e-05,4.030028022e-07
14,56.0,60.0,16,2092.91925,1.335621743e-05,3.972278791e-07
14,56.0,60.0,16,2094.955163,1.352677414e-05,3.795056385e-07
14,56.0,60.0,16,2096.991077,1.348905947e-05,3.412163392e-07
14,56.0,60.0,16,2099.026991,1.307824398e-05,3.353922308e-07
14,56.0,60.0,16,2101.062904,1.270218781e-05,3.376671249e-07
14,56.0,60.0,16,2103.098818,1.267242407e-05,3.529380012e-07
14,56.0,60.0,16,2105.134732,1.292711428e-05,3.866242172e-07
14,56.0,60.0,16,2107.170645,1.302460285e-05,3.743546848e-07
14,56.0,60.0,16,2109.206559,1.284045075e-05,3.369572603e-07
14,56.0,60.0,16,2111.242473,1.264413855e-05,3.153085503e-07
14,56.0,60.0,16,2113.278386,1.25000081e-05,3.151108915e-07
14,56.0,60.0,16,2115.3143,1.240480328e-05,3.288059642e-07
14,56.0,60.0,16,2117.350214,1.240970045e-05,3.360967028e-07
14,56.0,60.0,16,2119.386127,1.247142117e-05,3.157437948e-07
14,56.0,60.0,16,2121.422041,1.250240523e-05,2.932040218e-07
14,56.0,60.0,16,2123.457955,1.255233021e-05,3.468827192e-07
14,56.0,60.0,16,2125.493868,1.246392284e-05,3.775134963e-07
14,56.0,60.0,16,2127.529782,1.215327703e-05,3.473970563e-07
14,56.0,60.0,16,2129.565696,1.194988802e-05,3.238802426e-07
14,56.0,60.0,16,2131.601609,1.186333322e-05,3.222446695e-07
14,56.0,60.0,16,2133.637523,1.174600626e-05,3.005485555e-07
14,56.0,60.0,16,2135.673437,1.176239837e-05,3.042666617e-07
14,56.0,60.0,16,2137.70935,1.191776463e-05,2.784589004e-07
14,56.0,60.0,16,2139.745264,1.21512647e-05,2.721265521e-07
14,56.0,60.0,16,2141.781178,1.24677358e-05,2.955982133e-07
14,56.0,60.0,16,2143.817091,1.266113818e-05,3.329868507e-07
14,56.0,60.0,16,2145.853005,1.249438069e-05,3.521961397e-07
14,56.0,60.0,16,2147.888919,1.210653266e-05,3.172023019e-07
14,56.0,60.0,16,2149.924832,1.183707524e-05,3.129746647e-07
14,56.0,60.0,16,2151.960746,1.171420355e-05,3.254676581e-07
14,56.0,60.0,16,2153.99666,1.170093822e-05,3.329731371e-07
14,56.0,60.0,16,2156.032573,1.175563721e-05,3.877753874e-07
14,56.0,60.0,16,2158.068487,1.178985894e-05,4.283809846e-07
14,56.0,60.0,16,2160.104401,1.184946898e-05,3.960540221e-07
14,56.0,60.0,16,2162.140314,1.186546896e-05,3.571814353e-07
14,56.0,60.0,16,2164.176228,1.181290883e-05,3.456122681e-07
14,56.0,60.0,16,2166.212142,1.173635354e-05,3.172416547e-07
14,56.0,60.0,16,2168.248055,1.162494693e-05,2.710973765e-07
14,56.0,60.0,16,2170.283969,1.155651177e-05,2.790147902e-07
14,56.0,60.0,16,2172.319883,1.163531748e-05,3.00623788e-07
14,56.0,60.0,16,2174.355796,1.183625675e-05,2.95621286e-07
14,56.0,60.0,16,2176.39171,1.184474361e-05,2.844601928e-07
14,56.0,60.0,16,2178.427624,1.162944582e-05,2.794401378e-07
14,56.0,60.0,16,2180.463537,1.14864332e-05,3.260209522e-07
14,56.0,60.0,16,2182.499451,1.148881886e-05,3.905380461e-07
14,56.0,60.0,16,2184.535365,1.156034755e-05,4.086364631e-07
14,56.0,60.0,16,2186.571278,1.159998437e-05,3.355863066e-07
14,56.0,60.0,16,2188.607192,1.163129179e-05,2.278253364e-07
14,56.0,60.0,16,2190.643106,1.159370777e-05,2.141215325e-07
14,56.0,60.0,16,2192.679019,1.141463063e-05,2.273428755e-07
14,56.0,60.0,16,2194.714933,1.136791257e-05,2.691759557e-07
14,56.0,60.0,16,2196.750847,1.15126981e-05,3.045488603e-07
14,56.0,60.0,16,2198.78676,1.151123192e-05,3.004714209e-07
14,56.0,60.0,16,2200.822674,1.139044947e-05,3.098207541e-07
14,56.0,60.0,16,2202.858588,1.132465593e-05,3.255889896e-07
14,56.0,60.0,16,2204.894501,1.125626201e-05,3.103773806e-07
14,56.0,60.0,16,2206.930415,1.12086186e-05,3.023189812e-07
14,56.0,60.0,16,2208.966329,1.132027024e-05,2.901570175e-07
14,56.0,60.0,16,2211.002242,1.156178888e-05,2.830848164e-07
14,56.0,60.0,16,2213.038156,1.16597395e-05,2.924175832e-07
14,56.0,60.0,16,2215.07407,1.162495063e-05,3.215495462e-07
14,56.0,60.0,16,2217.109983,1.166417911e-05,3.0942096e-07
14,56.0,60.0,16,2219.145897,1.162034273e-05,2.664534292e-07
14,56.0,60.0,16,2221.181811,1.142717641e-05,2.520274679e-07
14,56.0,60.0,16,2223.217724,1.121320195e-05,2.88067163e-07
14,56.0,60.0,16,2225.253638,1.102317134e-05,3.151122738e-07
14,56.0,60.0,16,2227.289552,1.098458464e-05,3.158751054e-07
14,56.0,60.0,16,2229.325465,1.131668821e-05,3.509459661e-07
14,56.0,60.0,16,2231.361379,1.184070111e-05,3.687334851e-07
14,56.0,60.0,16,2233.397293,1.20333659e-05,3.323679075e-07
14,56.0,60.0,16,2235.433206,1.175743158e-05,3.037863999e-07
14,56.0,60.0,16,2237.46912,1.132137379e-05,3.039424606e-07
14,56.0,60.0,16,2239.505034,1.106757935e-05,3.246473428e-07
14,56.0,60.0,16,2241.540947,1.105137756e-05,3.654705755e-07
14,56.0,60.0,16,2243.576861,1.101914428e-05,3.681833677e-07
14,56.0,60.0,16,2245.612775,1.094155721e-05,3.452184981e-07
14,56.0,60.0,16,2247.648688,1.10144216e-05,3.403238236e-07
14,56.0,60.0,16,2249.684602,1.114653493e-05,3.359701076e-07
14,56.0,60.0,16,2251.720516,1.113447691e-05,3.536297445e-07
14,56.0,60.0,16,2253.756429,1.103168005e-05,3.529663135e-07
14,56.0,60.0,16,2255.792343,1.097834343e-05,3.093872577e-07
14,56.0,60.0,16,2257.828257,1.104553291e-05,2.854405069e-07
14,56.0,60.0,16,2259.86417,1.113008233e-05,3.018235004e-07
14,56.0,60.0,16,2261.900084,1.112192591e-05,3.126739184e-07
14,56.0,60.0,16,2263.935998,1.110364228e-05,3.245142567e-07
14,56.0,60.0,16,2265.971911,1.117170241e-05,3.1619287e-07
14,56.0,60.0,16,2268.007825,1.119096571e-05,2.962739842e-07
14,56.0,60.0,16,2270.043739,1.102565293e-05,3.327701122e-07
14,56.0,60.0,16,2272.079652,1.083523222e-05,3.731687176e-07
14,56.0,60.0,16,2274.115566,1.070401625e-05,3.718518399e-07
14,56.0,60.0,16,2276.15148,1.067000145e-05,3.685421442e-07
14,56.0,60.0,16,2278.187393,1.078489076e-05,3.615630425e-07
14,56.0,60.0,16,2280.223307,1.090046e-05,3.358557952e-07
14,56.0,60.0,16,2282.259221,1.091919019e-05,3.37479987e-07
14,56.0,60.0,16,2284.295134,1.089227154e-05,3.877721298e-07
14,56.0,60.0,16,2286.331048,1.083174745e-05,3.979590648e-07
14,56.0,60.0,16,2288.366962,1.068766025e-05,3.453988904e-07
14,56.0,60.0,16,2290.402875,1.047305663e-05,2.991030084e-07
14,56.0,60.0,16,2292.438789,1.027059503e-05,2.93457293e-07
14,56.0,60.0,16,2294.474703,1.029059841e-05,2.692200465e-07
14,56.0,60.0,16,2296.510616,1.055730755e-05,2.625085108e-07
14,56.0,60.0,16,2298.54653,1.076199254e-05,3.107746376e-07
14,56.0,60.0,16,2300.582444,1.065933385e-05,3.31951225e-07
14,56.0,60.0,16,2302.618357,1.034058337e-05,3.175041592e-07
14,56.0,60.0,16,2304.654271,1.015359508e-05,2.787404411e-07
14,56.0,60.0,16,2306.690185,1.027641454e-05,2.607115506e-07
14,56.0,60.0,16,2308.726098,1.050387758e-05,2.657248148e-07
14,56.0,60.0,16,2310.762012,1.053052023e-05,2.813882055e-07
14,56.0,60.0,16,2312.797926,1.037143665e-05,2.876058487e-07
14,56.0,60.0,16,2314.833839,1.016524756e-05,3.003840011e-07
14,56.0,60.0,16,2316.869753,9.989484323e-06,3.151092153e-07
14,56.0,60.0,16,2318.905667,9.8895233e-06,2.872939777e-07
14,56.0,60.0,16,2320.94158,9.798453723e-06,2.567633961e-07
14,56.0,60.0,16,2322.977494,9.793875244e-06,2.717366889e-07
14,56.0,60.0,16,2325.013408,9.986444121e-06,3.005236776e-07
14,56.0,60.0,16,2327.049321,1.015339351e-05,2.971305993e-07
14,56.0,60.0,16,2329.085235,1.009015493e-05,2.99812871e-07
14,56.0,60.0,16,2331.121149,9.874210418e-06,3.05936265e-07
14,56.0,60.0,16,2333.157062,9.760397443e-06,3.072024057e-07
14,56.0,60.0,16,2335.192976,9.868966538e-06,3.250188687e-07
14,56.0,60.0,16,2337.22889,1.006328473e-05,3.189113994e-07
14,56.0,60.0,16,2339.264803,1.015294119e-05,2.85259072e-07
14,56.0,60.0,16,2341.300717,1.009913071e-05,2.719216177e-07
14,56.0,60.0,16,2343.336631,9.992958723e-06,2.761085302e-07
14,56.0,60.0,16,2345.372544,9.796962834e-06,2.918248191e-07
14,56.0,60.0,16,2347.408458,9.578134882e-06,2.954056465e-07
14,56.0,60.0,16,2349.444372,9.502288872e-06,2.623877609e-07
14,56.0,60.0,16,2351.480285,9.583416817e-06,2.270591793e-07
14,56.0,60.0,16,2353.516199,9.786057498e-06,2.249987513e-07
14,56.0,60.0,16,2355.552113,9.887962143e-06,2.426649619e-07
14,56.0,60.0,16,2357.588026,9.729542327e-06,2.364592949e-07
14,56.0,60.0,16,2359.62394,9.592356581e-06,2.343815066e-07
14,56.0,60.0,16,2361.659854,9.714905454e-06,2.553432076e-07
14,56.0,60.0,16,2363.695767,9.963418081e-06,3.177037714e-07
14,56.0,60.0,16,2365.731681,1.007683568e-05,3.417729647e-07
14,56.0,60.0,16,2367.767595,9.979645665e-06,3.31499424e-07
14,56.0,60.0,16,2369.803508,9.828486492e-06,3.258378611e-07
14,56.0,60.0,16,2371.839422,9.732354721e-06,2.895526045e-07
14,56.0,60.0,16,2373.875336,9.648408463e-06,2.768591161e-07
14,56.0,60.0,16,2375.911249,9.600188025e-06,2.924576608e-07
14,56.0,60.0,16,2377.947163,9.683521424e-06,2.95027107e-07
14,56.0,60.0,16,2379.983077,9.829594691e-06,2.997054215e-07
14,56.0,60.0,16,2382.01899,9.859573496e-06,3.15418929e-07
14,56.0,60.0,16,2384.054904,9.798382608e-06,3.10078968e-07
14,56.0,60.0,16,2386.090818,9.846845221e-06,3.039085141e-07
14,56.0,60.0,16,2388.126731,9.935917936e-06,3.255534628e-07
14,56.0,60.0,16,2390.162645,9.806268028e-06,3.321321084e-07
14,56.0,60.0,16,2392.198559,9.493643226e-06,3.027813622e-07
14,56.0,60.0,16,2394.234472,9.292422519e-06,2.81940851e-07
14,56.0,60.0,16,2396.270386,9.293840941e-06,2.780653957e-07
14,56.0,60.0,16,2398.3063,9.337753017e-06,2.882106947e-07
14,56.0,60.0,16,2400.342213,9.402059212e-06,3.0435385e-07
14,56.0,60.0,16,2402.378127,9.554336619e-06,2.962304798e-07
14,56.0,60.0,16,2404.414041,9.643519789e-06,3.145799777e-07
14,56.0,60.0,16,2406.449954,9.538267729e-06,3.039701757e-07
14,56.0,60.0,16,2408.485868,9.474871199e-06,2.926535556e-07
14,56.0,60.0,16,2410.521782,9.649771515e-06,3.387986865e-07
14,56.0,60.0,16,2412.557695,9.863386613e-06,3.955362219e-07
14,56.0,60.0,16,2414.593609,9.859615601e-06,4.015892746e-07
14,56.0,60.0,16,2416.629523,9.678675302e-06,3.569246406e-07
14,56.0,60.0,16,2418.665436,9.507875573e-06,3.204555801e-07
14,56.0,60.0,16,2420.70135,9.418718141e-06,3.110540463e-07
14,56.0,60.0,16,2422.737264,9.405322097e-06,3.142305638e-07
14,56.0,60.0,16,2424.773177,9.461223354e-06,3.28571312e-07
14,56.0,60.0,16,2426.809091,9.582686096e-06,3.318415855e-07
14,56.0,60.0,16,2428.845005,9.709942035e-06,3.252575038e-07
14,56.0,60.0,16,2430.880918,9.759708192e-06,3.167353231e-07
14,56.0,60.0,16,2432.916832,9.704573996e-06,3.030374637e-07
14,56.0,60.0,16,2434.952746,9.676453315e-06,2.950619683e-07
14,56.0,60.0,16,2436.988659,9.79978199e-06,3.002476636e-07
14,56.0,60.0,16,2439.024573,9.838189364e-06,3.209813524e-07
14,56.0,60.0,16,2441.060487,9.614204466e-06,3.3705271e-07
14,56.0,60.0,16,2443.0964,9.402335341e-06,3.237015945e-07
14,56.0,60.0,16,2445.132314,9.390302995e-06,2.95229932e-07
14,56.0,60.0,16,2447.168228,9.41936862e-06,2.805671954e-07
14,56.0,60.0,16,2449.204141,9.432984907e-06,2.875231143e-07
14,56.0,60.0,16,2451.240055,9.494859984e-06,3.021226271e-07
14,56.0,60.0,16,2453.275969,9.563807589e-06,3.241944883e-07
14,56.0,60.0,16,2455.311882,9.663444061e-06,3.649149318e-07
14,56.0,60.0,16,2457.347796,9.87290818e-06,4.022379323e-07
14,56.0,60.0,16,2459.38371,1.008898108e-05,4.234515709e-07
14,56.0,60.0,16,2461.419623,1.014184997e-05,4.19955055e-07
14,56.0,60.0,16,2463.455537,1.005878184e-05,3.943622958e-07
14,56.0,60.0,16,2465.491451,9.905856144e-06,3.551441778e-07
14,56.0,60.0,16,2467.527364,9.710955434e-06,3.180541608e-07
14,56.0,60.0,16,2469.563278,9.560111662e-06,3.172266528e-07
14,56.0,60.0,16,2471.599192,9.534896075e-06,3.168448332e-07
14,56.0,60.0,16,2473.635105,9.588182569e-06,3.018813899e-07
14,56.0,60.0,16,2475.671019,9.572030825e-06,2.959817183e-07
14,56.0,60.0,16,2477.706933,9.537619541e-06,3.237416063e-07
14,56.0,60.0,16,2479.742846,9.742121876e-06,3.62141972e-07
14,56.0,60.0,16,2481.77876,1.00252157e-05,3.656685923e-07
14,56.0,60.0,16,2483.814674,1.005641043e-05,3.442930645e-07
14,56.0,60.0,16,2485.850587,9.979181277e-06,3.544979813e-07
14,56.0,60.0,16,2487.886501,9.950570982e-06,3.848984184e-07
14,56.0,60.0,16,2489.922415,9.881973335e-06,3.790863809e-07
14,56.0,60.0,16,2491.958328,9.816964777e-06,3.374066429e-07
14,56.0,60.0,16,2493.994242,9.814032183e-06,2.910268763e-07
14,56.0,60.0,16,2496.030156,9.764879536e-06,2.509276835e-07
14,56.0,60.0,16,2498.066069,9.758341828e-06,2.354019517e-07
14,56.0,60.0,16,2500.101983,9.872527298e-06,2.538973833e-07
14,56.0,60.0,16,2502.137897,1.000325606e-05,3.356854761e-07
14,56.0,60.0,16,2504.17381,1.015460907e-05,4.735328212e-07
14,56.0,60.0,16,2506.209724,1.022795548e-05,5.434356673e-07
14,56.0,60.0,16,2508.245638,1.01733514e-05,4.649099902e-07
14,56.0,60.0,16,2510.281551,1.015767471e-05,3.587507281e-07
14,56.0,60.0,16,2512.317465,1.019305654e-05,2.911875574e-07
14,56.0,60.0,16,2514.353379,1.026857394e-05,2.899068853e-07
14,56.0,60.0,16,2516.389292,1.038605913e-05,3.295843309e-07
14,56.0,60.0,16,2518.425206,1.054037538e-05,3.551065286e-07
14,56.0,60.0,16,2520.46112,1.08290458e-05,3.743634953e-07
14,56.0,60.0,16,2522.497033,1.109185298e-05,3.902615576e-07
14,56.0,60.0,16,2524.532947,1.108603572e-05,4.007709609e-07
14,56.0,60.0,16,2526.568861,1.087545914e-05,4.453563769e-07
14,56.0,60.0,16,2528.604774,1.069529181e-05,5.395472321e-07
14,56.0,60.0,16,2530.640688,1.069086678e-05,6.140239129e-07
14,56.0,60.0,16,2532.676602,1.07671328e-05,5.955838354e-07
14,56.0,60.0,16,2534.712515,1.074327052e-05,5.69895639e-07
14,56.0,60.0,16,2536.748429,1.055643097e-05,5.870035992e-07
14,56.0,60.0,16,2538.784343,1.033570828e-05,5.381124608e-07
14,56.0,60.0,16,2540.820256,1.037069247e-05,4.450797365e-07
14,56.0,60.0,16,2542.85617,1.063779468e-05,3.931148419e-07
14,56.0,60.0,16,2544.892084,1.081672974e-05,3.623255519e-07
14,56.0,60.0,16,2546.927997,1.085542888e-05,3.447701485e-07
14,56.0,60.0,16,2548.963911,1.091271739e-05,3.324855246e-07
14,56.0,60.0,16,2550.999825,1.101716824e-05,3.395647272e-07
14,56.0,60.0,16,2553.035738,1.102672613e-05,3.377873112e-07
14,56.0,60.0,16,2555.071652,1.085507949e-05,3.111414788e-07
14,56.0,60.0,16,2557.107566,1.078717717e-05,2.90542555e-07
14,56.0,60.0,16,2559.143479,1.088921437e-05,3.209235117e-07
14,56.0,60.0,16,2561.179393,1.087275197e-05,3.802219065e-07
14,56.0,60.0,16,2563.215307,1.087049191e-05,4.283160087e-07
14,56.0,60.0,16,2565.25122,1.115085594e-05,4.551624862e-07
14,56.0,60.0,16,2567.287134,1.160719465e-05,4.800755583e-07
14,56.0,60.0,16,2569.323048,1.193177025e-05,4.830291671e-07
14,56.0,60.0,16,2571.358961,1.193923162e-05,4.610918662e-07
14,56.0,60.0,16,2573.394875,1.175731556e-05,4.473968408e-07
14,56.0,60.0,16,2575.430789,1.163414732e-05,4.632064324e-07
14,56.0,60.0,16,2577.466702,1.157591417e-05,4.564405113e-07
14,56.0,60.0,16,2579.502616,1.150152586e-05,4.085648595e-07
14,56.0,60.0,16,2581.53853,1.155214703e-05,3.982979648e-07
14,56.0,60.0,16,2583.574443,1.177980234e-05,4.194386391e-07
14,56.0,60.0,16,2585.610357,1.204426275e-05,5.038525067e-07
14,56.0,60.0,16,2587.646271,1.225749544e-05,6.031181638e-07
14,56.0,60.0,16,2589.682184,1.235644373e-05,5.216671901e-07
14,56.0,60.0,16,2591.718098,1.232918913e-05,4.383837695e-07
14,56.0,60.0,16,2593.754012,1.225582064e-05,4.473528773e-07
14,56.0,60.0,16,2595.789925,1.227244854e-05,4.64726335e-07
14,56.0,60.0,16,2597.825839,1.252840529e-05,5.262916167e-07
14,56.0,60.0,16,2599.861753,1.297614496e-05,7.203283264e-07
14,56.0,60.0,16,2601.897666,1.327075081e-05,9.530461159e-07
14,56.0,60.0,16,2603.93358,1.31478039e-05,9.907024952e-07
14,56.0,60.0,16,2605.969494,1.278008973e-05,8.065471733e-07
14,56.0,60.0,16,2608.005407,1.267874827e-05,7.091745739e-07
14,56.0,60.0,16,2610.041321,1.288510441e-05,7.524890861e-07
14,56.0,60.0,16,2612.077235,1.297262724e-05,8.431382232e-07
14,56.0,60.0,16,2614.113148,1.299178526e-05,8.469566472e-07
14,56.0,60.0,16,2616.149062,1.305634997e-05,7.029547165e-07
14,56.0,60.0,16,2618.184976,1.306242545e-05,6.137862034e-07
14,56.0,60.0,16,2620.220889,1.306843852e-05,6.650505964e-07
14,56.0,60.0,16,2622.256803,1.316674721e-05,7.122039875e-07
14,56.0,60.0,16,2624.292717,1.335334086e-05,7.764293851e-07
14,56.0,60.0,16,2626.32863,1.365723776e-05,8.825268983e-07
14,56.0,60.0,16,2628.364544,1.403205559e-05,9.926047544e-07
14,56.0,60.0,16,2630.400458,1.415861159e-05,1.06897882e-06
14,56.0,60.0,16,2632.436371,1.40588708e-05,1.034439093e-06
14,56.0,60.0,16,2634.472285,1.401476454e-05,9.323979015e-07
14,56.0,60.0,16,2636.508199,1.384315131e-05,8.563876991e-07
14,56.0,60.0,16,2638.544112,1.347728347e-05,7.918041019e-07
14,56.0,60.0,16,2640.580026,1.336858486e-05,7.141671865e-07
14,56.0,60.0,16,2642.61594,1.365938702e-05,7.102967824e-07
14,56.0,60.0,16,2644.651853,1.393952282e-05,8.600467704e-07
14,56.0,60.0,16,2646.687767,1.405595189e-05,9.544331685e-07
14,56.0,60.0,16,2648.723681,1.434253189e-05,9.621130368e-07
14,56.0,60.0,16,2650.759594,1.479400682e-05,9.352288761e-07
14,56.0,60.0,16,2652.795508,1.506055543e-05,9.086414445e-07
14,56.0,60.0,16,2654.831422,1.510241425e-05,8.879925357e-07
14,56.0,60.0,16,2656.867335,1.51929004e-05,9.586744492e-07
14,56.0,60.0,16,2658.903249,1.539985226e-05,1.109391966e-06
14,56.0,60.0,16,2660.939163,1.564912844e-05,1.308283449e-06
14,56.0,60.0,16,2662.975076,1.601197868e-05,1.599611449e-06
14,56.0,60.0,16,2665.01099,1.636690675e-05,1.929857642e-06
14,56.0,60.0,16,2667.046904,1.626787188e-05,1.819918443e-06
14,56.0,60.0,16,2669.082817,1.564460517e-05,1.175486198e-06
14,56.0,60.0,16,2671.118731,1.532276925e-05,8.439802167e-07
14,56.0,60.0,16,2673.154645,1.577298126e-05,8.287291181e-07
14,56.0,60.0,16,2675.190558,1.632729489e-05,1.093286405e-06
14,56.0,60.0,16,2677.226472,1.662673341e-05,1.386558351e-06
14,56.0,60.0,16,2679.262386,1.703964731e-05,1.74250939e-06
14,56.0,60.0,16,2681.298299,1.736323341e-05,1.982736564e-06
14,56.0,60.0,16,2683.334213,1.700746886e-05,1.705761726e-06
14,56.0,60.0,16,2685.370127,1.633722524e-05,1.118380532e-06
14,56.0,60.0,16,2687.40604,1.60968119e-05,8.659820307e-07
14,56.0,60.0,16,2689.441954,1.619976497e-05,8.186778604e-07
14,56.0,60.0,16,2691.477868,1.644976686e-05,8.132120174e-07
14,56.0,60.0,16,2693.513781,1.686212769e-05,8.548418037e-07
14,56.0,60.0,16,2695.549695,1.70543025e-05,8.767033094e-07
14,56.0,60.0,16,2697.585609,1.68458251e-05,8.404174086e-07
14,56.0,60.0,16,2699.621522,1.660136635e-05,8.429787879e-07
14,56.0,60.0,16,2701.657436,1.686477498e-05,9.045695447e-07
14,56.0,60.0,16,2703.69335,1.797450231e-05,1.299486128e-06
14,56.0,60.0,16,2705.729263,1.92865522e-05,2.094434279e-06
14,56.0,60.0,16,2707.765177,1.990348424e-05,2.370784961e-06
14,56.0,60.0,16,2709.801091,1.984362111e-05,1.88962383e-06
14,56.0,60.0,16,2711.837004,1.951320462e-05,1.37405496e-06
14,56.0,60.0,16,2713.872918,1.94068794e-05,1.258126294e-06
14,56.0,60.0,16,2715.908832,1.968631348e-05,1.417620597e-06
14,56.0,60.0,16,2717.944745,2.009923295e-05,1.933742291e-06
14,56.0,60.0,16,2719.980659,2.038528019e-05,2.564367111e-06
14,56.0,60.0,16,2722.016573,2.006611657e-05,2.548475225e-06
14,56.0,60.0,16,2724.052486,1.926425432e-05,2.018388349e-06
14,56.0,60.0,16,2726.0884,1.878324085e-05,1.653691869e-06
14,56.0,60.0,16,2728.124314,1.893172327e-05,1.399450246e-06
14,56.0,60.0,16,2730.160227,1.938366154e-05,1.078267377e-06
14,56.0,60.0,16,2732.196141,1.962122319e-05,9.32553138e-07
14,56.0,60.0,16,2734.232055,1.967613063e-05,9.236791095e-07
14,56.0,60.0,16,2736.267968,2.011665811e-05,1.14002844e-06
14,56.0,60.0,16,2738.303882,2.098527943e-05,1.393853229e-06
14,56.0,60.0,16,2740.339796,2.171863284e-05,1.45997499e-06
14,56.0,60.0,16,2742.375709,2.184506181e-05,1.437329834e-06
14,56.0,60.0,16,2744.411623,2.122922601e-05,1.180943521e-06
14,56.0,60.0,16,2746.447537,2.042561307e-05,1.04201125e-06
14,56.0,60.0,16,2748.48345,2.011078443e-05,1.002834884e-06
14,56.0,60.0,16,2750.519364,2.013907643e-05,8.9872017e-07
14,56.0,60.0,16,2752.555278,2.063566759e-05,9.031983206e-07
14,56.0,60.0,16,2754.591191,2.209145493e-05,1.528813676e-06
14,56.0,60.0,16,2756.627105,2.367926355e-05,2.680367101e-06
14,56.0,60.0,16,2758.663019,2.346031392e-05,2.534879947e-06
14,56.0,60.0,16,2760.698932,2.196323617e-05,1.213620124e-06
14,56.0,60.0,16,2762.734846,2.176619865e-05,9.212162189e-07
14,56.0,60.0,16,2764.77076,2.321596137e-05,1.27907341e-06
14,56.0,60.0,16,2766.806673,2.48638474e-05,2.338278673e-06
14,56.0,60.0,16,2768.842587,2.572137858e-05,2.810995405e-06
14,56.0,60.0,16,2770.878501,2.57838867e-05,2.534563438e-06
14,56.0,60.0,16,2772.914414,2.555110428e-05,1.819507262e-06
14,56.0,60.0,16,2774.950328,2.525484691e-05,1.350189454e-06
14,56.0,60.0,16,2776.986242,2.481412013e-05,1.253326562e-06
14,56.0,60.0,16,2779.022155,2.424030734e-05,1.533483192e-06
14,56.0,60.0,16,2781.058069,2.442892019e-05,1.824876213e-06
14,56.0,60.0,16,2783.093983,2.55753992e-05,1.938152337e-06
14,56.0,60.0,16,2785.129896,2.668193457e-05,2.007399031e-06
14,56.0,60.0,16,2787.16581,2.753293011e-05,2.155509783e-06
14,56.0,60.0,16,2789.201724,2.803597727e-05,2.191238609e-06
14,56.0,60.0,16,2791.237637,2.801471724e-05,1.763982808e-06
14,56.0,60.0,16,2793.273551,2.790044125e-05,1.469465814e-06
14,56.0,60.0,16,2795.309465,2.779911092e-05,1.558614195e-06
14,56.0,60.0,16,2797.345378,2.79451687e-05,1.690891792e-06
14,56.0,60.0,16,2799.381292,2.833721049e-05,1.774424752e-06
14,56.0,60.0,16,2801.417206,2.816350591e-05,1.584291909e-06
14,56.0,60.0,16,2803.453119,2.777809604e-05,1.341776741e-06
14,56.0,60.0,16,2805.489033,2.822062715e-05,1.385647225e-06
14,56.0,60.0,16,2807.524947,2.924018755e-05,1.814086803e-06
14,56.0,60.0,16,2809.56086,2.991394964e-05,2.118420854e-06
14,56.0,60.0,16,2811.596774,3.022600391e-05,1.8726014e-06
14,56.0,60.0,16,2813.632688,3.024796289e-05,1.599977822e-06
14,56.0,60.0,16,2815.668601,2.967796546e-05,1.452147998e-06
14,56.0,60.0,16,2817.704515,2.942201711e-05,1.395355711e-06
14,56.0,60.0,16,2819.740429,3.060553458e-05,1.413759533e-06
14,56.0,60.0,16,2821.776342,3.275633557e-05,1.71680574e-06
14,56.0,60.0,16,2823.812256,3.44643107e-05,2.399716329e-06
14,56.0,60.0,16,2825.84817,3.521146292e-05,2.72498193e-06
14,56.0,60.0,16,2827.884083,3.546031351e-05,2.632152783e-06
14,56.0,60.0,16,2829.919997,3.537430604e-05,2.357138022e-06
14,56.0,60.0,16,2831.955911,3.483134412e-05,2.08931666e-06
14,56.0,60.0,16,2833.991824,3.44704253e-05,2.069216955e-06
14,56.0,60.0,16,2836.027738,3.497475982e-05,2.20071865e-06
14,56.0,60.0,16,2838.063652,3.573931785e-05,2.108695249e-06
14,56.0,60.0,16,2840.099565,3.62008722e-05,1.947417168e-06
14,56.0,60.0,16,2842.135479,3.727302058e-05,2.007307454e-06
14,56.0,60.0,16,2844.171393,3.844124841e-05,2.085972722e-06
14,56.0,60.0,16,2846.207306,3.782576619e-05,2.144917998e-06
14,56.0,60.0,16,2848.24322,3.655882022e-05,2.12090353e-06
14,56.0,60.0,16,2850.279134,3.712184506e-05,2.103171345e-06
14,56.0,60.0,16,2852.315047,3.90533094e-05,2.175826997e-06
14,56.0,60.0,16,2854.350961,4.021591225e-05,2.255160612e-06
14,56.0,60.0,16,2856.386875,4.06574145e-05,2.309634946e-06
14,56.0,60.0,16,2858.422788,4.2085257e-05,2.396223599e-06
14,56.0,60.0,16,2860.458702,4.418866485e-05,2.38499765e-06
14,56.0,60.0,16,2862.494616,4.670455522e-05,2.687190315e-06
14,56.0,60.0,16,2864.530529,4.938137802e-05,3.321929104e-06
14,56.0,60.0,16,2866.566443,4.985560387e-05,3.573040294e-06
14,56.0,60.0,16,2868.602357,4.928645592e-05,3.605028562e-06
14,56.0,60.0,16,2870.63827,5.065304621e-05,3.669970862e-06
14,56.0,60.0,16,2872.674184,5.316540789e-05,4.050701828e-06
14,56.0,60.0,16,2874.710098,5.480924648e-05,4.304514253e-06
14,56.0,60.0,16,2876.746011,5.419076854e-05,4.100156412e-06
14,56.0,60.0,16,2878.781925,5.179271795e-05,3.65129998e-06
14,56.0,60.0,16,2880.817839,4.998313917e-05,3.017471003e-06
14,56.0,60.0,16,2882.853752,4.959601072e-05,2.718380137e-06
14,56.0,60.0,16,2884.889666,4.987690678e-05,2.891943924e-06
14,56.0,60.0,16,2886.92558,5.102934743e-05,3.295500927e-06
14,56.0,60.0,16,2888.961493,5.284311083e-05,3.645884268e-06
14,56.0,60.0,16,2890.997407,5.467449717e-05,3.463481894e-06
14,56.0,60.0,16,2893.033321,5.57609604e-05,3.090571011e-06
14,56.0,60.0,16,2895.069234,5.526305729e-05,3.107694821e-06
14,56.0,60.0,16,2897.105148,5.526242753e-05,3.205995049e-06
14,56.0,60.0,16,2899.141062,5.711105868e-05,3.501498752e-06
14,56.0,60.0,16,2901.176975,5.910371888e-05,3.54886209e-06
14,56.0,60.0,16,2903.212889,5.968532585e-05,3.246496779e-06
14,56.0,60.0,16,2905.248803,5.843164043e-05,3.099029953e-06
14,56.0,60.0,16,2907.284716,5.699953709e-05,2.998024734e-06
14,56.0,60.0,16,2909.32063,5.761049522e-05,3.565063626e-06
14,56.0,60.0,16,2911.356544,6.013692443e-05,3.859278637e-06
14,56.0,60.0,16,2913.392457,6.309468789e-05,3.604311068e-06
14,56.0,60.0,16,2915.428371,6.552528925e-05,3.656399478e-06
14,56.0,60.0,16,2917.464285,6.755684739e-05,3.58813613e-06
14,56.0,60.0,16,2919.500198,6.957621681e-05,4.030873237e-06
14,56.0,60.0,16,2921.536112,7.105965942e-05,4.45970663e-06
14,56.0,60.0,16,2923.572026,7.090733771e-05,4.200897577e-06
14,56.0,60.0,16,2925.607939,7.049748731e-05,3.909923564e-06
14,56.0,60.0,16,2927.643853,7.285378702e-05,4.045701328e-06
14,56.0,60.0,16,2929.679767,7.742917786e-05,4.74739172e-06
14,56.0,60.0,16,2931.71568,8.034147715e-05,5.691226475e-06
14,56.0,60.0,16,2933.751594,8.001286611e-05,6.417113204e-06
14,56.0,60.0,16,2935.787508,7.935775998e-05,7.099225041e-06
14,56.0,60.0,16,2937.823421,8.135014992e-05,7.590637951e-06
14,56.0,60.0,16,2939.859335,8.475150661e-05,6.974665736e-06
14,56.0,60.0,16,2941.895249,8.715781037e-05,5.774808782e-06
14,56.0,60.0,16,2943.931162,8.796239965e-05,5.225214759e-06
14,56.0,60.0,16,2945.967076,8.711735033e-05,5.106518257e-06
14,56.0,60.0,16,2948.00299,8.448784039e-05,4.761140018e-06
14,56.0,60.0,16,2950.038903,8.163187315e-05,4.531961359e-06
14,56.0,60.0,16,2952.074817,8.194978228e-05,4.462678141e-06
14,56.0,60.0,16,2954.110731,8.571783201e-05,4.494260852e-06
14,56.0,60.0,16,2956.146644,9.070223051e-05,5.084015167e-06
14,56.0,60.0,16,2958.182558,9.621621749e-05,5.76964561e-06
14,56.0,60.0,16,2960.218472,0.0001003013185,6.079110388e-06
14,56.0,60.0,16,2962.254385,0.0001045548889,6.155198451e-06
14,56.0,60.0,16,2964.290299,0.0001117575937,6.483464629e-06
14,56.0,60.0,16,2966.326213,0.000115104669,6.799804236e-06
14,56.0,60.0,16,2968.362126,0.0001115649971,7.017936186e-06
14,56.0,60.0,16,2970.39804,0.0001075037979,6.930635137e-06
14,56.0,60.0,16,2972.433954,0.0001065783906,6.762414824e-06
14,56.0,60.0,16,2974.469867,0.0001086763784,7.169606672e-06
14,56.0,60.0,16,2976.505781,0.0001121177379,7.146086507e-06
14,56.0,60.0,16,2978.541695,0.0001133672189,6.66064281e-06
14,56.0,60.0,16,2980.577608,0.0001115841125,6.464060076e-06
14,56.0,60.0,16,2982.613522,0.0001112088663,6.669738263e-06
14,56.0,60.0,16,2984.649436,0.0001153877952,7.476974228e-06
14,56.0,60.0,16,2986.685349,0.0001208260355,7.960056238e-06
14,56.0,60.0,16,2988.721263,0.0001234097553,8.157222717e-06
14,56.0,60.0,16,2990.757177,0.0001238295555,7.947822694e-06
14,56.0,60.0,16,2992.79309,0.0001251498827,7.775412804e-06
14,56.0,60.0,16,2994.829004,0.000126357485,7.556186719e-06
14,56.0,60.0,16,2996.864918,0.0001256247393,6.838214276e-06
14,56.0,60.0,16,2998.900831,0.0001246487523,6.050666072e-06
14,56.0,60.0,16,3000.936745,0.0001257678922,5.994622283e-06
14,56.0,60.0,16,3002.972659,0.0001319855382,6.369312723e-06
14,56.0,60.0,16,3005.008572,0.0001422655536,6.981142656e-06
14,56.0,60.0,16,3007.044486,0.0001496865434,7.990931985e-06
14,56.0,60.0,16,3009.0804,0.0001484496586,7.990127204e-06
14,56.0,60.0,16,3011.116313,0.0001419189713,7.30302825e-06
14,56.0,60.0,16,3013.152227,0.000138228343,6.789075731e-06
14,56.0,60.0,16,3015.188141,0.000138684331,6.218731064e-06
14,56.0,60.0,16,3017.224054,0.0001434076706,7.41714133e-06
14,56.0,60.0,16,3019.259968,0.0001513428619,7.990129297e-06
14,56.0,60.0,16,3021.295882,0.0001567427454,7.667822071e-06
14,56.0,60.0,16,3023.331795,0.0001583977297,7.370541923e-06
14,56.0,60.0,16,3025.367709,0.0001606553842,7.886774999e-06
14,56.0,60.0,16,3027.403623,0.0001668630784,8.24696566e-06
14,56.0,60.0,16,3029.439536,0.0001723835839,7.873352171e-06
14,56.0,60.0,16,3031.47545,0.0001716542749,7.56524984e-06
14,56.0,60.0,16,3033.511364,0.000170256304,8.137224181e-06
14,56.0,60.0,16,3035.547277,0.0001733854134,9.54763878e-06
14,56.0,60.0,16,3037.583191,0.0001744190528,1.02896885e-05
14,56.0,60.0,16,3039.619105,0.0001696533153,9.20967919e-06
14,56.0,60.0,16,3041.655018,0.0001707252838,7.548170554e-06
14,56.0,60.0,16,3043.690932,0.0001848436261,7.592465975e-06
14,56.0,60.0,16,3045.726846,0.0001991748214,8.532966037e-06
14,56.0,60.0,16,3047.762759,0.0002051631266,9.161303861e-06
14,56.0,60.0,16,3049.798673,0.0002077876597,1.00858591e-05
14,56.0,60.0,16,3051.834587,0.0002061110354,1.084290939e-05
14,56.0,60.0,16,3053.8705,0.0001988567088,1.131187084e-05
14,56.0,60.0,16,3055.906414,0.000190662711,1.094193542e-05
14,56.0,60.0,16,3057.942328,0.0001858551951,1.029981056e-05
14,56.0,60.0,16,3059.978241,0.000187644026,9.997868774e-06
14,56.0,60.0,16,3062.014155,0.0001938884341,1.114783468e-05
14,56.0,60.0,16,3064.050069,0.0002003859403,1.318486644e-05
14,56.0,60.0,16,3066.085982,0.0002107405331,1.345651815e-05
14,56.0,60.0,16,3068.121896,0.0002221413911,1.10611388e-05
14,56.0,60.0,16,3070.15781,0.0002237369074,9.972633672e-06
14,56.0,60.0,16,3072.193723,0.0002185368903,1.06144373e-05
14,56.0,60.0,16,3074.229637,0.000215147184,1.009148061e-05
14,56.0,60.0,16,3076.265551,0.0002164293708,9.918842819e-06
14,56.0,60.0,16,3078.301464,0.0002260706721,1.091700031e-05
14,56.0,60.0,16,3080.337378,0.000243149577,1.202445527e-05
14,56.0,60.0,16,3082.373292,0.0002530462048,1.168704616e-05
14,56.0,60.0,16,3084.409205,0.0002454588336,9.755027146e-06
14,56.0,60.0,16,3086.445119,0.0002332179797,8.103508239e-06
14,56.0,60.0,16,3088.481033,0.0002312155556,7.991315229e-06
14,56.0,60.0,16,3090.516946,0.0002316109017,9.541368731e-06
14,56.0,60.0,16,3092.55286,0.0002269700578,1.022970999e-05
14,56.0,60.0,16,3094.588774,0.000230082593,1.012733432e-05
14,56.0,60.0,16,3096.624687,0.0002441745686,9.66156466e-06
14,56.0,60.0,16,3098.660601,0.0002567016498,1.010886146e-05
14,56.0,60.0,16,3100.696515,0.0002658643438,1.140941236e-05
14,56.0,60.0,16,3102.732428,0.0002708817827,1.206446958e-05
14,56.0,60.0,16,3104.768342,0.0002646092083,1.341309105e-05
14,56.0,60.0,16,3106.804256,0.0002534171291,1.435574078e-05
14,56.0,60.0,16,3108.840169,0.0002473248511,1.352903649e-05
14,56.0,60.0,16,3110.876083,0.0002487842371,1.192504393e-05
14,56.0,60.0,16,3112.911997,0.0002577494814,1.113654644e-05
14,56.0,60.0,16,3114.94791,0.0002703487438,1.057964443e-05
14,56.0,60.0,16,3116.983824,0.0002813195253,1.069391998e-05
14,56.0,60.0,16,3119.019738,0.0002852180555,1.101049675e-05
14,56.0,60.0,16,3121.055651,0.0002790785653,9.999410116e-06
14,56.0,60.0,16,3123.091565,0.0002684004432,9.849824414e-06
14,56.0,60.0,16,3125.127479,0.0002659345668,1.141533835e-05
14,56.0,60.0,16,3127.163392,0.0002712884496,1.346044099e-05
14,56.0,60.0,16,3129.199306,0.0002771479509,1.401273808e-05
14,56.0,60.0,16,3131.23522,0.000286713426,1.317404941e-05
14,56.0,60.0,16,3133.271133,0.0002973325004,1.431043631e-05
14,56.0,60.0,16,3135.307047,0.0002982226464,1.526618906e-05
14,56.0,60.0,16,3137.342961,0.0002942631029,1.45726015e-05
14,56.0,60.0,16,3139.378874,0.0002999805128,1.524481811e-05
14,56.0,60.0,16,3141.414788,0.0003091612542,1.622991012e-05
14,56.0,60.0,16,3143.450702,0.0003087145487,1.549268676e-05
14,56.0,60.0,16,3145.486615,0.0003005070857,1.336552288e-05
14,56.0,60.0,16,3147.522529,0.0002944913419,1.301716745e-05
14,56.0,60.0,16,3149.558443,0.0002959585651,1.349300868e-05
14,56.0,60.0,16,3151.594356,0.0003023974399,1.332657532e-05
14,56.0,60.0,16,3153.63027,0.0003086452088,1.234837189e-05
14,56.0,60.0,16,3155.666184,0.0003096872785,1.206599622e-05
14,56.0,60.0,16,3157.702097,0.0003101244256,1.296056388e-05
14,56.0,60.0,16,3159.738011,0.0003147563387,1.273550181e-05
14,56.0,60.0,16,3161.773925,0.0003186465824,1.148673686e-05
14,56.0,60.0,16,3163.809838,0.0003184642634,1.068233248e-05
14,56.0,60.0,16,3165.845752,0.0003167824633,9.897681908e-06
14,56.0,60.0,16,3167.881666,0.0003192210315,1.002766598e-05
14,56.0,60.0,16,3169.917579,0.000324105999,1.041411253e-05
14,56.0,60.0,16,3171.953493,0.0003288087778,1.094863443e-05
14,56.0,60.0,16,3173.989407,0.0003346104397,1.202579008e-05
14,56.0,60.0,16,3176.02532,0.0003394398564,1.315073392e-05
14,56.0,60.0,16,3178.061234,0.0003420630168,1.318286747e-05
14,56.0,60.0,16,3180.097148,0.0003447374674,1.278580273e-05
14,56.0,60.0,16,3182.133061,0.0003491300509,1.303773201e-05
14,56.0,60.0,16,3184.168975,0.00035225479,1.362942823e-05
14,56.0,60.0,16,3186.204889,0.0003568320988,1.337917403e-05
14,56.0,60.0,16,3188.240802,0.0003634531214,1.28322191e-05
14,56.0,60.0,16,3190.276716,0.0003609940818,1.178221199e-05
14,56.0,60.0,16,3192.31263,0.0003503550863,1.203675189e-05
14,56.0,60.0,16,3194.348543,0.0003468683798,1.361334506e-05
14,56.0,60.0,16,3196.384457,0.0003542698246,1.450265609e-05
14,56.0,60.0,16,3198.420371,0.0003637719927,1.4910901e-05
14,56.0,60.0,16,3200.456284,0.0003644382971,1.548773374e-05
14,56.0,60.0,16,3202.492198,0.0003568863377,1.552152325e-05
14,56.0,60.0,16,3204.528112,0.0003599552945,1.504899861e-05
14,56.0,60.0,16,3206.564025,0.0003744200043,1.54115901e-05
14,56.0,60.0,16,3208.599939,0.0003793324399,1.540077376e-05
14,56.0,60.0,16,3210.635853,0.0003718884376,1.480475412e-05
14,56.0,60.0,16,3212.671766,0.0003653882953,1.44284083e-05
14,56.0,60.0,16,3214.70768,0.0003639381156,1.340431294e-05
14,56.0,60.0,16,3216.743594,0.0003648212714,1.376040057e-05
14,56.0,60.0,16,3218.779507,0.0003691861066,1.393694521e-05
14,56.0,60.0,16,3220.815421,0.0003788434985,1.364081858e-05
14,56.0,60.0,16,3222.851335,0.0003884728212,1.335021968e-05
14,56.0,60.0,16,3224.887248,0.000393131231,1.304843526e-05
14,56.0,60.0,16,3226.923162,0.0003944171967,1.282099083e-05
14,56.0,60.0,16,3228.959076,0.0003970078896,1.388377643e-05
14,56.0,60.0,16,3230.994989,0.0004017555445,1.410395161e-05
14,56.0,60.0,16,3233.030903,0.0004035595239,1.297938903e-05
14,56.0,60.0,16,3235.066817,0.0003972740838,1.155375217e-05
14,56.0,60.0,16,3237.10273,0.0003827969226,1.160772326e-05
14,56.0,60.0,16,3239.138644,0.0003690578043,1.279312402e-05
14,56.0,60.0,16,3241.174558,0.0003661470667,1.287317672e-05
14,56.0,60.0,16,3243.210472,0.0003736932127,1.158447836e-05
14,56.0,60.0,16,3245.246385,0.0003851036627,1.3826444e-05
14,56.0,60.0,16,3247.282299,0.000396777499,1.390177389e-05
14,56.0,60.0,16,3249.318213,0.0004067675667,1.17665169e-05
14,56.0,60.0,16,3251.354126,0.0004078719256,1.21079919e-05
14,56.0,60.0,16,3253.39004,0.0003979314959,1.393588581e-05
14,56.0,60.0,16,3255.425954,0.0003986716937,1.297180798e-05
14,56.0,60.0,16,3257.461867,0.0004152048553,1.15989155e-05
14,56.0,60.0,16,3259.497781,0.0004240127407,1.254984768e-05
14,56.0,60.0,16,3261.533695,0.0004213304209,1.399549668e-05
14,56.0,60.0,16,3263.569608,0.0004192283615,1.381948834e-05
14,56.0,60.0,16,3265.605522,0.0004224887939,1.320847776e-05
14,56.0,60.0,16,3267.641436,0.0004282692426,1.413072694e-05
14,56.0,60.0,16,3269.677349,0.000437530427,1.604537071e-05
14,56.0,60.0,16,3271.713263,0.0004470037781,1.691225328e-05
14,56.0,60.0,16,3273.749177,0.0004489641273,1.676233046e-05
14,56.0,60.0,16,3275.78509,0.000446162112,1.644413068e-05
14,56.0,60.0,16,3277.821004,0.0004424543933,1.644331242e-05
14,56.0,60.0,16,3279.856918,0.0004419856955,1.75937844e-05
14,56.0,60.0,16,3281.892831,0.0004461514956,1.785433377e-05
14,56.0,60.0,16,3283.928745,0.0004562411116,1.786199331e-05
14,56.0,60.0,16,3285.964659,0.0004690747986,1.701525564e-05
14,56.0,60.0,16,3288.000572,0.0004742787574,1.498174401e-05
14,56.0,60.0,16,3290.036486,0.0004766896871,1.405219949e-05
14,56.0,60.0,16,3292.0724,0.0004792242362,1.479473996e-05
14,56.0,60.0,16,3294.108313,0.0004746663995,1.520380102e-05
14,56.0,60.0,16,3296.144227,0.000466314152,1.48929712e-05
14,56.0,60.0,16,3298.180141,0.0004603976687,1.360059032e-05
14,56.0,60.0,16,3300.216054,0.0004585358315,1.285305241e-05
14,56.0,60.0,16,3302.251968,0.0004646796985,1.374183081e-05
14,56.0,60.0,16,3304.287882,0.000480566171,1.582468269e-05
14,56.0,60.0,16,3306.323795,0.0004907166928,1.6394944e-05
14,56.0,60.0,16,3308.359709,0.0004887005514,1.508542403e-05
14,56.0,60.0,16,3310.395623,0.0004838944192,1.532941442e-05
14,56.0,60.0,16,3312.431536,0.0004812542708,1.652092145e-05
14,56.0,60.0,16,3314.46745,0.0004915883721,1.66548018e-05
14,56.0,60.0,16,3316.503364,0.000510131779,1.649229162e-05
14,56.0,60.0,16,3318.539277,0.0005199285154,1.605979727e-05
14,56.0,60.0,16,3320.575191,0.0005202918991,1.821117048e-05
14,56.0,60.0,16,3322.611105,0.0005157414284,1.913811199e-05
14,56.0,60.0,16,3324.647018,0.000511091994,1.806548154e-05
14,56.0,60.0,16,3326.682932,0.0005062322644,1.978722925e-05
14,56.0,60.0,16,3328.718846,0.000498675445,2.124509058e-05
14,56.0,60.0,16,3330.754759,0.0004881400408,1.854853456e-05
14,56.0,60.0,16,3332.790673,0.0004797005221,1.62356713e-05
14,56.0,60.0,16,3334.826587,0.0004817132424,1.715230466e-05
14,56.0,60.0,16,3336.8625,0.000488259991,1.719758586e-05
14,56.0,60.0,16,3338.898414,0.0004915449961,1.558380738e-05
14,56.0,60.0,16,3340.934328,0.0004929266098,1.38560332e-05
14,56.0,60.0,16,3342.970241,0.0004970613245,1.555300139e-05
14,56.0,60.0,16,3345.006155,0.0005071840408,1.586133408e-05
14,56.0,60.0,16,3347.042069,0.0005181547544,1.610584715e-05
14,56.0,60.0,16,3349.077982,0.0005232672023,1.749197306e-05
14,56.0,60.0,16,3351.113896,0.0005261163928,1.694812998e-05
14,56.0,60.0,16,3353.14981,0.0005303517763,1.590468254e-05
14,56.0,60.0,16,3355.185723,0.0005321608114,1.532255219e-05
14,56.0,60.0,16,3357.221637,0.0005376275421,1.488993405e-05
14,56.0,60.0,16,3359.257551,0.0005509179509,1.582004225e-05
14,56.0,60.0,16,3361.293464,0.0005654940659,1.738369818e-05
14,56.0,60.0,16,3363.329378,0.0005725390948,1.87700423e-05
14,56.0,60.0,16,3365.365292,0.0005669223731,2.04907542e-05
14,56.0,60.0,16,3367.401205,0.0005611884735,2.037463465e-05
14,56.0,60.0,16,3369.437119,0.000560575749,1.717542175e-05
14,56.0,60.0,16,3371.473033,0.0005638289614,1.845773497e-05
14,56.0,60.0,16,3373.508946,0.0005725612661,2.222704652e-05
14,56.0,60.0,16,3375.54486,0.0005737701002,2.149454779e-05
14,56.0,60.0,16,3377.580774,0.0005586074456,1.89563985e-05
14,56.0,60.0,16,3379.616687,0.0005374908325,1.768633665e-05
14,56.0,60.0,16,3381.652601,0.0005272812653,1.727033606e-05
14,56.0,60.0,16,3383.688515,0.000535748308,1.55350471e-05
14,56.0,60.0,16,3385.724428,0.0005488905506,1.665819899e-05
14,56.0,60.0,16,3387.760342,0.0005486100533,2.079186975e-05
14,56.0,60.0,16,3389.796256,0.0005405567442,2.150945322e-05
14,56.0,60.0,16,3391.832169,0.0005326774017,1.986847187e-05
14,56.0,60.0,16,3393.868083,0.0005255312079,1.949268172e-05
14,56.0,60.0,16,3395.903997,0.0005281367313,2.081818475e-05
14,56.0,60.0,16,3397.93991,0.0005388143365,1.90668784e-05
14,56.0,60.0,16,3399.975824,0.0005386762919,1.670092304e-05
14,56.0,60.0,16,3402.011738,0.000528659963,1.720436068e-05
14,56.0,60.0,16,3404.047651,0.0005313843328,1.949824447e-05
14,56.0,60.0,16,3406.083565,0.0005411263448,2.083646628e-05
14,56.0,60.0,16,3408.119479,0.0005338979712,1.972157901e-05
14,56.0,60.0,16,3410.155392,0.0005197801922,1.846755182e-05
14,56.0,60.0,16,3412.191306,0.0005170394401,1.88508367e-05
14,56.0,60.0,16,3414.22722,0.0005180562199,1.833592568e-05
14,56.0,60.0,16,3416.263133,0.0005156336517,1.69784145e-05
14,56.0,60.0,16,3418.299047,0.0005149965588,1.770293789e-05
14,56.0,60.0,16,3420.334961,0.0005162573035,1.928458599e-05
14,56.0,60.0,16,3422.370874,0.0005160869121,1.793220756e-05
14,56.0,60.0,16,3424.406788,0.0005187804583,1.762789967e-05
14,56.0,60.0,16,3426.442702,0.0005261515742,1.869999181e-05
14,56.0,60.0,16,3428.478615,0.0005285004625,1.771242769e-05
14,56.0,60.0,16,3430.514529,0.0005148987782,1.542748742e-05
14,56.0,60.0,16,3432.550443,0.0004948743225,1.649528465e-05
14,56.0,60.0,16,3434.586356,0.0004836798843,1.951313974e-05
14,56.0,60.0,16,3436.62227,0.0004777387047,1.832876875e-05
14,56.0,60.0,16,3438.658184,0.0004720042684,1.468836663e-05
14,56.0,60.0,16,3440.694097,0.0004721825401,1.439218446e-05
14,56.0,60.0,16,3442.730011,0.0004756934589,1.68204541e-05
14,56.0,60.0,16,3444.765925,0.0004769089168,1.872756902e-05
14,56.0,60.0,16,3446.801838,0.0004794670175,1.704217726e-05
14,56.0,60.0,16,3448.837752,0.0004824879138,1.726208945e-05
14,56.0,60.0,16,3450.873666,0.0004800323816,1.729557804e-05
14,56.0,60.0,16,3452.909579,0.0004685241702,1.639807028e-05
14,56.0,60.0,16,3454.945493,0.0004491942739,1.539771069e-05
14,56.0,60.0,16,3456.981407,0.0004324125812,1.522544625e-05
14,56.0,60.0,16,3459.01732,0.0004321836469,1.643681439e-05
14,56.0,60.0,16,3461.053234,0.0004465843987,1.625202513e-05
14,56.0,60.0,16,3463.089148,0.000459585226,1.665853842e-05
14,56.0,60.0,16,3465.125061,0.0004624946626,1.817999609e-05
14,56.0,60.0,16,3467.160975,0.0004642357441,1.934046855e-05
14,56.0,60.0,16,3469.196889,0.0004715538489,2.064534398e-05
14,56.0,60.0,16,3471.232802,0.0004730779484,2.188339393e-05
14,56.0,60.0,16,3473.268716,0.0004549076782,2.204472467e-05
14,56.0,60.0,16,3475.30463,0.0004247424745,2.22756023e-05
14,56.0,60.0,16,3477.340543,0.0004073259536,2.041827757e-05
14,56.0,60.0,16,3479.376457,0.0004143043986,1.887630096e-05
14,56.0,60.0,16,3481.412371,0.0004282589285,1.840070683e-05
14,56.0,60.0,16,3483.448284,0.000426367082,1.870291248e-05
14,56.0,60.0,16,3485.484198,0.0004101486678,1.879996886e-05
14,56.0,60.0,16,3487.520112,0.0003920182095,1.743236147e-05
14,56.0,60.0,16,3489.556025,0.0003791382938,1.697031291e-05
14,56.0,60.0,16,3491.591939,0.0003731068437,1.865703106e-05
14,56.0,60.0,16,3493.627853,0.0003681507106,1.877912052e-05
14,56.0,60.0,16,3495.663766,0.0003628078345,1.740789141e-05
14,56.0,60.0,16,3497.69968,0.0003609550086,1.663078052e-05
14,56.0,60.0,16,3499.735594,0.0003625143274,1.61271454e-05
14,56.0,60.0,16,3501.771507,0.0003609182069,1.604431519e-05
14,56.0,60.0,16,3503.807421,0.000345632964,1.485559603e-05
14,56.0,60.0,16,3505.843335,0.0003288095618,1.261023917e-05
14,56.0,60.0,16,3507.879248,0.0003319712863,1.310981226e-05
14,56.0,60.0,16,3509.915162,0.0003388389317,1.528728246e-05
14,56.0,60.0,16,3511.951076,0.0003324519011,1.556164911e-05
14,56.0,60.0,16,3513.986989,0.0003248552917,1.550920747e-05
14,56.0,60.0,16,3516.022903,0.0003215004759,1.589030662e-05
14,56.0,60.0,16,3518.058817,0.0003215270208,1.536415583e-05
14,56.0,60.0,16,3520.09473,0.0003251329389,1.465780642e-05
14,56.0,60.0,16,3522.130644,0.0003282793291,1.440993496e-05
14,56.0,60.0,16,3524.166558,0.0003248352961,1.320867809e-05
14,56.0,60.0,16,3526.202471,0.0003101429632,1.265593098e-05
14,56.0,60.0,16,3528.238385,0.0002968265457,1.273127994e-05
14,56.0,60.0,16,3530.274299,0.0003001850853,1.404139784e-05
14,56.0,60.0,16,3532.310212,0.0003110981054,1.656401282e-05
14,56.0,60.0,16,3534.346126,0.00031278466,1.81655054e-05
14,56.0,60.0,16,3536.38204,0.0003055603997,1.724026303e-05
14,56.0,60.0,16,3538.417953,0.0002997492685,1.516104259e-05
14,56.0,60.0,16,3540.453867,0.0002999761353,1.41363169e-05
14,56.0,60.0,16,3542.489781,0.000300660524,1.424241986e-05
14,56.0,60.0,16,3544.525694,0.0002920889372,1.428866882e-05
14,56.0,60.0,16,3546.561608,0.0002765218422,1.347198778e-05
14,56.0,60.0,16,3548.597522,0.0002637873375,1.199671573e-05
14,56.0,60.0,16,3550.633435,0.0002565222101,1.122234081e-05
14,56.0,60.0,16,3552.669349,0.0002533819062,1.147364502e-05
14,56.0,60.0,16,3554.705263,0.0002553929879,1.220836721e-05
14,56.0,60.0,16,3556.741176,0.0002588979863,1.303724917e-05
14,56.0,60.0,16,3558.77709,0.0002598452392,1.401662906e-05
14,56.0,60.0,16,3560.813004,0.0002609580149,1.449149219e-05
14,56.0,60.0,16,3562.848917,0.0002621701881,1.3851333e-05
14,56.0,60.0,16,3564.884831,0.000260992794,1.322021528e-05
14,56.0,60.0,16,3566.920745,0.0002561691319,1.329143631e-05
14,56.0,60.0,16,3568.956658,0.0002471463385,1.25239782e-05
14,56.0,60.0,16,3570.992572,0.0002357025145,1.134260514e-05
14,56.0,60.0,16,3573.028486,0.0002270782446,1.147841442e-05
14,56.0,60.0,16,3575.064399,0.0002272175486,1.226595766e-05
14,56.0,60.0,16,3577.100313,0.000233804191,1.237570329e-05
14,56.0,60.0,16,3579.136227,0.0002387171371,1.234908796e-05
14,56.0,60.0,16,3581.17214,0.0002354844275,1.217277927e-05
14,56.0,60.0,16,3583.208054,0.0002268019581,1.169879453e-05
14,56.0,60.0,16,3585.243968,0.0002200251414,1.163115416e-05
14,56.0,60.0,16,3587.279881,0.0002188182782,1.224303726e-05
14,56.0,60.0,16,3589.315795,0.0002227222137,1.263101128e-05
14,56.0,60.0,16,3591.351709,0.0002261445175,1.378481839e-05
14,56.0,60.0,16,3593.387622,0.0002284131149,1.556633976e-05
14,56.0,60.0,16,3595.423536,0.0002322000349,1.749433912e-05
14,56.0,60.0,16,3597.45945,0.0002335190899,1.906245638e-05
14,56.0,60.0,16,3599.495363,0.000231438737,1.952474463e-05
14,56.0,60.0,16,3601.531277,0.0002310666611,1.788891654e-05
14,56.0,60.0,16,3603.567191,0.0002290914493,1.524328604e-05
14,56.0,60.0,16,3605.603104,0.0002187203034,1.220499739e-05
14,56.0,60.0,16,3607.639018,0.000209281655,1.110475771e-05
14,56.0,60.0,16,3609.674932,0.0002142223701,1.359865092e-05
14,56.0,60.0,16,3611.710845,0.0002307883169,2.120368222e-05
14,56.0,60.0,16,3613.746759,0.0002475301259,2.939203041e-05
14,56.0,60.0,16,3615.782673,0.0002554206314,3.224378337e-05
14,56.0,60.0,16,3617.818586,0.0002536664517,3.041152803e-05
14,56.0,60.0,16,3619.8545,0.000251677464,2.945611608e-05
14,56.0,60.0,16,3621.890414,0.000254554766,3.019654754e-05
14,56.0,60.0,16,3623.926327,0.0002523656301,2.777488303e-05
14,56.0,60.0,16,3625.962241,0.000239234627,2.161135822e-05
14,56.0,60.0,16,3627.998155,0.0002272186442,1.840592851e-05
14,56.0,60.0,16,3630.034068,0.0002252318451,1.873624177e-05
14,56.0,60.0,16,3632.069982,0.0002250872939,1.945321757e-05
14,56.0,60.0,16,3634.105896,0.0002195333841,1.762543409e-05
14,56.0,60.0,16,3636.141809,0.0002203573419,1.618078766e-05
14,56.0,60.0,16,3638.177723,0.000238757885,2.659438688e-05
14,56.0,60.0,16,3640.213637,0.0002638660832,4.33262815e-05
14,56.0,60.0,16,3642.24955,0.000274968254,4.606358994e-05
14,56.0,60.0,16,3644.285464,0.0002612973358,3.448593559e-05
14,56.0,60.0,16,3646.321378,0.0002366699886,2.349829414e-05
14,56.0,60.0,16,3648.357291,0.000223670011,1.802784103e-05
14,56.0,60.0,16,3650.393205,0.0002332736102,1.937742752e-05
14,56.0,60.0,16,3652.429119,0.0002572243093,2.327575011e-05
14,56.0,60.0,16,3654.465032,0.0002691472,2.251930999e-05
14,56.0,60.0,16,3656.500946,0.0002628543983,2.190162592e-05
14,56.0,60.0,16,3658.53686,0.000258929141,2.15065092e-05
14,56.0,60.0,16,3660.572773,0.0002644889782,2.193552738e-05
14,56.0,60.0,16,3662.608687,0.0002745138043,2.405982957e-05
14,56.0,60.0,16,3664.644601,0.0002906304901,2.584289777e-05
14,56.0,60.0,16,3666.680514,0.0003124195096,2.837422703e-05
14,56.0,60.0,16,3668.716428,0.0003388262779,3.186353944e-05
14,56.0,60.0,16,3670.752342,0.0003768101113,3.272861471e-05
14,56.0,60.0,16,3672.788255,0.0004157116003,3.111054707e-05
14,56.0,60.0,16,3674.824169,0.0004294973048,3.539179609e-05
14,56.0,60.0,16,3676.860083,0.0004284670437,4.222861667e-05
14,56.0,60.0,16,3678.895996,0.0004296396895,4.045644813e-05
14,56.0,60.0,16,3680.93191,0.000414494906,3.36888886e-05
14,56.0,60.0,16,3682.967824,0.0003872848052,3.614876313e-05
14,56.0,60.0,16,3685.003737,0.0003847420216,4.274967262e-05
14,56.0,60.0,16,3687.039651,0.0004185743285,4.693251484e-05
14,56.0,60.0,16,3689.075565,0.0004596008353,4.734136106e-05
14,56.0,60.0,16,3691.111478,0.0004656519608,4.294169205e-05
14,56.0,60.0,16,3693.147392,0.0004363142448,3.987122296e-05
14,56.0,60.0,16,3695.183306,0.0004284250756,3.819413468e-05
14,56.0,60.0,16,3697.219219,0.0004587392679,3.636450135e-05
14,56.0,60.0,16,3699.255133,0.0004819115119,3.464761726e-05
14,56.0,60.0,16,3701.291047,0.0004903559721,3.419565942e-05
14,56.0,60.0,16,3703.32696,0.0004988224392,3.863031404e-05
14,56.0,60.0,16,3705.362874,0.0005035731936,4.508557875e-05
14,56.0,60.0,16,3707.398788,0.0004928703591,4.750482883e-05
14,56.0,60.0,16,3709.434701,0.000471327865,4.523994159e-05
14,56.0,60.0,16,3711.470615,0.0004561216933,3.827265951e-05
14,56.0,60.0,16,3713.506529,0.0004414869258,3.163095358e-05
14,56.0,60.0,16,3715.542442,0.0004140453872,3.052566596e-05
14,56.0,60.0,16,3717.578356,0.0003732250215,2.837309149e-05
14,56.0,60.0,16,3719.61427,0.0003356108457,2.226095081e-05
14,56.0,60.0,16,3721.650183,0.0003162113259,2.185998631e-05
14,56.0,60.0,16,3723.686097,0.0003107154575,2.391039267e-05
14,56.0,60.0,16,3725.722011,0.0003053892297,2.518794246e-05
14,56.0,60.0,16,3727.757924,0.0002962132535,2.4427598e-05
14,56.0,60.0,16,3729.793838,0.0002851850577,2.240823157e-05
14,56.0,60.0,16,3731.829752,0.0002754237738,2.142536512e-05
14,56.0,60.0,16,3733.865665,0.0002690551366,2.168969808e-05
14,56.0,60.0,16,3735.901579,0.0002680639293,2.226595982e-05
14,56.0,60.0,16,3737.937493,0.0002703551879,2.21686055e-05
14,56.0,60.0,16,3739.973406,0.0002677914805,2.378263273e-05
14,56.0,60.0,16,3742.00932,0.0002627319524,2.73439419e-05
14,56.0,60.0,16,3744.045234,0.0002581818077,2.842017604e-05
14,56.0,60.0,16,3746.081147,0.0002509628342,2.606674145e-05
14,56.0,60.0,16,3748.117061,0.0002453356574,2.192692009e-05
14,56.0,60.0,16,3750.152975,0.0002467133648,2.072461652e-05
14,56.0,60.0,16,3752.188888,0.0002505131828,2.221863499e-05
14,56.0,60.0,16,3754.224802,0.0002455001562,2.167266203e-05
14,56.0,60.0,16,3756.260716,0.0002373279245,2.383181225e-05
14,56.0,60.0,16,3758.296629,0.0002368627959,2.559055406e-05
14,56.0,60.0,16,3760.332543,0.0002328208704,2.072699274e-05
14,56.0,60.0,16,3762.368457,0.0002243415745,1.746745254e-05
14,56.0,60.0,16,3764.40437,0.0002241420656,1.939205408e-05
14,56.0,60.0,16,3766.440284,0.0002286277084,2.091349694e-05
14,56.0,60.0,16,3768.476198,0.0002301043739,2.189821426e-05
14,56.0,60.0,16,3770.512111,0.0002261363484,2.054834539e-05
14,56.0,60.0,16,3772.548025,0.0002159240325,1.732586138e-05
14,56.0,60.0,16,3774.583939,0.000208127594,1.505666452e-05
14,56.0,60.0,16,3776.619852,0.0002047093084,1.544982557e-05
14,56.0,60.0,16,3778.655766,0.0001933565573,1.55419453e-05
14,56.0,60.0,16,3780.69168,0.0001728293044,1.448559701e-05
14,56.0,60.0,16,3782.727593,0.0001531527805,1.216376931e-05
14,56.0,60.0,16,3784.763507,0.000137137087,1.151932372e-05
14,56.0,60.0,16,3786.799421,0.0001197092589,1.086146048e-05
14,56.0,60.0,16,3788.835334,0.0001032128571,9.018743045e-06
14,56.0,60.0,16,3790.871248,9.177246904e-05,6.682436634e-06
14,56.0,60.0,16,3792.907162,8.436936002e-05,5.122528807e-06
14,56.0,60.0,16,3794.943075,8.068108159e-05,4.98357394e-06
14,56.0,60.0,16,3796.978989,7.793063703e-05,4.93854358e-06
14,56.0,60.0,16,3799.014903,7.358462106e-05,4.534926497e-06
14,56.0,60.0,16,3801.050816,6.756472778e-05,3.961590874e-06
14,56.0,60.0,16,3803.08673,6.037825526e-05,3.707684208e-06
14,56.0,60.0,16,3805.122644,5.559157362e-05,3.770362842e-06
14,56.0,60.0,16,3807.158557,5.475866167e-05,3.598940341e-06
14,56.0,60.0,16,3809.194471,5.423762173e-05,3.331991196e-06
14,56.0,60.0,16,3811.230385,5.201745128e-05,2.992291441e-06
14,56.0,60.0,16,3813.266298,4.911077812e-05,2.55339834e-06
14,56.0,60.0,16,3815.302212,4.662656984e-05,2.408151521e-06
14,56.0,60.0,16,3817.338126,4.525026439e-05,2.634501582e-06
14,56.0,60.0,16,3819.374039,4.523864473e-05,3.493106249e-06
14,56.0,60.0,16,3821.409953,4.50236972e-05,4.489328265e-06
14,56.0,60.0,16,3823.445867,4.234010043e-05,4.144763181e-06
14,56.0,60.0,16,3825.48178,3.818311332e-05,3.051571273e-06
14,56.0,60.0,16,3827.517694,3.583419391e-05,2.430422239e-06
14,56.0,60.0,16,3829.553608,3.603358663e-05,2.171613271e-06
14,56.0,60.0,16,3831.589521,3.624502932e-05,2.378466293e-06
14,56.0,60.0,16,3833.625435,3.493584761e-05,2.416407026e-06
14,56.0,60.0,16,3835.661349,3.366124456e-05,2.34598596e-06
14,56.0,60.0,16,3837.697262,3.356591608e-05,2.246496356e-06
14,56.0,60.0,16,3839.733176,3.373402843e-05,2.325580635e-06
14,56.0,60.0,16,3841.76909,3.30678273e-05,2.416553792e-06
14,56.0,60.0,16,3843.805003,3.17612317e-05,2.266114406e-06
14,56.0,60.0,16,3845.840917,3.094998579e-05,2.071960177e-06
14,56.0,60.0,16,3847.876831,3.091485281e-05,1.986060115e-06
14,56.0,60.0,16,3849.912744,3.097380193e-05,1.968259585e-06
14,56.0,60.0,16,3851.948658,3.090536407e-05,2.210958365e-06
14,56.0,60.0,16,3853.984572,3.105840894e-05,2.509892176e-06
14,56.0,60.0,16,3856.020485,3.140222839e-05,2.602947324e-06
14,56.0,60.0,16,3858.056399,3.187759346e-05,2.72528498e-06
14,56.0,60.0,16,3860.092313,3.297636526e-05,3.27300461e-06
14,56.0,60.0,16,3862.128226,3.482350247e-05,5.02174403e-06
14,56.0,60.0,16,3864.16414,3.563189414e-05,6.619648809e-06
14,56.0,60.0,16,3866.200054,3.367700625e-05,5.576974266e-06
14,56.0,60.0,16,3868.235967,3.096164601e-05,3.57059816e-06
14,56.0,60.0,16,3870.271881,2.985340433e-05,3.321790126e-06
14,56.0,60.0,16,3872.307795,2.91351206e-05,2.729641238e-06
14,56.0,60.0,16,3874.343708,2.742746459e-05,1.862164757e-06
14,56.0,60.0,16,3876.379622,2.579748196e-05,1.504939372e-06
14,56.0,60.0,16,3878.415536,2.527727125e-05,1.330640759e-06
14,56.0,60.0,16,3880.451449,2.531397297e-05,1.238407775e-06
14,56.0,60.0,16,3882.487363,2.552976314e-05,1.289879607e-06
14,56.0,60.0,16,3884.523277,2.613793387e-05,1.468141532e-06
14,56.0,60.0,16,3886.55919,2.704638252e-05,1.952770535e-06
14,56.0,60.0,16,3888.595104,2.800172337e-05,2.21606659e-06
14,56.0,60.0,16,3890.631018,2.856850361e-05,2.03035979e-06
14,56.0,60.0,16,3892.666931,2.860003268e-05,1.914872254e-06
14,56.0,60.0,16,3894.702845,2.823677478e-05,1.977449463e-06
14,56.0,60.0,16,3896.738759,2.780514405e-05,1.720721971e-06
14,56.0,60.0,16,3898.774672,2.798164893e-05,1.472870433e-06
14,56.0,60.0,16,3900.810586,2.867089819e-05,1.574787391e-06
14,56.0,60.0,16,3902.8465,2.869889306e-05,1.669577048e-06
14,56.0,60.0,16,3904.882413,2.810112559e-05,1.773865788e-06
14,56.0,60.0,16,3906.918327,2.8193224e-05,1.997753226e-06
14,56.0,60.0,16,3908.954241,2.877117637e-05,2.19662767e-06
14,56.0,60.0,16,3910.990154,2.810119136e-05,1.932284124e-06
14,56.0,60.0,16,3913.026068,2.665441493e-05,1.513992565e-06
14,56.0,60.0,16,3915.061982,2.672226523e-05,1.579631396e-06
14,56.0,60.0,16,3917.097895,2.820651502e-05,1.803903389e-06
14,56.0,60.0,16,3919.133809,2.939653036e-05,1.805830688e-06
14,56.0,60.0,16,3921.169723,2.959915322e-05,1.781725824e-06
14,56.0,60.0,16,3923.205636,2.84874413e-05,1.727075873e-06
14,56.0,60.0,16,3925.24155,2.675437189e-05,1.544935041e-06
14,56.0,60.0,16,3927.277464,2.573999897e-05,1.356871326e-06
14,56.0,60.0,16,3929.313377,2.498133293e-05,1.207427562e-06
14,56.0,60.0,16,3931.349291,2.393551656e-05,1.196986138e-06
14,56.0,60.0,16,3933.385205,2.329158724e-05,1.098454304e-06
14,56.0,60.0,16,3935.421118,2.343375695e-05,1.174049767e-06
14,56.0,60.0,16,3937.457032,2.393970386e-05,1.44243765e-06
14,56.0,60.0,16,3939.492946,2.435350976e-05,1.629069027e-06
14,56.0,60.0,16,3941.528859,2.443019907e-05,1.647282918e-06
14,56.0,60.0,16,3943.564773,2.365916742e-05,1.560762158e-06
14,56.0,60.0,16,3945.600687,2.227089936e-05,1.350900607e-06
14,56.0,60.0,16,3947.6366,2.103297843e-05,1.097697525e-06
14,56.0,60.0,16,3949.672514,2.035563878e-05,1.023556765e-06
14,56.0,60.0,16,3951.708428,2.043669238e-05,1.088659879e-06
14,56.0,60.0,16,3953.744341,2.07982531e-05,1.139208889e-06
14,56.0,60.0,16,3955.780255,2.106174933e-05,1.211008903e-06
14,56.0,60.0,16,3957.816169,2.12128947e-05,1.330187156e-06
14,56.0,60.0,16,3959.852082,2.105440105e-05,1.478741965e-06
14,56.0,60.0,16,3961.887996,2.088290251e-05,1.557155759e-06
14,56.0,60.0,16,3963.92391,2.087757852e-05,1.383482921e-06
14,56.0,60.0,16,3965.959823,2.077282395e-05,1.168625555e-06
14,56.0,60.0,16,3967.995737,2.063604088e-05,9.569168692e-07
14,56.0,60.0,16,3970.031651,2.051115948e-05,8.747649939e-07
14,56.0,60.0,16,3972.067564,2.02001896e-05,8.577159166e-07
14,56.0,60.0,16,3974.103478,1.987082338e-05,9.193891033e-07
14,56.0,60.0,16,3976.139392,1.957971149e-05,9.498880374e-07
14,56.0,60.0,16,3978.175305,1.915812635e-05,8.642813272e-07
14,56.0,60.0,16,3980.211219,1.876142148e-05,8.230030074e-07
14,56.0,60.0,16,3982.247133,1.853766908e-05,8.406216343e-07
14,56.0,60.0,16,3984.283046,1.853170522e-05,7.965763458e-07
14,56.0,60.0,16,3986.31896,1.870641714e-05,7.33350191e-07
14,56.0,60.0,16,3988.354874,1.873040382e-05,7.012318854e-07
14,56.0,60.0,16,3990.390787,1.856865877e-05,6.779864824e-07
14,56.0,60.0,16,3992.426701,1.842004121e-05,6.558260841e-07
14,56.0,60.0,16,3994.462615,1.8384696e-05,6.350681806e-07
14,56.0,60.0,16,3996.498528,1.837675603e-05,6.431954958e-07
14,56.0,60.0,16,3998.534442,1.816399587e-05,6.0848947e-07
