system,r_A,pair,ML_g,ML_sem,DFT_validation_g,DFT_validation_sem,ML_minus_DFT_validation
Youshui,0.00500,O-H,0,0,0,0,0
Youshui,0.00500,O-O,0,0,0,0,0
Youshui,0.01500,O-H,0,0,0,0,0
Youshui,0.01500,O-O,0,0,0,0,0
Youshui,0.02500,O-H,0,0,0,0,0
Youshui,0.02500,O-O,0,0,0,0,0
Youshui,0.03500,O-H,0,0,0,0,0
Youshui,0.03500,O-O,0,0,0,0,0
Youshui,0.04500,O-H,0,0,0,0,0
Youshui,0.04500,O-O,0,0,0,0,0
Youshui,0.05500,O-H,0,0,0,0,0
Youshui,0.05500,O-O,0,0,0,0,0
Youshui,0.06500,O-H,0,0,0,0,0
Youshui,0.06500,O-O,0,0,0,0,0
Youshui,0.07500,O-H,0,0,0,0,0
Youshui,0.07500,O-O,0,0,0,0,0
Youshui,0.08500,O-H,0,0,0,0,0
Youshui,0.08500,O-O,0,0,0,0,0
Youshui,0.09500,O-H,0,0,0,0,0
Youshui,0.09500,O-O,0,0,0,0,0
Youshui,0.10500,O-H,0,0,0,0,0
Youshui,0.10500,O-O,0,0,0,0,0
Youshui,0.11500,O-H,0,0,0,0,0
Youshui,0.11500,O-O,0,0,0,0,0
Youshui,0.12500,O-H,0,0,0,0,0
Youshui,0.12500,O-O,0,0,0,0,0
Youshui,0.13500,O-H,0,0,0,0,0
Youshui,0.13500,O-O,0,0,0,0,0
Youshui,0.14500,O-H,0,0,0,0,0
Youshui,0.14500,O-O,0,0,0,0,0
Youshui,0.15500,O-H,0,0,0,0,0
Youshui,0.15500,O-O,0,0,0,0,0
Youshui,0.16500,O-H,0,0,0,0,0
Youshui,0.16500,O-O,0,0,0,0,0
Youshui,0.17500,O-H,0,0,0,0,0
Youshui,0.17500,O-O,0,0,0,0,0
Youshui,0.18500,O-H,0,0,0,0,0
Youshui,0.18500,O-O,0,0,0,0,0
Youshui,0.19500,O-H,0,0,0,0,0
Youshui,0.19500,O-O,0,0,0,0,0
Youshui,0.20500,O-H,0,0,0,0,0
Youshui,0.20500,O-O,0,0,0,0,0
Youshui,0.21500,O-H,0,0,0,0,0
Youshui,0.21500,O-O,0,0,0,0,0
Youshui,0.22500,O-H,0,0,0,0,0
Youshui,0.22500,O-O,0,0,0,0,0
Youshui,0.23500,O-H,0,0,0,0,0
Youshui,0.23500,O-O,0,0,0,0,0
Youshui,0.24500,O-H,0,0,0,0,0
Youshui,0.24500,O-O,0,0,0,0,0
Youshui,0.25500,O-H,0,0,0,0,0
Youshui,0.25500,O-O,0,0,0,0,0
Youshui,0.26500,O-H,0,0,0,0,0
Youshui,0.26500,O-O,0,0,0,0,0
Youshui,0.27500,O-H,0,0,0,0,0
Youshui,0.27500,O-O,0,0,0,0,0
Youshui,0.28500,O-H,0,0,0,0,0
Youshui,0.28500,O-O,0,0,0,0,0
Youshui,0.29500,O-H,0,0,0,0,0
Youshui,0.29500,O-O,0,0,0,0,0
Youshui,0.30500,O-H,0,0,0,0,0
Youshui,0.30500,O-O,0,0,0,0,0
Youshui,0.31500,O-H,0,0,0,0,0
Youshui,0.31500,O-O,0,0,0,0,0
Youshui,0.32500,O-H,0,0,0,0,0
Youshui,0.32500,O-O,0,0,0,0,0
Youshui,0.33500,O-H,0,0,0,0,0
Youshui,0.33500,O-O,0,0,0,0,0
Youshui,0.34500,O-H,0,0,0,0,0
Youshui,0.34500,O-O,0,0,0,0,0
Youshui,0.35500,O-H,0,0,0,0,0
Youshui,0.35500,O-O,0,0,0,0,0
Youshui,0.36500,O-H,0,0,0,0,0
Youshui,0.36500,O-O,0,0,0,0,0
Youshui,0.37500,O-H,0,0,0,0,0
Youshui,0.37500,O-O,0,0,0,0,0
Youshui,0.38500,O-H,0,0,0,0,0
Youshui,0.38500,O-O,0,0,0,0,0
Youshui,0.39500,O-H,0,0,0,0,0
Youshui,0.39500,O-O,0,0,0,0,0
Youshui,0.40500,O-H,0,0,0,0,0
Youshui,0.40500,O-O,0,0,0,0,0
Youshui,0.41500,O-H,0,0,0,0,0
Youshui,0.41500,O-O,0,0,0,0,0
Youshui,0.42500,O-H,0,0,0,0,0
Youshui,0.42500,O-O,0,0,0,0,0
Youshui,0.43500,O-H,0,0,0,0,0
Youshui,0.43500,O-O,0,0,0,0,0
Youshui,0.44500,O-H,0,0,0,0,0
Youshui,0.44500,O-O,0,0,0,0,0
Youshui,0.45500,O-H,0,0,0,0,0
Youshui,0.45500,O-O,0,0,0,0,0
Youshui,0.46500,O-H,0,0,0,0,0
Youshui,0.46500,O-O,0,0,0,0,0
Youshui,0.47500,O-H,0,0,0,0,0
Youshui,0.47500,O-O,0,0,0,0,0
Youshui,0.48500,O-H,0,0,0,0,0
Youshui,0.48500,O-O,0,0,0,0,0
Youshui,0.49500,O-H,0,0,0,0,0
Youshui,0.49500,O-O,0,0,0,0,0
Youshui,0.50500,O-H,0,0,0,0,0
Youshui,0.50500,O-O,0,0,0,0,0
Youshui,0.51500,O-H,0,0,0,0,0
Youshui,0.51500,O-O,0,0,0,0,0
Youshui,0.52500,O-H,0,0,0,0,0
Youshui,0.52500,O-O,0,0,0,0,0
Youshui,0.53500,O-H,0,0,0,0,0
Youshui,0.53500,O-O,0,0,0,0,0
Youshui,0.54500,O-H,0,0,0,0,0
Youshui,0.54500,O-O,0,0,0,0,0
Youshui,0.55500,O-H,0,0,0,0,0
Youshui,0.55500,O-O,0,0,0,0,0
Youshui,0.56500,O-H,0,0,0,0,0
Youshui,0.56500,O-O,0,0,0,0,0
Youshui,0.57500,O-H,0,0,0,0,0
Youshui,0.57500,O-O,0,0,0,0,0
Youshui,0.58500,O-H,0,0,0,0,0
Youshui,0.58500,O-O,0,0,0,0,0
Youshui,0.59500,O-H,0,0,0,0,0
Youshui,0.59500,O-O,0,0,0,0,0
Youshui,0.60500,O-H,0,0,0,0,0
Youshui,0.60500,O-O,0,0,0,0,0
Youshui,0.61500,O-H,0,0,0,0,0
Youshui,0.61500,O-O,0,0,0,0,0
Youshui,0.62500,O-H,0,0,0,0,0
Youshui,0.62500,O-O,0,0,0,0,0
Youshui,0.63500,O-H,0,0,0,0,0
Youshui,0.63500,O-O,0,0,0,0,0
Youshui,0.64500,O-H,0,0,0,0,0
Youshui,0.64500,O-O,0,0,0,0,0
Youshui,0.65500,O-H,0,0,0,0,0
Youshui,0.65500,O-O,0,0,0,0,0
Youshui,0.66500,O-H,0,0,0,0,0
Youshui,0.66500,O-O,0,0,0,0,0
Youshui,0.67500,O-H,0,0,0,0,0
Youshui,0.67500,O-O,0,0,0,0,0
Youshui,0.68500,O-H,0,0,0,0,0
Youshui,0.68500,O-O,0,0,0,0,0
Youshui,0.69500,O-H,0,0,0,0,0
Youshui,0.69500,O-O,0,0,0,0,0
Youshui,0.70500,O-H,0,0,0,0,0
Youshui,0.70500,O-O,0,0,0,0,0
Youshui,0.71500,O-H,0,0,0,0,0
Youshui,0.71500,O-O,0,0,0,0,0
Youshui,0.72500,O-H,0,0,0,0,0
Youshui,0.72500,O-O,0,0,0,0,0
Youshui,0.73500,O-H,0,0,0,0,0
Youshui,0.73500,O-O,0,0,0,0,0
Youshui,0.74500,O-H,0,0,0,0,0
Youshui,0.74500,O-O,0,0,0,0,0
Youshui,0.75500,O-H,0,0,0,0,0
Youshui,0.75500,O-O,0,0,0,0,0
Youshui,0.76500,O-H,0,0,0,0,0
Youshui,0.76500,O-O,0,0,0,0,0
Youshui,0.77500,O-H,0,0,0,0,0
Youshui,0.77500,O-O,0,0,0,0,0
Youshui,0.78500,O-H,0,0,0,0,0
Youshui,0.78500,O-O,0,0,0,0,0
Youshui,0.79500,O-H,0,0,0,0,0
Youshui,0.79500,O-O,0,0,0,0,0
Youshui,0.80500,O-H,0,0,0,0,0
Youshui,0.80500,O-O,0,0,0,0,0
Youshui,0.81500,O-H,0,0,0,0,0
Youshui,0.81500,O-O,0,0,0,0,0
Youshui,0.82500,O-H,0,0,0,0,0
Youshui,0.82500,O-O,0,0,0,0,0
Youshui,0.83500,O-H,0,0,0,0,0
Youshui,0.83500,O-O,0,0,0,0,0
Youshui,0.84500,O-H,0,0,0,0,0
Youshui,0.84500,O-O,0,0,0,0,0
Youshui,0.85500,O-H,0,0,0,0,0
Youshui,0.85500,O-O,0,0,0,0,0
Youshui,0.86500,O-H,0,0,0,0,0
Youshui,0.86500,O-O,0,0,0,0,0
Youshui,0.87500,O-H,0,0,0,0,0
Youshui,0.87500,O-O,0,0,0,0,0
Youshui,0.88500,O-H,0,0,0,0,0
Youshui,0.88500,O-O,0,0,0,0,0
Youshui,0.89500,O-H,0,0,0,0,0
Youshui,0.89500,O-O,0,0,0,0,0
Youshui,0.90500,O-H,0,0,0,0,0
Youshui,0.90500,O-O,0,0,0,0,0
Youshui,0.91500,O-H,0,0,0,0,0
Youshui,0.91500,O-O,0,0,0,0,0
Youshui,0.92500,O-H,0.003134115158,0.003132547708,0,0,0.003134115158
Youshui,0.92500,O-O,0,0,0,0,0
Youshui,0.93500,O-H,0.02760690959,0.01013600268,0.02234924881,0.01113384097,0.005257660782
Youshui,0.93500,O-O,0,0,0,0,0
Youshui,0.94500,O-H,0.07206862183,0.01453334239,0.09298471245,0.02350922226,-0.02091609061
Youshui,0.94500,O-O,0,0,0,0,0
Youshui,0.95500,O-H,0.3410750276,0.0320133942,0.289210029,0.03887564503,0.05186499854
Youshui,0.95500,O-O,0,0,0,0,0
Youshui,0.96500,O-H,1.206585647,0.0614552855,1.164460502,0.08061926984,0.04212514545
Youshui,0.96500,O-O,0,0,0,0,0
Youshui,0.97500,O-H,3.27790026,0.09456395298,3.42722878,0.131667961,-0.1493285199
Youshui,0.97500,O-O,0,0,0,0,0
Youshui,0.98500,O-H,7.90206521,0.1512127619,8.28674434,0.2067813738,-0.3846791302
Youshui,0.98500,O-O,0,0,0,0,0
Youshui,0.99500,O-H,14.19874124,0.1925511927,16.5577925,0.2842392121,-2.359051258
Youshui,0.99500,O-O,0,0,0,0,0
Youshui,1.00500,O-H,24.99165385,0.2549426815,27.49802163,0.3694478848,-2.506367778
Youshui,1.00500,O-O,0,0,0,0,0
Youshui,1.01500,O-H,34.77811279,0.2990420636,39.93097737,0.4449045888,-5.152864574
Youshui,1.01500,O-O,0,0,0,0,0
Youshui,1.02500,O-H,43.65907681,0.3028888275,47.41728863,0.4729861885,-3.75821182
Youshui,1.02500,O-O,0,0,0,0,0
Youshui,1.03500,O-H,47.77109732,0.3153415383,49.87970139,0.4442929478,-2.108604073
Youshui,1.03500,O-O,0,0,0,0,0
Youshui,1.04500,O-H,46.34060129,0.3221339359,46.79156896,0.4435754187,-0.4509676679
Youshui,1.04500,O-O,0,0,0,0,0
Youshui,1.05500,O-H,39.94893386,0.2835580108,38.00932598,0.4150716266,1.939607874
Youshui,1.05500,O-O,0,0,0,0,0
Youshui,1.06500,O-H,31.13766298,0.2438668026,27.32495911,0.3493722799,3.812703869
Youshui,1.06500,O-O,0,0,0,0,0
Youshui,1.07500,O-H,21.54357221,0.2127960901,18.50909505,0.2895484694,3.034477159
Youshui,1.07500,O-O,0,0,0,0,0
Youshui,1.08500,O-H,13.61062298,0.1678320948,11.32325495,0.2210234043,2.287368036
Youshui,1.08500,O-O,0,0,0,0,0
Youshui,1.09500,O-H,8.044736547,0.1349822284,6.359192137,0.1726696733,1.68554441
Youshui,1.09500,O-O,0,0,0,0,0
Youshui,1.10500,O-H,4.243090034,0.09691701547,3.380333034,0.1212329332,0.8627569998
Youshui,1.10500,O-O,0,0,0,0,0
Youshui,1.11500,O-H,2.044835313,0.06736250375,1.445857438,0.07772254857,0.5989778753
Youshui,1.11500,O-O,0,0,0,0,0
Youshui,1.12500,O-H,0.993728129,0.0459857394,0.6522425103,0.05046501185,0.3414856187
Youshui,1.12500,O-O,0,0,0,0,0
Youshui,1.13500,O-H,0.4871065507,0.03299559484,0.3260875512,0.03486074498,0.1610189994
Youshui,1.13500,O-O,0,0,0,0,0
Youshui,1.14500,O-H,0.1718178172,0.01817391427,0.1341278822,0.02404188456,0.03768993491
Youshui,1.14500,O-O,0,0,0,0,0
Youshui,1.15500,O-H,0.0783972034,0.01230636979,0.05492307931,0.01398600583,0.0234741241
Youshui,1.15500,O-O,0,0,0,0,0
Youshui,1.16500,O-H,0.02568570439,0.007077475592,0.007197899508,0.005080404267,0.01848780489
Youshui,1.16500,O-O,0,0,0,0,0
Youshui,1.17500,O-H,0.01165401415,0.004743436684,0.01061385623,0.006111146888,0.001040157911
Youshui,1.17500,O-O,0,0,0,0,0
Youshui,1.18500,O-H,0.005729076505,0.00330271861,0,0,0.005729076505
Youshui,1.18500,O-O,0,0,0,0,0
Youshui,1.19500,O-H,0,0,0,0,0
Youshui,1.19500,O-O,0,0,0,0,0
Youshui,1.20500,O-H,0,0,0,0,0
Youshui,1.20500,O-O,0,0,0,0,0
Youshui,1.21500,O-H,0,0,0.003308836388,0.003305821503,-0.003308836388
Youshui,1.21500,O-O,0,0,0,0,0
Youshui,1.22500,O-H,0,0,0,0,0
Youshui,1.22500,O-O,0,0,0,0,0
Youshui,1.23500,O-H,0,0,0,0,0
Youshui,1.23500,O-O,0,0,0,0,0
Youshui,1.24500,O-H,0,0,0,0,0
Youshui,1.24500,O-O,0,0,0,0,0
Youshui,1.25500,O-H,0,0,0,0,0
Youshui,1.25500,O-O,0,0,0,0,0
Youshui,1.26500,O-H,0,0,0,0,0
Youshui,1.26500,O-O,0,0,0,0,0
Youshui,1.27500,O-H,0,0,0,0,0
Youshui,1.27500,O-O,0,0,0,0,0
Youshui,1.28500,O-H,0,0,0.002958161316,0.002955465952,-0.002958161316
Youshui,1.28500,O-O,0,0,0,0,0
Youshui,1.29500,O-H,0,0,0,0,0
Youshui,1.29500,O-O,0,0,0,0,0
Youshui,1.30500,O-H,0,0,0.005736369894,0.00404883092,-0.005736369894
Youshui,1.30500,O-O,0,0,0,0,0
Youshui,1.31500,O-H,0,0,0.002824728437,0.002822154652,-0.002824728437
Youshui,1.31500,O-O,0,0,0,0,0
Youshui,1.32500,O-H,0.001527456416,0.001526692497,0,0,0.001527456416
Youshui,1.32500,O-O,0,0,0,0,0
Youshui,1.33500,O-H,0,0,0.005481453499,0.003868906439,-0.005481453499
Youshui,1.33500,O-O,0,0,0,0,0
Youshui,1.34500,O-H,0.001482368152,0.001481626783,0.002700124139,0.002697663888,-0.001217755987
Youshui,1.34500,O-O,0,0,0,0,0
Youshui,1.35500,O-H,0,0,0.002660417152,0.002657993081,-0.002660417152
Youshui,1.35500,O-O,0,0,0,0,0
Youshui,1.36500,O-H,0.001439247222,0.001438527419,0.007864738919,0.004528285828,-0.006425491697
Youshui,1.36500,O-O,0,0,0,0,0
Youshui,1.37500,O-H,0,0,0.002583586402,0.002581232336,-0.002583586402
Youshui,1.37500,O-O,0,0,0,0,0
Youshui,1.38500,O-H,0.001397980815,0.00139728165,0.01527847886,0.006203235012,-0.01388049804
Youshui,1.38500,O-O,0,0,0,0,0
Youshui,1.39500,O-H,0.004134030009,0.002383200474,0.01255018218,0.005586995293,-0.008416152167
Youshui,1.39500,O-O,0,0,0,0,0
Youshui,1.40500,O-H,0.002716928184,0.001919236223,0.007423301048,0.004274118859,-0.004706372865
Youshui,1.40500,O-O,0,0,0,0,0
Youshui,1.41500,O-H,0.006696655566,0.002987338943,0.02195624776,0.007258511609,-0.01525959219
Youshui,1.41500,O-O,0,0,0,0,0
Youshui,1.42500,O-H,0.01320599517,0.004155169375,0.01683824521,0.006323554716,-0.003632250038
Youshui,1.42500,O-O,0,0,0,0,0
Youshui,1.43500,O-H,0.007813548924,0.003180283989,0.03558082388,0.009060555538,-0.02776727496
Youshui,1.43500,O-O,0,0,0,0,0
Youshui,1.44500,O-H,0.03210740648,0.006340704732,0.03275072428,0.008640673794,-0.0006433177984
Youshui,1.44500,O-O,0,0,0,0,0
Youshui,1.45500,O-H,0.03800110311,0.006833157694,0.07844793598,0.01343279172,-0.04044683288
Youshui,1.45500,O-O,0,0,0,0,0
Youshui,1.46500,O-H,0.04123249826,0.00727605558,0.02958671289,0.008108140465,0.01164578537
Youshui,1.46500,O-O,0,0,0,0,0
Youshui,1.47500,O-H,0.07148994032,0.00943841587,0.09205098779,0.01453947793,-0.02056104747
Youshui,1.47500,O-O,0,0,0,0,0
Youshui,1.48500,O-H,0.0741784803,0.009673372244,0.1129655258,0.01601289998,-0.03878704555
Youshui,1.48500,O-O,0,0,0,0,0
Youshui,1.49500,O-H,0.09118685405,0.01033691198,0.1267576823,0.01719076139,-0.03557082822
Youshui,1.49500,O-O,0,0,0,0,0
Youshui,1.50500,O-H,0.1610152296,0.01367965632,0.176835541,0.01901569753,-0.01582031132
Youshui,1.50500,O-O,0,0,0,0,0
Youshui,1.51500,O-H,0.1927790105,0.01495201096,0.1915340393,0.02010470009,0.001244971255
Youshui,1.51500,O-O,0,0,0,0,0
Youshui,1.52500,O-H,0.2571380017,0.01753565493,0.2751441939,0.02447062917,-0.01800619217
Youshui,1.52500,O-O,0,0,0,0,0
Youshui,1.53500,O-H,0.3346044249,0.01902939462,0.3130321559,0.02601407162,0.02157226897
Youshui,1.53500,O-O,0,0,0,0,0
Youshui,1.54500,O-H,0.4111736231,0.02161080003,0.4399570455,0.03054434598,-0.02878342233
Youshui,1.54500,O-O,0,0,0,0,0
Youshui,1.55500,O-H,0.6243796738,0.02581977328,0.5514811394,0.03447449623,0.07289853435
Youshui,1.55500,O-O,0,0,0,0,0
Youshui,1.56500,O-H,0.7226307186,0.02779394857,0.6441732133,0.03366636277,0.07845750529
Youshui,1.56500,O-O,0,0,0,0,0
Youshui,1.57500,O-H,0.899421772,0.03253497478,0.8801876053,0.03883917334,0.01923416673
Youshui,1.57500,O-O,0,0,0,0,0
Youshui,1.58500,O-H,1.068505468,0.03535458854,1.032440061,0.04744367578,0.03606540622
Youshui,1.58500,O-O,0,0,0,0,0
Youshui,1.59500,O-H,1.357674655,0.03643963146,1.228817753,0.0477278969,0.1288569017
Youshui,1.59500,O-O,0,0,0,0,0
Youshui,1.60500,O-H,1.686421698,0.04028553007,1.518837594,0.05350874679,0.1675841031
Youshui,1.60500,O-O,0,0,0,0,0
Youshui,1.61500,O-H,1.914414085,0.04353524773,1.730437153,0.05906948692,0.1839769318
Youshui,1.61500,O-O,0,0,0,0,0
Youshui,1.62500,O-H,2.249408202,0.04531120721,1.888634599,0.06028724285,0.3607736034
Youshui,1.62500,O-O,0,0,0,0,0
Youshui,1.63500,O-H,2.508877571,0.05037768799,2.29500202,0.06935125428,0.2138755505
Youshui,1.63500,O-O,0,0,0,0,0
Youshui,1.64500,O-H,2.832250927,0.0525676901,2.610149913,0.06670043591,0.2221010135
Youshui,1.64500,O-O,0,0,0,0,0
Youshui,1.65500,O-H,3.200517809,0.05453445172,2.846202987,0.07244517597,0.3543148219
Youshui,1.65500,O-O,0,0,0,0,0
Youshui,1.66500,O-H,3.57523692,0.05756674017,3.078175835,0.07264362767,0.4970610851
Youshui,1.66500,O-O,0,0,0,0,0
Youshui,1.67500,O-H,3.972347846,0.06019074099,3.436738881,0.07813648402,0.5356089647
Youshui,1.67500,O-O,0,0,0,0,0
Youshui,1.68500,O-H,4.103848699,0.06163155333,3.621440179,0.07879946792,0.4824085195
Youshui,1.68500,O-O,0,0,0,0,0
Youshui,1.69500,O-H,4.479326611,0.06514081201,3.721648883,0.08059025809,0.7576777279
Youshui,1.69500,O-O,0,0,0,0,0
Youshui,1.70500,O-H,4.583757465,0.06316089006,3.98729187,0.07855952591,0.5964655944
Youshui,1.70500,O-O,0,0,0,0,0
Youshui,1.71500,O-H,4.710072235,0.06723733574,3.967500326,0.07752548684,0.7425719091
Youshui,1.71500,O-O,0,0,0,0,0
Youshui,1.72500,O-H,4.639399467,0.06509974125,4.202336747,0.07907816553,0.4370627201
Youshui,1.72500,O-O,0,0,0,0,0
Youshui,1.73500,O-H,4.798094902,0.06263224307,4.072901073,0.08101020099,0.7251938287
Youshui,1.73500,O-O,0,0,0,0,0
Youshui,1.74500,O-H,4.631415713,0.06252048988,3.995875764,0.07586146014,0.6355399497
Youshui,1.74500,O-O,0,0,0,0,0
Youshui,1.75500,O-H,4.503039377,0.06052424565,4.023419822,0.08141065607,0.4796195546
Youshui,1.75500,O-O,0,0,0,0,0
Youshui,1.76500,O-H,4.311844552,0.06235398925,3.752169233,0.07691578488,0.559675319
Youshui,1.76500,O-O,0,0,0,0,0
Youshui,1.77500,O-H,4.1561528,0.05700343965,3.646445732,0.0734365277,0.509707068
Youshui,1.77500,O-O,0,0,0,0,0
Youshui,1.78500,O-H,3.929605403,0.05629188972,3.519853658,0.07258547271,0.4097517446
Youshui,1.78500,O-O,0,0,0,0,0
Youshui,1.79500,O-H,3.715324932,0.05663646342,3.327628201,0.06991716827,0.3876967314
Youshui,1.79500,O-O,0,0,0,0,0
Youshui,1.80500,O-H,3.393598479,0.05163777843,2.973017678,0.0640368744,0.4205808018
Youshui,1.80500,O-O,0,0,0,0,0
Youshui,1.81500,O-H,3.130002121,0.04992275121,2.817276964,0.06378369783,0.3127251569
Youshui,1.81500,O-O,0,0,0,0,0
Youshui,1.82500,O-H,2.793864219,0.04716203202,2.689693589,0.05783771772,0.1041706301
Youshui,1.82500,O-O,0,0,0,0,0
Youshui,1.83500,O-H,2.59147475,0.04709852445,2.394992523,0.05580635665,0.1964822273
Youshui,1.83500,O-O,0,0,0,0,0
Youshui,1.84500,O-H,2.347605428,0.04363230993,2.228475954,0.0548275496,0.1191294744
Youshui,1.84500,O-O,0,0,0,0,0
Youshui,1.85500,O-H,2.002842916,0.03870857129,2.079596346,0.05613235422,-0.07675342964
Youshui,1.85500,O-O,0,0,0,0,0
Youshui,1.86500,O-H,1.869630031,0.03681688728,1.746996232,0.04781297027,0.122633799
Youshui,1.86500,O-O,0,0,0,0,0
Youshui,1.87500,O-H,1.627771673,0.03401042567,1.595029116,0.04648666099,0.03274255762
Youshui,1.87500,O-O,0,0,0,0,0
Youshui,1.88500,O-H,1.513189414,0.03477373638,1.495668917,0.04250051,0.01752049665
Youshui,1.88500,O-O,0,0,0,0,0
Youshui,1.89500,O-H,1.23365366,0.02982286709,1.214681237,0.03976075579,0.01897242317
Youshui,1.89500,O-O,0,0,0.01103951008,0.007791880683,-0.01103951008
Youshui,1.90500,O-H,1.091420692,0.0285377083,1.133317082,0.03794205866,-0.04189639052
Youshui,1.90500,O-O,0,0,0.01638587127,0.009434503728,-0.01638587127
Youshui,1.91500,O-H,1.006195882,0.02701286226,1.094872568,0.03913443064,-0.08867668624
Youshui,1.91500,O-O,0,0,0,0,0
Youshui,1.92500,O-H,0.9002447163,0.02480047822,0.9688469923,0.03479999151,-0.06860227601
Youshui,1.92500,O-O,0,0,0,0,0
Youshui,1.93500,O-H,0.7692084052,0.02408128364,0.9366812775,0.03517446721,-0.1674728723
Youshui,1.93500,O-O,0,0,0,0,0
Youshui,1.94500,O-H,0.7017746426,0.02191637425,0.715319225,0.0300865116,-0.01354458244
Youshui,1.94500,O-O,0,0,0,0,0
Youshui,1.95500,O-H,0.6497094168,0.02114834453,0.7182442301,0.02988183451,-0.06853481331
Youshui,1.95500,O-O,0,0,0,0,0
Youshui,1.96500,O-H,0.5340758473,0.01881125642,0.647700474,0.02818815615,-0.1136246267
Youshui,1.96500,O-O,0,0,0,0,0
Youshui,1.97500,O-H,0.4791817789,0.01810064184,0.6374013151,0.02677280948,-0.1582195363
Youshui,1.97500,O-O,0,0,0,0,0
Youshui,1.98500,O-H,0.4131135077,0.01625653337,0.4859531784,0.0243589962,-0.07283967066
Youshui,1.98500,O-O,0,0,0,0,0
Youshui,1.99500,O-H,0.4190890565,0.01673783718,0.4504116919,0.02385046615,-0.03132263542
Youshui,1.99500,O-O,0,0,0,0,0
Youshui,2.00500,O-H,0.3668898358,0.01534991494,0.4313492026,0.02434525668,-0.06445936675
Youshui,2.00500,O-O,0,0,0,0,0
Youshui,2.01500,O-H,0.3057965939,0.01402045749,0.4499361735,0.02228761261,-0.1441395796
Youshui,2.01500,O-O,0,0,0,0,0
Youshui,2.02500,O-H,0.2746635303,0.01290806612,0.3728410312,0.02139330818,-0.09817750094
Youshui,2.02500,O-O,0,0,0,0,0
Youshui,2.03500,O-H,0.2629050798,0.01328919166,0.3621087132,0.02033841376,-0.09920363332
Youshui,2.03500,O-O,0,0,0,0,0
Youshui,2.04500,O-H,0.2648287963,0.01286355089,0.3574079735,0.02107075155,-0.09257917713
Youshui,2.04500,O-O,0,0,0.004739709793,0.00473539115,-0.004739709793
Youshui,2.05500,O-H,0.2495575343,0.0129912915,0.2729718067,0.01756258504,-0.02341427239
Youshui,2.05500,O-O,0,0,0.01877477423,0.009353126462,-0.01877477423
Youshui,2.06500,O-H,0.2251358784,0.01215912281,0.2840802364,0.01811064963,-0.05894435809
Youshui,2.06500,O-O,0,0,0,0,0
Youshui,2.07500,O-H,0.1756364744,0.01054167747,0.2666005986,0.01729492999,-0.09096412425
Youshui,2.07500,O-O,0,0,0,0,0
Youshui,2.08500,O-H,0.1832087212,0.01083981851,0.2595549581,0.01611920038,-0.07634623697
Youshui,2.08500,O-O,0,0,0,0,0
Youshui,2.09500,O-H,0.1692440989,0.01051667221,0.2348247544,0.01589189401,-0.06558065546
Youshui,2.09500,O-O,0,0,0,0,0
Youshui,2.10500,O-H,0.1500891537,0.009616673674,0.2292918501,0.01609584158,-0.07920269637
Youshui,2.10500,O-O,0,0,0,0,0
Youshui,2.11500,O-H,0.1426783406,0.009157787852,0.2009215737,0.01560904822,-0.05824323315
Youshui,2.11500,O-O,0,0,0,0,0
Youshui,2.12500,O-H,0.1330246096,0.008804841206,0.1806458968,0.01499645932,-0.0476212872
Youshui,2.12500,O-O,0,0,0,0,0
Youshui,2.13500,O-H,0.1123671743,0.008454464388,0.2003896813,0.01497578263,-0.08802250699
Youshui,2.13500,O-O,0,0,0,0,0
Youshui,2.14500,O-H,0.1288070219,0.008529340075,0.195340702,0.01464637905,-0.06653368007
Youshui,2.14500,O-O,0,0,0,0,0
Youshui,2.15500,O-H,0.1253046104,0.008445471015,0.1767031348,0.01365686728,-0.05139852432
Youshui,2.15500,O-O,0,0,0,0,0
Youshui,2.16500,O-H,0.09611592576,0.007541903474,0.1907062019,0.01443990518,-0.09459027615
Youshui,2.16500,O-O,0,0,0,0,0
Youshui,2.17500,O-H,0.1020365727,0.007468927054,0.1579801216,0.01282860167,-0.05594354895
Youshui,2.17500,O-O,0,0,0,0,0
Youshui,2.18500,O-H,0.1067216682,0.007781019287,0.2097396413,0.01455752037,-0.1030179731
Youshui,2.18500,O-O,0,0,0,0,0
Youshui,2.19500,O-H,0.1107607585,0.007937929756,0.1429485034,0.01293511241,-0.03218774493
Youshui,2.19500,O-O,0,0,0.008228097638,0.005807536255,-0.008228097638
Youshui,2.20500,O-H,0.103691358,0.007494910049,0.1677756151,0.01341116984,-0.06408425712
Youshui,2.20500,O-O,0,0,0.01223045359,0.007041936195,-0.01223045359
Youshui,2.21500,O-H,0.1022106271,0.007168987171,0.1592949781,0.01264716495,-0.05708435099
Youshui,2.21500,O-O,0,0,0,0,0
Youshui,2.22500,O-H,0.08991869006,0.006861256003,0.1647729853,0.01271995353,-0.07485429521
Youshui,2.22500,O-O,0,0,0,0,0
Youshui,2.23500,O-H,0.08750532256,0.00692570481,0.1662353731,0.01345604116,-0.07873005057
Youshui,2.23500,O-O,0,0,0,0,0
Youshui,2.24500,O-H,0.08140679693,0.006636841903,0.1482819616,0.01257526646,-0.06687516469
Youshui,2.24500,O-O,0,0,0,0,0
Youshui,2.25500,O-H,0.08437792159,0.006637223307,0.1777085097,0.01333311351,-0.09333058814
Youshui,2.25500,O-O,0,0,0,0,0
Youshui,2.26500,O-H,0.08258907726,0.006591940049,0.1609088337,0.01259455486,-0.07831975648
Youshui,2.26500,O-O,0,0,0,0,0
Youshui,2.27500,O-H,0.07875583343,0.00636470102,0.1679913042,0.01260165564,-0.08923547075
Youshui,2.27500,O-O,0,0,0,0,0
Youshui,2.28500,O-H,0.07909522466,0.006502414182,0.1393938031,0.01140275085,-0.06029857841
Youshui,2.28500,O-O,0,0,0,0,0
Youshui,2.29500,O-H,0.05906015296,0.005353085326,0.1428186602,0.01153856381,-0.08375850724
Youshui,2.29500,O-O,0,0,0,0,0
Youshui,2.30500,O-H,0.06914816691,0.006103512375,0.1443402365,0.01155996308,-0.07519206955
Youshui,2.30500,O-O,0,0,0,0,0
Youshui,2.31500,O-H,0.05854446489,0.005326427441,0.1613247129,0.01242818011,-0.102780248
Youshui,2.31500,O-O,0,0,0,0,0
Youshui,2.32500,O-H,0.06697146969,0.005673073698,0.1490965729,0.01223756546,-0.08212510318
Youshui,2.32500,O-O,0,0,0,0,0
Youshui,2.33500,O-H,0.04475788992,0.004736009676,0.1370715418,0.01134500728,-0.0923136519
Youshui,2.33500,O-O,0,0,0,0,0
Youshui,2.34500,O-H,0.06778460866,0.005763440997,0.1314636433,0.01109808859,-0.06367903461
Youshui,2.34500,O-O,0,0,0.01441826092,0.007182819675,-0.01441826092
Youshui,2.35500,O-H,0.05899021788,0.005494272574,0.1453221349,0.0109796141,-0.08633191701
Youshui,2.35500,O-O,0,0,0.003574018249,0.00357076174,-0.003574018249
Youshui,2.36500,O-H,0.05225961499,0.004962185127,0.1371093323,0.01048340522,-0.08484971729
Youshui,2.36500,O-O,0,0,0,0,0
Youshui,2.37500,O-H,0.0527712953,0.005091159746,0.136823129,0.01103994318,-0.08405183369
Youshui,2.37500,O-O,0,0,0,0,0
Youshui,2.38500,O-H,0.0598727165,0.005225765754,0.1477002888,0.01126573808,-0.08782757232
Youshui,2.38500,O-O,0,0,0.003484671458,0.003481496358,-0.003484671458
Youshui,2.39500,O-H,0.05095859866,0.005059465705,0.1498757267,0.01147491684,-0.09891712809
Youshui,2.39500,O-O,0,0,0,0,0
Youshui,2.40500,O-H,0.04358125291,0.00466320872,0.1604549481,0.01224507365,-0.1168736952
Youshui,2.40500,O-O,0,0,0,0,0
Youshui,2.41500,O-H,0.05701504081,0.005173992188,0.132328228,0.010411165,-0.07531318717
Youshui,2.41500,O-O,0,0,0,0,0
Youshui,2.42500,O-H,0.04286535229,0.004305992959,0.1420372678,0.01138104005,-0.09917191551
Youshui,2.42500,O-O,0.001850493161,0.001849567683,0.003370661495,0.003367590277,-0.001520168334
Youshui,2.43500,O-H,0.04975042427,0.0047413602,0.1375777588,0.01159802347,-0.08782733452
Youshui,2.43500,O-O,0.005505975809,0.003174104719,0,0,0.005505975809
Youshui,2.44500,O-H,0.04620420877,0.004626970795,0.1478939959,0.01159369716,-0.1016897871
Youshui,2.44500,O-O,0.001820343106,0.001819432707,0.01326297345,0.006607284138,-0.01144263034
Youshui,2.45500,O-H,0.04983300475,0.004612266432,0.1369662016,0.01119995991,-0.08713319683
Youshui,2.45500,O-O,0.003611087301,0.002550869616,0.01973271749,0.008011706216,-0.01612163019
Youshui,2.46500,O-H,0.03486545149,0.003866632138,0.1302299496,0.01023804168,-0.09536449806
Youshui,2.46500,O-O,0.007163695776,0.003574677014,0.01631078273,0.007261111039,-0.009147086956
Youshui,2.47500,O-H,0.04158869117,0.0045489719,0.153101883,0.01130102615,-0.1115131918
Youshui,2.47500,O-O,0.01065888653,0.004338398145,0.03559433873,0.01062403645,-0.0249354522
Youshui,2.48500,O-H,0.03213519892,0.004085825247,0.1558271596,0.01157971301,-0.1236919607
Youshui,2.48500,O-O,0.02114654688,0.006067744829,0.03851830033,0.01099708198,-0.01737175345
Youshui,2.49500,O-H,0.04480168035,0.004333281331,0.145164475,0.01100388272,-0.1003627946
Youshui,2.49500,O-O,0.01922926079,0.005765863978,0.07960449079,0.01619291267,-0.06037522999
Youshui,2.50500,O-H,0.03888910965,0.003979639552,0.1385588486,0.01056726386,-0.09966973896
Youshui,2.50500,O-O,0.03988626631,0.008220661172,0.06633496416,0.01488221652,-0.02644869785
Youshui,2.51500,O-H,0.041972157,0.004430323351,0.1420926365,0.01031259104,-0.1001204795
Youshui,2.51500,O-O,0.07225773186,0.01091295676,0.1316169979,0.02049830857,-0.05935926606
Youshui,2.52500,O-H,0.04837011867,0.004525709851,0.1279450355,0.009936202506,-0.07957491686
Youshui,2.52500,O-O,0.1007025029,0.01294475743,0.1958648292,0.02443466776,-0.09516232629
Youshui,2.53500,O-H,0.04840655143,0.004504961818,0.1406194965,0.01038481395,-0.09221294506
Youshui,2.53500,O-O,0.1524044348,0.01551086706,0.1696467094,0.02255895489,-0.01724227465
Youshui,2.54500,O-H,0.03850432031,0.004021608283,0.1432873232,0.01018077603,-0.1047830029
Youshui,2.54500,O-O,0.1915315419,0.01801739196,0.2846073147,0.0295513949,-0.09307577278
Youshui,2.55500,O-H,0.04190062041,0.004099597598,0.1735944844,0.01109736118,-0.131693864
Youshui,2.55500,O-O,0.2550472547,0.02105879032,0.3066749137,0.02855154004,-0.05162765898
Youshui,2.56500,O-H,0.04075936,0.004116493576,0.1752132779,0.01165755828,-0.134453918
Youshui,2.56500,O-O,0.3919987144,0.0250203699,0.448900636,0.03672115972,-0.05690192155
Youshui,2.57500,O-H,0.05904736043,0.004931508098,0.1672249771,0.0112482231,-0.1081776167
Youshui,2.57500,O-O,0.4792249542,0.02740016038,0.5410816473,0.04025448974,-0.06185669307
Youshui,2.58500,O-H,0.05819008758,0.004815313336,0.179091407,0.01195926066,-0.1209013195
Youshui,2.58500,O-O,0.6742023941,0.03363585029,0.8098046232,0.04739112229,-0.1356022291
Youshui,2.59500,O-H,0.0497779946,0.004423244703,0.1842420492,0.01179655415,-0.1344640546
Youshui,2.59500,O-O,0.9275732513,0.03715084365,1.00373336,0.05625049276,-0.07616010835
Youshui,2.60500,O-H,0.05571931506,0.004889913746,0.1655549415,0.01146372454,-0.1098356264
Youshui,2.60500,O-O,1.255617498,0.04552386627,1.26768976,0.06119435478,-0.01207226216
Youshui,2.61500,O-H,0.0690194346,0.005188090365,0.2035781882,0.01255741315,-0.1345587536
Youshui,2.61500,O-O,1.605679402,0.05089654389,1.698607126,0.07115020388,-0.09292772328
Youshui,2.62500,O-H,0.06888374823,0.005128698356,0.1935235432,0.01188814959,-0.124639795
Youshui,2.62500,O-O,2.030922792,0.05471167109,2.232244809,0.07485475908,-0.2013220171
Youshui,2.63500,O-H,0.07878999124,0.005548542251,0.2138661857,0.0122188657,-0.1350761945
Youshui,2.63500,O-O,2.540579797,0.06076887218,2.720635631,0.08652967469,-0.1800558341
Youshui,2.64500,O-H,0.08049521594,0.005606039679,0.2457655999,0.01314225603,-0.1652703839
Youshui,2.64500,O-O,3.11092622,0.0681924678,3.173258075,0.09410190924,-0.06233185504
Youshui,2.65500,O-H,0.09168327609,0.006050117495,0.2411459544,0.01349755262,-0.1494626783
Youshui,2.65500,O-O,3.839350901,0.07807606999,3.748347327,0.1016363582,0.0910035743
Youshui,2.66500,O-H,0.09854809106,0.005884406843,0.2579090799,0.01310087792,-0.1593609888
Youshui,2.66500,O-O,4.504680358,0.08050125644,4.189141182,0.1085646915,0.3155391753
Youshui,2.67500,O-H,0.1041836006,0.006433635078,0.2730500205,0.01416444547,-0.1688664199
Youshui,2.67500,O-O,5.413940833,0.09145379619,4.889178266,0.1143687,0.5247625669
Youshui,2.68500,O-H,0.1227516965,0.007223402734,0.2642444203,0.01409809724,-0.1414927238
Youshui,2.68500,O-O,5.889925054,0.0953043498,5.760155218,0.1226654926,0.1297698358
Youshui,2.69500,O-H,0.1421495003,0.007204748432,0.3295401563,0.01498792753,-0.187390656
Youshui,2.69500,O-O,6.856138216,0.09934212709,6.432514686,0.1293893689,0.4236235298
Youshui,2.70500,O-H,0.1484303238,0.00755525806,0.3177621899,0.01439987255,-0.1693318661
Youshui,2.70500,O-O,7.497099066,0.1033949392,6.77784313,0.1315857675,0.7192559359
Youshui,2.71500,O-H,0.1677117195,0.007857394074,0.3717517341,0.01592778914,-0.2040400146
Youshui,2.71500,O-O,8.100398546,0.1083422343,7.190523092,0.1435010855,0.9098754544
Youshui,2.72500,O-H,0.1852620689,0.008498803245,0.3637658549,0.01462000305,-0.178503786
Youshui,2.72500,O-O,8.473370031,0.1092979862,7.476853125,0.1337419029,0.9965169064
Youshui,2.73500,O-H,0.203268723,0.008865222433,0.3767827128,0.015598052,-0.1735139898
Youshui,2.73500,O-O,8.843589674,0.1074051067,7.973450158,0.1460326642,0.8701395154
Youshui,2.74500,O-H,0.2420061373,0.009223012791,0.4174754967,0.01771241495,-0.1754693594
Youshui,2.74500,O-O,9.024786415,0.1087950917,8.165368253,0.1435602503,0.8594181617
Youshui,2.75500,O-H,0.2565048508,0.009578117863,0.4479152583,0.01776075006,-0.1914104075
Youshui,2.75500,O-O,8.790209353,0.1069629131,8.04352238,0.1454645788,0.7466869726
Youshui,2.76500,O-H,0.2749970045,0.009829736259,0.4977107414,0.01783969579,-0.222713737
Youshui,2.76500,O-O,8.910358426,0.1140872542,7.928407755,0.1425866571,0.9819506714
Youshui,2.77500,O-H,0.2852069484,0.009961306152,0.5144281315,0.01839470882,-0.229221183
Youshui,2.77500,O-O,8.550909179,0.1086593263,7.691187332,0.1461412334,0.8597218467
Youshui,2.78500,O-H,0.3305290777,0.01080167054,0.5365609099,0.01867945198,-0.2060318322
Youshui,2.78500,O-O,7.977514007,0.1064754519,7.201606115,0.1408418558,0.7759078918
Youshui,2.79500,O-H,0.3549433927,0.01096776781,0.5933793457,0.02009204194,-0.238435953
Youshui,2.79500,O-O,7.793770064,0.1014969141,6.604642603,0.1299065797,1.18912746
Youshui,2.80500,O-H,0.3824100619,0.01158375207,0.6413047121,0.02073293453,-0.2588946502
Youshui,2.80500,O-O,7.185069054,0.09583190398,6.197380441,0.1204788468,0.9876886134
Youshui,2.81500,O-H,0.4419657009,0.01215630279,0.6410713744,0.01945247718,-0.1991056734
Youshui,2.81500,O-O,6.415893772,0.09144764944,5.628134976,0.1156793276,0.7877587963
Youshui,2.82500,O-H,0.4862211189,0.01247893419,0.7448752103,0.02089268551,-0.2586540914
Youshui,2.82500,O-O,5.857853425,0.08807778078,5.185998392,0.1099799326,0.6718550331
Youshui,2.83500,O-H,0.5415201086,0.01324933715,0.7937192271,0.02173662352,-0.2521991186
Youshui,2.83500,O-O,5.287203753,0.08558869216,4.801739728,0.1078410371,0.4854640251
Youshui,2.84500,O-H,0.580127967,0.01461158563,0.8165130093,0.02202968417,-0.2363850423
Youshui,2.84500,O-O,4.560394788,0.07954290803,4.327238198,0.1051544564,0.2331565899
Youshui,2.85500,O-H,0.6125896467,0.01362437118,0.8623397893,0.02351063934,-0.2497501427
Youshui,2.85500,O-O,4.130657877,0.07146175199,3.684166124,0.09125745393,0.4464917527
Youshui,2.86500,O-H,0.6681073721,0.01512382014,0.900962017,0.02382415523,-0.232854645
Youshui,2.86500,O-O,3.628579892,0.07037515486,3.397689164,0.08486672403,0.2308907278
Youshui,2.87500,O-H,0.6994799425,0.0152782771,0.9874852439,0.02495306206,-0.2880053013
Youshui,2.87500,O-O,3.204468624,0.06462668688,3.199034582,0.08780204447,0.005434042251
Youshui,2.88500,O-H,0.8064388189,0.01563858262,1.025840071,0.02494293014,-0.2194012517
Youshui,2.88500,O-O,2.64232254,0.0584783618,2.64820718,0.07522024584,-0.005884640235
Youshui,2.89500,O-H,0.8623108421,0.01697325729,1.077629927,0.02370052218,-0.2153190852
Youshui,2.89500,O-O,2.381295817,0.05494072534,2.459659627,0.07456019056,-0.07836380968
Youshui,2.90500,O-H,0.8970586141,0.01663256193,1.169200434,0.02663527876,-0.2721418196
Youshui,2.90500,O-O,2.064477791,0.05482693325,2.06459758,0.06870556447,-0.0001197889381
Youshui,2.91500,O-H,0.9451961146,0.01749462406,1.183611301,0.02586694567,-0.2384151865
Youshui,2.91500,O-O,1.644368184,0.04475618323,1.833514054,0.06633646693,-0.1891458696
Youshui,2.92500,O-H,1.057536972,0.01851701208,1.277727432,0.02782213526,-0.2201904601
Youshui,2.92500,O-O,1.586082872,0.0439869022,1.633338482,0.06145712686,-0.04725560996
Youshui,2.93500,O-H,1.139376084,0.01963542188,1.346152878,0.02692268372,-0.2067767938
Youshui,2.93500,O-O,1.31885015,0.04254159185,1.401328332,0.05717694052,-0.08247818181
Youshui,2.94500,O-H,1.185760551,0.01923421591,1.449102385,0.02756848666,-0.263341834
Youshui,2.94500,O-O,1.097864199,0.03699509474,1.421538448,0.05724051553,-0.3236742487
Youshui,2.95500,O-H,1.253910792,0.02037131557,1.455533508,0.02845615812,-0.2016227168
Youshui,2.95500,O-O,1.011934098,0.0354825237,1.144074729,0.04928081294,-0.1321406312
Youshui,2.96500,O-H,1.353755194,0.02110750903,1.504628049,0.02905493871,-0.1508728549
Youshui,2.96500,O-O,0.8875256929,0.03427948291,1.073238854,0.04977194776,-0.1857131611
Youshui,2.97500,O-H,1.444050343,0.0206194524,1.596630368,0.02998621368,-0.1525800246
Youshui,2.97500,O-O,0.8213224597,0.03177259156,0.9943696545,0.04952026043,-0.1730471947
Youshui,2.98500,O-H,1.510835863,0.02141201203,1.689012726,0.03122524011,-0.1781768634
Youshui,2.98500,O-O,0.7169033501,0.02932217443,0.9120822854,0.04697032527,-0.1951789353
Youshui,2.99500,O-H,1.577894542,0.02158857212,1.755623061,0.03121108506,-0.1777285184
Youshui,2.99500,O-O,0.599300276,0.027180273,0.9148408009,0.04484252762,-0.3155405249
Youshui,3.00500,O-H,1.667786257,0.0212837818,1.829424751,0.03099813288,-0.1616384939
Youshui,3.00500,O-O,0.543499031,0.02486122544,0.7397411679,0.04012460189,-0.196242137
Youshui,3.01500,O-H,1.732852336,0.02197753382,1.894687446,0.03033972894,-0.1618351097
Youshui,3.01500,O-O,0.5231400765,0.02406267464,0.7849946754,0.04171246397,-0.2618545988
Youshui,3.02500,O-H,1.784714632,0.02229523227,1.937162777,0.03059280225,-0.1524481448
Youshui,3.02500,O-O,0.4495233256,0.02351869519,0.77114862,0.04059150523,-0.3216252944
Youshui,3.03500,O-H,1.895829397,0.02369410467,1.961008263,0.03365017454,-0.06517886633
Youshui,3.03500,O-O,0.4382962063,0.02301012606,0.6111387162,0.0351679216,-0.1728425099
Youshui,3.04500,O-H,1.969295983,0.02389961593,1.996615905,0.02987483154,-0.02731992196
Youshui,3.04500,O-O,0.4154701851,0.02108265575,0.6648514894,0.03911759113,-0.2493813043
Youshui,3.05500,O-H,2.043485574,0.02455859363,2.04008996,0.03125999216,0.003395614074
Youshui,3.05500,O-O,0.3812734124,0.02085988607,0.6435155605,0.03750022974,-0.2622421481
Youshui,3.06500,O-H,2.088977235,0.02473925392,2.153149514,0.03290252508,-0.06417227886
Youshui,3.06500,O-O,0.3822646889,0.02107802101,0.5865738451,0.03613103358,-0.2043091562
Youshui,3.07500,O-H,2.172972198,0.02586204667,2.211489621,0.03340878113,-0.0385174233
Youshui,3.07500,O-O,0.3360499338,0.01975775316,0.5261654651,0.03484136075,-0.1901155313
Youshui,3.08500,O-H,2.232449194,0.02545455483,2.218731857,0.03339733594,0.01371733665
Youshui,3.08500,O-O,0.3281578256,0.01935808748,0.587323844,0.03755508603,-0.2591660183
Youshui,3.09500,O-H,2.266477751,0.0248711616,2.27988681,0.03392315747,-0.01340905917
Youshui,3.09500,O-O,0.3078642015,0.01801813477,0.5173179708,0.03179930623,-0.2094537693
Youshui,3.10500,O-H,2.281386281,0.02434598484,2.292584225,0.03307905968,-0.01119794399
Youshui,3.10500,O-O,0.3081418235,0.01869976865,0.6044536261,0.03480338241,-0.2963118026
Youshui,3.11500,O-H,2.362937773,0.02526227113,2.373534358,0.03358465833,-0.01059658499
Youshui,3.11500,O-O,0.3140169869,0.01895283633,0.5944505802,0.03577815599,-0.2804335933
Youshui,3.12500,O-H,2.379967506,0.02458578573,2.464407086,0.03436975685,-0.08443958009
Youshui,3.12500,O-O,0.2874953851,0.01780952039,0.5865927217,0.03508955268,-0.2990973366
Youshui,3.13500,O-H,2.422926011,0.02528795189,2.403980439,0.03400825911,0.01894557253
Youshui,3.13500,O-O,0.2701630518,0.01702623577,0.627226172,0.03873227139,-0.3570631203
Youshui,3.14500,O-H,2.491318375,0.02477635848,2.442052133,0.03416438915,0.04926624123
Youshui,3.14500,O-O,0.2409428455,0.01635702712,0.6332637938,0.03802917771,-0.3923209483
Youshui,3.15500,O-H,2.54478734,0.02574051051,2.450150581,0.03451480652,0.09463675948
Youshui,3.15500,O-O,0.2634690088,0.01689809857,0.5874381757,0.03440337544,-0.3239691669
Youshui,3.16500,O-H,2.515079049,0.02556955074,2.541968916,0.03590308541,-0.02688986685
Youshui,3.16500,O-O,0.2585477441,0.01708539487,0.6252857535,0.03670641316,-0.3667380095
Youshui,3.17500,O-H,2.543154349,0.02644782623,2.533250058,0.03619256108,0.009904290586
Youshui,3.17500,O-O,0.2428881268,0.0163848112,0.5682628508,0.03410662319,-0.325374724
Youshui,3.18500,O-H,2.553909462,0.02587966244,2.527479509,0.03464645354,0.0264299529
Youshui,3.18500,O-O,0.2274197703,0.01587705438,0.5627461065,0.0342319165,-0.3353263362
Youshui,3.19500,O-H,2.577089924,0.02599525311,2.51838191,0.03385969949,0.05870801379
Youshui,3.19500,O-O,0.2377247335,0.01621175737,0.6504920134,0.03727904173,-0.4127672799
Youshui,3.20500,O-H,2.574347582,0.0267098484,2.476061676,0.03424813771,0.09828590585
Youshui,3.20500,O-O,0.2701440124,0.01747107622,0.6560874618,0.03544688707,-0.3859434494
Youshui,3.21500,O-H,2.546942447,0.02559091693,2.608124928,0.03588893719,-0.06118248053
Youshui,3.21500,O-O,0.2832054203,0.01738374213,0.6731069163,0.03433618446,-0.3899014961
Youshui,3.22500,O-H,2.506677576,0.02513429651,2.505560758,0.03313996033,0.001116817897
Youshui,3.22500,O-O,0.229137365,0.0160406427,0.6994320347,0.0377169661,-0.4702946697
Youshui,3.23500,O-H,2.543990573,0.02551502856,2.54657075,0.03322730831,-0.002580176522
Youshui,3.23500,O-O,0.2651568495,0.01714854046,0.6610217542,0.03849808101,-0.3958649047
Youshui,3.24500,O-H,2.54667133,0.02501189103,2.526724724,0.03252958856,0.01994660605
Youshui,3.24500,O-O,0.25215737,0.01615806298,0.7077784579,0.03662128292,-0.4556210879
Youshui,3.25500,O-H,2.466759019,0.02484746873,2.586832103,0.0339109465,-0.1200730839
Youshui,3.25500,O-O,0.2937482523,0.01773642107,0.74833646,0.03979930481,-0.4545882077
Youshui,3.26500,O-H,2.412932119,0.02365908865,2.571468758,0.03521027807,-0.1585366391
Youshui,3.26500,O-O,0.3031805415,0.01816901119,0.7772286701,0.03863530562,-0.4740481286
Youshui,3.27500,O-H,2.448223734,0.02464816494,2.470171095,0.03468955039,-0.02194736088
Youshui,3.27500,O-O,0.2729234922,0.01637979039,0.7188957175,0.03702445047,-0.4459722253
Youshui,3.28500,O-H,2.413709227,0.024070986,2.484124283,0.03334869513,-0.07041505572
Youshui,3.28500,O-O,0.3005085041,0.01738449112,0.7586093824,0.0367507486,-0.4581008784
Youshui,3.29500,O-H,2.416370513,0.02437136037,2.460520869,0.03251215399,-0.04415035553
Youshui,3.29500,O-O,0.2886641841,0.01727506057,0.7777457904,0.03584329603,-0.4890816063
Youshui,3.30500,O-H,2.34775915,0.02438049774,2.410326119,0.0328788356,-0.06256696813
Youshui,3.30500,O-O,0.2879162449,0.01712504167,0.7167918817,0.03513149389,-0.4288756368
Youshui,3.31500,O-H,2.278466298,0.02306710025,2.366025233,0.03326918979,-0.0875589353
Youshui,3.31500,O-O,0.2683573421,0.01643809518,0.7683895423,0.04014842655,-0.5000322002
Youshui,3.32500,O-H,2.274484253,0.02351564325,2.30719096,0.03019671165,-0.03270670724
Youshui,3.32500,O-O,0.2746199997,0.01638673581,0.6830941881,0.03797348778,-0.4084741884
Youshui,3.33500,O-H,2.252184759,0.02297833635,2.332462124,0.03146361332,-0.08027736474
Youshui,3.33500,O-O,0.293522122,0.01717097445,0.8215767957,0.04047879974,-0.5280546737
Youshui,3.34500,O-H,2.252399997,0.02272375848,2.33032397,0.03154056719,-0.07792397303
Youshui,3.34500,O-O,0.2898246247,0.01710156878,0.7670692441,0.03705362738,-0.4772446195
Youshui,3.35500,O-H,2.15132005,0.02311936309,2.271321691,0.03196759022,-0.1200016407
Youshui,3.35500,O-O,0.3084017958,0.0171105563,0.8135717243,0.03894959231,-0.5051699285
Youshui,3.36500,O-H,2.150867641,0.02242154696,2.283293487,0.03042469634,-0.1324258457
Youshui,3.36500,O-O,0.3478962116,0.01900225187,0.8069928928,0.04037211247,-0.4590966812
Youshui,3.37500,O-H,2.085640611,0.02150656446,2.20374351,0.03205205171,-0.1181028987
Youshui,3.37500,O-O,0.3362841336,0.01787546253,0.7430520629,0.03662172201,-0.4067679293
Youshui,3.38500,O-H,2.03191139,0.02153254103,2.196710274,0.03221898556,-0.1647988844
Youshui,3.38500,O-O,0.3219538494,0.01709697863,0.795755064,0.03606221716,-0.4738012146
Youshui,3.39500,O-H,2.011583224,0.02138286516,2.145223621,0.03043722496,-0.1336403967
Youshui,3.39500,O-O,0.3191158788,0.01724829834,0.9011366579,0.03980940391,-0.5820207791
Youshui,3.40500,O-H,1.965553309,0.0218228666,2.130535179,0.02962187774,-0.1649818697
Youshui,3.40500,O-O,0.3407090473,0.01832614613,0.8873032136,0.03869836201,-0.5465941663
Youshui,3.41500,O-H,1.948080351,0.0208567852,2.099228126,0.02978723329,-0.1511477758
Youshui,3.41500,O-O,0.3751076423,0.01853088283,0.8294254114,0.03716827378,-0.4543177691
Youshui,3.42500,O-H,1.973297731,0.02047822131,2.065751456,0.0296821282,-0.0924537245
Youshui,3.42500,O-O,0.3543671766,0.01946049881,0.8634529571,0.03707295334,-0.5090857805
Youshui,3.43500,O-H,1.896143053,0.02041841246,2.01813926,0.02884226286,-0.1219962078
Youshui,3.43500,O-O,0.3698300266,0.01854195034,0.8668324351,0.03841873868,-0.4970024084
Youshui,3.44500,O-H,1.862555349,0.02024035016,1.98174529,0.02819555275,-0.1191899405
Youshui,3.44500,O-O,0.373187628,0.01846071224,0.8250636101,0.03886473375,-0.4518759821
Youshui,3.45500,O-H,1.834491121,0.01991726848,1.992796057,0.02914750128,-0.1583049362
Youshui,3.45500,O-O,0.3901745589,0.0190530474,0.8136524091,0.03810726207,-0.4234778502
Youshui,3.46500,O-H,1.78996774,0.01975121423,1.961781918,0.03091235143,-0.1718141786
Youshui,3.46500,O-O,0.3815811409,0.01852540511,0.8188684496,0.0381465864,-0.4372873087
Youshui,3.47500,O-H,1.723052378,0.01948785346,1.878910535,0.02775603511,-0.155858157
Youshui,3.47500,O-O,0.3748823544,0.01781799957,0.8650474672,0.03592946473,-0.4901651129
Youshui,3.48500,O-H,1.746518803,0.01916999361,1.882621781,0.02691587622,-0.1361029773
Youshui,3.48500,O-O,0.4121578297,0.01888829461,0.816024847,0.03709554512,-0.4038670173
Youshui,3.49500,O-H,1.680995829,0.01833279793,1.867065346,0.0272663222,-0.186069517
Youshui,3.49500,O-O,0.4106935239,0.0197300024,0.8681571909,0.03741576503,-0.457463667
Youshui,3.50500,O-H,1.648715765,0.01888799078,1.797580998,0.02847456667,-0.148865233
Youshui,3.50500,O-O,0.4437853612,0.01908067652,0.7986713414,0.03772531554,-0.3548859802
Youshui,3.51500,O-H,1.642820822,0.01782321187,1.779065193,0.02675764197,-0.1362443706
Youshui,3.51500,O-O,0.4500715221,0.01973150201,0.912852388,0.03927354157,-0.4627808659
Youshui,3.52500,O-H,1.615600333,0.01889569919,1.752868106,0.02604268845,-0.1372677736
Youshui,3.52500,O-O,0.4116147316,0.02006846064,0.8263241909,0.03621008261,-0.4147094593
Youshui,3.53500,O-H,1.630936722,0.01891620573,1.731238315,0.02550221007,-0.1003015921
Youshui,3.53500,O-O,0.4693763733,0.02076297939,0.8835178142,0.03753262334,-0.4141414409
Youshui,3.54500,O-H,1.547489367,0.01841637597,1.663959538,0.02535868795,-0.1164701713
Youshui,3.54500,O-O,0.434692889,0.01936252911,0.9069311504,0.03674632061,-0.4722382614
Youshui,3.55500,O-H,1.525427713,0.01861139343,1.716838162,0.02567091218,-0.1914104491
Youshui,3.55500,O-O,0.486497415,0.02058944644,0.8265523404,0.0362814542,-0.3400549254
Youshui,3.56500,O-H,1.557394,0.0177564571,1.666480442,0.02604506803,-0.1090864415
Youshui,3.56500,O-O,0.4871968806,0.02042864474,0.9264166101,0.03753841695,-0.4392197295
Youshui,3.57500,O-H,1.471059492,0.01753847713,1.648762366,0.02570320522,-0.177702874
Youshui,3.57500,O-O,0.4878809179,0.02044670194,0.87006105,0.03701897134,-0.3821801321
Youshui,3.58500,O-H,1.508141836,0.01802162394,1.616393449,0.02380704613,-0.1082516138
Youshui,3.58500,O-O,0.5461258061,0.02082580023,0.9484965497,0.03688786725,-0.4023707436
Youshui,3.59500,O-H,1.482956315,0.01808100046,1.620263746,0.02553575619,-0.1373074314
Youshui,3.59500,O-O,0.5245677209,0.02046726694,0.9984404339,0.03703341538,-0.473872713
Youshui,3.60500,O-H,1.466486752,0.01776183267,1.621811158,0.02607301983,-0.1553244065
Youshui,3.60500,O-O,0.5501310259,0.02192084517,0.9715560421,0.03876226699,-0.4214250162
Youshui,3.61500,O-H,1.491627679,0.0177837854,1.558653128,0.02351602464,-0.0670254485
Youshui,3.61500,O-O,0.5354336709,0.02079364837,0.9252353048,0.03703620169,-0.3898016339
Youshui,3.62500,O-H,1.411575538,0.01717385186,1.576085814,0.02385932732,-0.164510276
Youshui,3.62500,O-O,0.5805148134,0.02190382084,1.021201897,0.03768510629,-0.4406870831
Youshui,3.63500,O-H,1.461255091,0.01734498478,1.526022317,0.02362182794,-0.06476722625
Youshui,3.63500,O-O,0.6316810453,0.02324624914,1.009590374,0.03985935314,-0.3779093288
Youshui,3.64500,O-H,1.433669751,0.01694541859,1.512145817,0.02230038882,-0.0784760664
Youshui,3.64500,O-O,0.626581666,0.0241557045,0.9727281837,0.03855020686,-0.3461465177
Youshui,3.65500,O-H,1.412386125,0.01607239044,1.491816582,0.02343155708,-0.07943045761
Youshui,3.65500,O-O,0.6606286534,0.02348604869,1.041600836,0.03937873423,-0.3809721828
Youshui,3.66500,O-H,1.435833548,0.01689214202,1.548052637,0.02346535747,-0.1122190884
Youshui,3.66500,O-O,0.7007763969,0.02329469488,0.9488596675,0.03842160677,-0.2480832706
Youshui,3.67500,O-H,1.393083892,0.01645967199,1.512152227,0.02341645113,-0.1190683347
Youshui,3.67500,O-O,0.6848816914,0.02340125636,1.055244693,0.03886819942,-0.3703630019
Youshui,3.68500,O-H,1.399357057,0.0168388582,1.514387951,0.02425768069,-0.1150308944
Youshui,3.68500,O-O,0.7733278453,0.02536421521,1.11375208,0.03988439449,-0.3404242352
Youshui,3.69500,O-H,1.393167884,0.01666441238,1.495111291,0.02314278949,-0.1019434067
Youshui,3.69500,O-O,0.7197309612,0.02395898322,1.080147404,0.04146535225,-0.3604164429
Youshui,3.70500,O-H,1.389955388,0.01683890271,1.458228448,0.02105339858,-0.06827306031
Youshui,3.70500,O-O,0.7618303761,0.02403841369,1.208615086,0.04122109432,-0.4467847102
Youshui,3.71500,O-H,1.411239718,0.01619839066,1.494275346,0.02261628016,-0.08303562809
Youshui,3.71500,O-O,0.7995242529,0.02547435318,1.114507676,0.04065141058,-0.3149834233
Youshui,3.72500,O-H,1.401546869,0.01610071209,1.476758403,0.02235395763,-0.07521153429
Youshui,3.72500,O-O,0.7873946933,0.02480020646,1.041391323,0.03919937899,-0.2539966292
Youshui,3.73500,O-H,1.383671564,0.01604262284,1.490570353,0.02371653412,-0.1068987897
Youshui,3.73500,O-O,0.8323280548,0.0245752406,1.295843659,0.04125412062,-0.463515604
Youshui,3.74500,O-H,1.370364651,0.01584245655,1.467992976,0.02323810865,-0.09762832431
Youshui,3.74500,O-O,0.8775468032,0.02738663316,1.290345812,0.04443842773,-0.4127990089
Youshui,3.75500,O-H,1.380762954,0.01598075005,1.475773679,0.02155720963,-0.09501072519
Youshui,3.75500,O-O,0.9037500647,0.02741445724,1.232874004,0.04184512708,-0.3291239392
Youshui,3.76500,O-H,1.339574967,0.01624564364,1.473113479,0.02209683639,-0.1335385122
Youshui,3.76500,O-O,0.8966525999,0.02776182746,1.384344627,0.04450010437,-0.4876920272
Youshui,3.77500,O-H,1.386870681,0.0164578708,1.462577128,0.02319820784,-0.07570644722
Youshui,3.77500,O-O,0.9621614776,0.02680731173,1.297737096,0.04000971106,-0.3355756181
Youshui,3.78500,O-H,1.350725657,0.01561545981,1.486567965,0.02255504124,-0.1358423079
Youshui,3.78500,O-O,0.9897465147,0.02783866802,1.353150417,0.04173237913,-0.3634039023
Youshui,3.79500,O-H,1.338216801,0.0157226064,1.40378926,0.02230849262,-0.0655724581
Youshui,3.79500,O-O,1.026850528,0.02865399534,1.355662741,0.04360400059,-0.3288122129
Youshui,3.80500,O-H,1.349343835,0.01518570848,1.382925061,0.02247734616,-0.03358122613
Youshui,3.80500,O-O,1.050773677,0.02891169727,1.440274955,0.04536904687,-0.3895012778
Youshui,3.81500,O-H,1.307824012,0.01512262269,1.40555434,0.02190563234,-0.09773032775
Youshui,3.81500,O-O,1.125275213,0.02943639345,1.444991498,0.04447660569,-0.3197162857
Youshui,3.82500,O-H,1.33600311,0.0164077893,1.410233684,0.02089931714,-0.0742305746
Youshui,3.82500,O-O,1.121630476,0.02884450809,1.415769022,0.04271140312,-0.2941385462
Youshui,3.83500,O-H,1.341261266,0.01582571193,1.499204485,0.02159283837,-0.1579432184
Youshui,3.83500,O-O,1.087671973,0.02891441045,1.462305107,0.04483546484,-0.3746331342
Youshui,3.84500,O-H,1.321777886,0.01549850869,1.452099069,0.02121500662,-0.1303211833
Youshui,3.84500,O-O,1.129130171,0.02799816099,1.44130128,0.04458933794,-0.3121711091
Youshui,3.85500,O-H,1.331350138,0.01470752363,1.486318387,0.02117212035,-0.1549682486
Youshui,3.85500,O-O,1.152569985,0.02920335116,1.625900402,0.0450012536,-0.4733304179
Youshui,3.86500,O-H,1.3056206,0.01567091351,1.410950773,0.02142254459,-0.1053301729
Youshui,3.86500,O-O,1.263897416,0.03080989407,1.536556598,0.04518191491,-0.2726591818
Youshui,3.87500,O-H,1.317999824,0.01582076281,1.467111725,0.02244969322,-0.1491119007
Youshui,3.87500,O-O,1.261730792,0.03138881873,1.606520104,0.04388510784,-0.3447893119
Youshui,3.88500,O-H,1.345691967,0.0159455792,1.427205807,0.02144618262,-0.08151384023
Youshui,3.88500,O-O,1.26029069,0.030711944,1.619272841,0.04676090313,-0.3589821513
Youshui,3.89500,O-H,1.334018439,0.01519304356,1.417955,0.02137098094,-0.083936561
Youshui,3.89500,O-O,1.32914341,0.03012109342,1.641019411,0.04704517278,-0.3118760003
Youshui,3.90500,O-H,1.3059161,0.01500931667,1.43184336,0.02199971991,-0.1259272602
Youshui,3.90500,O-O,1.380861882,0.03114519921,1.680720326,0.04453305156,-0.2998584443
Youshui,3.91500,O-H,1.302577518,0.01470390576,1.405735426,0.02149280553,-0.1031579072
Youshui,3.91500,O-O,1.405765909,0.03086261754,1.679904616,0.04813540228,-0.2741387071
Youshui,3.92500,O-H,1.304652123,0.01526857383,1.420459179,0.02115549387,-0.1158070564
Youshui,3.92500,O-O,1.448764144,0.03160875123,1.66620891,0.04567707818,-0.2174447661
Youshui,3.93500,O-H,1.287292001,0.01512927807,1.381387554,0.02081227571,-0.09409555234
Youshui,3.93500,O-O,1.421029291,0.0307745263,1.655190782,0.0461506044,-0.2341614913
Youshui,3.94500,O-H,1.320405191,0.01566538778,1.41990291,0.02160000869,-0.0994977191
Youshui,3.94500,O-O,1.475366076,0.0316271122,1.79709902,0.04847432301,-0.3217329436
Youshui,3.95500,O-H,1.308250446,0.01474857009,1.387125156,0.01896268993,-0.07887470936
Youshui,3.95500,O-O,1.517309036,0.03224479922,1.681577768,0.04511452919,-0.1642687323
Youshui,3.96500,O-H,1.320081906,0.01479083116,1.395672222,0.02035460454,-0.07559031592
Youshui,3.96500,O-O,1.538737135,0.03295920205,1.739929751,0.04431105056,-0.201192616
Youshui,3.97500,O-H,1.303774411,0.01579279181,1.410298638,0.02080990191,-0.1065242274
Youshui,3.97500,O-O,1.513098315,0.03038294172,1.793910549,0.04648748184,-0.280812234
Youshui,3.98500,O-H,1.27883267,0.01495470203,1.431220255,0.02078667518,-0.1523875849
Youshui,3.98500,O-O,1.567872441,0.03317004346,1.72625338,0.04688710703,-0.1583809392
Youshui,3.99500,O-H,1.296969885,0.01509408071,1.409679682,0.0203578858,-0.1127097974
Youshui,3.99500,O-O,1.589351899,0.03300689094,1.846785328,0.04938808222,-0.2574334295
Youshui,4.00500,O-H,1.287659075,0.01457983416,1.382245602,0.01986119459,-0.09458652756
Youshui,4.00500,O-O,1.621452461,0.03184947381,1.810387738,0.04563392214,-0.1889352773
Youshui,4.01500,O-H,1.272935161,0.01425686859,1.311736378,0.02021286069,-0.03880121659
Youshui,4.01500,O-O,1.695742469,0.03419451133,1.811217745,0.04417801728,-0.1154752755
Youshui,4.02500,O-H,1.250396164,0.0147803195,1.381809471,0.0200010038,-0.1314133068
Youshui,4.02500,O-O,1.663145455,0.03232174936,1.774088377,0.04720129325,-0.1109429226
Youshui,4.03500,O-H,1.249970886,0.01458954282,1.367768484,0.02025090365,-0.1177975981
Youshui,4.03500,O-O,1.683652474,0.03356338399,1.76043597,0.04602887114,-0.0767834967
Youshui,4.04500,O-H,1.248715049,0.01471940132,1.326384203,0.02085521204,-0.0776691541
Youshui,4.04500,O-O,1.652725415,0.03289141545,1.780817041,0.04818326294,-0.1280916257
Youshui,4.05500,O-H,1.266863795,0.01448101032,1.348962464,0.01962990194,-0.08209866953
Youshui,4.05500,O-O,1.6253916,0.03282485765,1.780482869,0.04673999171,-0.1550912688
Youshui,4.06500,O-H,1.250252122,0.0143990706,1.352975381,0.02038302733,-0.1027232591
Youshui,4.06500,O-O,1.70828465,0.03367749121,1.662574643,0.04399120221,0.04571000676
Youshui,4.07500,O-H,1.238794258,0.01430697104,1.298690203,0.01939195246,-0.05989594516
Youshui,4.07500,O-O,1.692046833,0.03448571721,1.819151061,0.04649860635,-0.1271042279
Youshui,4.08500,O-H,1.240289539,0.01399157307,1.368153009,0.02034983951,-0.1278634705
Youshui,4.08500,O-O,1.81550094,0.03383076769,1.80669198,0.04829499182,0.008808959713
Youshui,4.09500,O-H,1.211371228,0.01395441864,1.320407528,0.01925759674,-0.1090363
Youshui,4.09500,O-O,1.77809156,0.03474337111,1.719864398,0.04344453689,0.05822716169
Youshui,4.10500,O-H,1.236031141,0.01442355291,1.338911048,0.01954667707,-0.1028799074
Youshui,4.10500,O-O,1.755877669,0.0341351079,1.706790103,0.04382394058,0.04908756568
Youshui,4.11500,O-H,1.233990159,0.0140925857,1.320872965,0.0191025027,-0.08688280631
Youshui,4.11500,O-O,1.775630424,0.03399852145,1.75586292,0.04435290031,0.01976750475
Youshui,4.12500,O-H,1.211939294,0.01415054706,1.367296694,0.01939830673,-0.1553574003
Youshui,4.12500,O-O,1.813078176,0.03430772221,1.65999197,0.04469705218,0.1530862068
Youshui,4.13500,O-H,1.228512365,0.01387561215,1.29841328,0.01960677394,-0.06990091454
Youshui,4.13500,O-O,1.864145118,0.03448540569,1.685591794,0.04391742099,0.1785533244
Youshui,4.14500,O-H,1.22789863,0.01390911401,1.316890216,0.01902297964,-0.08899158563
Youshui,4.14500,O-O,1.815891928,0.03329485962,1.691312782,0.04209516104,0.1245791461
Youshui,4.15500,O-H,1.196831531,0.01394008808,1.328666922,0.01910113735,-0.1318353909
Youshui,4.15500,O-O,1.735934185,0.03354102851,1.7715887,0.04497300813,-0.03565451425
Youshui,4.16500,O-H,1.188154193,0.01383824273,1.314410222,0.01872286973,-0.1262560287
Youshui,4.16500,O-O,1.834250871,0.03392240885,1.696818829,0.0460498623,0.1374320414
Youshui,4.17500,O-H,1.197238583,0.01381413498,1.292708451,0.01803532989,-0.09546986787
Youshui,4.17500,O-O,1.83171764,0.03344355452,1.69893464,0.04354582006,0.1327830001
Youshui,4.18500,O-H,1.192442528,0.01398537427,1.309128431,0.01957405266,-0.1166859024
Youshui,4.18500,O-O,1.855904723,0.03397945361,1.633106251,0.04324678173,0.2227984725
Youshui,4.19500,O-H,1.176859301,0.01301455899,1.271807113,0.01949739001,-0.09494781198
Youshui,4.19500,O-O,1.822332353,0.03374611041,1.648983014,0.04385556454,0.1733493393
CaF2,0.00500,O-H,0,0,0,0,0
CaF2,0.00500,O-O,0,0,0,0,0
CaF2,0.01500,O-H,0,0,0,0,0
CaF2,0.01500,O-O,0,0,0,0,0
CaF2,0.02500,O-H,0,0,0,0,0
CaF2,0.02500,O-O,0,0,0,0,0
CaF2,0.03500,O-H,0,0,0,0,0
CaF2,0.03500,O-O,0,0,0,0,0
CaF2,0.04500,O-H,0,0,0,0,0
CaF2,0.04500,O-O,0,0,0,0,0
CaF2,0.05500,O-H,0,0,0,0,0
CaF2,0.05500,O-O,0,0,0,0,0
CaF2,0.06500,O-H,0,0,0,0,0
CaF2,0.06500,O-O,0,0,0,0,0
CaF2,0.07500,O-H,0,0,0,0,0
CaF2,0.07500,O-O,0,0,0,0,0
CaF2,0.08500,O-H,0,0,0,0,0
CaF2,0.08500,O-O,0,0,0,0,0
CaF2,0.09500,O-H,0,0,0,0,0
CaF2,0.09500,O-O,0,0,0,0,0
CaF2,0.10500,O-H,0,0,0,0,0
CaF2,0.10500,O-O,0,0,0,0,0
CaF2,0.11500,O-H,0,0,0,0,0
CaF2,0.11500,O-O,0,0,0,0,0
CaF2,0.12500,O-H,0,0,0,0,0
CaF2,0.12500,O-O,0,0,0,0,0
CaF2,0.13500,O-H,0,0,0,0,0
CaF2,0.13500,O-O,0,0,0,0,0
CaF2,0.14500,O-H,0,0,0,0,0
CaF2,0.14500,O-O,0,0,0,0,0
CaF2,0.15500,O-H,0,0,0,0,0
CaF2,0.15500,O-O,0,0,0,0,0
CaF2,0.16500,O-H,0,0,0,0,0
CaF2,0.16500,O-O,0,0,0,0,0
CaF2,0.17500,O-H,0,0,0,0,0
CaF2,0.17500,O-O,0,0,0,0,0
CaF2,0.18500,O-H,0,0,0,0,0
CaF2,0.18500,O-O,0,0,0,0,0
CaF2,0.19500,O-H,0,0,0,0,0
CaF2,0.19500,O-O,0,0,0,0,0
CaF2,0.20500,O-H,0,0,0,0,0
CaF2,0.20500,O-O,0,0,0,0,0
CaF2,0.21500,O-H,0,0,0,0,0
CaF2,0.21500,O-O,0,0,0,0,0
CaF2,0.22500,O-H,0,0,0,0,0
CaF2,0.22500,O-O,0,0,0,0,0
CaF2,0.23500,O-H,0,0,0,0,0
CaF2,0.23500,O-O,0,0,0,0,0
CaF2,0.24500,O-H,0,0,0,0,0
CaF2,0.24500,O-O,0,0,0,0,0
CaF2,0.25500,O-H,0,0,0,0,0
CaF2,0.25500,O-O,0,0,0,0,0
CaF2,0.26500,O-H,0,0,0,0,0
CaF2,0.26500,O-O,0,0,0,0,0
CaF2,0.27500,O-H,0,0,0,0,0
CaF2,0.27500,O-O,0,0,0,0,0
CaF2,0.28500,O-H,0,0,0,0,0
CaF2,0.28500,O-O,0,0,0,0,0
CaF2,0.29500,O-H,0,0,0,0,0
CaF2,0.29500,O-O,0,0,0,0,0
CaF2,0.30500,O-H,0,0,0,0,0
CaF2,0.30500,O-O,0,0,0,0,0
CaF2,0.31500,O-H,0,0,0,0,0
CaF2,0.31500,O-O,0,0,0,0,0
CaF2,0.32500,O-H,0,0,0,0,0
CaF2,0.32500,O-O,0,0,0,0,0
CaF2,0.33500,O-H,0,0,0,0,0
CaF2,0.33500,O-O,0,0,0,0,0
CaF2,0.34500,O-H,0,0,0,0,0
CaF2,0.34500,O-O,0,0,0,0,0
CaF2,0.35500,O-H,0,0,0,0,0
CaF2,0.35500,O-O,0,0,0,0,0
CaF2,0.36500,O-H,0,0,0,0,0
CaF2,0.36500,O-O,0,0,0,0,0
CaF2,0.37500,O-H,0,0,0,0,0
CaF2,0.37500,O-O,0,0,0,0,0
CaF2,0.38500,O-H,0,0,0,0,0
CaF2,0.38500,O-O,0,0,0,0,0
CaF2,0.39500,O-H,0,0,0,0,0
CaF2,0.39500,O-O,0,0,0,0,0
CaF2,0.40500,O-H,0,0,0,0,0
CaF2,0.40500,O-O,0,0,0,0,0
CaF2,0.41500,O-H,0,0,0,0,0
CaF2,0.41500,O-O,0,0,0,0,0
CaF2,0.42500,O-H,0,0,0,0,0
CaF2,0.42500,O-O,0,0,0,0,0
CaF2,0.43500,O-H,0,0,0,0,0
CaF2,0.43500,O-O,0,0,0,0,0
CaF2,0.44500,O-H,0,0,0,0,0
CaF2,0.44500,O-O,0,0,0,0,0
CaF2,0.45500,O-H,0,0,0,0,0
CaF2,0.45500,O-O,0,0,0,0,0
CaF2,0.46500,O-H,0,0,0,0,0
CaF2,0.46500,O-O,0,0,0,0,0
CaF2,0.47500,O-H,0,0,0,0,0
CaF2,0.47500,O-O,0,0,0,0,0
CaF2,0.48500,O-H,0,0,0,0,0
CaF2,0.48500,O-O,0,0,0,0,0
CaF2,0.49500,O-H,0,0,0,0,0
CaF2,0.49500,O-O,0,0,0,0,0
CaF2,0.50500,O-H,0,0,0,0,0
CaF2,0.50500,O-O,0,0,0,0,0
CaF2,0.51500,O-H,0,0,0,0,0
CaF2,0.51500,O-O,0,0,0,0,0
CaF2,0.52500,O-H,0,0,0,0,0
CaF2,0.52500,O-O,0,0,0,0,0
CaF2,0.53500,O-H,0,0,0,0,0
CaF2,0.53500,O-O,0,0,0,0,0
CaF2,0.54500,O-H,0,0,0,0,0
CaF2,0.54500,O-O,0,0,0,0,0
CaF2,0.55500,O-H,0,0,0,0,0
CaF2,0.55500,O-O,0,0,0,0,0
CaF2,0.56500,O-H,0,0,0,0,0
CaF2,0.56500,O-O,0,0,0,0,0
CaF2,0.57500,O-H,0,0,0,0,0
CaF2,0.57500,O-O,0,0,0,0,0
CaF2,0.58500,O-H,0,0,0,0,0
CaF2,0.58500,O-O,0,0,0,0,0
CaF2,0.59500,O-H,0,0,0,0,0
CaF2,0.59500,O-O,0,0,0,0,0
CaF2,0.60500,O-H,0,0,0,0,0
CaF2,0.60500,O-O,0,0,0,0,0
CaF2,0.61500,O-H,0,0,0,0,0
CaF2,0.61500,O-O,0,0,0,0,0
CaF2,0.62500,O-H,0,0,0,0,0
CaF2,0.62500,O-O,0,0,0,0,0
CaF2,0.63500,O-H,0,0,0,0,0
CaF2,0.63500,O-O,0,0,0,0,0
CaF2,0.64500,O-H,0,0,0,0,0
CaF2,0.64500,O-O,0,0,0,0,0
CaF2,0.65500,O-H,0,0,0,0,0
CaF2,0.65500,O-O,0,0,0,0,0
CaF2,0.66500,O-H,0,0,0,0,0
CaF2,0.66500,O-O,0,0,0,0,0
CaF2,0.67500,O-H,0,0,0,0,0
CaF2,0.67500,O-O,0,0,0,0,0
CaF2,0.68500,O-H,0,0,0,0,0
CaF2,0.68500,O-O,0,0,0,0,0
CaF2,0.69500,O-H,0,0,0,0,0
CaF2,0.69500,O-O,0,0,0,0,0
CaF2,0.70500,O-H,0,0,0,0,0
CaF2,0.70500,O-O,0,0,0,0,0
CaF2,0.71500,O-H,0,0,0,0,0
CaF2,0.71500,O-O,0,0,0,0,0
CaF2,0.72500,O-H,0,0,0,0,0
CaF2,0.72500,O-O,0,0,0,0,0
CaF2,0.73500,O-H,0,0,0,0,0
CaF2,0.73500,O-O,0,0,0,0,0
CaF2,0.74500,O-H,0,0,0,0,0
CaF2,0.74500,O-O,0,0,0,0,0
CaF2,0.75500,O-H,0,0,0,0,0
CaF2,0.75500,O-O,0,0,0,0,0
CaF2,0.76500,O-H,0,0,0,0,0
CaF2,0.76500,O-O,0,0,0,0,0
CaF2,0.77500,O-H,0,0,0,0,0
CaF2,0.77500,O-O,0,0,0,0,0
CaF2,0.78500,O-H,0,0,0,0,0
CaF2,0.78500,O-O,0,0,0,0,0
CaF2,0.79500,O-H,0,0,0,0,0
CaF2,0.79500,O-O,0,0,0,0,0
CaF2,0.80500,O-H,0,0,0,0,0
CaF2,0.80500,O-O,0,0,0,0,0
CaF2,0.81500,O-H,0,0,0,0,0
CaF2,0.81500,O-O,0,0,0,0,0
CaF2,0.82500,O-H,0,0,0,0,0
CaF2,0.82500,O-O,0,0,0,0,0
CaF2,0.83500,O-H,0,0,0,0,0
CaF2,0.83500,O-O,0,0,0,0,0
CaF2,0.84500,O-H,0,0,0,0,0
CaF2,0.84500,O-O,0,0,0,0,0
CaF2,0.85500,O-H,0,0,0,0,0
CaF2,0.85500,O-O,0,0,0,0,0
CaF2,0.86500,O-H,0,0,0,0,0
CaF2,0.86500,O-O,0,0,0,0,0
CaF2,0.87500,O-H,0,0,0,0,0
CaF2,0.87500,O-O,0,0,0,0,0
CaF2,0.88500,O-H,0,0,0.0107671274,0.01075376038,-0.0107671274
CaF2,0.88500,O-O,0,0,0,0,0
CaF2,0.89500,O-H,0.008485461489,0.00599412423,0.04211147142,0.02095098016,-0.03362600993
CaF2,0.89500,O-O,0,0,0,0,0
CaF2,0.90500,O-H,0.08713924191,0.01881462107,0.1338544423,0.03652085137,-0.04671520038
CaF2,0.90500,O-O,0,0,0,0,0
CaF2,0.91500,O-H,0.3369206589,0.03633252871,0.5439240511,0.07316686745,-0.2070033922
CaF2,0.91500,O-O,0,0,0,0,0
CaF2,0.92500,O-H,1.57290883,0.07693616231,1.764234658,0.1320468484,-0.1913258283
CaF2,0.92500,O-O,0,0,0,0,0
CaF2,0.93500,O-H,4.431732614,0.1341266746,4.871413893,0.2161697523,-0.4396812788
CaF2,0.93500,O-O,0,0,0,0,0
CaF2,0.94500,O-H,10.41605316,0.1956054298,11.34139174,0.3199368371,-0.9253385831
CaF2,0.94500,O-O,0,0,0,0,0
CaF2,0.95500,O-H,20.30868721,0.2664155262,22.18250308,0.458624293,-1.873815865
CaF2,0.95500,O-O,0,0,0,0,0
CaF2,0.96500,O-H,33.68155958,0.354485397,35.37241728,0.5255434442,-1.690857701
CaF2,0.96500,O-O,0,0,0,0,0
CaF2,0.97500,O-H,48.03089642,0.3926021052,50.21048386,0.621686748,-2.179587438
CaF2,0.97500,O-O,0,0,0,0,0
CaF2,0.98500,O-H,58.94223009,0.4340560192,60.81723852,0.6869961204,-1.875008429
CaF2,0.98500,O-O,0,0,0,0,0
CaF2,0.99500,O-H,62.67573643,0.4312404614,63.90255997,0.6871387411,-1.226823543
CaF2,0.99500,O-O,0,0,0,0,0
CaF2,1.00500,O-H,57.84778783,0.4043253365,57.99493768,0.6568280712,-0.1471498534
CaF2,1.00500,O-O,0,0,0,0,0
CaF2,1.01500,O-H,48.97119077,0.3678898815,48.49204128,0.5778118946,0.4791494876
CaF2,1.01500,O-O,0,0,0,0,0
CaF2,1.02500,O-H,37.56227704,0.3440970223,35.43810954,0.4937069728,2.124167501
CaF2,1.02500,O-O,0,0,0,0,0
CaF2,1.03500,O-H,25.78986717,0.2865585611,23.91633925,0.4299044672,1.873527917
CaF2,1.03500,O-O,0,0,0,0,0
CaF2,1.04500,O-H,16.49438147,0.2328501982,15.13600248,0.3261301276,1.358378994
CaF2,1.04500,O-O,0,0,0,0,0
CaF2,1.05500,O-H,10.09769117,0.1772765229,8.637492719,0.2523393924,1.460198449
CaF2,1.05500,O-O,0,0,0,0,0
CaF2,1.06500,O-H,5.839901104,0.13797565,4.691567474,0.1852836129,1.14833363
CaF2,1.06500,O-O,0,0,0,0,0
CaF2,1.07500,O-H,3.014392947,0.09567440852,2.575998815,0.1473644456,0.4383941319
CaF2,1.07500,O-O,0,0,0,0,0
CaF2,1.08500,O-H,1.556045437,0.06484179898,1.14616844,0.08960926669,0.4098769973
CaF2,1.08500,O-O,0,0,0,0,0
CaF2,1.09500,O-H,0.7482879127,0.04448366234,0.7103643056,0.0651055632,0.0379236071
CaF2,1.09500,O-O,0,0,0,0,0
CaF2,1.10500,O-H,0.3952363539,0.03243963671,0.3660491168,0.04885148566,0.02918723703
CaF2,1.10500,O-O,0,0,0,0,0
CaF2,1.11500,O-H,0.1667528438,0.02208666583,0.1627982041,0.03222634638,0.003954639667
CaF2,1.11500,O-O,0,0,0,0,0
CaF2,1.12500,O-H,0.08592867868,0.01542009831,0.09328485591,0.02449454659,-0.00735617723
CaF2,1.12500,O-O,0,0,0,0,0
CaF2,1.13500,O-H,0.03429611129,0.009449999377,0.05891677832,0.01941839468,-0.02462066704
CaF2,1.13500,O-O,0,0,0,0,0
CaF2,1.14500,O-H,0.02333054239,0.007741772553,0.0385947765,0.01563851948,-0.01526423411
CaF2,1.14500,O-O,0,0,0,0,0
CaF2,1.15500,O-H,0.005095178158,0.003599230388,0,0,0.005095178158
CaF2,1.15500,O-O,0,0,0,0,0
CaF2,1.16500,O-H,0.002504041617,0.002502789283,0,0,0.002504041617
CaF2,1.16500,O-O,0,0,0,0,0
CaF2,1.17500,O-H,0,0,0,0,0
CaF2,1.17500,O-O,0,0,0,0,0
CaF2,1.18500,O-H,0,0,0,0,0
CaF2,1.18500,O-O,0,0,0,0,0
CaF2,1.19500,O-H,0,0,0.005905445541,0.005898114135,-0.005905445541
CaF2,1.19500,O-O,0,0,0,0,0
CaF2,1.20500,O-H,0,0,0,0,0
CaF2,1.20500,O-O,0,0,0,0,0
CaF2,1.21500,O-H,0,0,0,0,0
CaF2,1.21500,O-O,0,0,0,0,0
CaF2,1.22500,O-H,0,0,0,0,0
CaF2,1.22500,O-O,0,0,0,0,0
CaF2,1.23500,O-H,0,0,0,0,0
CaF2,1.23500,O-O,0,0,0,0,0
CaF2,1.24500,O-H,0,0,0,0,0
CaF2,1.24500,O-O,0,0,0,0,0
CaF2,1.25500,O-H,0,0,0,0,0
CaF2,1.25500,O-O,0,0,0,0,0
CaF2,1.26500,O-H,0,0,0,0,0
CaF2,1.26500,O-O,0,0,0,0,0
CaF2,1.27500,O-H,0,0,0,0,0
CaF2,1.27500,O-O,0,0,0,0,0
CaF2,1.28500,O-H,0,0,0,0,0
CaF2,1.28500,O-O,0,0,0,0,0
CaF2,1.29500,O-H,0.004053072391,0.002863087583,0,0,0.004053072391
CaF2,1.29500,O-O,0,0,0,0,0
CaF2,1.30500,O-H,0.003991194634,0.002819377178,0,0,0.003991194634
CaF2,1.30500,O-O,0,0,0,0,0
CaF2,1.31500,O-H,0.005896084731,0.003398996112,0.004876827736,0.004870773323,0.001019256995
CaF2,1.31500,O-O,0,0,0,0,0
CaF2,1.32500,O-H,0.003871615657,0.00273490667,0.004803493372,0.004797530002,-0.0009318777152
CaF2,1.32500,O-O,0,0,0,0,0
CaF2,1.33500,O-H,0.00381383143,0.00269408793,0.01419540235,0.008165157224,-0.01038157092
CaF2,1.33500,O-O,0,0,0,0,0
CaF2,1.34500,O-H,0.009393328161,0.00419030884,0.01398510397,0.008044194161,-0.004591775804
CaF2,1.34500,O-O,0,0,0,0,0
CaF2,1.35500,O-H,0.01665934828,0.005528070592,0.00918629627,0.006479553996,0.007473052012
CaF2,1.35500,O-O,0,0,0,0,0
CaF2,1.36500,O-H,0.02553623406,0.00677690332,0.02715657646,0.01100378571,-0.001620342402
CaF2,1.36500,O-O,0,0,0,0,0
CaF2,1.37500,O-H,0.03774922536,0.008150603047,0.01784200655,0.008876619901,0.0199072188
CaF2,1.37500,O-O,0,0,0,0,0
CaF2,1.38500,O-H,0.03543436236,0.007843730474,0.03956690587,0.01304086571,-0.00413254351
CaF2,1.38500,O-O,0,0,0,0,0
CaF2,1.39500,O-H,0.04016739073,0.008278601632,0.03033463536,0.01136540271,0.009832755367
CaF2,1.39500,O-O,0,0,0,0,0
CaF2,1.40500,O-H,0.06025729367,0.01029749048,0.07262488427,0.01723860514,-0.0123675906
CaF2,1.40500,O-O,0,0,0,0,0
CaF2,1.41500,O-H,0.09844855955,0.01277402198,0.1010851985,0.02087782555,-0.002636638952
CaF2,1.41500,O-O,0,0,0,0,0
CaF2,1.42500,O-H,0.1071135771,0.01316812393,0.1287422802,0.0237176008,-0.02162870309
CaF2,1.42500,O-O,0,0,0,0,0
CaF2,1.43500,O-H,0.1518372493,0.0152638809,0.1679071967,0.02485301859,-0.01606994735
CaF2,1.43500,O-O,0,0,0,0,0
CaF2,1.44500,O-H,0.1774128736,0.01776434307,0.1777077069,0.02654455825,-0.0002948332851
CaF2,1.44500,O-O,0,0,0,0,0
CaF2,1.45500,O-H,0.2520391557,0.02070527827,0.270877062,0.03149878705,-0.01883790633
CaF2,1.45500,O-O,0,0,0,0,0
CaF2,1.46500,O-H,0.3008657319,0.02193595829,0.275050297,0.03376474116,0.02581543494
CaF2,1.46500,O-O,0,0,0,0,0
CaF2,1.47500,O-H,0.3889642643,0.02425034804,0.3643620722,0.03799349487,0.02460219216
CaF2,1.47500,O-O,0,0,0,0,0
CaF2,1.48500,O-H,0.4577179674,0.02628040126,0.4741962886,0.04080333368,-0.01647832114
CaF2,1.48500,O-O,0,0,0,0,0
CaF2,1.49500,O-H,0.5565358441,0.02836802695,0.577295856,0.04726467561,-0.0207600119
CaF2,1.49500,O-O,0,0,0,0,0
CaF2,1.50500,O-H,0.7427226376,0.03307717617,0.6292208727,0.0513381997,0.1135017649
CaF2,1.50500,O-O,0,0,0,0,0
CaF2,1.51500,O-H,0.8499259899,0.03598222325,0.8450686823,0.05794716284,0.004857307606
CaF2,1.51500,O-O,0,0,0,0,0
CaF2,1.52500,O-H,0.9776444385,0.03786675571,0.8992934932,0.05862593489,0.07835094535
CaF2,1.52500,O-O,0,0,0,0,0
CaF2,1.53500,O-H,0.9880259147,0.03671046247,0.9198263394,0.05694092773,0.06819957523
CaF2,1.53500,O-O,0,0,0,0,0
CaF2,1.54500,O-H,1.260029888,0.04140616401,1.158794363,0.06190583034,0.1012355255
CaF2,1.54500,O-O,0,0,0,0,0
CaF2,1.55500,O-H,1.43361966,0.04394549623,1.231128644,0.06295090165,0.2024910168
CaF2,1.55500,O-O,0,0,0,0,0
CaF2,1.56500,O-H,1.649862506,0.04809366135,1.453025725,0.06955788918,0.1968367807
CaF2,1.56500,O-O,0,0,0,0,0
CaF2,1.57500,O-H,1.741321792,0.04756940502,1.669205975,0.07622882305,0.07211581699
CaF2,1.57500,O-O,0,0,0,0,0
CaF2,1.58500,O-H,1.953454407,0.05191793492,1.876475282,0.07548142915,0.07697912503
CaF2,1.58500,O-O,0,0,0,0,0
CaF2,1.59500,O-H,2.281713589,0.05573650314,1.859649414,0.07515758857,0.4220641742
CaF2,1.59500,O-O,0,0,0,0,0
CaF2,1.60500,O-H,2.427517696,0.05702686677,2.07552894,0.08272766875,0.3519887559
CaF2,1.60500,O-O,0,0,0,0,0
CaF2,1.61500,O-H,2.646424706,0.05783450606,2.3700011,0.08516368015,0.2764236065
CaF2,1.61500,O-O,0,0,0,0,0
CaF2,1.62500,O-H,2.80185972,0.06096317061,2.452698315,0.0905781609,0.3491614048
CaF2,1.62500,O-O,0,0,0,0,0
CaF2,1.63500,O-H,3.072810955,0.06195853602,2.845513717,0.09353649028,0.2272972374
CaF2,1.63500,O-O,0,0,0,0,0
CaF2,1.64500,O-H,3.271678692,0.06310902333,2.686365724,0.09657014315,0.5853129673
CaF2,1.64500,O-O,0,0,0,0,0
CaF2,1.65500,O-H,3.309190417,0.06343964654,2.989598908,0.0980152406,0.3195915092
CaF2,1.65500,O-O,0,0,0,0,0
CaF2,1.66500,O-H,3.408090154,0.06458694135,3.148484665,0.09311115165,0.2596054884
CaF2,1.66500,O-O,0,0,0,0,0
CaF2,1.67500,O-H,3.567388815,0.06572524384,3.09897995,0.09540182626,0.4684088648
CaF2,1.67500,O-O,0,0,0,0,0
CaF2,1.68500,O-H,3.734647089,0.0662322028,3.433584682,0.106350365,0.3010624068
CaF2,1.68500,O-O,0,0,0,0,0
CaF2,1.69500,O-H,3.720283575,0.06504957947,3.393190037,0.1003176399,0.3270935386
CaF2,1.69500,O-O,0,0,0,0,0
CaF2,1.70500,O-H,3.807709494,0.0642566217,3.663906251,0.1100362608,0.1438032427
CaF2,1.70500,O-O,0,0,0,0,0
CaF2,1.71500,O-H,3.74841292,0.06512362239,3.578294821,0.0984600432,0.1701180987
CaF2,1.71500,O-O,0,0,0,0,0
CaF2,1.72500,O-H,3.775891392,0.0621635568,3.536927715,0.09387708711,0.2389636778
CaF2,1.72500,O-O,0,0,0,0,0
CaF2,1.73500,O-H,3.842004316,0.06442842406,3.563509858,0.1009765969,0.2784944578
CaF2,1.73500,O-O,0,0,0,0,0
CaF2,1.74500,O-H,3.890732668,0.06203966931,3.420313545,0.09722124223,0.470419123
CaF2,1.74500,O-O,0,0,0,0,0
CaF2,1.75500,O-H,3.664456063,0.06228173961,3.510133404,0.09113007033,0.1543226583
CaF2,1.75500,O-O,0,0,0,0,0
CaF2,1.76500,O-H,3.666688286,0.06233410403,3.335117509,0.1025008952,0.3315707766
CaF2,1.76500,O-O,0,0,0,0,0
CaF2,1.77500,O-H,3.570476592,0.06128557037,3.252141462,0.09045013426,0.31833513
CaF2,1.77500,O-O,0,0,0,0,0
CaF2,1.78500,O-H,3.391920019,0.05625560788,3.340202463,0.09959777352,0.05171755552
CaF2,1.78500,O-O,0,0,0,0,0
CaF2,1.79500,O-H,3.254027352,0.05878290242,3.300472141,0.09434395679,-0.04644478919
CaF2,1.79500,O-O,0,0,0,0,0
CaF2,1.80500,O-H,3.1878207,0.05782454262,2.958569126,0.08620623384,0.2292515743
CaF2,1.80500,O-O,0,0,0,0,0
CaF2,1.81500,O-H,3.083668025,0.05645876094,2.913257804,0.08161847814,0.1704102209
CaF2,1.81500,O-O,0,0,0,0,0
CaF2,1.82500,O-H,2.917315443,0.05431273138,2.752287094,0.08019165202,0.1650283488
CaF2,1.82500,O-O,0,0,0,0,0
CaF2,1.83500,O-H,2.756414641,0.05156989637,2.632209898,0.07563594174,0.1242047429
CaF2,1.83500,O-O,0,0,0,0,0
CaF2,1.84500,O-H,2.646744281,0.05265241406,2.44519986,0.07730567907,0.2015444211
CaF2,1.84500,O-O,0,0,0,0,0
CaF2,1.85500,O-H,2.558037721,0.04991247713,2.431161481,0.07393661072,0.1268762392
CaF2,1.85500,O-O,0,0,0,0,0
CaF2,1.86500,O-H,2.357733254,0.04817026051,2.293630407,0.07107568802,0.06410284753
CaF2,1.86500,O-O,0,0,0,0,0
CaF2,1.87500,O-H,2.306550277,0.04768303583,2.302813004,0.07168857923,0.003737273031
CaF2,1.87500,O-O,0,0,0,0,0
CaF2,1.88500,O-H,2.143454104,0.04440049454,2.105188098,0.07138784737,0.0382660059
CaF2,1.88500,O-O,0,0,0,0,0
CaF2,1.89500,O-H,1.998805507,0.04348782038,2.014924907,0.06746444526,-0.01611939975
CaF2,1.89500,O-O,0,0,0,0,0
CaF2,1.90500,O-H,1.815862298,0.0417058531,1.951997884,0.06944768339,-0.1361355862
CaF2,1.90500,O-O,0,0,0,0,0
CaF2,1.91500,O-H,1.704273321,0.03954776178,1.853478327,0.06414196623,-0.1492050057
CaF2,1.91500,O-O,0,0,0,0,0
CaF2,1.92500,O-H,1.619661708,0.03853328082,1.583936654,0.05986511623,0.03572505362
CaF2,1.92500,O-O,0,0,0,0,0
CaF2,1.93500,O-H,1.542149699,0.03751697456,1.500038265,0.05659372484,0.0421114342
CaF2,1.93500,O-O,0,0,0,0,0
CaF2,1.94500,O-H,1.471532266,0.03661296966,1.489111811,0.05633968369,-0.01757954489
CaF2,1.94500,O-O,0,0,0,0,0
CaF2,1.95500,O-H,1.264448617,0.03281532807,1.310638703,0.05260811897,-0.04619008551
CaF2,1.95500,O-O,0,0,0,0,0
CaF2,1.96500,O-H,1.21552443,0.03278985958,1.24273129,0.05026298947,-0.02720686091
CaF2,1.96500,O-O,0,0,0,0,0
CaF2,1.97500,O-H,1.088236706,0.0309888902,1.234502558,0.04814836176,-0.1462658524
CaF2,1.97500,O-O,0,0,0,0,0
CaF2,1.98500,O-H,1.032448195,0.02963127018,1.010208624,0.0455624811,0.02223957138
CaF2,1.98500,O-O,0,0,0,0,0
CaF2,1.99500,O-H,0.9674739059,0.02904921434,1.106050121,0.04737278853,-0.1385762147
CaF2,1.99500,O-O,0,0,0,0,0
CaF2,2.00500,O-H,0.8665433047,0.02711078924,0.9523952319,0.0435282384,-0.08585192723
CaF2,2.00500,O-O,0,0,0,0,0
CaF2,2.01500,O-H,0.7817932992,0.02518974811,0.9097333838,0.0405928116,-0.1279400846
CaF2,2.01500,O-O,0,0,0,0,0
CaF2,2.02500,O-H,0.7649742618,0.02585338342,0.8226215217,0.03939670442,-0.05764725987
CaF2,2.02500,O-O,0,0,0,0,0
CaF2,2.03500,O-H,0.6721253267,0.02309906855,0.7616104862,0.04036543114,-0.08948515951
CaF2,2.03500,O-O,0,0,0,0,0
CaF2,2.04500,O-H,0.648502211,0.0222139525,0.7380480024,0.03866277607,-0.08954579141
CaF2,2.04500,O-O,0,0,0,0,0
CaF2,2.05500,O-H,0.5585100867,0.02105305516,0.7129100228,0.03531544905,-0.1543999361
CaF2,2.05500,O-O,0,0,0,0,0
CaF2,2.06500,O-H,0.5228281209,0.0205319042,0.6803125704,0.0369118334,-0.1574844496
CaF2,2.06500,O-O,0,0,0,0,0
CaF2,2.07500,O-H,0.5399022271,0.02064585051,0.5621288407,0.03463025563,-0.02222661367
CaF2,2.07500,O-O,0,0,0,0,0
CaF2,2.08500,O-H,0.4815748753,0.01880404603,0.5528698701,0.03088328337,-0.07129499473
CaF2,2.08500,O-O,0,0,0,0,0
CaF2,2.09500,O-H,0.4266569059,0.01778266437,0.5456830635,0.03248625291,-0.1190261576
CaF2,2.09500,O-O,0,0,0,0,0
CaF2,2.10500,O-H,0.393467085,0.01785348353,0.4872209587,0.02956897878,-0.09375387372
CaF2,2.10500,O-O,0,0,0,0,0
CaF2,2.11500,O-H,0.3806380793,0.01657591563,0.4826245688,0.02965182641,-0.1019864895
CaF2,2.11500,O-O,0,0,0,0,0
CaF2,2.12500,O-H,0.3439486346,0.01575394385,0.4164637512,0.0287871243,-0.07251511666
CaF2,2.12500,O-O,0,0,0,0,0
CaF2,2.13500,O-H,0.3183665141,0.01536476101,0.4403230477,0.03002885384,-0.1219565336
CaF2,2.13500,O-O,0,0,0,0,0
CaF2,2.14500,O-H,0.2651765578,0.01350178744,0.4142324079,0.02651424782,-0.1490558501
CaF2,2.14500,O-O,0,0,0,0,0
CaF2,2.15500,O-H,0.2590621668,0.01358661577,0.3541035632,0.02559379464,-0.09504139642
CaF2,2.15500,O-O,0,0,0,0,0
CaF2,2.16500,O-H,0.2211461208,0.0123042991,0.3202539114,0.02396218078,-0.09910779054
CaF2,2.16500,O-O,0,0,0,0,0
CaF2,2.17500,O-H,0.2119330988,0.01312906358,0.3030544375,0.02339909393,-0.09112133871
CaF2,2.17500,O-O,0,0,0,0,0
CaF2,2.18500,O-H,0.2220992097,0.0129443612,0.3250163406,0.02382929669,-0.1029171308
CaF2,2.18500,O-O,0,0,0,0,0
CaF2,2.19500,O-H,0.2066778237,0.01211848666,0.2818039586,0.0216277902,-0.07512613488
CaF2,2.19500,O-O,0,0,0,0,0
CaF2,2.20500,O-H,0.1964194306,0.01169734737,0.2306878507,0.01970822318,-0.0342684201
CaF2,2.20500,O-O,0,0,0,0,0
CaF2,2.21500,O-H,0.173176066,0.01067528966,0.2578303713,0.02092286249,-0.0846543053
CaF2,2.21500,O-O,0,0,0,0,0
CaF2,2.22500,O-H,0.1455362429,0.009878231689,0.2078213123,0.019050291,-0.0622850694
CaF2,2.22500,O-O,0,0,0,0,0
CaF2,2.23500,O-H,0.1489993573,0.009836802231,0.2177834858,0.01952147483,-0.06878412841
CaF2,2.23500,O-O,0,0,0,0,0
CaF2,2.24500,O-H,0.1348629474,0.009343579076,0.179036419,0.01694772186,-0.04417347164
CaF2,2.24500,O-O,0,0,0,0,0
CaF2,2.25500,O-H,0.1196341826,0.008990676049,0.1675014548,0.01639141185,-0.04786727222
CaF2,2.25500,O-O,0,0,0,0,0
CaF2,2.26500,O-H,0.1232173561,0.009494309612,0.1956144158,0.01814622701,-0.07239705972
CaF2,2.26500,O-O,0,0,0,0,0
CaF2,2.27500,O-H,0.1017804242,0.008382876219,0.1352401379,0.01438176373,-0.03345971366
CaF2,2.27500,O-O,0,0,0,0,0
CaF2,2.28500,O-H,0.1074006481,0.008580579244,0.1631320469,0.01596382892,-0.05573139883
CaF2,2.28500,O-O,0,0,0,0,0
CaF2,2.29500,O-H,0.09162591768,0.007575500369,0.1569101446,0.01553739884,-0.06528422692
CaF2,2.29500,O-O,0,0,0,0,0
CaF2,2.30500,O-H,0.09147229104,0.007690668103,0.1349172247,0.01481111091,-0.04344493363
CaF2,2.30500,O-O,0,0,0,0,0
CaF2,2.31500,O-H,0.09639111007,0.007841361133,0.1290334176,0.01436317007,-0.03264230752
CaF2,2.31500,O-O,0.002575632901,0.002574344762,0,0,0.002575632901
CaF2,2.32500,O-H,0.06978666663,0.006963612393,0.1404064113,0.01559296816,-0.0706197447
CaF2,2.32500,O-O,0,0,0,0,0
CaF2,2.33500,O-H,0.07916356564,0.006796097242,0.1129118285,0.01328544541,-0.03374826283
CaF2,2.33500,O-O,0,0,0,0,0
CaF2,2.34500,O-H,0.07539968618,0.00702262922,0.11501803,0.01328487257,-0.03961834386
CaF2,2.34500,O-O,0,0,0,0,0
CaF2,2.35500,O-H,0.0674071972,0.006365379582,0.1049198423,0.01246373676,-0.03751264507
CaF2,2.35500,O-O,0.007466643383,0.004304397407,0,0,0.007466643383
CaF2,2.36500,O-H,0.06136977011,0.006220305172,0.116096413,0.0131690892,-0.05472664292
CaF2,2.36500,O-O,0.002467878036,0.002466643789,0,0,0.002467878036
CaF2,2.37500,O-H,0.05362387536,0.005557498813,0.1121306676,0.01260147248,-0.05850679219
CaF2,2.37500,O-O,0,0,0.01214461384,0.008566203268,-0.01214461384
CaF2,2.38500,O-H,0.04959030156,0.005544315976,0.08895387288,0.01267284846,-0.03936357133
CaF2,2.38500,O-O,0.02669327817,0.008003937993,0.01204298587,0.008494519978,0.0146502923
CaF2,2.39500,O-H,0.04384460008,0.005183024061,0.104384904,0.01268913939,-0.0605403039
CaF2,2.39500,O-O,0.02887727507,0.008285983401,0.01194262824,0.008423732723,0.01693464683
CaF2,2.40500,O-H,0.05288198908,0.00550883431,0.09477058977,0.01152806101,-0.04188860069
CaF2,2.40500,O-O,0.05250232352,0.01106971936,0.05921759929,0.02030037781,-0.006715275773
CaF2,2.41500,O-H,0.05943761039,0.005873533821,0.08386564987,0.01116788239,-0.02442803948
CaF2,2.41500,O-O,0.04733492954,0.01047803332,0.04110974031,0.0154024846,0.006225189235
CaF2,2.42500,O-H,0.04276649696,0.004989075051,0.07743916693,0.01041686105,-0.03467266998
CaF2,2.42500,O-O,0.06807074859,0.01245578613,0.06406932786,0.01905216508,0.004001420732
CaF2,2.43500,O-H,0.04642827383,0.005140801676,0.09244976871,0.01124575226,-0.04602149487
CaF2,2.43500,O-O,0.1210574251,0.01667361767,0.1328650877,0.02811520371,-0.01180766261
CaF2,2.44500,O-H,0.0363846081,0.004400131329,0.08323091961,0.01040115395,-0.04684631151
CaF2,2.44500,O-O,0.157013578,0.01895312862,0.2005355143,0.03338942933,-0.04352193622
CaF2,2.45500,O-H,0.0439832249,0.004913139836,0.08955037202,0.01169305004,-0.04556714712
CaF2,2.45500,O-O,0.2175738226,0.02312756412,0.210271162,0.03390948169,0.007302660572
CaF2,2.46500,O-H,0.04083047921,0.004865487416,0.07217053332,0.009744002824,-0.0313400541
CaF2,2.46500,O-O,0.3248540045,0.02673973011,0.3664042461,0.04457005609,-0.04155024158
CaF2,2.47500,O-H,0.03828195895,0.004446767761,0.08535553837,0.01070482602,-0.04707357942
CaF2,2.47500,O-O,0.4191298355,0.03117533561,0.5144206739,0.04969781689,-0.09529083842
CaF2,2.48500,O-H,0.037974475,0.004612451872,0.071013511,0.01015458557,-0.033039036
CaF2,2.48500,O-O,0.6079980157,0.036044026,0.610127917,0.05921522269,-0.002129901243
CaF2,2.49500,O-H,0.03767068082,0.004443357556,0.07721900268,0.01004120001,-0.03954832185
CaF2,2.49500,O-O,0.7672219998,0.04220554628,0.6987850801,0.06051910631,0.0684369197
CaF2,2.50500,O-H,0.03737051763,0.004728992424,0.06854016613,0.009554720076,-0.0311696485
CaF2,2.50500,O-O,0.994280742,0.04549233067,0.9497620125,0.07093265794,0.04451872949
CaF2,2.51500,O-H,0.03976044429,0.004512196219,0.07732901111,0.009765845995,-0.03756856682
CaF2,2.51500,O-O,1.329007316,0.05310245232,1.180487864,0.07543783322,0.1485194522
CaF2,2.52500,O-H,0.03464863132,0.00460946942,0.1018493839,0.0114005696,-0.06720075262
CaF2,2.52500,O-O,1.476548348,0.05674171637,1.697638962,0.09025076361,-0.2210906138
CaF2,2.53500,O-H,0.03067379868,0.003980025512,0.07480134018,0.009902286668,-0.0441275415
CaF2,2.53500,O-O,1.782823015,0.0618491303,1.577672315,0.09393322364,0.2051507002
CaF2,2.54500,O-H,0.04617454237,0.004873203921,0.08593277118,0.01158651902,-0.03975822881
CaF2,2.54500,O-O,2.054411947,0.06646619982,1.98306395,0.1030928256,0.07134799634
CaF2,2.55500,O-H,0.04112830275,0.004792990946,0.09301246345,0.01042607348,-0.0518841607
CaF2,2.55500,O-O,2.478174469,0.07313838612,2.48176332,0.1110353431,-0.003588850744
CaF2,2.56500,O-H,0.04752351972,0.004887869644,0.08331612857,0.01045392087,-0.03579260884
CaF2,2.56500,O-O,2.901573133,0.08017408633,2.774811617,0.1094584069,0.1267615154
CaF2,2.57500,O-H,0.04049189841,0.004718825954,0.0966606238,0.01106345251,-0.05616872539
CaF2,2.57500,O-O,3.282942762,0.08373950795,3.083904372,0.1280638434,0.19903839
CaF2,2.58500,O-H,0.05441995785,0.005175491171,0.09591421344,0.01022691387,-0.04149425559
CaF2,2.58500,O-O,3.6769269,0.08950896429,3.670058356,0.1359927199,0.006868544055
CaF2,2.59500,O-H,0.04289826461,0.004507691693,0.0851578454,0.01066504711,-0.04225958079
CaF2,2.59500,O-O,4.290230209,0.0910801108,3.646913629,0.139975871,0.6433165804
CaF2,2.60500,O-H,0.06260227043,0.00569646263,0.1230297722,0.01221920984,-0.06042750176
CaF2,2.60500,O-O,4.686548505,0.09813486357,4.426548111,0.1395570798,0.2600003937
CaF2,2.61500,O-H,0.05616045112,0.005539456225,0.1097582325,0.01178661999,-0.0535977814
CaF2,2.61500,O-O,5.01007805,0.1012441801,4.633182434,0.1509201953,0.3768956154
CaF2,2.62500,O-H,0.06362482919,0.005544214308,0.1113712939,0.01163965293,-0.04774646475
CaF2,2.62500,O-O,5.432718152,0.102791579,4.781867249,0.1577863041,0.6508509032
CaF2,2.63500,O-H,0.08370095437,0.006707098452,0.1263172298,0.01159670168,-0.04261627542
CaF2,2.63500,O-O,5.85278641,0.1094480667,5.27348274,0.1570372652,0.5793036703
CaF2,2.64500,O-H,0.08258346696,0.006428168656,0.1482669163,0.01317494118,-0.06568344938
CaF2,2.64500,O-O,6.207167691,0.1095822215,5.830978975,0.16157819,0.3761887159
CaF2,2.65500,O-H,0.09305159132,0.006711019055,0.1483484916,0.01287663126,-0.05529690026
CaF2,2.65500,O-O,6.522764494,0.1114186425,5.937768011,0.1567436269,0.584996483
CaF2,2.66500,O-H,0.09809683254,0.006884304465,0.1496120668,0.01325453854,-0.05151523431
CaF2,2.66500,O-O,6.734338351,0.1126372788,6.158536859,0.154966262,0.5758014926
CaF2,2.67500,O-H,0.1044890215,0.007165295576,0.1814945783,0.01448935229,-0.07700555683
CaF2,2.67500,O-O,6.865410969,0.1146517808,6.189164566,0.1632030851,0.6762464038
CaF2,2.68500,O-H,0.132940126,0.008171689801,0.1579194782,0.01322293073,-0.02497935216
CaF2,2.68500,O-O,7.109228892,0.1122768798,6.518484142,0.1724238166,0.5907447502
CaF2,2.69500,O-H,0.131019535,0.007711571779,0.1927440874,0.01439132747,-0.06172455235
CaF2,2.69500,O-O,7.048966167,0.1134955115,6.790879728,0.1763635551,0.2580864391
CaF2,2.70500,O-H,0.1495604964,0.00861865762,0.2362706855,0.01673048188,-0.08671018908
CaF2,2.70500,O-O,7.202570545,0.1143907977,6.534795011,0.1725174127,0.6677755337
CaF2,2.71500,O-H,0.1576819591,0.008539368416,0.2551265863,0.01778287584,-0.09744462722
CaF2,2.71500,O-O,7.050362575,0.1120090165,6.9421185,0.1775153473,0.1082440749
CaF2,2.72500,O-H,0.178037776,0.008847323456,0.291870792,0.0182101788,-0.113833016
CaF2,2.72500,O-O,6.942945171,0.1070560302,6.5084129,0.1681394494,0.4345322713
CaF2,2.73500,O-H,0.1949118335,0.009431893582,0.3111608511,0.01896496082,-0.1162490176
CaF2,2.73500,O-O,7.063881644,0.1156297643,6.460906448,0.1576085175,0.6029751965
CaF2,2.74500,O-H,0.2192033319,0.01004305625,0.3391161433,0.01780843556,-0.1199128114
CaF2,2.74500,O-O,6.768865661,0.1107954227,6.454829134,0.1635504728,0.314036527
CaF2,2.75500,O-H,0.250301922,0.01056312392,0.3688802591,0.02050219454,-0.1185783371
CaF2,2.75500,O-O,6.4615715,0.1056868024,6.272673767,0.1655439022,0.1888977331
CaF2,2.76500,O-H,0.2791675653,0.01163980721,0.3860720072,0.02009966346,-0.1069044419
CaF2,2.76500,O-O,6.460055091,0.1090182521,6.075059403,0.1707970547,0.3849956877
CaF2,2.77500,O-H,0.3093767215,0.01203480377,0.4358606287,0.02057376419,-0.1264839072
CaF2,2.77500,O-O,6.19847957,0.1022236095,6.053593635,0.1676492984,0.1448859346
CaF2,2.78500,O-H,0.3435273007,0.01215361514,0.4805763754,0.02355217897,-0.1370490747
CaF2,2.78500,O-O,6.061504167,0.1022514122,5.974870751,0.1751186435,0.08663341637
CaF2,2.79500,O-H,0.3737017537,0.01255698836,0.5019724463,0.02138579882,-0.1282706925
CaF2,2.79500,O-O,5.680721779,0.09930746329,5.638433529,0.1529099263,0.04228825005
CaF2,2.80500,O-H,0.3999823755,0.01334514494,0.532698178,0.02181042032,-0.1327158025
CaF2,2.80500,O-O,5.491168575,0.09511031506,5.001904799,0.1517453898,0.4892637761
CaF2,2.81500,O-H,0.4717712703,0.0138709002,0.5746818995,0.02427803789,-0.1029106292
CaF2,2.81500,O-O,5.063775075,0.09214684472,4.74166597,0.1409175579,0.3221091052
CaF2,2.82500,O-H,0.5063380406,0.01497933464,0.6118320452,0.02426136271,-0.1054940046
CaF2,2.82500,O-O,5.019340757,0.0943614549,4.678113174,0.1353028859,0.3412275823
CaF2,2.83500,O-H,0.5450576011,0.01603209352,0.7155974952,0.02763859931,-0.1705398941
CaF2,2.83500,O-O,4.463610935,0.08669553356,4.363901747,0.1350386114,0.09970918754
CaF2,2.84500,O-H,0.6075745898,0.01622515122,0.7324556784,0.02710291925,-0.1248810886
CaF2,2.84500,O-O,4.15089947,0.08052660777,4.113228728,0.1230566094,0.03767074191
CaF2,2.85500,O-H,0.6679529964,0.01699597602,0.7625105072,0.02884302844,-0.09455751074
CaF2,2.85500,O-O,3.962687439,0.0828998255,4.008826767,0.1239197638,-0.04613932793
CaF2,2.86500,O-H,0.7026324589,0.01699694746,0.8732935369,0.03042913794,-0.170661078
CaF2,2.86500,O-O,3.701322942,0.07769536072,3.659582009,0.1214068368,0.04174093276
CaF2,2.87500,O-H,0.8198701559,0.01881501329,0.8988573755,0.02923463079,-0.07898721961
CaF2,2.87500,O-O,3.413433022,0.07370757186,3.68389471,0.1140809258,-0.2704616881
CaF2,2.88500,O-H,0.8578869124,0.01857219089,0.9595087135,0.02984527657,-0.1016218011
CaF2,2.88500,O-O,3.393127583,0.07446073678,3.411489546,0.113722739,-0.01836196267
CaF2,2.89500,O-H,0.9440205924,0.01944919729,1.066594429,0.03165858126,-0.122573837
CaF2,2.89500,O-O,2.989273771,0.06950140548,3.204055858,0.1107817692,-0.214782087
CaF2,2.90500,O-H,1.021701015,0.01993619712,1.175183359,0.03299672769,-0.1534823446
CaF2,2.90500,O-O,2.726650837,0.06599878386,2.820809037,0.1049338986,-0.09415820047
CaF2,2.91500,O-H,1.095495374,0.02100800647,1.226681853,0.03402261655,-0.1311864787
CaF2,2.91500,O-O,2.594263002,0.06305314745,2.704746454,0.1000266346,-0.1104834516
CaF2,2.92500,O-H,1.159916556,0.02117509503,1.290263752,0.03550095155,-0.1303471955
CaF2,2.92500,O-O,2.303894955,0.06271049863,2.526147932,0.09566438971,-0.2222529778
CaF2,2.93500,O-H,1.260521597,0.0218135009,1.374489702,0.03549593792,-0.1139681048
CaF2,2.93500,O-O,2.164837727,0.05830167379,2.314130985,0.1076869745,-0.1492932584
CaF2,2.94500,O-H,1.351114956,0.02337141711,1.41378837,0.03783474101,-0.0626734138
CaF2,2.94500,O-O,1.998965294,0.05596369135,2.073336875,0.09404327719,-0.07437158152
CaF2,2.95500,O-H,1.464975257,0.02410666775,1.553930794,0.03952575182,-0.08895553644
CaF2,2.95500,O-O,1.866900374,0.05407649427,2.016180073,0.08269253746,-0.149279699
CaF2,2.96500,O-H,1.571085976,0.02471704777,1.594308003,0.04065086303,-0.02322202695
CaF2,2.96500,O-O,1.76012064,0.05348512443,1.729875099,0.08489855451,0.03024554098
CaF2,2.97500,O-H,1.609692738,0.02450075774,1.684608259,0.03937416697,-0.07491552061
CaF2,2.97500,O-O,1.467580405,0.04955295177,1.660215741,0.08230597605,-0.1926353359
CaF2,2.98500,O-H,1.712208261,0.02512729817,1.708359012,0.03750858536,0.003849249492
CaF2,2.98500,O-O,1.338478179,0.04547013065,1.510723752,0.07471293772,-0.1722455725
CaF2,2.99500,O-H,1.818246469,0.02535555332,1.804147046,0.04047157238,0.01409942282
CaF2,2.99500,O-O,1.392647335,0.04616446383,1.473923122,0.07327879034,-0.081275787
CaF2,3.00500,O-H,1.90364311,0.02736506039,1.942517747,0.04094837354,-0.03887463689
CaF2,3.00500,O-O,1.21218935,0.0443600739,1.373095681,0.07225087272,-0.1609063315
CaF2,3.01500,O-H,2.017030558,0.02710231296,1.932436593,0.04074072358,0.08459396526
CaF2,3.01500,O-O,1.161643948,0.04223951724,1.299947006,0.07045712816,-0.1383030578
CaF2,3.02500,O-H,2.077625985,0.02726500655,2.114137715,0.0438880874,-0.03651173025
CaF2,3.02500,O-O,1.048383751,0.03962343791,1.201532335,0.06854203742,-0.1531485844
CaF2,3.03500,O-H,2.180179572,0.02812504416,2.19727529,0.04491888416,-0.01709571783
CaF2,3.03500,O-O,0.9665594271,0.03864305966,1.156442887,0.0634320056,-0.1898834602
CaF2,3.04500,O-H,2.288674179,0.02851119472,2.205605177,0.04284328688,0.08306900233
CaF2,3.04500,O-O,0.7979513898,0.03493580552,1.119307022,0.06558282663,-0.321355632
CaF2,3.05500,O-H,2.340353943,0.02875740278,2.259861839,0.04289790356,0.08049210358
CaF2,3.05500,O-O,0.783862129,0.03317347535,1.027582734,0.0611305383,-0.2437206051
CaF2,3.06500,O-H,2.419529833,0.03042037554,2.363635641,0.04556461441,0.05589419215
CaF2,3.06500,O-O,0.7640620524,0.03381421232,1.031826498,0.06125634167,-0.2677644454
CaF2,3.07500,O-H,2.496190275,0.03003701524,2.524877198,0.04592686826,-0.02868692223
CaF2,3.07500,O-O,0.6539943872,0.03148913035,0.8331415561,0.05502337444,-0.1791471688
CaF2,3.08500,O-H,2.623943567,0.03107537221,2.463344162,0.04777382593,0.1605994055
CaF2,3.08500,O-O,0.6454103477,0.03107208729,0.8061556189,0.0542819757,-0.1607452712
CaF2,3.09500,O-H,2.681166581,0.0310331892,2.533728747,0.04609129734,0.1474378336
CaF2,3.09500,O-O,0.5908113124,0.02931653636,0.7580463491,0.05333372286,-0.1672350367
CaF2,3.10500,O-H,2.757692295,0.03133516219,2.663512421,0.04586630994,0.09417987414
CaF2,3.10500,O-O,0.5254472336,0.02784758449,0.8206726865,0.05510579862,-0.2952254528
CaF2,3.11500,O-H,2.803760552,0.03009506487,2.654260668,0.04973166122,0.1494998843
CaF2,3.11500,O-O,0.4794022367,0.02558355998,0.6918647122,0.04718423618,-0.2124624754
CaF2,3.12500,O-H,2.862756115,0.03113681974,2.721065544,0.04574221071,0.1416905713
CaF2,3.12500,O-O,0.4862332555,0.0259733876,0.6839364998,0.04635103635,-0.1977032443
CaF2,3.13500,O-H,2.835185556,0.03036990965,2.828152073,0.05066989772,0.007033483076
CaF2,3.13500,O-O,0.4494290594,0.02471221351,0.6447299629,0.04544913818,-0.1953009035
CaF2,3.14500,O-H,2.908238698,0.03179507546,2.763302178,0.04859328619,0.1449365201
CaF2,3.14500,O-O,0.3754025727,0.02226934403,0.5506010597,0.04301083057,-0.175198487
CaF2,3.15500,O-H,2.94753323,0.03290171841,2.82629809,0.04688743225,0.1212351403
CaF2,3.15500,O-O,0.3952140717,0.02277657352,0.5987309955,0.04364401335,-0.2035169238
CaF2,3.16500,O-H,2.954382283,0.03051325935,2.821094613,0.04841264992,0.1332876697
CaF2,3.16500,O-O,0.3610273731,0.02311356474,0.5744378867,0.04457731191,-0.2134105135
CaF2,3.17500,O-H,2.994126269,0.0313572058,2.893701688,0.04946371711,0.100424582
CaF2,3.17500,O-O,0.3053540432,0.01999699391,0.5368473983,0.04325381663,-0.2314933551
CaF2,3.18500,O-H,3.058440506,0.03282277718,2.971161999,0.0480448623,0.08727850646
CaF2,3.18500,O-O,0.2966360255,0.02011264869,0.5098463344,0.0419581866,-0.2132103089
CaF2,3.19500,O-H,3.042654623,0.0312878426,2.957549084,0.05142968302,0.08510553945
CaF2,3.19500,O-O,0.2853165775,0.01914604143,0.4932383534,0.03961313312,-0.2079217759
CaF2,3.20500,O-H,3.001860807,0.03144297963,2.952257787,0.0455968776,0.04960302018
CaF2,3.20500,O-O,0.2821951236,0.01992704147,0.5035030565,0.0400720532,-0.2213079329
CaF2,3.21500,O-H,3.082185013,0.03153774197,3.043249371,0.04873962738,0.03893564173
CaF2,3.21500,O-O,0.2270247713,0.01715923263,0.4771794931,0.04011493788,-0.2501547218
CaF2,3.22500,O-H,2.97977512,0.03106308224,3.000080803,0.04773440518,-0.02030568278
CaF2,3.22500,O-O,0.2707428596,0.01869304991,0.4445857788,0.03780428866,-0.1738429193
CaF2,3.23500,O-H,2.974696193,0.03167987711,2.974309397,0.05249541894,0.000386796473
CaF2,3.23500,O-O,0.2426920428,0.01809184677,0.428749833,0.03621206655,-0.1860577902
CaF2,3.24500,O-H,2.961877179,0.03109420081,2.87111394,0.04658565875,0.09076323887
CaF2,3.24500,O-O,0.2162921852,0.01708023154,0.4488806912,0.03747658159,-0.232588506
CaF2,3.25500,O-H,2.908100742,0.03034227085,2.933891287,0.04824803979,-0.0257905448
CaF2,3.25500,O-O,0.2345075383,0.01736224113,0.4428940275,0.03663591862,-0.2083864892
CaF2,3.26500,O-H,2.943555201,0.0301955387,2.868481827,0.04645909482,0.07507337404
CaF2,3.26500,O-O,0.1929328536,0.01568850166,0.3984158051,0.03575659333,-0.2054829515
CaF2,3.27500,O-H,2.899940753,0.02786765037,2.840769715,0.04898562195,0.05917103876
CaF2,3.27500,O-O,0.2419477197,0.0176766106,0.3895995698,0.03395678523,-0.1476518501
CaF2,3.28500,O-H,2.882941864,0.03038503839,2.914152762,0.04402870926,-0.0312108972
CaF2,3.28500,O-O,0.1931490134,0.01578052496,0.3904052168,0.03748295859,-0.1972562034
CaF2,3.29500,O-H,2.845435673,0.02967989219,2.779979165,0.04700626947,0.06545650787
CaF2,3.29500,O-O,0.2135918811,0.0163695329,0.3785747628,0.03459755747,-0.1649828817
CaF2,3.30500,O-H,2.791839636,0.0299182447,2.790203654,0.04627548911,0.001635982024
CaF2,3.30500,O-O,0.2009280157,0.01646298579,0.3229799402,0.03177390185,-0.1220519244
CaF2,3.31500,O-H,2.746878397,0.02889599658,2.763419007,0.04555766379,-0.01654060976
CaF2,3.31500,O-O,0.229863664,0.01664069289,0.3459689855,0.03304829907,-0.1161053215
CaF2,3.32500,O-H,2.707940036,0.03005752159,2.708682235,0.04680889315,-0.0007421994381
CaF2,3.32500,O-O,0.1635589444,0.01444422833,0.362479808,0.03264544128,-0.1989208636
CaF2,3.33500,O-H,2.644362251,0.02828136014,2.699286669,0.04683767055,-0.05492441856
CaF2,3.33500,O-O,0.1985704458,0.01600926115,0.4219006061,0.03517005116,-0.2233301603
CaF2,3.34500,O-H,2.601845848,0.02820975128,2.727639866,0.046128903,-0.125794018
CaF2,3.34500,O-O,0.2097215138,0.01650980164,0.3857088125,0.03655586728,-0.1759872987
CaF2,3.35500,O-H,2.562807936,0.02695140608,2.599021925,0.04273838042,-0.03621398846
CaF2,3.35500,O-O,0.2170573647,0.01597368328,0.462529888,0.03634649244,-0.2454725233
CaF2,3.36500,O-H,2.495974153,0.02801162287,2.565723094,0.04215544643,-0.06974894089
CaF2,3.36500,O-O,0.1974836693,0.0156946199,0.3962619962,0.03635131254,-0.1987783269
CaF2,3.37500,O-H,2.43436178,0.02611287,2.53943594,0.04380468621,-0.1050741601
CaF2,3.37500,O-O,0.232669784,0.01630951868,0.4209802752,0.03575232575,-0.1883104911
CaF2,3.38500,O-H,2.426525114,0.02721702218,2.456742757,0.04021612367,-0.03021764211
CaF2,3.38500,O-O,0.2035896392,0.0152589251,0.4902389012,0.03700659321,-0.2866492619
CaF2,3.39500,O-H,2.385419198,0.02590057966,2.450339664,0.04258900311,-0.06492046593
CaF2,3.39500,O-O,0.2443075713,0.01753488588,0.3863181077,0.03415032059,-0.1420105365
CaF2,3.40500,O-H,2.338011594,0.02652052429,2.318133978,0.03982387581,0.01987761641
CaF2,3.40500,O-O,0.2262068158,0.01674846394,0.4756340257,0.03626391617,-0.2494272099
CaF2,3.41500,O-H,2.231377145,0.02590716962,2.334225523,0.04371104603,-0.1028483779
CaF2,3.41500,O-O,0.230801972,0.0166115615,0.4199870458,0.0378696436,-0.1891850739
CaF2,3.42500,O-H,2.265879893,0.02574895033,2.292577749,0.03946738182,-0.02669785564
CaF2,3.42500,O-O,0.2306328901,0.01654021142,0.4525763151,0.03496321829,-0.221943425
CaF2,3.43500,O-H,2.191355178,0.02498150705,2.304978842,0.03728217985,-0.1136236645
CaF2,3.43500,O-O,0.2328015765,0.01724890823,0.4934881356,0.03788084119,-0.2606865591
CaF2,3.44500,O-H,2.136556305,0.02546617888,2.213453014,0.03723269325,-0.07689670833
CaF2,3.44500,O-O,0.2547135141,0.01767870792,0.5541202932,0.04285808683,-0.2994067791
CaF2,3.45500,O-H,2.128476923,0.02481932644,2.188648509,0.0384660914,-0.06017158568
CaF2,3.45500,O-O,0.2717428249,0.01798025801,0.4677058282,0.03708830294,-0.1959630034
CaF2,3.46500,O-H,2.111963073,0.0248817026,2.231523421,0.03827606295,-0.1195603474
CaF2,3.46500,O-O,0.2954697156,0.01828512995,0.5420363419,0.04118569638,-0.2465666264
CaF2,3.47500,O-H,2.040722944,0.02391413689,2.107658924,0.03811487158,-0.0669359796
CaF2,3.47500,O-O,0.276625415,0.01790794883,0.5162297802,0.03969037161,-0.2396043652
CaF2,3.48500,O-H,2.039941557,0.02314613907,2.090025797,0.03538081207,-0.05008423995
CaF2,3.48500,O-O,0.3148187109,0.01805154721,0.4653285137,0.03516113928,-0.1505098028
CaF2,3.49500,O-H,2.00268777,0.02374707373,2.048395927,0.03639560709,-0.04570815714
CaF2,3.49500,O-O,0.314149787,0.01913453613,0.5243587677,0.04142308598,-0.2102089807
CaF2,3.50500,O-H,1.966655246,0.02299154678,2.006519986,0.03783743464,-0.03986474054
CaF2,3.50500,O-O,0.3033709943,0.01883825684,0.5799206584,0.03869762372,-0.276549664
CaF2,3.51500,O-H,1.951355031,0.02231158711,2.072248478,0.03763553746,-0.1208934478
CaF2,3.51500,O-O,0.2848891168,0.01745051875,0.6320704389,0.04195226684,-0.3471813221
CaF2,3.52500,O-H,1.905563109,0.02296841028,1.955310526,0.03497117481,-0.04974741673
CaF2,3.52500,O-O,0.357704141,0.01956906971,0.5843847997,0.03999123179,-0.2266806587
CaF2,3.53500,O-H,1.910571357,0.02307780459,1.974632177,0.03713335567,-0.06406082051
CaF2,3.53500,O-O,0.3700431006,0.01915703849,0.6194566183,0.04058660302,-0.2494135177
CaF2,3.54500,O-H,1.893587592,0.0227036727,1.98565234,0.03454953244,-0.09206474774
CaF2,3.54500,O-O,0.3756470383,0.02004469507,0.6105156981,0.03926009766,-0.2348686598
CaF2,3.55500,O-H,1.831317625,0.02141540333,1.845043683,0.03553704805,-0.0137260578
CaF2,3.55500,O-O,0.3516924177,0.01991052719,0.6504491182,0.04225416455,-0.2987567005
CaF2,3.56500,O-H,1.804211376,0.02194222801,1.920304888,0.03508511459,-0.1160935122
CaF2,3.56500,O-O,0.4061990273,0.02020612959,0.7276557995,0.04184724486,-0.3214567721
CaF2,3.57500,O-H,1.822053139,0.02258262557,1.929372156,0.0350192631,-0.1073190172
CaF2,3.57500,O-O,0.4395706266,0.02142024254,0.7262706594,0.04377166202,-0.2867000329
CaF2,3.58500,O-H,1.789425553,0.02177163364,1.883190735,0.03608927269,-0.09376518264
CaF2,3.58500,O-O,0.4296037066,0.02268169247,0.716894523,0.04259425033,-0.2872908164
CaF2,3.59500,O-H,1.769491654,0.02088140839,1.807476724,0.03593326136,-0.03798506995
CaF2,3.59500,O-O,0.4154685573,0.02129878794,0.8083200547,0.04771655457,-0.3928514974
CaF2,3.60500,O-H,1.751320141,0.02178724117,1.776698113,0.03329011996,-0.02537797213
CaF2,3.60500,O-O,0.4641488197,0.02283028701,0.7274109754,0.04257674339,-0.2632621556
CaF2,3.61500,O-H,1.761669243,0.0217350189,1.83076866,0.03293884763,-0.06909941764
CaF2,3.61500,O-O,0.4636969829,0.0223637149,0.7862958048,0.04619742978,-0.3225988219
CaF2,3.62500,O-H,1.736962531,0.02142632292,1.823248858,0.03294318915,-0.08628632761
CaF2,3.62500,O-O,0.5399250185,0.02381053059,0.7324392457,0.04582385303,-0.1925142272
CaF2,3.63500,O-H,1.742336954,0.02041038427,1.782595662,0.03209040022,-0.04025870761
CaF2,3.63500,O-O,0.5306904081,0.02395763672,0.8061815759,0.04658778609,-0.2754911679
CaF2,3.64500,O-H,1.736371128,0.02014668393,1.761402724,0.03305982212,-0.02503159604
CaF2,3.64500,O-O,0.5018089734,0.02294418141,0.7991861339,0.04535692005,-0.2973771606
CaF2,3.65500,O-H,1.680581567,0.02097664408,1.740414714,0.03130899138,-0.05983314785
CaF2,3.65500,O-O,0.5786282373,0.02432894112,0.8589173145,0.04703443132,-0.2802890772
CaF2,3.66500,O-H,1.696218666,0.0206830007,1.745370303,0.03242204121,-0.04915163722
CaF2,3.66500,O-O,0.5950000009,0.02444297921,0.9332853358,0.04928769645,-0.3382853349
CaF2,3.67500,O-H,1.68725175,0.02097237975,1.685306685,0.03300021244,0.00194506454
CaF2,3.67500,O-O,0.5978986067,0.02542365899,0.9459658558,0.04770074201,-0.3480672492
CaF2,3.68500,O-H,1.676605115,0.02047748449,1.702255705,0.03292138721,-0.02565059049
CaF2,3.68500,O-O,0.7135895661,0.02726057492,0.9257045479,0.04777744695,-0.2121149818
CaF2,3.69500,O-H,1.70438317,0.02003427684,1.707878608,0.03229821053,-0.003495438053
CaF2,3.69500,O-O,0.5934656416,0.02526386008,0.9508054085,0.04919721754,-0.3573397668
CaF2,3.70500,O-H,1.640974647,0.01976880636,1.722631303,0.03297098311,-0.081656656
CaF2,3.70500,O-O,0.6425557288,0.02472705443,0.9681365612,0.04671031297,-0.3255808324
CaF2,3.71500,O-H,1.624025938,0.01983043836,1.72131345,0.03344576564,-0.0972875123
CaF2,3.71500,O-O,0.7611204457,0.02803797044,0.935631933,0.04775884142,-0.1745114873
CaF2,3.72500,O-H,1.642260424,0.0200364326,1.692027549,0.03179972989,-0.04976712535
CaF2,3.72500,O-O,0.7510706077,0.02747824358,0.992327032,0.04881078246,-0.2412564242
CaF2,3.73500,O-H,1.621053636,0.02043554706,1.701719366,0.03077652323,-0.08066572998
CaF2,3.73500,O-O,0.7520015758,0.02717728059,1.03612598,0.05068250001,-0.2841244039
CaF2,3.74500,O-H,1.622585545,0.01967673014,1.666787895,0.0296837411,-0.0442023495
CaF2,3.74500,O-O,0.7922798457,0.0272211425,1.13317155,0.05382593393,-0.3408917046
CaF2,3.75500,O-H,1.622873,0.0205114572,1.712946852,0.03059313148,-0.09007385124
CaF2,3.75500,O-O,0.8105817612,0.02861548934,1.134431626,0.05265440328,-0.3238498644
CaF2,3.76500,O-H,1.657659087,0.02023984383,1.709808852,0.03212600885,-0.05214976533
CaF2,3.76500,O-O,0.8257570038,0.02903232986,1.053508046,0.05023921718,-0.2277510424
CaF2,3.77500,O-H,1.626470792,0.01939166855,1.69898694,0.03132385062,-0.07251614795
CaF2,3.77500,O-O,0.8920970318,0.03008582213,1.13205708,0.04998659507,-0.2399600485
CaF2,3.78500,O-H,1.603891462,0.01984765974,1.654113528,0.02976451828,-0.05022206582
CaF2,3.78500,O-O,0.8825718746,0.02989889414,1.204980726,0.05344397339,-0.3224088511
CaF2,3.79500,O-H,1.634150405,0.0199193935,1.67819873,0.03305128861,-0.04404832541
CaF2,3.79500,O-O,0.953643162,0.03086362698,1.113021684,0.05245735557,-0.1593785219
CaF2,3.80500,O-H,1.608905691,0.01895540486,1.699095817,0.03150316153,-0.09019012661
CaF2,3.80500,O-O,0.989633553,0.03136911336,1.137934038,0.05122873384,-0.1483004849
CaF2,3.81500,O-H,1.607253929,0.01817683849,1.576631584,0.02948379035,0.03062234528
CaF2,3.81500,O-O,1.069809368,0.03273900376,1.143743187,0.05068822794,-0.07393381911
CaF2,3.82500,O-H,1.602345347,0.0197646942,1.641602,0.03037601281,-0.03925665271
CaF2,3.82500,O-O,1.067996749,0.0317509834,1.231414326,0.05537358126,-0.1634175775
CaF2,3.83500,O-H,1.556333541,0.0192294964,1.541880917,0.0293432514,0.01445262457
CaF2,3.83500,O-O,1.096221941,0.03253624358,1.299525483,0.05398749986,-0.2033035426
CaF2,3.84500,O-H,1.553995736,0.0190737539,1.614871426,0.0285312104,-0.06087569046
CaF2,3.84500,O-O,1.108267036,0.03223572721,1.357645133,0.05422999897,-0.2493780966
CaF2,3.85500,O-H,1.564696537,0.01875123039,1.61898855,0.02993880243,-0.05429201248
CaF2,3.85500,O-O,1.175902537,0.03296040708,1.352915514,0.05434581362,-0.177012977
CaF2,3.86500,O-H,1.556837776,0.01865614929,1.583523966,0.03094855455,-0.02668618983
CaF2,3.86500,O-O,1.23727993,0.03440181715,1.419296051,0.05756139249,-0.1820161205
CaF2,3.87500,O-H,1.565788009,0.01870696446,1.578731247,0.02975957475,-0.01294323778
CaF2,3.87500,O-O,1.282381319,0.03513697483,1.364077713,0.05103909215,-0.08169639379
CaF2,3.88500,O-H,1.558638389,0.01939866268,1.61028484,0.03098742057,-0.05164645038
CaF2,3.88500,O-O,1.265728136,0.03295586225,1.361603153,0.05681055857,-0.09587501698
CaF2,3.89500,O-H,1.595672798,0.01765314899,1.608141594,0.03154862342,-0.01246879545
CaF2,3.89500,O-O,1.274704746,0.03552158235,1.542009769,0.06213638784,-0.2673050232
CaF2,3.90500,O-H,1.560989147,0.01837569675,1.601021884,0.02993732799,-0.04003273687
CaF2,3.90500,O-O,1.36504088,0.03470511833,1.399353109,0.05619426618,-0.03431222841
CaF2,3.91500,O-H,1.545485978,0.01832373604,1.629717388,0.03195791102,-0.08423140986
CaF2,3.91500,O-O,1.340064778,0.03480785243,1.51735636,0.05865707297,-0.1772915824
CaF2,3.92500,O-H,1.55990209,0.01850979324,1.55245022,0.02938946781,0.00745187015
CaF2,3.92500,O-O,1.447036879,0.03498726177,1.536314305,0.05999602544,-0.0892774257
CaF2,3.93500,O-H,1.56559194,0.01934379584,1.617005527,0.03030240286,-0.05141358703
CaF2,3.93500,O-O,1.524379267,0.03786196522,1.577180529,0.05706613457,-0.05280126155
CaF2,3.94500,O-H,1.534080469,0.01803722014,1.574680234,0.02896392109,-0.04059976519
CaF2,3.94500,O-O,1.565442399,0.03724894474,1.633019015,0.05896577661,-0.06757661609
CaF2,3.95500,O-H,1.514817212,0.01741322117,1.574814351,0.02839143308,-0.05999713842
CaF2,3.95500,O-O,1.575185276,0.0367972291,1.609443429,0.06117477975,-0.03425815338
CaF2,3.96500,O-H,1.494647643,0.01749912799,1.557225247,0.03125679505,-0.06257760382
CaF2,3.96500,O-O,1.62168654,0.03647278697,1.54468954,0.06004854467,0.07699699965
CaF2,3.97500,O-H,1.53037009,0.01785612058,1.559007038,0.02789280341,-0.02863694753
CaF2,3.97500,O-O,1.73584124,0.03850611001,1.829572128,0.06132890444,-0.09373088818
CaF2,3.98500,O-H,1.51092839,0.0168790631,1.546413047,0.02861977448,-0.0354846569
CaF2,3.98500,O-O,1.699325257,0.03674421631,1.738440161,0.06054632858,-0.03911490405
CaF2,3.99500,O-H,1.483357173,0.01887737485,1.521244022,0.02918937299,-0.03788684958
CaF2,3.99500,O-O,1.768667308,0.03808368294,1.729747979,0.06016709773,0.03891932908
CaF2,4.00500,O-H,1.518123098,0.01808790512,1.518914364,0.02844211872,-0.0007912659079
CaF2,4.00500,O-O,1.808037426,0.04011355386,1.891951676,0.06159834795,-0.08391424989
CaF2,4.01500,O-H,1.506142911,0.01737400902,1.538560982,0.02844406029,-0.03241807142
CaF2,4.01500,O-O,1.848706417,0.03994079532,1.791174241,0.06149352185,0.05753217619
CaF2,4.02500,O-H,1.523212531,0.01856390442,1.55487057,0.03027959027,-0.03165803971
CaF2,4.02500,O-O,1.902581898,0.041799069,1.873196394,0.06392209269,0.02938550368
CaF2,4.03500,O-H,1.51713308,0.01753698786,1.55546071,0.02869850085,-0.03832762965
CaF2,4.03500,O-O,1.966074988,0.04145823627,1.834470653,0.06649952681,0.1316043351
CaF2,4.04500,O-H,1.494893624,0.01740336589,1.560149304,0.02799730644,-0.06525568033
CaF2,4.04500,O-O,1.989267364,0.03967581149,1.881932328,0.06477723773,0.1073350364
CaF2,4.05500,O-H,1.535894496,0.01784855878,1.558105448,0.02695460728,-0.02221095254
CaF2,4.05500,O-O,2.007170517,0.04086860076,1.939319337,0.06059592457,0.0678511797
CaF2,4.06500,O-H,1.495028287,0.01785041503,1.563718074,0.02713266038,-0.06868978716
CaF2,4.06500,O-O,2.086689089,0.04270883948,1.913207022,0.06479100501,0.1734820672
CaF2,4.07500,O-H,1.503868156,0.01789478178,1.566209807,0.02905579557,-0.06234165118
CaF2,4.07500,O-O,2.08726648,0.04080644907,1.955394896,0.06303641431,0.1318715838
CaF2,4.08500,O-H,1.52686005,0.01802155878,1.552992061,0.02823920479,-0.02613201029
CaF2,4.08500,O-O,2.164741356,0.04311139119,2.027935744,0.06115843925,0.1368056121
CaF2,4.09500,O-H,1.474014037,0.0167425856,1.52479754,0.02765741911,-0.05078350315
CaF2,4.09500,O-O,2.174760395,0.04189042184,1.989447637,0.06471916401,0.1853127575
CaF2,4.10500,O-H,1.471076579,0.0175725647,1.548405786,0.02922441147,-0.07732920697
CaF2,4.10500,O-O,2.315719224,0.04390695018,2.164734577,0.06625656208,0.1509846465
CaF2,4.11500,O-H,1.51852695,0.01770255812,1.570272741,0.02663614913,-0.05174579117
CaF2,4.11500,O-O,2.227036999,0.04284226379,2.057134293,0.06691981679,0.1699027056
CaF2,4.12500,O-H,1.500986984,0.0178263307,1.537887868,0.02896124738,-0.03690088378
CaF2,4.12500,O-O,2.347669936,0.04411099382,2.155871823,0.06462625072,0.1917981124
CaF2,4.13500,O-H,1.48459256,0.01717358092,1.567943114,0.02679761391,-0.08335055424
CaF2,4.13500,O-O,2.284661305,0.04258923079,2.25964099,0.06505772217,0.025020315
CaF2,4.14500,O-H,1.461415355,0.01663417251,1.551060778,0.02744257397,-0.08964542325
CaF2,4.14500,O-O,2.415051108,0.04416538217,2.28862265,0.06446881955,0.1264284586
CaF2,4.15500,O-H,1.471909725,0.01612253008,1.580239935,0.02939307373,-0.1083302106
CaF2,4.15500,O-O,2.387449355,0.04345454444,2.172468246,0.06585385674,0.2149811083
CaF2,4.16500,O-H,1.482874322,0.01660450747,1.582383649,0.02637105742,-0.0995093264
CaF2,4.16500,O-O,2.436472962,0.04307266876,2.144278491,0.06475127205,0.2921944715
CaF2,4.17500,O-H,1.490792456,0.01686147194,1.59368117,0.02729942785,-0.1028887147
CaF2,4.17500,O-O,2.398682331,0.04291046767,2.194934627,0.06602598828,0.2037477045
CaF2,4.18500,O-H,1.512977476,0.0167260437,1.522515589,0.02569833951,-0.009538112744
CaF2,4.18500,O-O,2.457375984,0.04372553864,2.344820681,0.06467699821,0.1125553034
CaF2,4.19500,O-H,1.486267506,0.01703812234,1.563665851,0.02788179305,-0.07739834511
CaF2,4.19500,O-O,2.568820737,0.04694046559,2.294728202,0.06702195348,0.2740925346
