block,time_min_ps,time_max_ps,layer,z_minus_GDS_min_A,z_minus_GDS_max_A,water_frame_observations,mean_instantaneous_water_count,water_number_density_A-3,water_mass_density_g_cm-3,mean_tetrahedral_q,mean_HB_degree,fraction_degree_eq4,mean_P1_cos_theta,mean_P2
1,0.0,10.0,1,0.0,2.0,7058,7.058,0.022771925989811315,0.6812239022551974,0.573416521116819,3.2354774723717767,0.4045055256446585,0.11880442984749147,0.2055627254255434
1,0.0,10.0,2,2.0,4.0,13145,13.145,0.042411018296411127,1.2687288460108486,0.8272063561921091,3.601445416508178,0.6512742487637885,-0.04842307754779564,0.0932845344009767
1,0.0,10.0,3,4.0,6.0,9560,9.56,0.03084437694284446,0.92271188800789,0.8446089358337922,3.8041841004184103,0.8162133891213389,0.04124437786719163,-0.3015669937238984
1,0.0,10.0,4,6.0,8.0,8167,8.167,0.026350002771151744,0.7882623419833092,0.8376814734856131,3.8211093424758173,0.7520509366964614,-0.02953083048437276,-0.26580804041575157
1,0.0,10.0,5,8.0,10.0,9846,9.846,0.03176712713172035,0.950316030264193,0.8235555894360239,3.5998374974608978,0.700893763965062,0.05719092392914063,0.040337809447379316
1,0.0,10.0,6,10.0,12.0,10154,10.154,0.032760858104355924,0.9800435680786731,0.8330858576494099,3.849123498128816,0.7877683671459523,-0.0021727760813492407,-0.027827416124435924
1,0.0,10.0,7,12.0,14.0,12543,12.543,0.04046872594080523,1.2106250221007282,0.8209065233121354,3.606792633341306,0.6600494299609344,0.007423495845737567,0.09795768830535406
1,0.0,10.0,8,14.0,16.0,7465,7.465,0.02408507048936547,0.7205067200814748,0.7931737674707573,3.67622237106497,0.7137307434695245,-0.026063549673485634,0.15485598471128334
1,0.0,10.0,9,16.0,18.0,8770,8.77,0.028295521526019444,0.8464626838733467,0.8465564957325501,3.8205245153933864,0.8358038768529077,0.25480710853413163,-0.023719059038152322
1,0.0,10.0,10,18.0,20.0,9975,9.975,0.03218333263649304,0.9627668496735045,0.8191528358433546,3.722606516290727,0.7496741854636592,-0.08697706343629401,0.27063492034953673
1,0.0,10.0,11,20.0,22.0,9408,9.408,0.030353964255050277,0.9080411550604841,0.8315376606171198,3.7781675170068025,0.7934736394557823,-0.13163592908832097,0.02309922800280707
1,0.0,10.0,12,22.0,24.0,9954,9.954,0.03211557825199516,0.9607399720952443,0.9159970829946407,3.8429776974080774,0.8526220614828209,0.0862394639332746,0.056050459966122165
2,10.0,20.0,1,0.0,2.0,7153,7.153,0.023078433919682676,0.690393110347326,0.6234884777201511,3.311198098699846,0.4494617642947015,0.12169029763530662,0.23150779068906163
2,10.0,20.0,2,2.0,4.0,12879,12.879,0.041552796092771314,1.2430550633528885,0.8272503718684585,3.6036182933457566,0.6514480937961021,-0.03738036499336271,0.08570581036222687
2,10.0,20.0,3,4.0,6.0,9433,9.433,0.030434624236595372,0.9104541045584127,0.8426889510901735,3.794763065832715,0.8094985688540232,0.026730153185453277,-0.3021744620343926
2,10.0,20.0,4,6.0,8.0,8035,8.035,0.02592411806859364,0.7755219686342464,0.8468281536102702,3.785687616677038,0.7992532669570629,-0.0024712059042955896,-0.2756965223711121
2,10.0,20.0,5,8.0,10.0,9720,9.72,0.03136060082473307,0.9381547647946329,0.8221430492842617,3.5856995884773664,0.6975308641975309,0.13177026436598296,-0.014256418196879892
2,10.0,20.0,6,10.0,12.0,10295,10.295,0.03321578040027026,0.9936526032469902,0.8282640936928903,3.81534725594949,0.7437591063623118,-0.011938227971418055,-0.026610702781326944
2,10.0,20.0,7,12.0,14.0,12647,12.647,0.04080427146403283,1.2206628920121112,0.8174840337664716,3.60899818138689,0.6610263303550249,0.00980826345352665,0.09713986280778952
2,10.0,20.0,8,14.0,16.0,7622,7.622,0.024591615173468667,0.7356600429284662,0.8044607635337636,3.6912883757543953,0.7158226187352401,0.0017440029405062548,0.13906432697833604
2,10.0,20.0,9,16.0,18.0,9354,9.354,0.030179738694912868,0.9028291841449583,0.8410644769100323,3.7702587128501177,0.792281376951037,0.20426390666302605,-0.023169050407748616
2,10.0,20.0,10,18.0,20.0,9652,9.652,0.031141205674930405,0.931591542160267,0.8244906613481369,3.712080397845006,0.7381889763779528,-0.06743630161031212,0.25446516087708154
2,10.0,20.0,11,20.0,22.0,9443,9.443,0.03046688822921341,0.9114192843575841,0.8288942305810911,3.7645875251509056,0.783755162554273,-0.12405477937190124,0.044170387479525924
2,10.0,20.0,12,22.0,24.0,9527,9.527,0.030737905767204927,0.919526794670624,0.9129005573037197,3.8263881599664114,0.837934292012176,0.0560107444903778,0.05461346342596705
3,20.0,30.0,1,0.0,2.0,7555,7.555,0.02437544642292781,0.7291933382740176,0.5904089943669952,3.2072799470549307,0.3937789543348776,0.10730747845599903,0.19521324720809544
3,20.0,30.0,2,2.0,4.0,12679,12.679,0.04090751624041055,1.2237514673694598,0.8260031230214773,3.6089596971369984,0.6562820411704393,-0.03629299876175819,0.07509848200915002
3,20.0,30.0,3,4.0,6.0,9473,9.473,0.03056368020706753,0.9143148237550985,0.8360102057561761,3.7412646468911643,0.7631162250606989,0.023926637119840635,-0.3075486667571851
3,20.0,30.0,4,6.0,8.0,8083,8.083,0.026078985233160226,0.7801548316702693,0.8386866325785579,3.7644438945935916,0.7463812940739825,0.002420025683221839,-0.2699350830512852
3,20.0,30.0,5,8.0,10.0,10002,10.002,0.032270445416561745,0.9653728351312674,0.8278276685104881,3.5940811837632474,0.705758848230354,0.08426416495629574,0.007958633596770433
3,20.0,30.0,6,10.0,12.0,10001,10.001,0.03226721901729994,0.9652763171513501,0.8338624813697275,3.833716628337166,0.786021397860214,-0.002420774964837513,-0.026225046405380228
3,20.0,30.0,7,12.0,14.0,12930,12.93,0.041717342455123305,1.2479774803286627,0.8165594006028539,3.6155452436194895,0.6631863882443929,0.007358855979693389,0.10023796401626878
3,20.0,30.0,8,14.0,16.0,7165,7.165,0.023117150710824323,0.6915513261063316,0.8013160779151325,3.715840893230984,0.7370551290997907,-0.02134472337689929,0.1496036277218802
3,20.0,30.0,9,16.0,18.0,9319,9.319,0.030066814720749742,0.8994510548478585,0.8428272249634824,3.7986908466573666,0.8117823800837,0.226571502852087,-0.015564474190513416
3,20.0,30.0,10,18.0,20.0,9651,9.651,0.031137979275668602,0.9314950241803499,0.826113899473609,3.714433737436535,0.7450005180810279,-0.07578334468551359,0.26701230621219463
3,20.0,30.0,11,20.0,22.0,9387,9.387,0.0302862098705524,0.9060142774822242,0.8297095717431981,3.7616917012890165,0.7838500053265154,-0.1278564436680979,0.043291849104307945
3,20.0,30.0,12,22.0,24.0,9694,9.694,0.03127671444392617,0.9356452973167871,0.9159606281963809,3.836909428512482,0.8466061481328657,0.07015450529594651,0.048918468926182894
4,30.0,40.0,1,0.0,2.0,7327,7.327,0.023639827391236542,0.7071872388529089,0.6004702147497352,3.3073563532141397,0.441381192848369,0.10422158581118628,0.21279275218716348
4,30.0,40.0,2,2.0,4.0,12977,12.977,0.04186898322042809,1.2525138253847687,0.8177401593765647,3.5960545580642678,0.6489173152500578,-0.039875137100439925,0.08467406499514656
4,30.0,40.0,3,4.0,6.0,9421,9.421,0.030395907445453726,0.9092958887994069,0.8486806634225914,3.797792166436684,0.8084067508757032,0.021743147651016353,-0.30712508831888286
4,30.0,40.0,4,6.0,8.0,8049,8.049,0.025969287658258892,0.7768732203530863,0.8522774465394628,3.776990930550379,0.7868058143868804,-0.0012375957610152389,-0.2735247273530969
4,30.0,40.0,5,8.0,10.0,9920,9.92,0.03200588067709383,0.9574583607780616,0.8263935619892622,3.614415322580645,0.717741935483871,0.13572447290947412,-0.02619400711096058
4,30.0,40.0,6,10.0,12.0,10080,10.08,0.03252210455898244,0.9729012375648044,0.8361589642484134,3.8735119047619047,0.7806547619047619,-0.0031295986277527373,-0.035390876728655575
4,30.0,40.0,7,12.0,14.0,12805,12.805,0.04131404254739783,1.2359127328390198,0.8174183489933715,3.6117141741507224,0.6585708707536119,0.008731143532767162,0.09956565851836005
4,30.0,40.0,8,14.0,16.0,7454,7.454,0.024049580097485625,0.719445022302386,0.8046507632203818,3.6888918701368394,0.7070029514354709,-0.018465788374803865,0.13345766953968966
4,30.0,40.0,9,16.0,18.0,9412,9.412,0.030366869852097494,0.9084272269801528,0.8458484049674937,3.7661495962600937,0.7911177220569485,0.2129907489310511,-0.019867121406358608
4,30.0,40.0,10,18.0,20.0,9684,9.684,0.031244450451308126,0.9346801175176156,0.8299681282933352,3.704667492771582,0.7360594795539034,-0.06973608219542202,0.256444300038702
4,30.0,40.0,11,20.0,22.0,9400,9.4,0.030328153060955848,0.907269011221147,0.829763575191911,3.7432978723404253,0.7664893617021277,-0.1228542902118206,0.0513647538547229
4,30.0,40.0,12,22.0,24.0,9433,9.433,0.030434624236595372,0.9104541045584127,0.9162965885679204,3.826778331389802,0.8367433478214777,0.05620651282788409,0.05904249236189277
5,40.0,50.0,1,0.0,2.0,7293,7.293,0.02353012981633521,0.703905627535726,0.6018742454463017,3.258604140957082,0.4180721239544769,0.1135657736825616,0.20587673740815052
5,40.0,50.0,2,2.0,4.0,13014,13.014,0.04198835999311483,1.2560849906417029,0.8170666360933878,3.5862148455509453,0.6433840479483633,-0.04187075239300523,0.08732608984401817
5,40.0,50.0,3,4.0,6.0,9372,9.372,0.03023781388162534,0.904566507783467,0.8479263515406251,3.8053777208706787,0.8162612035851472,0.025249682392792308,-0.3062537932191832
5,40.0,50.0,4,6.0,8.0,8097,8.097,0.026124154822825478,0.7815060833891093,0.8481836342182082,3.7789304680745954,0.7962208225268618,-0.00597773531053031,-0.2732731907067623
5,40.0,50.0,5,8.0,10.0,10212,10.212,0.03294798926154054,0.9856416109138674,0.8209410699799482,3.580689385037211,0.6897767332549941,0.1342254971364731,-0.023209596356470248
5,40.0,50.0,6,10.0,12.0,9798,9.798,0.031612259967153764,0.9456831672281699,0.8316021380199142,3.8778322106552356,0.7686262502551541,-0.002266003839499336,-0.04169615842478981
5,40.0,50.0,7,12.0,14.0,12706,12.706,0.040994629020479255,1.2263574528272227,0.8187128805451857,3.626082165905871,0.6758224460884621,0.008136223160639734,0.060632968897784044
5,40.0,50.0,8,14.0,16.0,7562,7.562,0.02439803121776044,0.7298689641334376,0.8099639197521925,3.7076170325310764,0.7220312086749537,-0.010169430656858745,0.12393666833116444
5,40.0,50.0,9,16.0,18.0,9355,9.355,0.030182965094174678,0.9029257021248756,0.8435250390251663,3.772100481026189,0.7969000534473544,0.20380665143460347,-0.02507464497091001
5,40.0,50.0,10,18.0,20.0,9639,9.639,0.031099262484526956,0.9303368084213441,0.8256280577341402,3.720406681190995,0.7455130200228239,-0.06645185403842045,0.2566025982109438
5,40.0,50.0,11,20.0,22.0,9454,9.454,0.030502378621093253,0.9124809821366727,0.8278405585141192,3.751004865665327,0.7706790776390946,-0.12178358983220473,0.050739305520085855
5,40.0,50.0,12,22.0,24.0,9491,9.491,0.030621755393779992,0.916052147393607,0.9148800494802277,3.83710883995364,0.845432515014224,0.05744054406108378,0.057511537418334154
6,50.0,60.0,1,0.0,2.0,7261,7.261,0.02342688503995749,0.7008170521783775,0.6124038530337036,3.3046412339898086,0.4401597576091447,0.10730868328474841,0.20249938091053107
6,50.0,60.0,2,2.0,4.0,12670,12.67,0.040878478647054316,1.2228828055502055,0.8297277794158027,3.6018153117600633,0.6502762430939226,-0.041371197599444666,0.0710278597243894
6,50.0,60.0,3,4.0,6.0,9577,9.577,0.030899225730295122,0.9243526936664813,0.8390817131911916,3.7778009815182205,0.8012947687167171,0.027453987068149176,-0.2991906120385112
6,50.0,60.0,4,6.0,8.0,7996,7.996,0.025798288497383293,0.7717577674174778,0.8379953162426681,3.7678839419709855,0.7653826913456728,-0.03499287626582034,-0.2485950131145318
6,50.0,60.0,5,8.0,10.0,10198,10.198,0.03290281967187529,0.9842903591950274,0.8157089174298373,3.5490292214159638,0.6767993724259659,0.11062107922354043,-0.015366218877959279
6,50.0,60.0,6,10.0,12.0,9810,9.81,0.03165097675829541,0.9468413829871757,0.824128619326326,3.8162079510703366,0.773598369011213,-0.017087741957144426,-0.05541290907577268
6,50.0,60.0,7,12.0,14.0,12402,12.402,0.04001380364489089,1.197015986932411,0.8281294954713695,3.7014997581035316,0.7364941138526044,0.015445924241935815,0.011967788345664027
6,50.0,60.0,8,14.0,16.0,8000,8.0,0.025811194094430508,0.7721438393371464,0.8231642465176496,3.74025,0.746875,-0.016423183752501916,0.11184791272545706
6,50.0,60.0,9,16.0,18.0,9382,9.382,0.03027007787424338,0.9055316875826384,0.8483428205040588,3.776806651033895,0.7976977190364528,0.18637554005783194,-0.03970689871842071
6,50.0,60.0,10,18.0,20.0,9404,9.404,0.030341058658003062,0.9076550831408156,0.8300681613185956,3.746490854955338,0.7528711186729051,-0.08453362135497372,0.27393784999911747
6,50.0,60.0,11,20.0,22.0,9658,9.658,0.031160564070501228,0.9321706500397698,0.8335236104806053,3.722924000828329,0.7494305239179955,-0.1129704110318862,0.04409200048374898
6,50.0,60.0,12,22.0,24.0,9397,9.397,0.030318473863170436,0.9069794572813956,0.9118653691575758,3.7793976801106735,0.7983398957113973,0.04905513394513796,0.0499004695128431
7,60.0,70.0,1,0.0,2.0,7305,7.305,0.023568846607476858,0.7050638432947318,0.6238176380892729,3.304996577686516,0.44038329911019847,0.09340123803515918,0.19267225498246626
7,60.0,70.0,2,2.0,4.0,12610,12.61,0.040684894691346084,1.2170917267551769,0.8280575336430769,3.632275971451229,0.6727993655828708,-0.03225359830017838,0.08129502848067595
7,60.0,70.0,3,4.0,6.0,9546,9.546,0.030799207353179203,0.9213606362890499,0.8381585365231249,3.8142677561282214,0.8260004190236748,0.0334476993460051,-0.2992655319854116
7,60.0,70.0,4,6.0,8.0,8031,8.031,0.02591121247154643,0.7751358967145779,0.8361174086253255,3.7934254762794173,0.7937990287635412,-0.04699342829249923,-0.23735271051449863
7,60.0,70.0,5,8.0,10.0,10238,10.238,0.03303187564234744,0.988151078391713,0.8033071589545513,3.5511818714592693,0.6802109787067787,0.11720080702174365,-0.020286965809629263
7,60.0,70.0,6,10.0,12.0,9770,9.77,0.03152192078782326,0.9429806637904901,0.8227744608917125,3.829580348004094,0.7798362333674513,-0.017088357065659494,-0.05452852877379725
7,60.0,70.0,7,12.0,14.0,12103,12.103,0.03904911026561155,1.168157110937185,0.823722955272577,3.68586300917128,0.7248616045608527,0.0183740540575076,0.007664895257828377
7,60.0,70.0,8,14.0,16.0,8534,8.534,0.027534091300233748,0.823684440612901,0.8210640990384576,3.7113897351769394,0.7008436840871807,-0.01020094652826035,0.09072639234657723
7,60.0,70.0,9,16.0,18.0,9394,9.394,0.030308794665385025,0.9066899033416441,0.8549218794013551,3.7699595486480733,0.7927400468384075,0.17189406146381897,-0.04543391255247805
7,60.0,70.0,10,18.0,20.0,9352,9.352,0.030173285896389266,0.9026361481851242,0.8312348352881243,3.7478614200171085,0.7666809238665526,-0.07789579870641172,0.26696158535096715
7,60.0,70.0,11,20.0,22.0,9642,9.642,0.031108941682312367,0.9306263623610955,0.8286938578754367,3.74030284173408,0.76623107239162,-0.11163784847932828,0.05932219450254708
7,60.0,70.0,12,22.0,24.0,9304,9.304,0.03001841873182268,0.8980032851491012,0.9077118750511214,3.7978288907996562,0.8135210662080825,0.036543593686786585,0.05548601480620986
8,70.0,80.0,1,0.0,2.0,7335,7.335,0.02366563858533097,0.707959382692246,0.6240530301109188,3.3518745739604636,0.4747102931152011,0.12029919373083298,0.2298320677704184
8,70.0,80.0,2,2.0,4.0,12934,12.934,0.04173024805217052,1.2483635522483314,0.8258462980526583,3.602597804236895,0.6489098500077316,-0.03875045766665118,0.07508429523734028
8,70.0,80.0,3,4.0,6.0,9288,9.288,0.02996679634363382,0.8964589974704269,0.837759632654856,3.7817614125753662,0.801894918173988,0.0205186547726429,-0.2996218887519616
8,70.0,80.0,4,6.0,8.0,8009,8.009,0.025840231687786742,0.7730125011564006,0.8471971833715953,3.7611437133225123,0.781620676738669,-0.00786358136416072,-0.27309509034190116
8,70.0,80.0,5,8.0,10.0,10290,10.29,0.03319964840396124,0.9931700133474044,0.8071485009900004,3.5304178814382894,0.6462585034013606,0.1373871345250015,-0.02122179324826178
8,70.0,80.0,6,10.0,12.0,9742,9.742,0.031431581608492756,0.9402781603528101,0.8156193728855491,3.7839252720180663,0.733422295216588,-0.01532737344542373,-0.05875130197760755
8,70.0,80.0,7,12.0,14.0,12450,12.45,0.04016867080945748,1.201648849968434,0.8206143929409787,3.628433734939759,0.6798393574297189,0.019535405200150714,0.006473603004856948
8,70.0,80.0,8,14.0,16.0,7887,7.887,0.025446610977846677,0.7612373076065092,0.8205833620446574,3.728160263725117,0.7238493723849372,-0.016682882509957513,0.1190326310389649
8,70.0,80.0,9,16.0,18.0,9291,9.291,0.02997647554141923,0.8967485514101784,0.8450397089804932,3.7678398450113013,0.7904423635776558,0.19002801945607234,-0.03772350444728801
8,70.0,80.0,10,18.0,20.0,9550,9.55,0.03081211295022642,0.9217467082087185,0.8264259455540356,3.7271204188481675,0.7499476439790576,-0.07449796647398793,0.2675228317328553
8,70.0,80.0,11,20.0,22.0,9640,9.64,0.031102488883788765,0.9304333264012614,0.8299909269613321,3.7608921161825726,0.7794605809128631,-0.11074657369088303,0.051905002284794576
8,70.0,80.0,12,22.0,24.0,9467,9.467,0.030544321811496702,0.9137357158755955,0.9105005798950058,3.837012781240097,0.8422942854124855,0.04390427259878129,0.05981616338328234
9,80.0,90.0,1,0.0,2.0,7823,7.823,0.025240121425091234,0.755060156891812,0.6665409041455035,3.4153138182283014,0.5169372363543397,0.15010412837763362,0.22567538183283703
9,80.0,90.0,2,2.0,4.0,12321,12.321,0.039752465304684785,1.1891980305591225,0.8313246242459796,3.6600925249573897,0.6953169385601818,-0.04364687959798663,0.05264546372037856
9,80.0,90.0,3,4.0,6.0,9077,9.077,0.029286026099393216,0.8760937037079097,0.8331780985825381,3.788917043075906,0.805883000991517,0.011795192150499276,-0.3004976380045475
9,80.0,90.0,4,6.0,8.0,7912,7.912,0.025527270959391772,0.7636502571044378,0.8447544031736991,3.791835187057634,0.7934782608695652,-0.006462318302236041,-0.27401390358622635
9,80.0,90.0,5,8.0,10.0,10688,10.688,0.03448375531015916,1.0315841693544276,0.8098196437442635,3.557821856287425,0.6775823353293413,0.11492972683609513,-0.02125363710314793
9,80.0,90.0,6,10.0,12.0,9366,9.366,0.030218455486054518,0.9039873999039642,0.8158811614216838,3.808242579543028,0.7653213751868461,-0.010018232638366877,-0.03437418812664826
9,80.0,90.0,7,12.0,14.0,13053,13.053,0.04211418956432518,1.2598491918584716,0.8169613302814055,3.6138818662376466,0.670956868152915,0.019426986983998,0.007395456437692943
9,80.0,90.0,8,14.0,16.0,6919,6.919,0.022323456492420585,0.6678079030467144,0.8123079176737038,3.7384015031073856,0.7605145252204075,-0.04531097102950673,0.1535818092587795
9,80.0,90.0,9,16.0,18.0,9373,9.373,0.03024104028088714,0.904663025763384,0.8444177668811528,3.8058252427184467,0.8221487250613464,0.22244438458436508,-0.01132879778015209
9,80.0,90.0,10,18.0,20.0,9666,9.666,0.031186375264595664,0.9329427938791072,0.8218159519393753,3.692427063935444,0.7258431615973515,-0.07688106040391272,0.2594212490921942
9,80.0,90.0,11,20.0,22.0,9423,9.423,0.030402360243977335,0.9094889247592413,0.8272394215855642,3.7670593229332483,0.7835084368035657,-0.12437692077090162,0.03970830266491312
9,80.0,90.0,12,22.0,24.0,9649,9.649,0.031131526477144993,0.9313019882205156,0.9134729676443598,3.833143330915121,0.8432998238159395,0.07402778684498788,0.051786865827575496
10,90.0,100.0,1,0.0,2.0,7412,7.412,0.023914071328489866,0.7153912671458661,0.6549886693067039,3.357663248785753,0.4828656233135456,0.13041747244456303,0.23523311539105754
10,90.0,100.0,2,2.0,4.0,12558,12.558,0.04051712192973229,1.2120727917994853,0.8300603293748845,3.64150342411212,0.6822742474916388,-0.03964525299803984,0.07171822643265116
10,90.0,100.0,3,4.0,6.0,9294,9.294,0.029986154739204643,0.8970381053499298,0.8412252998642753,3.7949214547019583,0.8096621476221219,0.019599759009506956,-0.29892174375763536
10,90.0,100.0,4,6.0,8.0,7973,7.973,0.025724081314361803,0.7695378538793834,0.8479737683230502,3.778627869058071,0.7825159914712153,-0.007215596156088001,-0.27366050370117856
10,90.0,100.0,5,8.0,10.0,10462,10.462,0.0337545890769915,1.009771105893153,0.8182813117812766,3.569489581342,0.6734849933091187,0.1192123315275011,-0.02345969364865886
10,90.0,100.0,6,10.0,12.0,9554,9.554,0.030825018547273635,0.9221327801283871,0.8204040399322952,3.8570232363407997,0.763554532133138,0.002035750368569987,-0.03940791238608008
10,90.0,100.0,7,12.0,14.0,13023,13.023,0.042017397586471064,1.2569536524609572,0.8249355568141724,3.6418643937648776,0.6939261306918528,0.018899057721414144,0.006940779958747349
10,90.0,100.0,8,14.0,16.0,6993,6.993,0.02256221003779407,0.6749502335605831,0.8193464425442119,3.7202917202917205,0.7473187473187474,-0.042561792340945794,0.14481548725353463
10,90.0,100.0,9,16.0,18.0,9727,9.727,0.0313831856195657,0.9388303906540529,0.8430090184428057,3.794181145265755,0.8123779171378637,0.21017150411828284,-0.016079762634491845
10,90.0,100.0,10,18.0,20.0,9318,9.318,0.030063588321487932,0.8993545368679412,0.8271530693381667,3.743614509551406,0.7259068469628676,-0.07637494981632889,0.28028313907510366
10,90.0,100.0,11,20.0,22.0,9413,9.413,0.030370096251359297,0.9085237449600698,0.8276420814146339,3.70561988738978,0.7339849144799745,-0.1431676465415929,0.026290428893920907
10,90.0,100.0,12,22.0,24.0,9680,9.68,0.031231544854260915,0.9342940455979472,0.9016905446578006,3.8166322314049586,0.8336776859504132,0.06755376311968708,0.06289982786018938
11,100.0,110.0,1,0.0,2.0,7605,7.605,0.024536766386018004,0.7340192372698748,0.6288120059348422,3.361998685075608,0.4779750164365549,0.1083171481136272,0.25314349431139643
11,100.0,110.0,2,2.0,4.0,12734,12.734,0.04108496819980976,1.2290599562649027,0.8317545618253663,3.6596513271556463,0.6931050730328255,-0.03536458039556747,0.06559463019766666
11,100.0,110.0,3,4.0,6.0,9252,9.252,0.029850645970208884,0.8929843501934098,0.8434242536285771,3.812905317769131,0.8255512321660181,0.021109142808027715,-0.30048376199564886
11,100.0,110.0,4,6.0,8.0,8001,8.001,0.02581442049369231,0.7722403573170634,0.849978457091723,3.7970253718285214,0.8003999500062492,-0.0054498433795639265,-0.27701266599725655
11,100.0,110.0,5,8.0,10.0,10408,10.408,0.03358036351685409,1.0045591349776273,0.8174881680013728,3.5918524212144503,0.6933128362797848,0.13360471031337556,-0.031544358312183635
11,100.0,110.0,6,10.0,12.0,9611,9.611,0.031008923305196452,0.9276343049836643,0.8225969017381521,3.8619290396420767,0.7714077619394444,0.001266197139236367,-0.04619882026668582
11,100.0,110.0,7,12.0,14.0,12963,12.963,0.04182381363076283,1.2511625736659284,0.822543680049499,3.6361181825194784,0.6860294684872329,0.02184438316479135,0.006519537665614941
11,100.0,110.0,8,14.0,16.0,7019,7.019,0.022646096418600967,0.6774597010384288,0.8136939961058648,3.725744408035333,0.7526713207009545,-0.04863055719193969,0.15081504588712982
11,100.0,110.0,9,16.0,18.0,9502,9.502,0.03065724578565984,0.9171138451726957,0.8477648186656371,3.8015154704272787,0.8184592717322668,0.2162140065126678,-0.017558182291358814
11,100.0,110.0,10,18.0,20.0,9409,9.409,0.030357190654312083,0.9081376730404013,0.8188967828816934,3.7136783930279518,0.7357848868105006,-0.07466328922790993,0.2774285850943725
11,100.0,110.0,11,20.0,22.0,9652,9.652,0.031141205674930405,0.931591542160267,0.8265580149260086,3.7289680895151265,0.7555946953999171,-0.10798647046437246,0.04532122372140614
11,100.0,110.0,12,22.0,24.0,9588,9.588,0.030934716122174962,0.9254143914455699,0.9020393051586956,3.7906758448060076,0.8095536086775136,0.05513621848745642,0.031634229059836566
12,110.0,120.0,1,0.0,2.0,7679,7.679,0.024775519931391484,0.7411615677837434,0.6599316683574032,3.3012110951946867,0.4456309415288449,0.12344853477887151,0.220417326047586
12,110.0,120.0,2,2.0,4.0,12429,12.429,0.040100916424959596,1.199621972390174,0.8094531482895871,3.521200418376378,0.6097031136857349,-0.014042262531865246,0.011682712626139256
12,110.0,120.0,3,4.0,6.0,9156,9.156,0.02954091164107572,0.8837186241213641,0.8352922924101885,3.755133245958934,0.763215377894277,0.024259827028959794,-0.3138194490604708
12,110.0,120.0,4,6.0,8.0,8004,8.004,0.025824099691477722,0.7725299112568149,0.8445079349765887,3.743753123438281,0.7556221889055472,0.00752449814947958,-0.28352411201102246
12,110.0,120.0,5,8.0,10.0,10442,10.442,0.03369006109175542,1.0078407462948105,0.8159141560517821,3.5735491285194407,0.6832024516376173,0.13029791075304742,-0.033772389087975654
12,110.0,120.0,6,10.0,12.0,9545,9.545,0.0307959809539174,0.9212641183091328,0.8156111746049672,3.8362493452069146,0.7698271346254584,-0.005704900164208098,-0.04070963535490178
12,110.0,120.0,7,12.0,14.0,13071,13.071,0.04217226475103764,1.2615865154969799,0.822460081631308,3.6600107107336854,0.7057608446178564,0.01959856155398934,0.012115221865894562
12,110.0,120.0,8,14.0,16.0,6961,6.961,0.022458965261416348,0.6718616582032345,0.8146226805697911,3.7674184743571324,0.7849446918546186,-0.04427910221831629,0.15704393662881933
12,110.0,120.0,9,16.0,18.0,9580,9.58,0.030908904928080533,0.9246422476062328,0.8504858226993671,3.8072025052192067,0.8237995824634655,0.20946029427617438,-0.012849440503204728
12,110.0,120.0,10,18.0,20.0,9358,9.358,0.03019264429196009,0.903215256064627,0.8228932907842222,3.731566574054285,0.7578542423594785,-0.062418187758390795,0.2771589454624698
12,110.0,120.0,11,20.0,22.0,9514,9.514,0.03069596257680148,0.9182720609317012,0.8286078085346669,3.752890477191507,0.7758040782005465,-0.1132126680182651,0.03982557660464492
12,110.0,120.0,12,22.0,24.0,9654,9.654,0.031147658473454014,0.9317845781201013,0.88889512273053,3.7943857468406876,0.811787859954423,0.04955906304539361,0.04930378016775064
13,120.0,130.0,1,0.0,2.0,7951,7.951,0.02565310053060212,0.7674144583212062,0.6684433087436435,3.339831467739907,0.46975223242359454,0.12793874658403456,0.18817607922168958
13,120.0,130.0,2,2.0,4.0,12109,12.109,0.039068468661182375,1.168736218816688,0.8054326943611195,3.542571640928235,0.6216037657940375,-0.035531127935170395,0.03515202048815495
13,120.0,130.0,3,4.0,6.0,9220,9.22,0.029747401193831163,0.8898957748360612,0.8331469208858848,3.764425162689805,0.7793926247288503,0.02526369106897424,-0.3073557444242009
13,120.0,130.0,4,6.0,8.0,7968,7.968,0.025707949318052786,0.7690552639797977,0.8476844742658621,3.776229919678715,0.7885291164658634,-0.011002327745679314,-0.27287887327340427
13,120.0,130.0,5,8.0,10.0,10371,10.371,0.03346098674416735,1.0009879697206931,0.8182841283318599,3.5854787387908593,0.6933757593288978,0.12812004569630067,-0.02588755525618953
13,120.0,130.0,6,10.0,12.0,9632,9.632,0.03107667768969433,0.9296611825619242,0.8191574056547455,3.8431270764119603,0.7668189368770764,-0.010125465846097323,-0.04487462787569795
13,120.0,130.0,7,12.0,14.0,12764,12.764,0.041181760177663874,1.231955495662417,0.8213844111437424,3.6494829207145094,0.6985271074898151,0.013875630857290969,0.0033059585551330727
13,120.0,130.0,8,14.0,16.0,7244,7.244,0.023372036252506823,0.6991762465197859,0.8171953526672368,3.737990060739923,0.7602153506350083,-0.026111921011604654,0.1522894349312982
13,120.0,130.0,9,16.0,18.0,8998,8.998,0.02903114055771071,0.8684687832944553,0.8542409710627152,3.842076016892643,0.8533007334963325,0.21070883215660868,-0.03744217251951536
13,120.0,130.0,10,18.0,20.0,9542,9.542,0.03078630175613199,0.9209745643693813,0.8218527888303938,3.738629218193251,0.748061203102075,-0.07264989942925103,0.2891083653856857
13,120.0,130.0,11,20.0,22.0,9696,9.696,0.031283167242449776,0.9358383332766214,0.8312337368886676,3.742986798679868,0.7623762376237624,-0.10565940027477654,0.018269506126096423
13,120.0,130.0,12,22.0,24.0,9810,9.81,0.03165097675829541,0.9468413829871757,0.8863083301977415,3.8303771661569828,0.8402650356778797,0.07890473017734166,0.03709834307852193
14,130.0,140.0,1,0.0,2.0,8096,8.096,0.026120928423563675,0.7814095654091922,0.6494240109164645,3.264945652173913,0.42070158102766797,0.11899436550355628,0.15410794258755314
14,130.0,140.0,2,2.0,4.0,11685,11.685,0.03770047537417756,1.1278125953318194,0.7999011817808903,3.493025246041934,0.590158322635858,-0.0029281300238219363,-0.00345564733004814
14,130.0,140.0,3,4.0,6.0,9573,9.573,0.030886320133247908,0.9239666217468128,0.8112926494006816,3.703332288728716,0.6974825028726627,0.024106094237915796,-0.33129947454729186
14,130.0,140.0,4,6.0,8.0,8054,8.054,0.025985419654567916,0.7773558102526722,0.8306032529815497,3.680531412962503,0.7022597467097095,-0.045205210390576935,-0.1892333233268185
14,130.0,140.0,5,8.0,10.0,10611,10.611,0.034235322567000265,1.0241522849008076,0.8168402363762585,3.5357647724059937,0.6563943077937989,0.06938721647433917,0.0037030513962884194
14,130.0,140.0,6,10.0,12.0,9382,9.382,0.03027007787424338,0.9055316875826384,0.8163206451653757,3.7828821146876996,0.7690257940737583,-0.013408424166428344,-0.030983208466586816
14,130.0,140.0,7,12.0,14.0,12934,12.934,0.04173024805217052,1.2483635522483314,0.8215948835431033,3.6424926550177825,0.689345910004639,0.017622962072007975,0.011021241635226922
14,130.0,140.0,8,14.0,16.0,7080,7.08,0.022842906773571,0.6833472978133746,0.8172914356840646,3.746186440677966,0.7622881355932203,-0.03476427117126632,0.15049931490000026
14,130.0,140.0,9,16.0,18.0,9279,9.279,0.029937758750277585,0.8955903356511726,0.8504643607752098,3.823795667636599,0.835219312425908,0.2016740795610738,-0.02959474195215401
14,130.0,140.0,10,18.0,20.0,9428,9.428,0.030418492240286355,0.9099715146588271,0.8176588281570839,3.7055579126007636,0.7261349172677132,-0.06079667965151107,0.28177589126644825
14,130.0,140.0,11,20.0,22.0,9697,9.697,0.031286393641711575,0.9359348512565384,0.8262510358374991,3.725482107868413,0.7473445395483139,-0.11213453279729586,0.018641583760742444
14,130.0,140.0,12,22.0,24.0,9698,9.698,0.03128962004097338,0.9360313692364556,0.8831811797438748,3.828830686739534,0.8364611260053619,0.07672979758681571,0.04661742293129759
15,140.0,150.0,1,0.0,2.0,7523,7.523,0.024272201646550088,0.726104762916669,0.5576724845701553,3.2186627675129604,0.36847002525588196,0.09311554765209397,0.1552285283148507
15,140.0,150.0,2,2.0,4.0,12728,12.728,0.041065609804238935,1.2284808483853997,0.8104732589747123,3.510213702074167,0.5883092394720302,-0.028868830124937617,0.03899231886121193
15,140.0,150.0,3,4.0,6.0,9983,9.983,0.03220914383058747,0.9635389935128414,0.8133567287209986,3.6888710808374237,0.6814584794150055,0.01854759815899116,-0.3156890012248398
15,140.0,150.0,4,6.0,8.0,8210,8.21,0.026488737939409313,0.7924126151197466,0.8297313070028249,3.7021924482338613,0.7364190012180268,-0.06260605325209326,-0.19195499046048875
15,140.0,150.0,5,8.0,10.0,10036,10.036,0.03238014299146307,0.9686544464484501,0.8170790191696973,3.556496612196094,0.6739736946990833,0.07267942139273843,0.020011472869702784
15,140.0,150.0,6,10.0,12.0,9951,9.951,0.03210589905420975,0.9604504181554929,0.8200315767790355,3.80022108330821,0.7887649482464074,-0.004805239183919225,-0.05122054634272049
15,140.0,150.0,7,12.0,14.0,11980,11.98,0.03865226315640969,1.1562853994073767,0.8279101226256214,3.660100166944908,0.7090150250417362,0.017972297683581193,0.011237661442331173
15,140.0,150.0,8,14.0,16.0,8036,8.036,0.025927344467855443,0.7756184866141634,0.8084220521959558,3.705574912891986,0.7338227974116476,-0.034785115532059395,0.14623665363599675
15,140.0,150.0,9,16.0,18.0,8194,8.194,0.026437115551220452,0.7908683274410723,0.8625952589049164,3.8269465462533563,0.840615084207957,0.2395247141567032,-0.03596644295633587
15,140.0,150.0,10,18.0,20.0,10122,10.122,0.0326576133279782,0.9769549927213245,0.8092171829919073,3.7261410788381744,0.7458012250543371,-0.08030316051763496,0.2885353711146538
15,140.0,150.0,11,20.0,22.0,9757,9.757,0.03147997759741981,0.9417259300515671,0.8343008450437588,3.7801578354002254,0.7984011478938198,-0.11872849171437896,0.004708343587790874
15,140.0,150.0,12,22.0,24.0,10008,10.008,0.03228980381213256,0.96595194301077,0.8960230786319964,3.820343725019984,0.8372302158273381,0.0951190929103412,0.04560108332850637
16,150.0,160.0,1,0.0,2.0,8647,8.647,0.027898674416817575,0.8345909723435381,0.4547279332083135,2.9651902393893836,0.24702208858563662,0.10798515614617656,0.06209902464634022
16,150.0,160.0,2,2.0,4.0,11961,11.961,0.038590961570435414,1.154451557788951,0.8189025168879934,3.6335590669676447,0.6610651283337513,0.00722465391242306,0.048538023150991504
16,150.0,160.0,3,4.0,6.0,9180,9.18,0.029618345223359006,0.8860350556393753,0.8050917193855842,3.7067538126361654,0.7145969498910676,0.03222349319838352,-0.25370857132789704
16,150.0,160.0,4,6.0,8.0,9499,9.499,0.030647566587874427,0.9168242912329443,0.8344142655884955,3.736077481840194,0.7432361301189598,-0.0867663209356475,-0.2140696061415584
16,150.0,160.0,5,8.0,10.0,9505,9.505,0.03066692498344525,0.9174033991124472,0.8258586916571478,3.629142556549185,0.7136244082062072,0.07399529117370432,0.031943650761354504
16,150.0,160.0,6,10.0,12.0,10413,10.413,0.03359649551316311,1.0050417248772132,0.8186327435405338,3.773456256602324,0.7749927974647076,-0.008044881113833816,-0.057214445753964414
16,150.0,160.0,7,12.0,14.0,10241,10.241,0.03304155484013285,0.9884406323314644,0.8350243108561518,3.685870520456987,0.7242456791328972,0.09058866052922805,-0.02383306400896622
16,150.0,160.0,8,14.0,16.0,9829,9.829,0.031712278344269686,0.9486752246056015,0.7933386062497915,3.664157086173568,0.7089225760504629,-0.09870324689954235,0.1599103931925633
16,150.0,160.0,9,16.0,18.0,6252,6.252,0.020171448184797443,0.6034304104419799,0.8680297388454704,3.8490083173384515,0.8590850927703135,0.3325358288553932,-0.07792128415167003
16,150.0,160.0,10,18.0,20.0,11771,11.771,0.03797794571069269,1.136113141604694,0.8100683272969538,3.6945883952085636,0.7252569875116812,-0.09289774620101764,0.2692966137775993
16,150.0,160.0,11,20.0,22.0,9778,9.778,0.03154773198191769,0.9437528076298272,0.8374586117696988,3.733278789118429,0.7559828185723052,-0.10652322830191305,-0.009519838763084968
16,150.0,160.0,12,22.0,24.0,9977,9.977,0.032189785435016646,0.9629598856333387,0.8932254183815704,3.81176706424777,0.826300491129598,0.099252367446227,0.05306680171829664
17,160.0,170.0,1,0.0,2.0,8218,8.218,0.026514549133503738,0.7931847589590836,0.40899577896756134,2.9385495254319784,0.2412995862740326,0.15228047490082244,0.08685573265717447
17,160.0,170.0,2,2.0,4.0,12707,12.707,0.04099785541974106,1.22645397080714,0.8222388990564697,3.566774218934446,0.6326434248839222,0.01114839469373724,0.009585382023420188
17,160.0,170.0,3,4.0,6.0,8425,8.425,0.02718241378069713,0.8131639808019323,0.802894659698767,3.6306231454005933,0.6729970326409496,0.03844500715310207,-0.3131774417562805
17,160.0,170.0,4,6.0,8.0,10159,10.159,0.03277699010066494,0.9805261579782587,0.8248045360630849,3.734619549168225,0.7309774584112609,-0.02373670697163109,-0.22494496776467265
17,160.0,170.0,5,8.0,10.0,8920,8.92,0.028779481415290017,0.8609403808609182,0.8132749976470898,3.591928251121076,0.702914798206278,0.08309784506046841,0.02079318560261029
17,160.0,170.0,6,10.0,12.0,10440,10.44,0.03368360829323181,1.007647710334976,0.8175363822975059,3.7011494252873565,0.7318965517241379,-0.024818774080987985,-0.043989241848911134
17,160.0,170.0,7,12.0,14.0,9868,9.868,0.03183810791548003,0.95243942582237,0.8091083348933233,3.60498581272801,0.6574787190920146,0.16028041317740688,-0.07878500165702178
17,160.0,170.0,8,14.0,16.0,10855,10.855,0.035022563986880396,1.0477026720005904,0.8144663232494582,3.6804237678489176,0.695716259788116,-0.14036008291116162,0.1617107519686942
17,160.0,170.0,9,16.0,18.0,5935,5.935,0.019148679618805634,0.5728342108082455,0.8405757324761911,3.712889637742207,0.7464195450716091,0.32178826147818784,-0.10342611248403558
17,160.0,170.0,10,18.0,20.0,12227,12.227,0.039449183774075226,1.180125340446911,0.825519537712402,3.733213380224094,0.7468716774351845,-0.10535772081880611,0.24299244983885207
17,160.0,170.0,11,20.0,22.0,9504,9.504,0.03066369858418344,0.9173068811325298,0.8369301092927709,3.77114898989899,0.7910353535353535,-0.11296189637719069,0.011018893491605675
17,160.0,170.0,12,22.0,24.0,9994,9.994,0.03224463422246731,0.96460069129193,0.8944107040957727,3.824894936962177,0.8396037622573544,0.10440990503799824,0.05882800549525356
18,170.0,180.0,1,0.0,2.0,8461,8.461,0.027298564154122067,0.8166386280789495,0.3828917504571177,2.876492140408935,0.2344876492140409,0.19227507418977174,0.033881805127737245
18,170.0,180.0,2,2.0,4.0,12216,12.216,0.039413693382195386,1.1790636426678225,0.8379106406987704,3.616077275703995,0.6665029469548134,0.03916442950800454,0.003815196274974934
18,170.0,180.0,3,4.0,6.0,8571,8.571,0.027653468072920486,0.8272556058698352,0.8197954670930717,3.7349200793373,0.711935596779839,0.019632776155080665,-0.3326969769542259
18,170.0,180.0,4,6.0,8.0,10140,10.14,0.03271568851469067,0.9786923163598331,0.8230959502106127,3.7111439842209073,0.7267258382642998,0.00846562094651825,-0.19968871844851355
18,170.0,180.0,5,8.0,10.0,9114,9.114,0.029405402872079957,0.8796648689648441,0.8146785900437974,3.618279569892473,0.7001316655694536,0.0414247623445905,0.08049447660629752
18,170.0,180.0,6,10.0,12.0,10682,10.682,0.03446439691458834,1.0310050614749247,0.8238677530889682,3.721868563939337,0.7276727204643325,-0.05474668755382833,-0.010931597451862124
18,170.0,180.0,7,12.0,14.0,9221,9.221,0.029750627593092965,0.8899922928159784,0.7985603951940344,3.561218956729205,0.6288905758594513,0.18639425205601015,-0.10923931139966205
18,170.0,180.0,8,14.0,16.0,11271,11.271,0.03636474607979078,1.087854151646122,0.8169431150202644,3.68707301925295,0.7058823529411765,-0.1449961841361694,0.17047164805694137
18,170.0,180.0,9,16.0,18.0,5668,5.668,0.018287231015904015,0.5470639101703683,0.8452812875495187,3.723712067748765,0.7602328863796753,0.33545984287894315,-0.10176964602580399
18,170.0,180.0,10,18.0,20.0,12442,12.442,0.04014285961536305,1.2008767061290968,0.8187798199710741,3.6986818839414886,0.729946953865938,-0.09672262343311028,0.2427004681255425
18,170.0,180.0,11,20.0,22.0,9457,9.457,0.03051205781887867,0.9127705360764242,0.8388234258336942,3.733319234429523,0.7602833879665856,-0.10807987205363873,0.01421693030090128
18,170.0,180.0,12,22.0,24.0,9985,9.985,0.032215596629111075,0.9637320294726757,0.8895514145840289,3.79549323985979,0.8113169754631948,0.09812586551420657,0.059633137341073617
19,180.0,190.0,1,0.0,2.0,8805,8.805,0.028408445500182577,0.8498408131704467,0.3758176251972509,2.922771152754117,0.23770584894946054,0.18772295270079314,0.049108238359554385
19,180.0,190.0,2,2.0,4.0,12140,12.14,0.0391684870382983,1.1717282761941197,0.8389021060716867,3.6352553542009884,0.6757825370675453,0.04184686142642297,0.005748707954989319
19,180.0,190.0,3,4.0,6.0,8746,8.746,0.028218087943736155,0.8441462523553354,0.817371063715306,3.7587468557054655,0.6923164875371598,0.022396331313414678,-0.3325505618184076
19,180.0,190.0,4,6.0,8.0,9863,9.863,0.03182197591917101,0.9519568359227844,0.8264951514271149,3.6616648078677887,0.6999898610970293,0.0030787288811229586,-0.19784723301414164
19,180.0,190.0,5,8.0,10.0,9238,9.238,0.02980547638054363,0.8916330984745697,0.8007531480398279,3.522299198960814,0.6731976618315653,0.019751343117687517,0.07657960016133278
19,180.0,190.0,6,10.0,12.0,10427,10.427,0.033641665102828365,1.006392976596053,0.8262154833707648,3.7231226623189797,0.7511268821329241,-0.0365805428504451,-0.02047156820342758
19,180.0,190.0,7,12.0,14.0,9369,9.369,0.03022813468383993,0.9042769538437155,0.7984648634574144,3.5935532073860603,0.6437186466004909,0.17375670380187683,-0.1013257287286206
19,180.0,190.0,8,14.0,16.0,11225,11.225,0.03621633171374781,1.0834143245699335,0.8126805579671684,3.7012026726057905,0.7359465478841871,-0.1541918962716269,0.1704349922513617
19,180.0,190.0,9,16.0,18.0,5446,5.446,0.017570970379783567,0.5256369186287624,0.8649503371250629,3.83786265148733,0.8490635328681602,0.3471569665817295,-0.0738983909012836
19,180.0,190.0,10,18.0,20.0,12619,12.619,0.04071393228470232,1.2179603885744312,0.8117182212201545,3.6768365163642125,0.7082970124415564,-0.07718602718924861,0.25139439251342255
19,180.0,190.0,11,20.0,22.0,9507,9.507,0.030673377781968852,0.9175964350722813,0.84350818528403,3.741243294414642,0.7651204375723152,-0.11034290061496951,0.007280542650897163
19,180.0,190.0,12,22.0,24.0,10108,10.108,0.03261244373831295,0.9756037410024845,0.8844731401660739,3.767609814008706,0.7911555203798971,0.09702653755120552,0.03602733257550271
20,190.0,200.0,1,0.0,2.0,8625,8.625,0.02782769363305789,0.8324675767853609,0.43329372124080895,2.7951304347826085,0.1824927536231884,0.13312373983358952,-0.036111092134629416
20,190.0,200.0,2,2.0,4.0,11511,11.511,0.037139081902623695,1.1110184668262364,0.8541316183215648,3.6756146294848406,0.7198332030231952,0.06762346354671574,-0.043533853806622544
20,190.0,200.0,3,4.0,6.0,9025,9.025,0.02911825333777942,0.8710747687522183,0.8405673089592789,3.702714681440443,0.734404432132964,0.027718595791356368,-0.30279980446320864
20,190.0,200.0,4,6.0,8.0,10037,10.037,0.03238336939072488,0.9687509644283673,0.8196258256966552,3.6733087575968915,0.7061871077015044,0.02097613372890594,-0.22612430785624793
20,190.0,200.0,5,8.0,10.0,8822,8.822,0.02846329428763324,0.8514816188290381,0.831186168454542,3.621627748809794,0.7225119020630243,0.06622348035444978,0.032036279287175305
20,190.0,200.0,6,10.0,12.0,10686,10.686,0.03447730251163555,1.031391133394593,0.8096466864067625,3.7129889575145048,0.7212240314430095,-0.002528945386379916,-0.02428936340810113
20,190.0,200.0,7,12.0,14.0,9188,9.188,0.02964415641745344,0.8868071994787127,0.8123211214037489,3.6210274270787983,0.6641271223334785,0.20806542711304443,-0.11236758175081267
20,190.0,200.0,8,14.0,16.0,11287,11.287,0.036416368467979646,1.0893984393247964,0.8045836496922972,3.662975104102064,0.7024009922920174,-0.16140390792611686,0.17865501827795877
20,190.0,200.0,9,16.0,18.0,5393,5.393,0.017399971218907965,0.5205214656931537,0.8648843801879654,3.8548117930650845,0.8637122195438531,0.3568592427232378,-0.0676969348144088
20,190.0,200.0,10,18.0,20.0,12653,12.653,0.04082362985960365,1.2212419998916142,0.8158036967475206,3.6994388682525883,0.7326325772544061,-0.07786156710998145,0.25080389138190284
20,190.0,200.0,11,20.0,22.0,9453,9.453,0.030499152221831447,0.9123844641567556,0.8466822293193265,3.7657886385274515,0.7876864487464297,-0.10999302975385841,0.008287287604045122
20,190.0,200.0,12,22.0,24.0,10101,10.101,0.03258985894348032,0.9749281151430644,0.8872255457581922,3.7785367785367785,0.796950796950797,0.10302746772534631,0.04033423917783346
21,200.0,210.0,1,0.0,2.0,8818,8.818,0.028450388690586026,0.8510955469093695,0.4390032486247947,2.9337718303470175,0.20753005216602405,0.10875511346314813,0.030896343556816076
21,200.0,210.0,2,2.0,4.0,11597,11.597,0.037416552239138826,1.1193190130991109,0.8664177509887494,3.7360524273519014,0.7643356040355265,0.07867101406895763,-0.027615525471905527
21,200.0,210.0,3,4.0,6.0,8603,8.603,0.027756712849298208,0.8303441812271838,0.8451430350605328,3.7622922236429153,0.7776357084737883,0.007918245326178842,-0.3120326938983382
21,200.0,210.0,4,6.0,8.0,10358,10.358,0.033419043553763905,0.9997332359817704,0.8252681113936956,3.7233056574628307,0.7477312222436764,0.029851959803377858,-0.2327213389080056
21,200.0,210.0,5,8.0,10.0,8713,8.713,0.028111616768096623,0.8409611590180694,0.8415883284913308,3.6811660736830025,0.7611614828417308,0.08434610473545158,0.030649375448531573
21,200.0,210.0,6,10.0,12.0,10699,10.699,0.034519245702039,1.0326458671335161,0.7983445989994848,3.6837087578278345,0.7183848957846528,0.010120960332488025,-0.03628212121046142
21,200.0,210.0,7,12.0,14.0,9324,9.324,0.030082946717058755,0.8999336447474441,0.8100127764328965,3.613792363792364,0.6585156585156585,0.19619876004139178,-0.11287199325009076
21,200.0,210.0,8,14.0,16.0,11271,11.271,0.03636474607979078,1.087854151646122,0.8225764254624629,3.698607044627806,0.7152870197852896,-0.15300291609005007,0.17470313968640383
21,200.0,210.0,9,16.0,18.0,5505,5.505,0.017761327936229993,0.5313314794438738,0.8478433138280765,3.7284287011807447,0.7603996366939146,0.32581251229848357,-0.11293780355098927
21,200.0,210.0,10,18.0,20.0,12675,12.675,0.04089461064336334,1.2233653954497914,0.8199856912190338,3.703984220907298,0.7347534516765286,-0.08708403145402013,0.23774004011948088
21,200.0,210.0,11,20.0,22.0,9353,9.353,0.03017651229565107,0.9027326661650412,0.8435345411488012,3.756548700951566,0.777718379129691,-0.11718896663170825,0.018040814313811628
21,200.0,210.0,12,22.0,24.0,9856,9.856,0.03179939112433838,0.9512812100633642,0.8835940179666757,3.781351461038961,0.8004261363636364,0.11349712898346732,0.04382906790615786
22,210.0,220.0,1,0.0,2.0,9533,9.533,0.030757264162775754,0.920105902550127,0.4280403268592432,2.8531417182418966,0.1858806251966852,0.13611253049607913,0.08302250392495053
22,210.0,220.0,2,2.0,4.0,11079,11.079,0.03574527742152445,1.0693226995020306,0.8719981257604568,3.745915696362488,0.7675783012907302,0.09019765572830031,-0.0544346824092449
22,210.0,220.0,3,4.0,6.0,8796,8.796,0.028379407906826342,0.8489721513511924,0.84476197433107,3.7783083219645293,0.7953615279672579,-0.001941300675319206,-0.3075459013014432
22,210.0,220.0,4,6.0,8.0,10148,10.148,0.0327414997087851,0.9794644601991702,0.8203505125970044,3.7036854552621206,0.7181710681907765,0.03466268626791561,-0.21395078872509662
22,210.0,220.0,5,8.0,10.0,9240,9.24,0.029811929179067238,0.8918261344344041,0.8092061900145062,3.595021645021645,0.7032467532467532,0.07951241723357702,0.07187318661698065
22,210.0,220.0,6,10.0,12.0,10464,10.464,0.0337610418755151,1.0099641418529874,0.8339067261709492,3.726873088685015,0.7666284403669725,0.012266186032652414,-0.035978177183736845
22,210.0,220.0,7,12.0,14.0,9389,9.389,0.030292662669076004,0.9062073134420584,0.8475873166601661,3.7334114389178827,0.7661092768132921,0.1642751505961349,-0.07287843741862857
22,210.0,220.0,8,14.0,16.0,10852,10.852,0.035012884789094985,1.047413118060839,0.7924816244631968,3.663380022115739,0.7138776262440103,-0.1394153972960551,0.17360378576232663
22,210.0,220.0,9,16.0,18.0,5117,5.117,0.016509485022650115,0.4938825032360223,0.8647241281518696,3.829392222005081,0.8407269884698065,0.3560945794898861,-0.10076316193110663
22,210.0,220.0,10,18.0,20.0,12897,12.897,0.041610871279483784,1.244792386991397,0.8142897038137993,3.693649685973482,0.7300922695200435,-0.06763968662243576,0.24265949214492483
22,210.0,220.0,11,20.0,22.0,9195,9.195,0.029666741212286067,0.8874828253381326,0.8425335559320458,3.7494290375203914,0.7740076128330614,-0.08448548008844349,0.006145488243003796
22,210.0,220.0,12,22.0,24.0,10031,10.031,0.032364010995154055,0.9681718565488644,0.8872981817555903,3.7865616588575417,0.8041072674708404,0.1004779354298026,0.060365718226479556
23,220.0,230.0,1,0.0,2.0,9023,9.023,0.029111800539255807,0.8708817327923839,0.5068847433091588,2.9014740108611328,0.27474232516901254,0.14764623892797224,0.028010535381702402
23,220.0,230.0,2,2.0,4.0,10913,10.913,0.035209695144065016,1.0533007148357847,0.863549124075712,3.727939155136076,0.7558874736552735,0.09697544710734697,-0.0645677322407251
23,220.0,230.0,3,4.0,6.0,8748,8.748,0.02822454074225976,0.8443392883151696,0.8408214461281487,3.718907178783722,0.7453132144490169,0.005716683929247795,-0.3023434502814094
23,220.0,230.0,4,6.0,8.0,10168,10.168,0.032806027694021175,0.981394819797513,0.8218704629946378,3.698367427222659,0.7250196695515342,0.031817797374738596,-0.20747735425761937
23,220.0,230.0,5,8.0,10.0,8748,8.748,0.02822454074225976,0.8443392883151696,0.8198390285864385,3.6335162322816643,0.7279378143575674,0.09576440822307357,0.08683579783402648
23,220.0,230.0,6,10.0,12.0,10920,10.92,0.035232279938897645,1.0539763406952047,0.826891048221135,3.711813186813187,0.7477106227106227,0.031080206997722598,-0.05161698639090091
23,220.0,230.0,7,12.0,14.0,9162,9.162,0.029560270036646543,0.884297732000867,0.8457477292986689,3.742850905915739,0.768282034490286,0.19464857281843348,-0.08886575921162394
23,220.0,230.0,8,14.0,16.0,11054,11.054,0.035664617439979354,1.066909750004102,0.7937077048719123,3.6534286231228514,0.7069838972317714,-0.15075266315928765,0.18174093859318247
23,220.0,230.0,9,16.0,18.0,5106,5.106,0.01647399463077027,0.4928208054569337,0.857423369183856,3.841754798276537,0.855072463768116,0.3333570709437732,-0.08954413360014273
23,220.0,230.0,10,18.0,20.0,12995,12.995,0.041927058407140554,1.254251149023277,0.8162018464759911,3.709888418622547,0.7385917660638707,-0.06900590117724284,0.24280638907680757
23,220.0,230.0,11,20.0,22.0,9158,9.158,0.029547364439599322,0.8839116600811983,0.8444113484086383,3.762939506442455,0.784669141734003,-0.07843808223591442,0.013432388459194658
23,220.0,230.0,12,22.0,24.0,9838,9.838,0.031741315937625914,0.9495438864248557,0.8801809024697863,3.789286440333401,0.8059564952226063,0.11250652286661124,0.062482204548567094
24,230.0,240.0,1,0.0,2.0,8765,8.765,0.028279389529710427,0.8459800939737611,0.453474531225256,2.9316600114090132,0.2536223616657159,0.16938580306490808,-0.06795699598521972
24,230.0,240.0,2,2.0,4.0,11387,11.387,0.03673900839416003,1.0990502373165107,0.8596636851619975,3.73338017036972,0.7681566698867129,0.09323650062005502,-0.0520527173410164
24,230.0,240.0,3,4.0,6.0,8211,8.211,0.026491964338671115,0.7925091330996636,0.8425919965817882,3.7666544878821093,0.7745706978443552,-0.017204752053094362,-0.3122895678186921
24,230.0,240.0,4,6.0,8.0,10859,10.859,0.035035469583927614,1.048088743920259,0.8260467947221494,3.724376093562943,0.7367160880375725,0.05237800681595436,-0.21346010504963675
24,230.0,240.0,5,8.0,10.0,8227,8.227,0.026543586726859976,0.794053420778338,0.8230793786811452,3.6038653215023704,0.719703415582837,0.06446854740061317,0.08998162710105988
24,230.0,240.0,6,10.0,12.0,11015,11.015,0.03553878786876901,1.0631455487873336,0.8162869422972451,3.6676350431230142,0.7093054925102134,0.00017683898622546974,-0.0438307490705793
24,230.0,240.0,7,12.0,14.0,8996,8.996,0.02902468775918711,0.8682757473346212,0.8156308815051102,3.641507336594042,0.6937527790128947,0.21502142895939821,-0.11114108998858586
24,230.0,240.0,8,14.0,16.0,11707,11.707,0.03777145615793725,1.1299359908899966,0.8014480601110899,3.6370547535662423,0.6885623985649612,-0.15926841072193554,0.16766418516271223
24,230.0,240.0,9,16.0,18.0,4801,4.801,0.015489942855920109,0.46338282158220495,0.840524083241782,3.7563007706727767,0.772547385961258,0.3363565250101858,-0.07442881242013213
24,230.0,240.0,10,18.0,20.0,13227,13.227,0.04267558303587904,1.2766433203640544,0.819326673958716,3.6917668405534134,0.7211007787102139,-0.07400252205598122,0.22598300135360605
24,230.0,240.0,11,20.0,22.0,8876,8.876,0.028637519847770646,0.8566935897445638,0.8452105172168767,3.766899504281208,0.7853762956286615,-0.04206855013388441,0.0217530232510086
24,230.0,240.0,12,22.0,24.0,10130,10.13,0.03268342452207263,0.9777271365606616,0.8753213011083938,3.766535044422507,0.7885488647581441,0.08937362916781842,0.07030319075460702
25,240.0,250.0,1,0.0,2.0,8986,8.986,0.028992423766569072,0.8673105675354498,0.4638149478959029,2.936122857778767,0.2397062096594703,0.18046301168787948,-0.07259675392773914
25,240.0,250.0,2,2.0,4.0,11268,11.268,0.03635506688200537,1.0875645977063706,0.859700759684121,3.750532481363152,0.7783102591409301,0.10148005624834086,-0.052774731630834786
25,240.0,250.0,3,4.0,6.0,8308,8.308,0.026804925067066082,0.8018713771516265,0.8426340825532297,3.764443909484834,0.7849061145883486,-0.007529798971752824,-0.3084307163710308
25,240.0,250.0,4,6.0,8.0,10744,10.744,0.034664433668820174,1.0369891762297876,0.8257369061312972,3.7035554728220403,0.7066269545793,0.03241825574547208,-0.23428341574031497
25,240.0,250.0,5,8.0,10.0,8509,8.509,0.02745343131868865,0.8212714911149723,0.8279112783995087,3.6168762486778703,0.7034904219062169,0.09547324029135189,0.04631838647479539
25,240.0,250.0,6,10.0,12.0,10594,10.594,0.0341804737795496,1.022511479242216,0.8116776719471313,3.6989805550311496,0.7254106097791203,0.01383766150446104,-0.039358791939662525
25,240.0,250.0,7,12.0,14.0,9529,9.529,0.03074435856572854,0.9197198306304585,0.8070365765552301,3.6627138209675727,0.6915730926644978,0.2038079244028557,-0.11784402509412377
25,240.0,250.0,8,14.0,16.0,11385,11.385,0.036732555595636415,1.0988572013566764,0.8201959557096891,3.703645147123408,0.7061923583662714,-0.15459691718860544,0.17288791036058687
25,240.0,250.0,9,16.0,18.0,5605,5.605,0.018083967862410375,0.5409832774355882,0.8267494671184059,3.655842997323818,0.6899197145405888,0.2887380992667381,-0.13404197916572025
25,240.0,250.0,10,18.0,20.0,12609,12.609,0.040681668292084285,1.2169952087752598,0.8272304977749296,3.7347926084542786,0.760091997779364,-0.09497582168042301,0.2300150168669667
25,240.0,250.0,11,20.0,22.0,9351,9.351,0.030170059497127463,0.902539630205207,0.8401984350802384,3.8065447545717035,0.8209817131857555,-0.09861026943757763,0.026794683024803815
25,240.0,250.0,12,22.0,24.0,9964,9.964,0.0321478422446132,0.9617051518944159,0.8821641697301996,3.8037936571657966,0.8178442392613409,0.1002312859641552,0.05645166101318582
26,250.0,260.0,1,0.0,2.0,8372,8.372,0.027011414619821525,0.8080485278663236,0.44571855077683875,2.8057811753463926,0.17940754897276637,0.1259694775589312,-0.06943384159834365
26,250.0,260.0,2,2.0,4.0,11555,11.555,0.03728104347014306,1.1152652579425908,0.8475107586910248,3.703678061445262,0.7456512332323669,0.07985414445796464,-0.03769166286949853
26,250.0,260.0,3,4.0,6.0,7714,7.714,0.024888443905554617,0.7445396970808433,0.8303192414080106,3.7133782732693805,0.7403422348975888,-0.0007450393144960211,-0.288772034517303
26,250.0,260.0,4,6.0,8.0,11238,11.238,0.036258274904151254,1.0846690583088563,0.8236190118431681,3.6677344723260368,0.695942338494394,-0.01310492691400215,-0.25598238908136756
26,250.0,260.0,5,8.0,10.0,8029,8.029,0.025904759673022817,0.7749428607547435,0.8193405691378964,3.6063021546892515,0.695852534562212,0.16172971918866624,0.0643490727470234
26,250.0,260.0,6,10.0,12.0,11299,11.299,0.036455085259121285,1.090556655083802,0.8206135048568668,3.701123993273741,0.7251084166740419,-0.011037728083285634,-0.07025383563762237
26,250.0,260.0,7,12.0,14.0,9200,9.2,0.02968287320859508,0.8879654152377182,0.820339512240376,3.7069565217391305,0.720108695652174,0.22482134235417017,-0.11886523202904592
26,250.0,260.0,8,14.0,16.0,11544,11.544,0.03724555307826322,1.1142035601635023,0.8163700013181996,3.683038808038808,0.6994109494109494,-0.1577529363793309,0.17669126451892292
26,250.0,260.0,9,16.0,18.0,5196,5.196,0.016764370564332613,0.5015074236494765,0.8229000914475346,3.6041185527328716,0.6909160892994611,0.2826235476297826,-0.1310266660655938
26,250.0,260.0,10,18.0,20.0,12843,12.843,0.041436645719346375,1.2395804160758712,0.8279173862932673,3.7205481585299385,0.7505255781359496,-0.09548271642970013,0.2222073024075253
26,250.0,260.0,11,20.0,22.0,9231,9.231,0.029782891585711003,0.8909574726151498,0.843325797846201,3.7925468529953417,0.8100964142563103,-0.08014973710127916,0.03131956571286929
26,250.0,260.0,12,22.0,24.0,10060,10.06,0.032457576573746365,0.9709708779664615,0.8781277658488967,3.8083499005964216,0.8197813121272366,0.10444680945917315,0.05774446616355836
27,260.0,270.0,1,0.0,2.0,8112,8.112,0.026172550811752536,0.7829538530878665,0.4882327604087486,2.801775147928994,0.20808678500986194,0.17170210968012348,-0.027340944568979002
27,260.0,270.0,2,2.0,4.0,12324,12.324,0.0397621445024702,1.189487584498874,0.8317755560542692,3.68159688412853,0.7293898085037326,0.030800301087991307,-0.0008362951086457395
27,260.0,270.0,3,4.0,6.0,6954,6.954,0.02243638046658372,0.6711860323438145,0.8178519781379661,3.748490077653149,0.7585562266321542,0.03515633044059338,-0.31184418353825555
27,260.0,270.0,4,6.0,8.0,11147,11.147,0.03596467257132711,1.0758859221363963,0.8450759193525955,3.756436709428546,0.7621781645285727,-0.05234292751178419,-0.25484158282422653
27,260.0,270.0,5,8.0,10.0,8556,8.556,0.027605072083993425,0.8258078361710779,0.826913436304211,3.6049555867227676,0.717741935483871,0.11833165358923191,0.07878718770048668
27,260.0,270.0,6,10.0,12.0,10809,10.809,0.034874149620837416,1.0432628449244017,0.8272619278863929,3.7725043944860763,0.7744472199093348,-0.017848097860414046,-0.0693626774010482
27,260.0,270.0,7,12.0,14.0,9251,9.251,0.029847419570947078,0.8928878322134925,0.8265836927452587,3.749756783050481,0.7683493676359312,0.20972186383998004,-0.10189337713175177
27,260.0,270.0,8,14.0,16.0,11420,11.42,0.03684547956979955,1.1022353306537764,0.8147845794240038,3.684938704028021,0.696322241681261,-0.15627503283223051,0.17016585273446555
27,260.0,270.0,9,16.0,18.0,5533,5.533,0.0178516671155605,0.5340339828815539,0.8347898999157066,3.63437556479306,0.6878727634194831,0.2951265267879376,-0.13058297226559917
27,260.0,270.0,10,18.0,20.0,12597,12.597,0.04064295150094264,1.215836993016254,0.8291764075077941,3.708502024291498,0.7323172183853298,-0.09842788483038288,0.23535895933556533
27,260.0,270.0,11,20.0,22.0,9289,9.289,0.029970022742895622,0.8965555154503441,0.8411949802388257,3.761653568737216,0.7867370007535796,-0.09815909420746685,0.023374918794944258
27,260.0,270.0,12,22.0,24.0,9986,9.986,0.03221882302837288,0.9638285474525929,0.8789403712016034,3.7505507710795114,0.7766873623072301,0.10362114596085321,0.053396508220884424
28,270.0,280.0,1,0.0,2.0,7808,7.808,0.025191725436164176,0.7536123871930549,0.5020576873074434,2.8487448770491803,0.21388319672131148,0.19023057079778585,0.057832286710701265
28,270.0,280.0,2,2.0,4.0,12309,12.309,0.03971374851354314,1.1880398148001168,0.8294731448133695,3.7053375578844747,0.7536761719067349,0.03636693105206012,-0.004480872465881475
28,270.0,280.0,3,4.0,6.0,7152,7.152,0.023075207520420873,0.6902965923674088,0.8297574423381594,3.8288590604026846,0.8410234899328859,0.01954468068643847,-0.3018422994841304
28,270.0,280.0,4,6.0,8.0,11093,11.093,0.035790447011189705,1.0706739512208707,0.8491559021013707,3.8147480393040656,0.8102406923284955,-0.061879799004334365,-0.24379795154593095
28,270.0,280.0,5,8.0,10.0,8691,8.691,0.028040635984336947,0.8388377634598925,0.8247361935211496,3.630767460591416,0.7450235876193764,0.1435853382324517,0.03962147692643953
28,270.0,280.0,6,10.0,12.0,10801,10.801,0.03484833842674299,1.0424907010850646,0.8245336036559713,3.7886306823442273,0.7757615035644848,-0.007825447470296282,-0.0718001229458138
28,270.0,280.0,7,12.0,14.0,9332,9.332,0.03010875791115319,0.9007057885867813,0.8329820763299194,3.754179168452636,0.7691813116159452,0.18943140052011168,-0.09798169358861994
28,270.0,280.0,8,14.0,16.0,11128,11.128,0.03590337098535284,1.0740520805179705,0.8076523926892419,3.674784327821711,0.7136053199137311,-0.15929696363765106,0.17275815416249882
28,270.0,280.0,9,16.0,18.0,5165,5.165,0.016664352187216697,0.4985153662720451,0.8564707183532891,3.848596321393998,0.860406582768635,0.36175865250017614,-0.0810710946432026
28,270.0,280.0,10,18.0,20.0,12827,12.827,0.04138502333115752,1.238036128397197,0.8193763258309077,3.7390660325875107,0.7542683402198488,-0.08154067029408645,0.24285372871267152
28,270.0,280.0,11,20.0,22.0,9342,9.342,0.03014102190377123,0.9016709683859527,0.8417570683465229,3.7732819524727037,0.7936202098051809,-0.08134327401955113,0.016066770775838415
28,270.0,280.0,12,22.0,24.0,9906,9.906,0.03196071108742858,0.9561071090592216,0.8817614688015422,3.7833636180092873,0.8004239854633556,0.1082661400465258,0.05724043582763471
29,280.0,290.0,1,0.0,2.0,7461,7.461,0.024072164892318254,0.7201206481618062,0.5052810346292305,2.8989411607023188,0.2539874011526605,0.14515801053827207,-0.05358960935062601
29,280.0,290.0,2,2.0,4.0,12208,12.208,0.03938788218810096,1.1782914988284854,0.8197938136431608,3.625491480996068,0.6772608125819135,0.037658315072064984,-0.014569658480684335
29,280.0,290.0,3,4.0,6.0,7270,7.27,0.02345592263331372,0.7016857139976317,0.8329426615575706,3.823796423658872,0.8370013755158184,-0.013117098882704441,-0.29955514331891375
29,280.0,290.0,4,6.0,8.0,11040,11.04,0.035619447850314095,1.0655584982852617,0.8410618988453721,3.8151268115942027,0.801177536231884,-0.059699348225595035,-0.23720078849229392
29,280.0,290.0,5,8.0,10.0,8705,8.705,0.0280858055740022,0.8401890151787325,0.8117613839330069,3.5850660539919588,0.72441125789776,0.12109177368418889,0.055014077320107796
29,280.0,290.0,6,10.0,12.0,10630,10.63,0.03429662415297454,1.0259861265192334,0.8359528093975434,3.777892756349953,0.7970837253057385,-0.029485205754799085,-0.06415516086541004
29,280.0,290.0,7,12.0,14.0,9821,9.821,0.03168646715017525,0.9479030807662643,0.8293100558196043,3.677935037165258,0.7057326137867834,0.16277319879910893,-0.06730768819905739
29,280.0,290.0,8,14.0,16.0,10757,10.757,0.03470637685922362,1.0382439099687104,0.7871056516634487,3.6320535465278425,0.6698893743608813,-0.14637807268705283,0.17104129950375233
29,280.0,290.0,9,16.0,18.0,5425,5.425,0.017503215995285686,0.5236100410505024,0.8488352506213379,3.7865437788018435,0.8073732718894009,0.3410776030078651,-0.09214360538463641
29,280.0,290.0,10,18.0,20.0,12705,12.705,0.04099140262121745,1.2262609348473055,0.8190091200531913,3.723258559622196,0.7469500196772924,-0.0841099133949027,0.24360094929234521
29,280.0,290.0,11,20.0,22.0,9251,9.251,0.029847419570947078,0.8928878322134925,0.838117262647289,3.7513782293806077,0.7749432493784456,-0.0899163250112523,0.003908451880306484
29,280.0,290.0,12,22.0,24.0,9874,9.874,0.03185746631105086,0.9530185337018731,0.8760552038307425,3.788940652217946,0.8073728985213693,0.11005597507512686,0.051016353809512124
30,290.0,300.0,1,0.0,2.0,7700,7.7,0.024843274315889365,0.7431884453620035,0.47909433727158396,2.744675324675325,0.2096103896103896,0.10821352245392361,-0.05633930615995112
30,290.0,300.0,2,2.0,4.0,12289,12.289,0.039649220528307064,1.186109455201774,0.8119689808167978,3.606151843111726,0.6738546667751648,0.04652157064367996,-0.009682271250616584
30,290.0,300.0,3,4.0,6.0,7411,7.411,0.02391084492922806,0.7152947491659489,0.8300962605806749,3.7890972878154097,0.8055593037376872,0.007783888080667517,-0.3101557512929379
30,290.0,300.0,4,6.0,8.0,10742,10.742,0.03465798087029657,1.0367961402699535,0.8425971315794786,3.7760193632470678,0.7802085272761125,-0.06969345698340405,-0.23505095516775573
30,290.0,300.0,5,8.0,10.0,8543,8.543,0.027563128893589976,0.8245531024321551,0.8169827680836805,3.6118459557532483,0.7236333840571227,0.15190424993542537,0.04948054851668307
30,290.0,300.0,6,10.0,12.0,11007,11.007,0.035512976674674575,1.0623734049479963,0.813993121264416,3.7497047333515034,0.737439811029345,-0.010023954307869336,-0.08008746142547338
30,290.0,300.0,7,12.0,14.0,9416,9.416,0.03037977544914471,0.9088132988998213,0.83077068170858,3.7066694987255735,0.7225998300764656,0.18179026689836653,-0.0929199782766609
30,290.0,300.0,8,14.0,16.0,10949,10.949,0.035325845517489955,1.056775362112802,0.8072570385010615,3.6502876975066214,0.6970499589003561,-0.15265735235037942,0.1762346014465061
30,290.0,300.0,9,16.0,18.0,5324,5.324,0.0171773496698435,0.5138617250788708,0.8597540604293945,3.8613824192336588,0.8703981968444778,0.35789941020974103,-0.08017536062955606
30,290.0,300.0,10,18.0,20.0,12764,12.764,0.041181760177663874,1.231955495662417,0.8187781517455839,3.7300219366969602,0.7541523033531808,-0.08518574875912213,0.24353602038846114
30,290.0,300.0,11,20.0,22.0,9286,9.286,0.02996034354511021,0.8962659615105926,0.8440433027287356,3.745638595735516,0.7720223993107904,-0.09505686497161822,0.0059298418419697135
30,290.0,300.0,12,22.0,24.0,9812,9.812,0.031657429556819015,0.9470344189470099,0.882370890419098,3.787097431716266,0.8070729718711781,0.11512570130173547,0.042059059082133775
31,300.0,310.0,1,0.0,2.0,8077,8.077,0.026059626837589403,0.7795757237907665,0.4795928465003839,2.806363748916677,0.20193141017704594,0.08311763546994452,-0.020098632533562016
31,300.0,310.0,2,2.0,4.0,12460,12.46,0.04020093480207552,1.2026140297676056,0.8291054125200118,3.6382022471910114,0.6928571428571428,0.026397308608101185,-0.023069616768997266
31,300.0,310.0,3,4.0,6.0,8117,8.117,0.026188682808061556,0.7834364429874522,0.8513054253837652,3.7972157200936305,0.8108907231735863,-0.011077841312082087,-0.3229511689176013
31,300.0,310.0,4,6.0,8.0,9934,9.934,0.03205105026675908,0.9588096124969013,0.8410848184279862,3.802295147976646,0.786088182001208,-0.06535253092055913,-0.23406067367825883
31,300.0,310.0,5,8.0,10.0,9047,9.047,0.029189234121539103,0.8731981643103954,0.8117712638990372,3.5486901735381893,0.6931579529125677,0.1271654717485046,0.02526358511759277
31,300.0,310.0,6,10.0,12.0,10605,10.605,0.03421596417142944,1.0235731770213046,0.8199016804050614,3.738048090523338,0.7623762376237624,-0.015717155850675728,-0.06371404851977297
31,300.0,310.0,7,12.0,14.0,9670,9.67,0.031199280861642878,0.9333288657987757,0.8349684960084685,3.703722854188211,0.7335056876938987,0.14812798035740898,-0.06607377902537949
31,300.0,310.0,8,14.0,16.0,10635,10.635,0.03431275614928356,1.0264687164188189,0.804779393648154,3.6364833098260463,0.6853784673248707,-0.14359653387022533,0.1627974733344019
31,300.0,310.0,9,16.0,18.0,5437,5.437,0.017541932786427336,0.5247682568095081,0.8641885286033976,3.838329961375759,0.8501011587272392,0.3625055056189435,-0.07808132102085617
31,300.0,310.0,10,18.0,20.0,12566,12.566,0.04054293312382672,1.2128449356388227,0.811659344867889,3.6997453445806143,0.7296673563584275,-0.08185699967534885,0.24953120164536863
31,300.0,310.0,11,20.0,22.0,9414,9.414,0.0303733226506211,0.908620262939987,0.8396814497660536,3.7561079243679627,0.7803271722965796,-0.10059229784752119,0.0022972248139126613
31,300.0,310.0,12,22.0,24.0,9854,9.854,0.03179293832581478,0.95108817410353,0.880941662098057,3.7948041404505783,0.8126649076517151,0.10124956012165356,0.05674792520628236
32,310.0,320.0,1,0.0,2.0,7914,7.914,0.025533723757915378,0.763843293064272,0.4669786434508851,2.7821582006570633,0.20646954763709882,0.08485173223638232,0.03902759609312572
32,310.0,320.0,2,2.0,4.0,12772,12.772,0.04120757137175831,1.2327276395017543,0.8096556872912858,3.5503445036016283,0.6412464766677106,0.007280421100072909,-0.02671245359289267
32,310.0,320.0,3,4.0,6.0,7758,7.758,0.025030405473073985,0.7487864881971977,0.8289236321749649,3.7196442382057233,0.739881412735241,0.030854494598913023,-0.3222364413123975
32,310.0,320.0,4,6.0,8.0,10386,10.386,0.0335093827330944,1.00243573941945,0.8326743599023111,3.719718852301175,0.7321394184479106,-0.06103660039545045,-0.25918538695684873
32,310.0,320.0,5,8.0,10.0,9040,9.04,0.02916664932670647,0.8725225384509753,0.8226332877785915,3.590265486725664,0.7053097345132744,0.12476362403282835,0.03315466644235706
32,310.0,320.0,6,10.0,12.0,10786,10.786,0.03479994243781593,1.0410429313863074,0.8106773379274798,3.7352123122566288,0.7417022065640645,-0.007840989903720052,-0.06886750987278686
32,310.0,320.0,7,12.0,14.0,9546,9.546,0.030799207353179203,0.9213606362890499,0.8359869415521249,3.6977791745233604,0.7307772889168238,0.1487270508705862,-0.06502783399671194
32,310.0,320.0,8,14.0,16.0,10630,10.63,0.03429662415297454,1.0259861265192334,0.8014303685990456,3.65343367826905,0.6987770460959548,-0.1365576153312113,0.166424446134303
32,310.0,320.0,9,16.0,18.0,5412,5.412,0.017461272804882237,0.5223553073115794,0.8641331864295771,3.8442350332594235,0.8545824094604583,0.36600720737365283,-0.08043674054350043
32,310.0,320.0,10,18.0,20.0,12592,12.592,0.04062681950463362,1.2153544031166683,0.812579681370416,3.7084656925031765,0.7386435832274459,-0.08392987231132497,0.2514539685401026
32,310.0,320.0,11,20.0,22.0,9478,9.478,0.030579812203376543,0.9147974136546841,0.8426680220056696,3.7617640852500527,0.7863473306604769,-0.1031985011206887,0.007477257031851256
32,310.0,320.0,12,22.0,24.0,9821,9.821,0.03168646715017525,0.9479030807662643,0.8866595015275454,3.806944303024132,0.8214031157723246,0.11265466224661866,0.054063871005237206
33,320.0,330.0,1,0.0,2.0,8170,8.17,0.026359681968937156,0.7885518959230607,0.4778637421654212,2.7761321909424725,0.203671970624235,0.10806787483163983,0.07375140390513171
33,320.0,330.0,2,2.0,4.0,12365,12.365,0.03989442687220415,1.1934448216754767,0.8119737047368795,3.5552769915082894,0.6567731500202184,-0.025908563748761198,0.027854679550367807
33,320.0,330.0,3,4.0,6.0,7503,7.503,0.024207673661314013,0.7241744033183262,0.8367311716572203,3.7692922830867652,0.7635612421697987,0.02061075658024398,-0.30777660440341126
33,320.0,330.0,4,6.0,8.0,10912,10.912,0.03520646874480322,1.0532041968558679,0.835053772716103,3.7322214076246336,0.751741202346041,-0.059557399665570054,-0.26727280840149187
33,320.0,330.0,5,8.0,10.0,8526,8.526,0.027508280106139312,0.8229122967735637,0.8272564902054907,3.6120103213699273,0.7050199390100867,0.1443947966453881,0.050238412397422515
33,320.0,330.0,6,10.0,12.0,11123,11.123,0.035887238989043814,1.0735694906183848,0.8023221528703876,3.692259282567653,0.7053852377955587,-0.010346277303316602,-0.06994699941521097
33,320.0,330.0,7,12.0,14.0,9473,9.473,0.03056368020706753,0.9143148237550985,0.832332353803013,3.6961891692177766,0.7287026285231711,0.16793418033447122,-0.08371766278433376
33,320.0,330.0,8,14.0,16.0,10863,10.863,0.035048375180974825,1.0484748158399275,0.8029222347749554,3.6416275430359937,0.6945595139464237,-0.1498566976706252,0.16966750076560358
33,320.0,330.0,9,16.0,18.0,5320,5.32,0.017164444072796287,0.5134756531592023,0.8578135673489452,3.849248120300752,0.8571428571428571,0.3711488183616254,-0.07768228276990466
33,320.0,330.0,10,18.0,20.0,12669,12.669,0.040875252247792516,1.2227862875702884,0.8140984606989926,3.7299707948535796,0.7478885468466335,-0.08286271921174657,0.24313803576617643
33,320.0,330.0,11,20.0,22.0,9337,9.337,0.030124889907462205,0.9011883784863669,0.8466243525377543,3.7608439541608654,0.7827996144371854,-0.10818942165644516,0.009828006368054048
33,320.0,330.0,12,22.0,24.0,9928,9.928,0.03203169187118826,0.9582305046173987,0.8780806456719381,3.794016921837228,0.8087228041901692,0.11162264471256553,0.04805494051783843
34,330.0,340.0,1,0.0,2.0,8562,8.562,0.027624430479564248,0.8263869440505808,0.46263868555858967,2.8489838822704976,0.1869890212567157,0.10993398970649937,-0.02239494972346425
34,330.0,340.0,2,2.0,4.0,12510,12.51,0.04036225476516571,1.2074399287634627,0.8339356329316334,3.6532374100719425,0.709832134292566,0.007495231722118087,-0.06745390785776677
34,330.0,340.0,3,4.0,6.0,7771,7.771,0.025072348663477434,0.7500412219361206,0.8176882883944739,3.719212456569296,0.7343971174880968,-0.007774870389208178,-0.3496602625470653
34,330.0,340.0,4,6.0,8.0,10315,10.315,0.03328030838550634,0.9955829628453331,0.8381852818402752,3.751042171594765,0.743771206980126,-0.032628173768318475,-0.24593235216605241
34,330.0,340.0,5,8.0,10.0,9392,9.392,0.030302341866861416,0.9064968673818098,0.8219880438106987,3.5754897785349233,0.6950596252129472,0.0831920702677584,0.04809201730075204
34,330.0,340.0,6,10.0,12.0,10278,10.278,0.0331609316128196,0.9920117975883989,0.8274054427953753,3.796555750145943,0.8026853473438412,-0.018292555271425294,-0.047244627278993125
34,330.0,340.0,7,12.0,14.0,9582,9.582,0.030915357726604142,0.9248352835660671,0.836950256619751,3.721248173658944,0.7504696305572949,0.16100687836224284,-0.0710006635144908
34,330.0,340.0,8,14.0,16.0,10742,10.742,0.03465798087029657,1.0367961402699535,0.8032396776012733,3.6783652951033328,0.7186743623161422,-0.14333460428773065,0.17473131274526976
34,330.0,340.0,9,16.0,18.0,5339,5.339,0.017225745658770563,0.5153094947776281,0.8632154688110472,3.845289380033714,0.8557782356246488,0.37548985231058146,-0.08058502304529722
34,330.0,340.0,10,18.0,20.0,12674,12.674,0.040891384244101533,1.2232688774698741,0.814454299965694,3.6765819788543475,0.7085371626952817,-0.08429650620608864,0.24805551847794602
34,330.0,340.0,11,20.0,22.0,9237,9.237,0.029802249981281826,0.8915365804946527,0.8454412018695785,3.7279419725018945,0.7550070369167479,-0.10400736720783034,-0.0029530841650427463
34,330.0,340.0,12,22.0,24.0,9866,9.866,0.031831655116956424,0.9522463898625357,0.8856336681611897,3.7866409892560307,0.8076221366308535,0.10543433329622298,0.06487419166574467
35,340.0,350.0,1,0.0,2.0,8340,8.34,0.026908169843443804,0.804959952508975,0.4600604893751259,2.8744604316546765,0.17290167865707434,0.06528110492018638,-0.058857519281518604
35,340.0,350.0,2,2.0,4.0,12693,12.693,0.0409526858300758,1.2251027190882997,0.8250953356384348,3.592294965729142,0.6680059875521941,0.007501371426828764,-0.05204849819150921
35,340.0,350.0,3,4.0,6.0,7250,7.25,0.023391394648077646,0.6997553543992888,0.835012647346774,3.782758620689655,0.798896551724138,0.018584908078649442,-0.3431740742807283
35,340.0,350.0,4,6.0,8.0,10915,10.915,0.03521614794258862,1.053493750795619,0.8418667384541783,3.78021071919377,0.778469995419148,-0.06435696651385123,-0.25593754397997914
35,340.0,350.0,5,8.0,10.0,8970,8.97,0.028940801378380208,0.8657662798567753,0.8183481542375648,3.5974358974358975,0.7158305462653288,0.12833216054987692,0.033317552188250284
35,340.0,350.0,6,10.0,12.0,10628,10.628,0.03429017135445093,1.0257930905593988,0.817188814629916,3.757339104252917,0.7575272864132481,-0.008861191625669052,-0.061355766882317295
35,340.0,350.0,7,12.0,14.0,9705,9.705,0.03131220483580601,0.9367069950958757,0.8335908692972612,3.7145801133436374,0.7413704276146317,0.15334824860294055,-0.07307501931003413
35,340.0,350.0,8,14.0,16.0,10635,10.635,0.03431275614928356,1.0264687164188189,0.8001299657952249,3.6545369064409967,0.7024917724494594,-0.13986431938463495,0.1720450641403036
35,340.0,350.0,9,16.0,18.0,5558,5.558,0.017932327097105596,0.5364469323794825,0.8625036649233128,3.850125944584383,0.8593019071608492,0.3553632932569372,-0.09038703349220484
35,340.0,350.0,10,18.0,20.0,12470,12.47,0.04023319879469356,1.203579209566777,0.8125189644069417,3.7094627105052127,0.7333600641539695,-0.08533617668676166,0.2555265193043523
35,340.0,350.0,11,20.0,22.0,9283,9.283,0.0299506643473248,0.8959764075708412,0.8479753849891187,3.7527738877518044,0.7742109231929333,-0.10159141339686845,-0.004454728692539234
35,340.0,350.0,12,22.0,24.0,9857,9.857,0.03180261752360019,0.9513777280432815,0.8897479981046826,3.7984173683676574,0.8193162219742315,0.10967288806553266,0.07610763920440874
36,350.0,360.0,1,0.0,2.0,8383,8.383,0.027046905011701365,0.8091102256454121,0.4567252613698012,2.716927114398187,0.15149707741858523,0.046786226147412596,-0.05654120166807553
36,350.0,360.0,2,2.0,4.0,12434,12.434,0.04011704842126861,1.2001045622897597,0.8244341447514759,3.6056779797329903,0.682161814379926,0.012015873583303659,-0.011362839013629425
36,350.0,360.0,3,4.0,6.0,7676,7.676,0.024765840733606072,0.7408720138439919,0.8394947564638128,3.7475247524752477,0.770323084940073,0.039198218347509646,-0.31188477996602654
36,350.0,360.0,4,6.0,8.0,10492,10.492,0.033851381054845614,1.0126666452906676,0.8411105000114364,3.7390392680137245,0.7468547464735036,-0.06755719428188842,-0.25373201479055013
36,350.0,360.0,5,8.0,10.0,8897,8.897,0.02870527423226853,0.8587204673228239,0.8278496276683189,3.6033494436326854,0.7148477014724064,0.12462607463217404,0.04788768765342395
36,350.0,360.0,6,10.0,12.0,10923,10.923,0.03524195913668306,1.0542658946349563,0.8058302841390869,3.7413714181085784,0.7433855167994141,-0.005302524126063606,-0.07814057983998703
36,350.0,360.0,7,12.0,14.0,9341,9.341,0.03013779550450942,0.9015744504060355,0.8350121869540609,3.7202654961995503,0.7498126538914464,0.16359805887269532,-0.07265535700177238
36,350.0,360.0,8,14.0,16.0,10810,10.81,0.03487737602009922,1.043359362904319,0.8030126521552602,3.6620721554116558,0.7079555966697503,-0.14526530387459397,0.1712385987456677
36,350.0,360.0,9,16.0,18.0,5699,5.699,0.018387249393019934,0.5500559675477996,0.8670135088318885,3.85558869977189,0.8636602912791718,0.36082636185234235,-0.08129343291289845
36,350.0,360.0,10,18.0,20.0,12290,12.29,0.03965244692756886,1.186205973181691,0.8154166931211624,3.70553295362083,0.7288852725793328,-0.09013895650459348,0.2581116497705429
36,350.0,360.0,11,20.0,22.0,9661,9.661,0.03117024326828664,0.9324602039795213,0.8418933999731618,3.737087258047821,0.7620329158472208,-0.10147408251886188,0.003004006958554673
36,350.0,360.0,12,22.0,24.0,9786,9.786,0.03157354317601212,0.9445249514691643,0.8926017206786434,3.8054363376251787,0.8230124667892909,0.11188547323913789,0.05500844034860956
37,360.0,370.0,1,0.0,2.0,8271,8.271,0.026685548294379344,0.7983002118946922,0.46827595078294526,2.761697497279652,0.18135654697134568,0.06623054740827031,-0.025798692495235493
37,360.0,370.0,2,2.0,4.0,12555,12.555,0.040507442731946876,1.211783237859734,0.8253202888037787,3.637116686579052,0.6988450816407805,0.002318715978683025,-0.020976685680681045
37,360.0,370.0,3,4.0,6.0,7822,7.822,0.02523689502582943,0.7549636389118949,0.8286475179152145,3.727946816670928,0.7540271030427,0.033228235161304645,-0.30182352425333986
37,360.0,370.0,4,6.0,8.0,10261,10.261,0.03310608282536893,0.9903709919298073,0.8359872109143115,3.720982360393724,0.7366728389045902,-0.05275776481457315,-0.25439430018554604
37,360.0,370.0,5,8.0,10.0,8974,8.974,0.028953706975427422,0.8661523517764439,0.8275017564934891,3.5958324047247605,0.7057053710719857,0.12671850731253226,0.04286892097246339
37,360.0,370.0,6,10.0,12.0,10856,10.856,0.035025790386142196,1.0477991899805075,0.8129180272465615,3.7401436993367723,0.7388540899042004,-0.005956014232017174,-0.06894777787121341
37,360.0,370.0,7,12.0,14.0,9320,9.32,0.03007004112001154,0.8995475728277755,0.8333700925368953,3.7047210300429185,0.7325107296137339,0.1747699971417846,-0.0855427538124342
37,360.0,370.0,8,14.0,16.0,10889,10.889,0.03513226156178172,1.0509842833177734,0.8054789918454097,3.646340343465883,0.6940031224171181,-0.14215974468093034,0.1703586895730872
37,360.0,370.0,9,16.0,18.0,5472,5.472,0.01765485676059047,0.5281463861066081,0.8641696554435317,3.841374269005848,0.8550804093567251,0.3302555273858725,-0.09406151801283835
37,360.0,370.0,10,18.0,20.0,12553,12.553,0.04050098993342327,1.2115902018998999,0.8200188656283223,3.7439655859157175,0.7322552377917629,-0.07991092617528657,0.25704048109695327
37,360.0,370.0,11,20.0,22.0,9443,9.443,0.03046688822921341,0.9114192843575841,0.847249681493181,3.755797945568146,0.7750714815207032,-0.09673698317455758,-0.004602779735387892
37,360.0,370.0,12,22.0,24.0,10035,10.035,0.032376916592201266,0.9685579284685328,0.884494189452185,3.8141504733432985,0.8292974588938714,0.0979776691778112,0.05358813176733652
38,370.0,380.0,1,0.0,2.0,8172,8.172,0.026366134767460764,0.7887449318828951,0.4543325213918533,2.6631179637787565,0.13264806656877143,0.13507828965092916,-0.10930260468975747
38,370.0,380.0,2,2.0,4.0,12432,12.432,0.040110595622745014,1.1999115263299256,0.8324229012113183,3.6465572715572714,0.7213642213642214,0.0004898682961811077,-0.009525736941487232
38,370.0,380.0,3,4.0,6.0,8153,8.153,0.026304833181486492,0.7869110902644693,0.7970475277695815,3.650558076781553,0.7221881516006378,-0.024557594460159846,-0.29070827113615205
38,370.0,380.0,4,6.0,8.0,9621,9.621,0.03104118729781449,0.9285994847828356,0.8360602452708695,3.7664483941378237,0.7747635380937532,-0.013998383969366559,-0.2499901183310593
38,370.0,380.0,5,8.0,10.0,8988,8.988,0.028998876565092674,0.8675036034952839,0.8557278329353694,3.6785714285714284,0.7392078326657766,0.07923646258794685,0.07856589611600767
38,370.0,380.0,6,10.0,12.0,11522,11.522,0.03717457229450354,1.112080164605325,0.8261853090102284,3.7475264710987677,0.7559451484117341,-0.047566277186606706,-0.024258036909985688
38,370.0,380.0,7,12.0,14.0,9135,9.135,0.029473157256577835,0.881691746543104,0.8366924305204334,3.685823754789272,0.7235905856595511,0.18664083687352906,-0.13127179858582563
38,370.0,380.0,8,14.0,16.0,10867,10.867,0.03506128077802204,1.0488608877595962,0.8088457519232408,3.6888745743995583,0.7275236955921598,-0.12679236280769474,0.19434398286672264
38,370.0,380.0,9,16.0,18.0,5826,5.826,0.018797002099269017,0.5623137509972768,0.8696635096765595,3.84998283556471,0.8595949193271541,0.3093937969053644,-0.09512647505417111
38,370.0,380.0,10,18.0,20.0,12278,12.278,0.03961373013642722,1.1850477574226854,0.8113331398463954,3.716077537058153,0.7372536243687897,-0.08625708307432763,0.2724482077011766
38,370.0,380.0,11,20.0,22.0,9692,9.692,0.03127026164540256,0.9354522613569528,0.8472061204259423,3.745150639702848,0.7682624845233182,-0.10097207282782374,-0.004077193250371452
38,370.0,380.0,12,22.0,24.0,9928,9.928,0.03203169187118826,0.9582305046173987,0.8899251110705777,3.812348912167607,0.8253424657534246,0.1058323658543868,0.03939139729292092
39,380.0,390.0,1,0.0,2.0,8582,8.582,0.02768895846480033,0.8283173036489239,0.4643172521540969,2.7690515031461196,0.15765555814495455,0.05180137202662387,-0.07758955117439
39,380.0,390.0,2,2.0,4.0,12307,12.307,0.03970729571501953,1.1878467788402824,0.844059382747876,3.66734378808808,0.7251970423336312,-0.010485035398702639,-0.009435233448932916
39,380.0,390.0,3,4.0,6.0,7954,7.954,0.02566277972838753,0.7677040122609577,0.7887937783894555,3.602464168971587,0.6620568267538346,-0.031856776532075186,-0.306795205963236
39,380.0,390.0,4,6.0,8.0,9614,9.614,0.031018602502981867,0.9279238589234158,0.832734750144742,3.7041814021219057,0.721031828583316,-0.02405387206312923,-0.22639049255376503
39,380.0,390.0,5,8.0,10.0,9061,9.061,0.029234403711204355,0.8745494160292354,0.8506326862722772,3.5902218298201083,0.683147555457455,0.05916209531989742,0.11127373181695899
39,380.0,390.0,6,10.0,12.0,11431,11.431,0.03688096996167939,1.103297028432865,0.8277418073464042,3.7072872014696876,0.7386055463214067,-0.06177419697319627,-0.023690947051346615
39,380.0,390.0,7,12.0,14.0,8994,8.994,0.029018234960663497,0.8680827113747868,0.8335587334006294,3.6782299310651547,0.7205915054480765,0.20394758678169794,-0.1337301522586874
39,380.0,390.0,8,14.0,16.0,11008,11.008,0.035516203073936374,1.0624699229279133,0.8091551818479066,3.685955668604651,0.7220203488372093,-0.13680520051082787,0.19727783710332145
39,380.0,390.0,9,16.0,18.0,5764,5.764,0.018596965345037183,0.556329636242414,0.8637665056936096,3.8551353226925746,0.8653712699514227,0.30925146541419696,-0.09736829123287423
39,380.0,390.0,10,18.0,20.0,12364,12.364,0.039891200472942354,1.1933483036955599,0.8126669352029802,3.7279197670656745,0.7465221611129085,-0.08994330365884316,0.26697075415714894
39,380.0,390.0,11,20.0,22.0,9688,9.688,0.03125735604835535,0.9350661894372844,0.8451116168107335,3.7433938893476464,0.7665152766308836,-0.1009753188554623,-0.0053199415351817434
39,380.0,390.0,12,22.0,24.0,9610,9.61,0.031005696905934646,0.927537787003747,0.8925545782848723,3.7998959417273674,0.8162330905306971,0.11415768851742994,0.05245902599274088
40,390.0,400.0,1,0.0,2.0,8324,8.324,0.026856547455254943,0.8034156648303008,0.4520618393921031,2.8361364728495917,0.1826045170591062,0.09688587184259713,-0.05455090437919849
40,390.0,400.0,2,2.0,4.0,12480,12.48,0.04026546278731159,1.2045443893659484,0.8239623862310047,3.6479166666666667,0.7106570512820513,0.011709067275188412,-0.03315869848276697
40,390.0,400.0,3,4.0,6.0,7904,7.904,0.02550145976529734,0.7628781132651006,0.805187431336387,3.632085020242915,0.7135627530364372,0.012959268817052977,-0.3084038352561692
40,390.0,400.0,4,6.0,8.0,9918,9.918,0.03199942787857022,0.9572653248182271,0.8374786582211704,3.728473482556967,0.7484371849163137,-0.023597587073056158,-0.2523226556404506
40,390.0,400.0,5,8.0,10.0,8873,8.873,0.028627840649985234,0.8564040358048124,0.8543001401701514,3.6658401893384425,0.7238814380705512,0.10974964095681715,0.06383192970851154
40,390.0,400.0,6,10.0,12.0,11390,11.39,0.03674868759194544,1.0993397912562621,0.8228300402508949,3.727480245829675,0.7290605794556628,-0.04211170140292414,-0.03821206424256141
40,390.0,400.0,7,12.0,14.0,9093,9.093,0.029337648487582076,0.8776379913865839,0.8420587324772519,3.6822830748927746,0.7159353348729792,0.18866916558834992,-0.10128214869446284
40,390.0,400.0,8,14.0,16.0,10791,10.791,0.034816074434124954,1.0415255212858934,0.8096045047944898,3.6839032527105924,0.7250486516541562,-0.10110389752756577,0.18147515205356715
40,390.0,400.0,9,16.0,18.0,5949,5.949,0.019193849208470885,0.5741854625270855,0.8586851833536315,3.838124054462935,0.8569507480248781,0.32579213970377296,-0.09266484870596464
40,390.0,400.0,10,18.0,20.0,12271,12.271,0.0395911453415946,1.1843721315632656,0.811843700550596,3.7267541357672562,0.7319696846222802,-0.09281816497495765,0.26606943715491055
40,390.0,400.0,11,20.0,22.0,9812,9.812,0.031657429556819015,0.9470344189470099,0.8426788402386387,3.7579494496534855,0.7811863024867509,-0.09917712392242471,2.0435620921020302e-05
40,390.0,400.0,12,22.0,24.0,9658,9.658,0.031160564070501228,0.9321706500397698,0.8970521318520004,3.827086353282253,0.8396148270863533,0.11821794540371677,0.051230416065328424
41,400.0,410.0,1,0.0,2.0,8606,8.606,0.02776639204708362,0.8306337351669352,0.46214205488024307,2.7834069254008833,0.13618405763420868,0.1156677584614749,-0.1347047258937636
41,400.0,410.0,2,2.0,4.0,12308,12.308,0.03971052211428134,1.1879432968201997,0.8531936296162832,3.7557686057848554,0.7914364640883977,0.019771744772423137,-0.05247651386853105
41,400.0,410.0,3,4.0,6.0,7696,7.696,0.024830368718842147,0.7428023734423348,0.8019121408985477,3.6513773388773387,0.7233627858627859,0.006702416115650766,-0.3241755597709962
41,400.0,410.0,4,6.0,8.0,10116,10.116,0.03263825493240738,0.9763758848418216,0.8392928096969013,3.7619612495057333,0.7626532226176355,-0.011567417788587353,-0.2544762452930594
41,400.0,410.0,5,8.0,10.0,8866,8.866,0.028605255855152608,0.8557284099453923,0.8539404382286049,3.6646740356417777,0.7361831716670426,0.0960896587251749,0.07356865684292674
41,400.0,410.0,6,10.0,12.0,11339,11.339,0.03658414122959344,1.094417374280488,0.8256723051159058,3.685333803686392,0.7126730752270923,-0.04280283584263615,-0.042014872316364284
41,400.0,410.0,7,12.0,14.0,8647,8.647,0.027898674416817575,0.8345909723435381,0.8559481777703045,3.6771134497513587,0.7123857985428472,0.2350832301212132,-0.0959016544526261
41,400.0,410.0,8,14.0,16.0,11193,11.193,0.03611308693737008,1.0803257492125848,0.8146360946212751,3.680693290449388,0.706512999195926,-0.07740197980608143,0.1638096588213278
41,400.0,410.0,9,16.0,18.0,5775,5.775,0.018632455736917023,0.5573913340215025,0.8519796621070184,3.827186147186147,0.8467532467532467,0.3186493370338625,-0.10682004240110134
41,400.0,410.0,10,18.0,20.0,12443,12.443,0.04014608601462485,1.2009732241090139,0.8148809766426,3.763963674355059,0.740175198907016,-0.08138584658150441,0.25831197648787596
41,400.0,410.0,11,20.0,22.0,9564,9.564,0.030857282539891673,0.9230979599275585,0.8432734364590803,3.7668339606859056,0.7860727728983689,-0.09051215935991407,0.005088423581998513
41,400.0,410.0,12,22.0,24.0,9830,9.83,0.031715504743531485,0.9487717425855186,0.8897366990453666,3.828585961342828,0.8389623601220753,0.10799023587635737,0.06238637890442281
42,410.0,420.0,1,0.0,2.0,8406,8.406,0.02712111219472286,0.8113301391835066,0.48049077992261235,2.7467285272424458,0.14858434451582203,0.14451154069432803,-0.15338101862994877
42,410.0,420.0,2,2.0,4.0,12121,12.121,0.03910718545232403,1.169894434575694,0.8227101995792014,3.60927316228034,0.6563814866760168,0.04344272935183112,-0.12139255239061361
42,410.0,420.0,3,4.0,6.0,7816,7.816,0.025217536630258604,0.7543845310323919,0.8304664186907443,3.7514073694984647,0.7762282497441146,-0.028564570245823418,-0.30602854825229975
42,410.0,420.0,4,6.0,8.0,10561,10.561,0.034074002603910074,1.0193263859049504,0.8362058249726495,3.782691033046113,0.7873307451945838,-0.026535103579674507,-0.2517519003475738
42,410.0,420.0,5,8.0,10.0,8285,8.285,0.026730717884044596,0.7996514636135322,0.8288255410622667,3.615691007845504,0.7091128545564273,0.1213472002250327,0.11987440821945763
42,410.0,420.0,6,10.0,12.0,11542,11.542,0.03723910027973962,1.114010524203668,0.8232874943917642,3.7006584647374807,0.7269970542367007,-0.016683519667994966,-0.04768920900245749
42,410.0,420.0,7,12.0,14.0,8799,8.799,0.028389087104611754,0.8492617052909438,0.8603591375683513,3.7228094101602456,0.751108080463689,0.2098247296973293,-0.06729324783233581
42,410.0,420.0,8,14.0,16.0,10872,10.872,0.03507741277433106,1.049343477659182,0.8161331202343216,3.6759565857247978,0.6975717439293598,-0.08317368615678497,0.1481280330448177
42,410.0,420.0,9,16.0,18.0,5616,5.616,0.018119458254290215,0.5420449752146768,0.8256463234598382,3.7462606837606836,0.7950498575498576,0.30249840565166936,-0.13249593325701967
42,410.0,420.0,10,18.0,20.0,12866,12.866,0.04151085290236786,1.2418003296139655,0.8163646971586435,3.7637183273744754,0.7170060624902844,-0.06691590899534294,0.24964056075383126
42,410.0,420.0,11,20.0,22.0,9384,9.384,0.030276530672766987,0.9057247235424727,0.8425513775429689,3.755434782608696,0.7767476555839727,-0.07642582312623382,-0.002587206124446122
42,410.0,420.0,12,22.0,24.0,9967,9.967,0.03215752144239861,0.9619947058341674,0.8845647409899634,3.8032507274004215,0.8198053576803451,0.09592079562525542,0.07218181272704288
43,420.0,430.0,1,0.0,2.0,7459,7.459,0.024065712093794645,0.7199276122019719,0.4427843144323992,2.7641775036868212,0.16972784555570453,0.11212638618118011,-0.14633463760871496
43,420.0,430.0,2,2.0,4.0,11481,11.481,0.03704228992476958,1.108122927428722,0.806690757867394,3.543680864036234,0.6216357460151555,0.056097392957841885,-0.19825975637946291
43,420.0,430.0,3,4.0,6.0,8293,8.293,0.026756529078139024,0.8004236074528693,0.8356075521992083,3.7847582298323887,0.8004341010490775,-0.015072355042172959,-0.3146759227936327
43,420.0,430.0,4,6.0,8.0,10264,10.264,0.03311576202315434,0.9906605458695588,0.8592949361845537,3.7862431800467653,0.801539360872954,0.006864108583620252,-0.2317619880913427
43,420.0,430.0,5,8.0,10.0,8565,8.565,0.02763410967734966,0.8266764979903323,0.8543473951736388,3.7962638645650904,0.8204319906596614,0.10209870165725833,0.13406415915976916
43,420.0,430.0,6,10.0,12.0,11390,11.39,0.03674868759194544,1.0993397912562621,0.8258170473854636,3.7069359086918348,0.729675153643547,-0.013688049152215368,-0.09474440401856059
43,420.0,430.0,7,12.0,14.0,9013,9.013,0.02907953654663777,0.8699165529932125,0.8586284188077675,3.7167424830799956,0.7464773105514257,0.1831261040264575,-0.0781727579743154
43,420.0,430.0,8,14.0,16.0,11230,11.23,0.036232463710056825,1.0838969144695192,0.8174185287169424,3.6525378450578807,0.6899376669634907,-0.056351624793498596,0.13145778380212464
43,420.0,430.0,9,16.0,18.0,5491,5.491,0.017716158346564738,0.5299802277250337,0.8309073322163993,3.7526862138044073,0.799490074667638,0.28724834161574236,-0.1190974230357027
43,420.0,430.0,10,18.0,20.0,12878,12.878,0.04154956969350951,1.2429585453729712,0.8178780316498812,3.7508929958068022,0.7199875757105141,-0.06967654354747381,0.24453184052679752
43,420.0,430.0,11,20.0,22.0,9385,9.385,0.03027975707202879,0.9058212415223899,0.8398633379618524,3.7206180074587105,0.7476824720298348,-0.07939431975085504,0.0013846761431059093
43,420.0,430.0,12,22.0,24.0,9713,9.713,0.03133801602990044,0.9374791389352128,0.8857726726264179,3.7856481004838876,0.8029445073612684,0.10910616438493113,0.07973726378239893
44,430.0,440.0,1,0.0,2.0,7234,7.234,0.023339772259888786,0.6982110667206146,0.4680332496033404,2.7680398119988943,0.18343931434890792,0.03034253089400893,-0.12865578428681138
44,430.0,440.0,2,2.0,4.0,11553,11.553,0.03727459067161946,1.1150722219827565,0.7780225282484998,3.4558123431143426,0.569981822903142,0.04124875919348526,-0.1838057176584
44,430.0,440.0,3,4.0,6.0,8344,8.344,0.026921075440491018,0.8053460244286436,0.8450801162887751,3.7925455417066156,0.8135186960690316,-0.025914986382397576,-0.30882309276492026
44,430.0,440.0,4,6.0,8.0,10469,10.469,0.03377717387182412,1.0104467317525732,0.858242890220103,3.8037061801509218,0.8103925876396981,-0.016475979639291427,-0.23327672310190925
44,430.0,440.0,5,8.0,10.0,8383,8.383,0.027046905011701365,0.8091102256454121,0.8491037924753205,3.7405463437910056,0.7824167958964571,0.11179790598332197,0.14425496212838057
44,430.0,440.0,6,10.0,12.0,11551,11.551,0.03726813787309585,1.1148791860229224,0.8227599911609345,3.6845294779672755,0.7119729893515713,-0.01905312270893798,-0.0945990114493514
44,430.0,440.0,7,12.0,14.0,8850,8.85,0.028553633466963747,0.8541841222667181,0.8616665425316035,3.722598870056497,0.7509604519774011,0.20814617742469707,-0.07031303257942932
44,430.0,440.0,8,14.0,16.0,11035,11.035,0.035603315854005085,1.0650759083856765,0.8185542387521095,3.691798821930222,0.7149977344811962,-0.07193636741015423,0.13947158289678235
44,430.0,440.0,9,16.0,18.0,5602,5.602,0.018074288664624964,0.5406937234958368,0.8365468119730317,3.7806140664048553,0.8168511245983577,0.2747650307420583,-0.12594819334389987
44,430.0,440.0,10,18.0,20.0,12858,12.858,0.04148504170827343,1.2410281857746284,0.8162935354203368,3.753694198164567,0.7195520298646757,-0.061157545948010685,0.24961057641021622
44,430.0,440.0,11,20.0,22.0,9265,9.265,0.029892589160612333,0.8942390839323326,0.840852591333472,3.747436589314625,0.7707501349163519,-0.0754086344386905,-0.000937310504957925
44,430.0,440.0,12,22.0,24.0,9945,9.945,0.032086540658638925,0.95987131027599,0.8844947290544163,3.8119658119658117,0.8263448969331322,0.09585281868768829,0.07452311442275633
45,440.0,450.0,1,0.0,2.0,6916,6.916,0.022313777294635174,0.6675183491069631,0.4881304085480244,2.7462406015037595,0.17943898207056103,-0.042296523750380566,-0.15335069740602403
45,440.0,450.0,2,2.0,4.0,11408,11.408,0.0368067627786579,1.1010771148947707,0.7596202994347504,3.3130259467040672,0.49202314165497896,0.015351303399508891,-0.13368153626827428
45,440.0,450.0,3,4.0,6.0,8361,8.361,0.026975924227941688,0.8069868300872352,0.8327607908601459,3.7267073316588926,0.759956942949408,-0.008015224221215762,-0.3017255515309286
45,440.0,450.0,4,6.0,8.0,10371,10.371,0.03346098674416735,1.0009879697206931,0.8467512615924392,3.7790955549127374,0.7911483945617588,-0.029405544572289905,-0.24732290406254007
45,440.0,450.0,5,8.0,10.0,8360,8.36,0.02697269782867988,0.8068903121073179,0.836471520007251,3.7023923444976075,0.7714114832535885,0.10486133266387972,0.12754716588485582
45,440.0,450.0,6,10.0,12.0,11466,11.466,0.03699389393584252,1.106675157729965,0.8123901851037086,3.687859759288331,0.7083551369265655,-0.013328002861067403,-0.09395928453587656
45,440.0,450.0,7,12.0,14.0,8917,8.917,0.028769802217504605,0.8606508269211668,0.8506950760644783,3.716160143546036,0.7446450599977571,0.20778089198300506,-0.08839428765551796
45,440.0,450.0,8,14.0,16.0,11221,11.221,0.03620342611670059,1.0830282526502648,0.8280503384918675,3.7203457802334907,0.728722930220123,-0.07268140679732014,0.14118300917464174
45,440.0,450.0,9,16.0,18.0,5760,5.76,0.018584059747989965,0.5559435643227454,0.8399200698166235,3.7381944444444444,0.7789930555555555,0.2787699763331783,-0.1320676477187806
45,440.0,450.0,10,18.0,20.0,12592,12.592,0.04062681950463362,1.2153544031166683,0.8197180172262375,3.8001905972045744,0.7447585768742059,-0.07906273468320939,0.2544002258041823
45,440.0,450.0,11,20.0,22.0,9524,9.524,0.030728226569419516,0.9192372407308727,0.8410542212000871,3.777509449811004,0.7946241075178496,-0.09330549228047116,0.000855239665540774
45,440.0,450.0,12,22.0,24.0,9830,9.83,0.031715504743531485,0.9487717425855186,0.8876502518500109,3.8174974567650053,0.8295015259409969,0.10477096061183049,0.07056322753310777
46,450.0,460.0,1,0.0,2.0,6269,6.269,0.020226296972248106,0.6050712161005714,0.4961163983096959,2.7299409794225555,0.18902536289679375,0.12593180315157154,-0.0950192461264295
46,450.0,460.0,2,2.0,4.0,11860,11.86,0.038265095244993226,1.1447032418173195,0.7762616837486234,3.3414839797639124,0.49561551433389545,0.004609233451503584,-0.129376256766825
46,450.0,460.0,3,4.0,6.0,7262,7.262,0.023430111439219293,0.7009135701582946,0.8395604190386605,3.806251721288901,0.8193335169374828,-0.04148327532232115,-0.29355546513168296
46,450.0,460.0,4,6.0,8.0,11416,11.416,0.03683257397275234,1.101849258734108,0.862590672582184,3.7951997196916607,0.8111422564821303,0.015616177312495202,-0.24887268536151758
46,450.0,460.0,5,8.0,10.0,8612,8.612,0.027785750442654442,0.831212843046438,0.8532670254344846,3.7697398978169994,0.7901764979098932,0.0906487706798103,0.17276594724794586
46,450.0,460.0,6,10.0,12.0,11434,11.434,0.0368906491594648,1.1035865823726163,0.8224556225826335,3.662497813538569,0.7055273744971139,-0.003260163481235338,-0.1104708393813399
46,450.0,460.0,7,12.0,14.0,8611,8.611,0.02778252404339264,0.831116325066521,0.8402932086096794,3.664963418882824,0.7240738590175357,0.2088753869246548,-0.10705411985666771
46,450.0,460.0,8,14.0,16.0,11752,11.752,0.037916644124718415,1.134279299986268,0.8369500719392378,3.734002722940776,0.7060925799863853,-0.060099854587152786,0.12169743458805891
46,450.0,460.0,9,16.0,18.0,5749,5.749,0.01854856935611012,0.5548818665436568,0.8222332294103037,3.621151504609497,0.6785527917898765,0.23051248746245148,-0.16896289528174246
46,450.0,460.0,10,18.0,20.0,12749,12.749,0.04113336418873682,1.23050772596366,0.8272076089183215,3.810730253353204,0.7602949250921641,-0.0868793412057405,0.2415066084308196
46,450.0,460.0,11,20.0,22.0,9525,9.525,0.030731452968681326,0.9193337587107899,0.8411501093758134,3.797900262467192,0.8138582677165355,-0.09157681540215139,0.01705882001409458
46,450.0,460.0,12,22.0,24.0,9931,9.931,0.032041371068973666,0.95852005855715,0.8839950455324539,3.8272077333601855,0.8377806867384956,0.10984393030735785,0.06970271974982031
47,460.0,470.0,1,0.0,2.0,7613,7.613,0.024562577580112432,0.7347913811092119,0.3891820310058541,2.6940759227636937,0.18363325889925128,0.09561411720357976,-0.13519271566962315
47,460.0,470.0,2,2.0,4.0,12133,12.133,0.03914590224346567,1.1710526503346996,0.796133353374795,3.4418527981537954,0.5702629193109701,0.008873799654880247,-0.11281031957438707
47,460.0,470.0,3,4.0,6.0,6474,6.474,0.02088770882091789,0.6248574019835857,0.8375026720823991,3.802286067346308,0.8100092678405931,-0.07072095013687481,-0.2942078345124642
47,460.0,470.0,4,6.0,8.0,12316,12.316,0.03973633330837577,1.1887154406595368,0.8631737489429424,3.8233192594998378,0.8333874634621631,0.01955025360240908,-0.24747295272472417
47,460.0,470.0,5,8.0,10.0,8525,8.525,0.027505053706877513,0.8228157787936466,0.8674234187500275,3.8071554252199413,0.8181818181818182,0.09854618530422606,0.17750943730589072
47,460.0,470.0,6,10.0,12.0,11528,11.528,0.037193930690074366,1.112659272484828,0.8272800334544999,3.6878036086051353,0.6698473282442748,-0.010019313180009625,-0.08102255924739298
47,460.0,470.0,7,12.0,14.0,8510,8.51,0.02745665771795045,0.8213680090948894,0.8353222265749632,3.5693301997649822,0.6396004700352527,0.1905065591443994,-0.11331197767759185
47,460.0,470.0,8,14.0,16.0,11611,11.611,0.03746172182880408,1.1206702648179507,0.8263408905857342,3.6958057014899666,0.6746188958746017,-0.09165980441285221,0.12799811573488273
47,460.0,470.0,9,16.0,18.0,5881,5.881,0.018974454058668228,0.5676222398927198,0.7842461620777545,3.4387009012072776,0.5847644958340418,0.19370339442660764,-0.19336029398954427
47,460.0,470.0,10,18.0,20.0,12928,12.928,0.041710889656599706,1.2477844443688286,0.8268028586972577,3.790686881188119,0.7502320544554455,-0.06974681894899062,0.24397685090504145
47,460.0,470.0,11,20.0,22.0,9421,9.421,0.030395907445453726,0.9092958887994069,0.8459577760926834,3.7864345610869337,0.803842479566925,-0.08250552744077114,-0.0027592688726459156
47,460.0,470.0,12,22.0,24.0,9804,9.804,0.03163161836272459,0.9462622751076728,0.887076765314208,3.8296613627090985,0.8410852713178295,0.10266726433211965,0.08820228646962548
48,470.0,480.0,1,0.0,2.0,7938,7.938,0.02561115734019867,0.7661597245822834,0.34102383656461627,2.6033005794910555,0.11325270849080372,0.1542400571752731,-0.047090819736446556
48,470.0,480.0,2,2.0,4.0,12456,12.456,0.0401880292050283,1.202227957847937,0.8044974121086456,3.528339755940912,0.6192196531791907,-0.011470116025844494,-0.047714210678940085
48,470.0,480.0,3,4.0,6.0,7343,7.343,0.023691449779425403,0.7087315265315832,0.848588447386171,3.796813291570203,0.7980389486585864,-0.013323073472869497,-0.3077060823157936
48,470.0,480.0,4,6.0,8.0,11817,11.817,0.038126360076735664,1.1405529686808824,0.8526783318072859,3.7562833206397563,0.7765930439197766,-0.023806530552877656,-0.257420979796086
48,470.0,480.0,5,8.0,10.0,7762,7.762,0.0250433110701212,0.7491725601168662,0.8543554063459573,3.820278278794125,0.821437773769647,0.08291058687216815,0.20938878040175832
48,470.0,480.0,6,10.0,12.0,12233,12.233,0.03946854216964605,1.180704448326414,0.8284323982102599,3.6793100629444946,0.704733098994523,-0.006310034348578928,-0.027995166633149538
48,470.0,480.0,7,12.0,14.0,8383,8.383,0.027046905011701365,0.8091102256454121,0.872516564198075,3.735059048073482,0.763807706071812,0.21452504611807982,-0.12938498667060627
48,470.0,480.0,8,14.0,16.0,11407,11.407,0.0368035363793961,1.1009805969148536,0.8266506320663872,3.72148680634698,0.7391075655299377,-0.08616725555136304,0.14085933595780906
48,470.0,480.0,9,16.0,18.0,5490,5.49,0.017712931947302935,0.5298837097451167,0.8307583579984371,3.742440801457195,0.8036429872495446,0.2801749505647266,-0.1585397439581663
48,470.0,480.0,10,18.0,20.0,12895,12.895,0.04160441848096017,1.2445993510315627,0.8206477164331988,3.8083753392787902,0.7688251260178364,-0.06443105208114087,0.2592612119067869
48,470.0,480.0,11,20.0,22.0,9598,9.598,0.030966980114793003,0.9263795712447414,0.8446690713696756,3.7970410502187955,0.812565117732861,-0.0917454120541819,0.007743817540513014
48,470.0,480.0,12,22.0,24.0,9648,9.648,0.03112830007788319,0.9312054702405984,0.8907451138701987,3.853959369817579,0.8627694859038143,0.11600069804207576,0.07039941275748167
49,480.0,490.0,1,0.0,2.0,7368,7.368,0.023772109760970498,0.7111444760295118,0.32897167742256256,2.5529315960912053,0.07627578718783931,0.11372690805619368,-0.11403834894764553
49,480.0,490.0,2,2.0,4.0,12757,12.757,0.041159175382831245,1.231279869802997,0.80516972347583,3.5707454730736066,0.625852473151995,-0.005886989316022496,-0.0693588975689226
49,480.0,490.0,3,4.0,6.0,8124,8.124,0.026211267602894182,0.7841120688468721,0.8513381086812306,3.80096011816839,0.8142540620384048,0.009310779730678533,-0.3107162456787752
49,480.0,490.0,4,6.0,8.0,11163,11.163,0.03601629495951597,1.0774302098150705,0.8547173996476954,3.801845382065753,0.8153722117710293,-0.0494516370890668,-0.2486559839609651
49,480.0,490.0,5,8.0,10.0,7925,7.925,0.02556921414979522,0.7649049908433606,0.8635141859611949,3.8219558359621453,0.8363406940063092,0.07618778906926107,0.22180422979784192
49,480.0,490.0,6,10.0,12.0,12100,12.1,0.03903943106782614,1.1678675569974337,0.8338714264846956,3.6673553719008263,0.6985950413223141,-0.005762333033474116,-0.022949062909276726
49,480.0,490.0,7,12.0,14.0,8870,8.87,0.028618161452199822,0.8561144818650609,0.8769053702894536,3.7574971815107103,0.7781285231116122,0.1737283774464052,-0.1071131641221391
49,480.0,490.0,8,14.0,16.0,10742,10.742,0.03465798087029657,1.0367961402699535,0.8173732012462048,3.716347048966673,0.7400856451312605,-0.06842047100899798,0.14306318662442372
49,480.0,490.0,9,16.0,18.0,5957,5.957,0.019219660402565317,0.5749576063664226,0.8273894018052104,3.7486990095685746,0.8126573778747692,0.30778118785176917,-0.12532088833687766
49,480.0,490.0,10,18.0,20.0,12456,12.456,0.0401880292050283,1.202227957847937,0.8138355845050961,3.7442999357739244,0.7290462427745664,-0.08155279896903861,0.2627866017532089
49,480.0,490.0,11,20.0,22.0,9718,9.718,0.03135414802620946,0.9379617288347984,0.8399954777133996,3.719489606915003,0.7485079234410372,-0.095973784333589,-0.0008461870534408189
49,480.0,490.0,12,22.0,24.0,9632,9.632,0.03107667768969433,0.9296611825619242,0.8907159105249932,3.7913205980066444,0.809593023255814,0.11616961314011838,0.062000956874911556
50,490.0,500.0,1,0.0,2.0,7917,7.917,0.025543402955700793,0.7641328470040235,0.32763546595116955,2.583428066186687,0.0171782240747758,0.07722555993199433,-0.16231943944490437
50,490.0,500.0,2,2.0,4.0,12627,12.627,0.040739743478796754,1.2187325324137683,0.8170053550181828,3.633721390670785,0.6856735566642908,-0.03558376665652575,-0.030701719918543917
50,490.0,500.0,3,4.0,6.0,8040,8.04,0.025940250064902658,0.776004558533832,0.8610020671420693,3.837686567164179,0.8446517412935324,0.04566556064491319,-0.31299221854738024
50,490.0,500.0,4,6.0,8.0,11236,11.236,0.03625182210562765,1.084476022349022,0.8460740972854687,3.7807938768244926,0.7967248131007476,-0.05254929935607997,-0.25150933673401205
50,490.0,500.0,5,8.0,10.0,7862,7.862,0.02536595099630158,0.7588243581085806,0.8544663099407702,3.788984991096413,0.8060290002543882,0.07828065875918085,0.22182071192066619
50,490.0,500.0,6,10.0,12.0,12106,12.106,0.03905878946339696,1.1684466648769367,0.8242931827063507,3.640261027589625,0.6786717330249463,-0.006340274306586044,-0.024391158077290545
50,490.0,500.0,7,12.0,14.0,8982,8.982,0.02897951816952185,0.866924495615781,0.8747091943565954,3.7290135827209974,0.7571810287241149,0.1586278159382261,-0.09531076846717854
50,490.0,500.0,8,14.0,16.0,10779,10.779,0.03477735764298331,1.0403673055268876,0.823139990202538,3.7060951850821042,0.7149086186102607,-0.051576359918310256,0.12808804594197415
50,490.0,500.0,9,16.0,18.0,6081,6.081,0.019619733911028992,0.5869258358761484,0.8386430598838668,3.7240585430027955,0.7778325933234665,0.30174592235772885,-0.1307400617719346
50,490.0,500.0,10,18.0,20.0,12245,12.245,0.039507258960787696,1.1818626640854197,0.8149041132981328,3.7382605144957126,0.7131073907717436,-0.08929923994574453,0.25819301377857296
50,490.0,500.0,11,20.0,22.0,9586,9.586,0.030928263323651357,0.9252213554857357,0.8405065209495232,3.7540162737325264,0.7771750469434592,-0.10537247507145032,0.010179303964894422
50,490.0,500.0,12,22.0,24.0,9826,9.826,0.031702599146484274,0.9483856706658501,0.8932771881250398,3.819662120903725,0.8344188886627315,0.1203677588140257,0.054440009634087703
