block,time_min_ps,time_max_ps,layer,z_minus_GDS_min_A,z_minus_GDS_max_A,water_frame_observations,mean_instantaneous_water_count,water_number_density_A-3,water_mass_density_g_cm-3,mean_tetrahedral_q,mean_HB_degree,fraction_degree_eq4,mean_P1_cos_theta,mean_P2
1,0.0,10.0,1,0.0,2.0,52,0.52,0.0015419636682425593,0.04612796070415467,-0.8956485995831801,1.0,0.0,-0.9450804098537369,0.8479886956210166
1,0.0,10.0,2,2.0,4.0,316,3.16,0.009370394599320169,0.2803160688944784,0.25591424073435026,2.3132911392405062,0.0379746835443038,-0.33434141778573084,-0.1503523770351853
1,0.0,10.0,3,4.0,6.0,1252,12.52,0.037125740627686234,1.1106193615692623,0.615833548914412,2.8610223642172525,0.2763578274760383,-0.1537754080777266,-0.1291841089382037
1,0.0,10.0,4,6.0,8.0,951,9.51,0.02820014324035911,0.8436094351855978,0.7393445812411246,3.195583596214511,0.4468980021030494,-0.061911329226293325,-0.09041449108748822
1,0.0,10.0,5,8.0,10.0,1047,10.47,0.03104684539711461,0.9287687472548065,0.7769740823192386,3.40305635148042,0.5176695319961796,-0.038391254804555186,0.21091302511429944
1,0.0,10.0,6,10.0,12.0,1172,11.72,0.03475348883038999,1.0396532681782553,0.8107448175614097,3.4436860068259385,0.5691126279863481,-0.01323436710933445,0.19979238904669389
1,0.0,10.0,7,12.0,14.0,1021,10.21,0.03027586356299333,0.9057047669027293,0.8528686698754201,3.6503428011753183,0.7002938295788442,-0.02458979132104841,-0.09189752790259526
1,0.0,10.0,8,14.0,16.0,1147,11.47,0.03401216014373491,1.0174763639935656,0.8454052678674481,3.6826503923278118,0.7210113339145597,-0.0828971900627691,-0.007333042939279075
1,0.0,10.0,9,16.0,18.0,957,9.57,0.028378062125156332,0.8489318921899235,0.813817499199638,3.5256008359456636,0.6185997910135841,0.0949438674191983,0.2609676066433217
1,0.0,10.0,10,18.0,20.0,1150,11.5,0.03410111958613352,1.0201375924957283,0.7687843287884432,3.4791304347826086,0.54,0.03711807279229423,-0.013895470759379384
1,0.0,10.0,11,20.0,22.0,1098,10.98,0.032559155917890964,0.9740096317915736,0.8050711317517588,3.581967213114754,0.6065573770491803,0.016168815996501135,-0.2766304492247254
1,0.0,10.0,12,22.0,24.0,1057,10.57,0.031343376871776636,0.9376395089286824,0.8008752912876544,3.475875118259224,0.5714285714285714,0.07517075977835824,-0.14652329324709612
1,0.0,10.0,13,24.0,26.0,1152,11.52,0.03416042588106593,1.0219117448305035,0.8100612422260063,3.6137152777777777,0.6449652777777778,-0.015665655943631958,-0.1537960626809195
1,0.0,10.0,14,26.0,28.0,1073,10.73,0.031817827231235885,0.9518327276068838,0.822165436819648,3.680335507921715,0.6067101584342963,0.022078645152288003,-0.048600204999299415
1,0.0,10.0,15,28.0,30.0,1223,12.23,0.03626579935116635,1.0848941527150224,0.8588923120872134,3.7195421095666394,0.7277187244480785,-0.04953320615955391,0.15022853803087943
1,0.0,10.0,16,30.0,32.0,850,8.5,0.025205175346272604,0.7540147422794513,0.9082921482046461,3.804705882352941,0.8129411764705883,0.07326290629929039,-0.16442949319244157
1,0.0,10.0,17,32.0,34.0,1107,11.07,0.032826034245086795,0.981993317298062,0.8868711099304438,3.7895212285456186,0.8048780487804879,-0.012421476866394379,-0.20901694298526258
1,0.0,10.0,18,34.0,36.0,888,8.88,0.02633199494998832,0.7877236366401797,0.8311588565641798,3.6171171171171173,0.6475225225225225,-0.04191328219533016,0.2537349916706675
1,0.0,10.0,19,36.0,38.0,1165,11.65,0.03454591679812657,1.0334437350065422,0.8065575281575393,3.5004291845493563,0.5939914163090129,0.07222172847590862,0.11356893316276509
1,0.0,10.0,20,38.0,40.0,1018,10.18,0.03018690412059472,0.9030435384005664,0.601082632089205,2.900785854616896,0.293713163064833,0.0005994878315059359,-0.0904522555660036
1,0.0,10.0,21,40.0,42.0,304,3.04,0.00901455682972573,0.26967115488582727,0.00941247167506149,1.924342105263158,0.0,0.07769017256451803,-0.2110732303543644
2,10.0,20.0,1,0.0,2.0,200,2.0,0.005930629493240612,0.17741523347751795,-1.0786796098728495,0.9,0.0,-0.9609250166178386,0.887626674086988
2,10.0,20.0,2,2.0,4.0,278,2.78,0.008243574995604451,0.24660717453374995,0.5106290738329874,2.866906474820144,0.22661870503597123,-0.20132010327617322,-0.25210714455279676
2,10.0,20.0,3,4.0,6.0,1083,10.83,0.03211435870589792,0.9607034892807598,0.5825994243455275,2.94275161588181,0.28439519852262235,-0.19859734052735886,-0.01841748671921477
2,10.0,20.0,4,6.0,8.0,1000,10.0,0.029653147466203063,0.8870761673875898,0.7641678552592525,3.321,0.488,-0.14641097358718516,-0.011752926753506697
2,10.0,20.0,5,8.0,10.0,997,9.97,0.029564188023804457,0.8844149388854271,0.8347444956446699,3.6298896690070213,0.6710130391173521,-0.03137200489424131,0.2384864103820809
2,10.0,20.0,6,10.0,12.0,1161,11.61,0.034427304208261754,1.0298954303369916,0.8390561689975036,3.5572782084409993,0.6304909560723514,-0.03669600092461686,0.238464883072363
2,10.0,20.0,7,12.0,14.0,946,9.46,0.0280518775030281,0.8391740543486601,0.8459252004565807,3.656448202959831,0.7251585623678647,-0.07494250509843764,-0.12548573669921184
2,10.0,20.0,8,14.0,16.0,1174,11.74,0.0348127951253224,1.0414274205130305,0.8351062584996236,3.58603066439523,0.6626916524701874,0.00461326276970584,-0.04840719276890077
2,10.0,20.0,9,16.0,18.0,883,8.83,0.026183729212657304,0.7832882558032418,0.8533236105158134,3.5979614949037373,0.6602491506228766,0.06763499372599502,0.2993216469927386
2,10.0,20.0,10,18.0,20.0,1125,11.25,0.03335979089947844,0.9979606883110385,0.7846497355193374,3.4355555555555557,0.5244444444444445,0.015688629801483434,-0.024861516877842813
2,10.0,20.0,11,20.0,22.0,985,9.85,0.029208350254210015,0.8737700248767759,0.8018065876885994,3.5248730964467003,0.584771573604061,0.049511971445644835,-0.21096268190262504
2,10.0,20.0,12,22.0,24.0,1254,12.54,0.03718504692261864,1.1123935139040375,0.7912788106980788,3.4984051036682615,0.5287081339712919,-0.0023709772878092892,-0.21134509048910421
2,10.0,20.0,13,24.0,26.0,974,9.74,0.028882165632081784,0.8640121870355125,0.8089147689948969,3.5544147843942504,0.6160164271047228,-0.07763989489360565,-0.12956114268789465
2,10.0,20.0,14,26.0,28.0,1324,13.24,0.039260767245252855,1.1744888456211688,0.8350680509837716,3.70392749244713,0.6895770392749244,0.01347706911480959,-0.06957992637123764
2,10.0,20.0,15,28.0,30.0,942,9.42,0.027933264913163284,0.8356257496791095,0.8311718734849961,3.692144373673036,0.7091295116772823,-0.05733245319476083,0.12325973794966492
2,10.0,20.0,16,30.0,32.0,1071,10.71,0.031758520936303485,0.9500585752721088,0.8853223661997376,3.757236227824463,0.7777777777777778,0.04778500123467607,-0.017609867655054273
2,10.0,20.0,17,32.0,34.0,1055,10.55,0.031284070576844236,0.9358653565939073,0.8939065286288874,3.8341232227488153,0.8464454976303317,-0.07829764187037264,-0.29435856649716896
2,10.0,20.0,18,34.0,36.0,840,8.4,0.024908643871610573,0.7451439806055754,0.8697515292948432,3.7797619047619047,0.7964285714285714,-0.029285343883901558,0.32825092105736076
2,10.0,20.0,19,36.0,38.0,1108,11.08,0.03285568739255299,0.9828803934654494,0.8360869275897923,3.6976534296028882,0.7346570397111913,0.09838041020033945,0.0059423841188482604
2,10.0,20.0,20,38.0,40.0,1267,12.67,0.03757053783967928,1.1239255040800762,0.6340260974626786,3.1736385161799525,0.3804262036306235,-0.01994290334353878,-0.01905104279476098
2,10.0,20.0,21,40.0,42.0,333,3.33,0.00987449810624562,0.29539636374006745,0.08527021856159503,2.21021021021021,0.009009009009009009,0.08762529537654351,-0.2519210849438996
3,20.0,30.0,1,0.0,2.0,204,2.04,0.006049242083105425,0.18096353814706834,-0.8955109075958761,0.9558823529411765,0.0,-0.9547148112158791,0.8731421728871319
3,20.0,30.0,2,2.0,4.0,400,4.0,0.011861258986481224,0.3548304669550359,0.3999412081881895,2.4175,0.1525,-0.3206689981432437,-0.09421330124753449
3,20.0,30.0,3,4.0,6.0,1054,10.54,0.031254417429378026,0.9349782804265195,0.5985356942912137,2.9620493358633775,0.2884250474383302,-0.1862989938720078,0.13990782925481757
3,20.0,30.0,4,6.0,8.0,943,9.43,0.027962918060629487,0.8365128258464971,0.789111860255144,3.4411452810180276,0.5503711558854719,-0.10873840967807526,-0.019117058282495346
3,20.0,30.0,5,8.0,10.0,1002,10.02,0.029712453761135467,0.888850319722365,0.8511211933298621,3.6526946107784433,0.7065868263473054,-0.05395859240288092,0.2777174336214823
3,20.0,30.0,6,10.0,12.0,1068,10.68,0.03166956149390487,0.9473973467699458,0.8595150299338035,3.6338951310861423,0.6928838951310862,-0.005219087760950656,0.13009864303225366
3,20.0,30.0,7,12.0,14.0,942,9.42,0.027933264913163284,0.8356257496791095,0.8350530831318559,3.657112526539278,0.7112526539278131,-0.05488810916773002,-0.15224634874805018
3,20.0,30.0,8,14.0,16.0,1154,11.54,0.03421973217599833,1.0236858971652785,0.8350166828522761,3.653379549393414,0.6897746967071057,-0.027341733281144226,-0.022594047449634655
3,20.0,30.0,9,16.0,18.0,968,9.68,0.028704246747284563,0.8586897300311869,0.8638247060188398,3.6363636363636362,0.7107438016528925,0.08048957775865385,0.34486497891386725
3,20.0,30.0,10,18.0,20.0,1162,11.62,0.03445695735572796,1.0307825065043792,0.8141784686790852,3.593803786574871,0.6471600688468159,-0.07538146009961857,-0.018900944238378587
3,20.0,30.0,11,20.0,22.0,927,9.27,0.02748846770117024,0.8223196071682958,0.8477633098370583,3.6450916936353828,0.6914778856526429,0.06818976743139463,-0.19015631198172417
3,20.0,30.0,12,22.0,24.0,1253,12.53,0.03715539377515244,1.11150643773665,0.8220808536707009,3.625698324022346,0.6177174780526736,-0.024600595995390582,-0.2501697710708924
3,20.0,30.0,13,24.0,26.0,964,9.64,0.028585634157419753,0.8551414253616366,0.8340347020092279,3.566390041493776,0.6483402489626556,0.00443393428493445,-0.07158367641367717
3,20.0,30.0,14,26.0,28.0,1322,13.22,0.03920146095032045,1.1727146932863937,0.8327154648052774,3.6255673222390317,0.6255673222390318,0.03308399320272782,0.08454972355749299
3,20.0,30.0,15,28.0,30.0,885,8.85,0.02624303550758971,0.785062408138017,0.8507796737971816,3.6587570621468926,0.6836158192090396,0.022183542333998246,0.010112517729236933
3,20.0,30.0,16,30.0,32.0,1145,11.45,0.033952853848802506,1.0157022116587904,0.8633562380909501,3.6384279475982533,0.7039301310043669,0.07024552724896556,0.10109612852585134
3,20.0,30.0,17,32.0,34.0,1019,10.19,0.03021655726806092,0.903930614567954,0.8643306054508774,3.7674190382728163,0.7664376840039254,0.012263899018894284,-0.2652892586931427
3,20.0,30.0,18,34.0,36.0,899,8.99,0.026658179572116553,0.7974814744814432,0.8453803395363949,3.590656284760845,0.6507230255839822,-0.006957215541665612,0.35347076424814694
3,20.0,30.0,19,36.0,38.0,1150,11.5,0.03410111958613352,1.0201375924957283,0.8288946333351799,3.6808695652173915,0.6939130434782609,0.07354991398859288,-0.008228080607382624
3,20.0,30.0,20,38.0,40.0,1233,12.33,0.036562330825828375,1.0937649143888981,0.6671224363240386,3.165450121654501,0.3771289537712895,-0.013734150716990676,-0.011793910515729302
3,20.0,30.0,21,40.0,42.0,306,3.06,0.009073863124658138,0.2714453072206025,0.08625429773815756,2.1470588235294117,0.016339869281045753,0.10427866193779725,-0.2365782903938396
4,30.0,40.0,1,0.0,2.0,200,2.0,0.005930629493240612,0.17741523347751795,-0.623575121790806,1.165,0.0,-0.95403067681458,0.8704695324540062
4,30.0,40.0,2,2.0,4.0,450,4.5,0.013343916359791378,0.3991842753244154,0.4233493391345563,2.3666666666666667,0.12444444444444444,-0.47673284889454415,0.029320523962554572
4,30.0,40.0,3,4.0,6.0,1025,10.25,0.03039447615285814,0.9092530715722795,0.6139306111812729,3.0185365853658537,0.2819512195121951,-0.26710727602568785,0.18137196789205776
4,30.0,40.0,4,6.0,8.0,1005,10.05,0.02980141320353408,0.8915115482245278,0.8086028096722583,3.4686567164179105,0.5791044776119403,-0.11758495450784796,0.034906991991086676
4,30.0,40.0,5,8.0,10.0,955,9.55,0.02831875583022393,0.8471577398551484,0.8506875504366977,3.670157068062827,0.7225130890052356,-0.06858233419856015,0.2548350447978132
4,30.0,40.0,6,10.0,12.0,1037,10.37,0.030750313922452574,0.9198979855809305,0.8759584797246511,3.725168756027001,0.7540983606557377,-0.07228986781736174,0.04173987938164769
4,30.0,40.0,7,12.0,14.0,969,9.69,0.028733899894750767,0.8595768061985745,0.8800667891342587,3.8173374613003097,0.8328173374613003,-0.025807019529629622,-0.11599673362914384
4,30.0,40.0,8,14.0,16.0,1215,12.15,0.03602857417143672,1.0777975433759215,0.865350032550968,3.702880658436214,0.7366255144032922,-0.07465718492964511,-0.020086900072368744
4,30.0,40.0,9,16.0,18.0,1042,10.42,0.03089857965978359,0.9243333664178686,0.8685410202861046,3.7092130518234163,0.7456813819577736,0.07911393173135636,0.298962953930751
4,30.0,40.0,10,18.0,20.0,1085,10.85,0.03217366500083032,0.9624776416155348,0.8420215031770711,3.7161290322580647,0.7474654377880184,-0.11936614680513997,0.07459302059098111
4,30.0,40.0,11,20.0,22.0,898,8.98,0.026628526424650353,0.7965943983140557,0.8468124473492271,3.6714922048997773,0.7149220489977728,0.025591948336533527,-0.1668219125270573
4,30.0,40.0,12,22.0,24.0,1177,11.77,0.034901754567721,1.044088649015193,0.850456437731,3.685641461342396,0.7170773152081563,0.03432508737673815,-0.2041847821583577
4,30.0,40.0,13,24.0,26.0,984,9.84,0.029178697106743815,0.8728829487093884,0.8623262007177043,3.6991869918699187,0.7469512195121951,0.002388425803250001,-0.0743214810514941
4,30.0,40.0,14,26.0,28.0,1273,12.73,0.0377484567244765,1.1292479610844017,0.8520723921633828,3.6315789473684212,0.6842105263157895,0.020600135297370918,0.1464695615943008
4,30.0,40.0,15,28.0,30.0,888,8.88,0.02633199494998832,0.7877236366401797,0.8447301929206389,3.6216216216216215,0.6677927927927928,0.08308181641745217,0.04660446157776627
4,30.0,40.0,16,30.0,32.0,1186,11.86,0.03516863289491683,1.0520723345216816,0.8530533534777268,3.6087689713322093,0.6736930860033726,0.06136340549838608,0.17644592612362892
4,30.0,40.0,17,32.0,34.0,1077,10.77,0.0319364398211007,0.9553810322764342,0.8560096134593005,3.7836583101207055,0.7437325905292479,0.0604106552257846,-0.2206547128933624
4,30.0,40.0,18,34.0,36.0,872,8.72,0.025857544590529073,0.7735304179619784,0.81858870387715,3.4862385321100917,0.5802752293577982,0.00781311510708677,0.32924851985682624
4,30.0,40.0,19,36.0,38.0,1210,12.1,0.0358803084341057,1.0733621625389835,0.8308229835600617,3.671900826446281,0.6801652892561983,0.09505826860647101,0.03832581644897836
4,30.0,40.0,20,38.0,40.0,1123,11.23,0.03330048460454604,0.9961865359762635,0.6368908665524746,3.0222617987533393,0.32146037399821903,-0.011002368293194556,-0.08349032357291573
4,30.0,40.0,21,40.0,42.0,326,3.26,0.009666926073982198,0.28918683056835426,0.22597361378327255,2.3435582822085887,0.006134969325153374,0.15519977009987093,-0.24998595801210768
5,40.0,50.0,1,0.0,2.0,200,2.0,0.005930629493240612,0.17741523347751795,-0.7125632194349332,1.165,0.0,-0.9711177359963081,0.9177904697299778
5,40.0,50.0,2,2.0,4.0,503,5.03,0.014915533175500142,0.4461993121959577,0.5123677220013415,2.4174950298210733,0.1073558648111332,-0.472310942902568,-0.018536386605942888
5,40.0,50.0,3,4.0,6.0,1003,10.03,0.02974210690860167,0.8897373958897525,0.6093371503737014,2.914257228315055,0.23030907278165502,-0.22754738313962544,0.1416516937885063
5,40.0,50.0,4,6.0,8.0,1029,10.29,0.03051308874272295,0.9128013762418299,0.8072611716541811,3.501457725947522,0.5928085519922255,-0.10161058674613617,0.04900887020279419
5,40.0,50.0,5,8.0,10.0,917,9.17,0.027191936226508208,0.8134488454944199,0.8697928726768692,3.732824427480916,0.7677208287895311,-0.02140774628707308,0.20431246520192453
5,40.0,50.0,6,10.0,12.0,1056,10.56,0.03131372372431043,0.9367524327612947,0.875468422998512,3.715909090909091,0.7424242424242424,-0.09980173247653754,0.018426915486599256
5,40.0,50.0,7,12.0,14.0,978,9.78,0.029000778221946594,0.8675604917050628,0.891659710254492,3.82719836400818,0.8415132924335378,-0.0035030245404402806,-0.08930111232172121
5,40.0,50.0,8,14.0,16.0,1189,11.89,0.035257592337315444,1.0547335630238444,0.8861967503391065,3.7855340622371743,0.8040370058873002,-0.0970541555233278,-0.05658669018284746
5,40.0,50.0,9,16.0,18.0,1076,10.76,0.031906786673634495,0.9544939561090466,0.8637779956388875,3.687732342007435,0.724907063197026,0.06880593773378445,0.2426598701553675
5,40.0,50.0,10,18.0,20.0,1054,10.54,0.031254417429378026,0.9349782804265195,0.8478528994640938,3.6717267552182165,0.6973434535104365,-0.10229896521172122,0.09914746591822263
5,40.0,50.0,11,20.0,22.0,926,9.26,0.027458814553704036,0.8214325310009082,0.844027104450382,3.6587473002159827,0.6922246220302376,0.040344733308086474,-0.13427331385838245
5,40.0,50.0,12,22.0,24.0,1150,11.5,0.03410111958613352,1.0201375924957283,0.841956259928556,3.685217391304348,0.7243478260869565,0.020901527808122836,-0.20117621275558126
5,40.0,50.0,13,24.0,26.0,996,9.96,0.029534534876338253,0.8835278627180395,0.8533054308880433,3.679718875502008,0.7309236947791165,0.026829530138393485,-0.0600403408461181
5,40.0,50.0,14,26.0,28.0,1272,12.72,0.037718803577010296,1.1283608849170141,0.8513510148484965,3.643081761006289,0.6721698113207547,0.020864008955905733,0.15440240479064135
5,40.0,50.0,15,28.0,30.0,893,8.93,0.026480260687319335,0.7921590174771177,0.8579569841477558,3.64501679731243,0.6819708846584547,0.08875438134164922,0.016755003782173025
5,40.0,50.0,16,30.0,32.0,1170,11.7,0.034694182535457585,1.0378791158434801,0.858641671459248,3.6880341880341883,0.7213675213675214,0.032545424695243866,0.14484633100049304
5,40.0,50.0,17,32.0,34.0,1170,11.7,0.034694182535457585,1.0378791158434801,0.8285655865061118,3.647863247863248,0.6965811965811965,0.009728767083740462,-0.17475102174979776
5,40.0,50.0,18,34.0,36.0,786,7.86,0.023307373908435607,0.6972418675666455,0.8181836906862534,3.5699745547073793,0.6348600508905853,0.0156358141963587,0.3380814912203725
5,40.0,50.0,19,36.0,38.0,1253,12.53,0.03715539377515244,1.11150643773665,0.8305175169384054,3.610534716679968,0.6767757382282522,0.06397790459244165,0.0476881942290786
5,40.0,50.0,20,38.0,40.0,1066,10.66,0.03161025519897247,0.9456231944351707,0.5659529849985893,2.8020637898686678,0.2129455909943715,0.014164999005536123,-0.07107663484107872
5,40.0,50.0,21,40.0,42.0,289,2.89,0.008569759617732686,0.25636501237501347,0.2984160331642143,2.2422145328719725,0.07958477508650519,0.06847461300284974,-0.2479999194859728
6,50.0,60.0,1,0.0,2.0,188,1.88,0.005574791723646176,0.1667703194688669,-0.5978509273137049,1.2925531914893618,0.0,-0.9489474138874309,0.8581306222953985
6,50.0,60.0,2,2.0,4.0,483,4.83,0.01432247022617608,0.4284577888482059,0.4601227001778506,2.3768115942028984,0.09730848861283643,-0.47573984865679464,0.04204495628778928
6,50.0,60.0,3,4.0,6.0,984,9.84,0.029178697106743815,0.8728829487093884,0.6009405162150221,2.917682926829268,0.26422764227642276,-0.19043121292913237,0.1745101051509655
6,50.0,60.0,4,6.0,8.0,1064,10.64,0.03155094890404006,0.9438490421003956,0.8228128499271318,3.577067669172932,0.6428571428571429,-0.07534258467731224,-0.04412545619560593
6,50.0,60.0,5,8.0,10.0,928,9.28,0.02751812084863644,0.8232066833356833,0.8494984067563479,3.7155172413793105,0.7683189655172413,-0.030648335681957618,0.22503352950755104
6,50.0,60.0,6,10.0,12.0,1036,10.36,0.03072066077498637,0.9190109094135429,0.8714565178216063,3.668918918918919,0.7046332046332047,-0.10882510246322628,0.03708123087097372
6,50.0,60.0,7,12.0,14.0,982,9.82,0.029119390811811408,0.8711087963746132,0.8812974388737408,3.7892057026476578,0.8085539714867617,0.003609033106356468,-0.1045718536750112
6,50.0,60.0,8,14.0,16.0,1202,12.02,0.03564308325437608,1.066265553199883,0.8821741611291436,3.7803660565723796,0.802828618968386,-0.09621933818666326,-0.05208995827972068
6,50.0,60.0,9,16.0,18.0,1051,10.51,0.03116545798697942,0.9323170519243569,0.8701974982481719,3.725975261655566,0.7516650808753568,0.06081982961831168,0.25023684545720287
6,50.0,60.0,10,18.0,20.0,1128,11.28,0.033448750341877054,1.0006219168132013,0.8365116282808404,3.7109929078014185,0.726063829787234,-0.10865317454628348,0.041619733454742396
6,50.0,60.0,11,20.0,22.0,932,9.32,0.027636733438501256,0.8267549880052337,0.8376542177821878,3.624463519313305,0.6802575107296137,-0.01964688379170193,-0.21313438939218127
6,50.0,60.0,12,22.0,24.0,1211,12.11,0.035909961581571906,1.0742492387063711,0.8381824826056982,3.620148637489678,0.6903385631709331,0.028329781994033413,-0.19444854522659422
6,50.0,60.0,13,24.0,26.0,1064,10.64,0.03155094890404006,0.9438490421003956,0.8613414314202291,3.738721804511278,0.7772556390977443,0.009858122454373322,-0.0728945477467888
6,50.0,60.0,14,26.0,28.0,1173,11.73,0.034783141977856195,1.040540344345643,0.8671696561222594,3.7271952259164536,0.7510656436487638,0.021052779744851455,0.1623529497065628
6,50.0,60.0,15,28.0,30.0,973,9.73,0.02885251248461558,0.8631251108681249,0.8589109067423288,3.6927029804727645,0.7317574511819116,0.08610178050275202,0.07745795197287071
6,50.0,60.0,16,30.0,32.0,1074,10.74,0.03184748037870209,0.9527198037742713,0.86434944408219,3.7197392923649906,0.7402234636871509,0.0025748392041283763,0.07362996227580397
6,50.0,60.0,17,32.0,34.0,1219,12.19,0.036147186761301534,1.0813458480454718,0.8350097129307401,3.6259228876127976,0.6743232157506153,0.030624002606938285,-0.12409535423328853
6,50.0,60.0,18,34.0,36.0,806,8.06,0.02390043685775967,0.7149833909143974,0.8227240376252336,3.5583126550868487,0.6141439205955335,0.004404454899778425,0.285228265415269
6,50.0,60.0,19,36.0,38.0,1145,11.45,0.033952853848802506,1.0157022116587904,0.8177692883875971,3.583406113537118,0.6646288209606986,0.003611014882920468,0.07486636500564016
6,50.0,60.0,20,38.0,40.0,1123,11.23,0.03330048460454604,0.9961865359762635,0.5783387530363294,2.861086375779163,0.28227960819234194,0.0328223077603075,-0.016601804735534718
6,50.0,60.0,21,40.0,42.0,229,2.29,0.006790570769760501,0.20314044233175804,0.15612628130017295,2.0436681222707422,0.021834061135371178,0.22149589354028024,-0.21683954437352335
7,60.0,70.0,1,0.0,2.0,173,1.73,0.00512999451165313,0.15346417695805303,-0.5727350208710352,1.2080924855491328,0.0,-0.9555771077504557,0.8750868698402168
7,60.0,70.0,2,2.0,4.0,518,5.18,0.015360330387493185,0.45950545470677145,0.34586707389829413,2.277992277992278,0.04826254826254826,-0.4497668673816167,-0.008250030594099964
7,60.0,70.0,3,4.0,6.0,878,8.78,0.026035463475326287,0.7788528749663037,0.6269544240862275,3.0466970387243735,0.29954441913439633,-0.13929229075614488,0.19063792626788992
7,60.0,70.0,4,6.0,8.0,1109,11.09,0.032885340540019195,0.983767469632837,0.8268368182276301,3.5139765554553652,0.5924256086564472,-0.06654781346840025,-0.03809392363314584
7,60.0,70.0,5,8.0,10.0,908,9.08,0.02692505789931238,0.8054651599879316,0.8704324851560779,3.7268722466960353,0.762114537444934,-0.04969299269007956,0.2532424218857837
7,60.0,70.0,6,10.0,12.0,1049,10.49,0.031106151692047015,0.9305428995895818,0.8826992391362442,3.693994280266921,0.7264061010486177,-0.1002706159155813,0.04565692144819446
7,60.0,70.0,7,12.0,14.0,989,9.89,0.029326962844074832,0.8773183295463264,0.8850191674416229,3.752275025278059,0.7765419615773509,0.009733247587364033,-0.12251907686208843
7,60.0,70.0,8,14.0,16.0,1180,11.8,0.03499071401011962,1.046749877517356,0.8795776227576466,3.711016949152542,0.75,-0.06719485504601486,-0.04924428352606531
7,60.0,70.0,9,16.0,18.0,967,9.67,0.028674593599818363,0.8578026538637994,0.8702976929938635,3.641158221302999,0.6949327817993796,0.0605114069618573,0.31601254608266727
7,60.0,70.0,10,18.0,20.0,1206,12.06,0.035761695844240896,1.0698138578694334,0.8333565434742373,3.6691542288557213,0.6849087893864013,-0.14537365407539862,0.06615898220545285
7,60.0,70.0,11,20.0,22.0,875,8.75,0.02594650403292768,0.7761916464641411,0.8335004021122938,3.6445714285714286,0.7165714285714285,-0.0016581686698164348,-0.2017950810289768
7,60.0,70.0,12,22.0,24.0,1290,12.9,0.03825256023140195,1.1443282559299908,0.8459171386094525,3.6736434108527134,0.7085271317829457,0.007284170809363594,-0.17977703680330875
7,60.0,70.0,13,24.0,26.0,895,8.95,0.02653956698225174,0.7939331698118928,0.8316105675022868,3.6737430167597767,0.7016759776536313,-0.0014609678831173922,-0.10152024049878486
7,60.0,70.0,14,26.0,28.0,1283,12.83,0.03804498819913853,1.1381187227582776,0.8528870106608781,3.6843335931410754,0.7287607170693686,0.0031545794716978334,0.026841834897016047
7,60.0,70.0,15,28.0,30.0,902,9.02,0.026747139014515163,0.800142702983606,0.8520088532059936,3.6651884700665187,0.7039911308203991,0.10508387403883314,0.11649317539893819
7,60.0,70.0,16,30.0,32.0,1198,11.98,0.03552447066451127,1.0627172485303324,0.8550598866510534,3.7103505843071787,0.7253756260434057,0.041755030269227944,0.04849283621938278
7,60.0,70.0,17,32.0,34.0,1075,10.75,0.03187713352616829,0.953606879941659,0.8324172510563278,3.666046511627907,0.6893023255813954,0.05096710034445588,-0.19553046793715642
7,60.0,70.0,18,34.0,36.0,910,9.1,0.026984364194244787,0.8072393123227067,0.8374755092738351,3.669230769230769,0.6263736263736264,0.01226269554048645,0.14960062995844167
7,60.0,70.0,19,36.0,38.0,1141,11.41,0.0338342412589377,1.01215390698924,0.840907918403855,3.5714285714285716,0.6432953549517967,-0.023171867855254102,0.016503745651528744
7,60.0,70.0,20,38.0,40.0,1119,11.19,0.03318187201468122,0.9926382313067128,0.6281920185765174,3.065236818588025,0.36282394995531725,-0.0014627334761864702,-0.0010494533746105497
7,60.0,70.0,21,40.0,42.0,334,3.34,0.009904151253711822,0.296283439907455,0.15286246185246763,2.284431137724551,0.020958083832335328,0.24144891684821276,-0.2160227580897883
8,70.0,80.0,1,0.0,2.0,194,1.94,0.005752710608443394,0.1720927764731924,-0.6612951232766003,1.0824742268041236,0.0,-0.9540778377678862,0.874263163626125
8,70.0,80.0,2,2.0,4.0,464,4.64,0.01375906042431822,0.4116033416678416,0.33201493233695667,2.2047413793103448,0.09913793103448276,-0.46296127289146477,-0.008793893369608589
8,70.0,80.0,3,4.0,6.0,948,9.48,0.028111183797960505,0.8409482066834352,0.5929434561315334,2.7932489451476794,0.22046413502109705,-0.21008310086116747,0.11591815524725323
8,70.0,80.0,4,6.0,8.0,1060,10.6,0.03143233631417525,0.9403007374308452,0.8069150706996678,3.5056603773584905,0.5924528301886792,-0.07811639676833046,-0.06747875411410514
8,70.0,80.0,5,8.0,10.0,932,9.32,0.027636733438501256,0.8267549880052337,0.864269589380772,3.726394849785408,0.7618025751072961,-0.04724147155064939,0.2768540193133514
8,70.0,80.0,6,10.0,12.0,1021,10.21,0.03027586356299333,0.9057047669027293,0.8741441916145641,3.6552399608227226,0.6885406464250735,-0.05314061648180231,0.048486856653159806
8,70.0,80.0,7,12.0,14.0,988,9.88,0.02929730969660863,0.8764312533789388,0.8795269515914355,3.7580971659919027,0.7651821862348178,-0.02430867964605383,-0.10706458953173116
8,70.0,80.0,8,14.0,16.0,1185,11.85,0.03513897974745063,1.051185258354294,0.8686837833755978,3.713924050632911,0.7383966244725738,-0.07090712601479025,-0.048910262999953956
8,70.0,80.0,9,16.0,18.0,1046,10.46,0.031017192249648405,0.9278816710874189,0.8824119236770853,3.69980879541109,0.7418738049713193,0.08600520596671088,0.3165706893346842
8,70.0,80.0,10,18.0,20.0,1153,11.53,0.03419007902853213,1.022798820997891,0.8539212957213222,3.7207285342584564,0.7424111014744146,-0.11276038955676723,0.08082784951917564
8,70.0,80.0,11,20.0,22.0,887,8.87,0.026302341802522115,0.786836560472792,0.8491128023371979,3.661781285231116,0.7012401352874859,0.03891548207391918,-0.15748511710668206
8,70.0,80.0,12,22.0,24.0,1252,12.52,0.037125740627686234,1.1106193615692623,0.8454346311738231,3.679712460063898,0.6996805111821086,0.010393812247537574,-0.09144391358386475
8,70.0,80.0,13,24.0,26.0,864,8.64,0.02562031941079945,0.7664338086228777,0.8472626320489021,3.7025462962962963,0.7361111111111112,0.015173188095367138,-0.130966301941397
8,70.0,80.0,14,26.0,28.0,1297,12.97,0.038460132263665375,1.1505377891017041,0.8658817260716477,3.7355435620663067,0.756360832690825,-0.00022285682694470424,0.02980613153975071
8,70.0,80.0,15,28.0,30.0,900,9.0,0.026687832719582756,0.7983685506488308,0.8591894048166303,3.7444444444444445,0.76,0.1069314617505132,0.0934183783752731
8,70.0,80.0,16,30.0,32.0,1174,11.74,0.0348127951253224,1.0414274205130305,0.8749197838402648,3.7632027257240206,0.7802385008517888,0.0649244519659085,0.06339852308541122
8,70.0,80.0,17,32.0,34.0,1066,10.66,0.03161025519897247,0.9456231944351707,0.8321371347340959,3.706378986866792,0.7401500938086304,0.057935166670385445,-0.23079828255419493
8,70.0,80.0,18,34.0,36.0,832,8.32,0.02467141869188095,0.7380473712664747,0.8503090265516723,3.701923076923077,0.7367788461538461,0.09673419036228055,0.040014935671070104
8,70.0,80.0,19,36.0,38.0,1165,11.65,0.03454591679812657,1.0334437350065422,0.8599813972355441,3.68068669527897,0.7090128755364807,0.03131742049207075,-0.1723138828589929
8,70.0,80.0,20,38.0,40.0,989,9.89,0.029326962844074832,0.8773183295463264,0.6665713530148173,3.129423660262892,0.4044489383215369,0.09271817172764146,0.2773829645357352
8,70.0,80.0,21,40.0,42.0,582,5.82,0.017258131825330182,0.5162783294195773,0.23377096216589366,2.329896907216495,0.029209621993127148,0.22928995419632442,-0.21280740532572667
9,80.0,90.0,1,0.0,2.0,199,1.99,0.00590097634577441,0.17652815731013038,-0.8984732932768777,0.964824120603015,0.0,-0.9711156692367624,0.9179704911892187
9,80.0,90.0,2,2.0,4.0,395,3.95,0.01171299324915021,0.350395086118098,0.3842715709411219,2.4455696202531647,0.14177215189873418,-0.43211859362338545,-0.12277238081239619
9,80.0,90.0,3,4.0,6.0,1117,11.17,0.03312256571974882,0.9908640789719378,0.6563144532369448,3.1405550581915844,0.3437779767233662,-0.174865106389965,0.028809022112270963
9,80.0,90.0,4,6.0,8.0,932,9.32,0.027636733438501256,0.8267549880052337,0.8141617500672365,3.582618025751073,0.6545064377682404,-0.18715950262659767,-0.10312624460284331
9,80.0,90.0,5,8.0,10.0,977,9.77,0.02897112507448039,0.8666734155376752,0.8813496044742489,3.744114636642784,0.7778915046059366,-0.04723199170369949,0.2648467888490109
9,80.0,90.0,6,10.0,12.0,1019,10.19,0.03021655726806092,0.903930614567954,0.8646245027253975,3.619234543670265,0.6594700686947988,-0.038253313834907945,0.03134921222890722
9,80.0,90.0,7,12.0,14.0,1035,10.35,0.03069100762752017,0.9181238332461554,0.8586675740227916,3.6830917874396136,0.7140096618357488,-0.04719373906619257,-0.04410912881203785
9,80.0,90.0,8,14.0,16.0,1148,11.48,0.034041813291201116,1.0183634401609531,0.8507833640510744,3.7029616724738674,0.7334494773519163,-0.03391868118758983,-0.08133534065257723
9,80.0,90.0,9,16.0,18.0,1071,10.71,0.031758520936303485,0.9500585752721088,0.9023332879759539,3.791783380018674,0.8048552754435108,0.09545831349292458,0.2992950878284992
9,80.0,90.0,10,18.0,20.0,1144,11.44,0.0339232007013363,1.0148151354914026,0.871161783241466,3.7316433566433567,0.7648601398601399,-0.08098940839361009,0.11987335518711871
9,80.0,90.0,11,20.0,22.0,905,9.05,0.026836098456913773,0.8028039314857688,0.8484890075995826,3.6077348066298343,0.6585635359116022,0.05920216034578879,-0.13035676457982762
9,80.0,90.0,12,22.0,24.0,1212,12.12,0.03593961472903811,1.0751363148737587,0.8409928426265052,3.6534653465346536,0.6749174917491749,0.03794123243338803,0.010883752972069258
9,80.0,90.0,13,24.0,26.0,912,9.12,0.02704367048917719,0.8090134646574818,0.86188048474509,3.7258771929824563,0.7489035087719298,0.04275039595510523,-0.18422639148292472
9,80.0,90.0,14,26.0,28.0,1279,12.79,0.03792637560927371,1.1345704180887273,0.8818133210832544,3.7505863956215792,0.7849882720875684,-0.006056117780579512,0.028595065073754103
9,80.0,90.0,15,28.0,30.0,832,8.32,0.02467141869188095,0.7380473712664747,0.840694193013394,3.6466346153846154,0.6971153846153846,0.11228337972327113,0.11240563739145958
9,80.0,90.0,16,30.0,32.0,1255,12.55,0.037214700070084844,1.113280590071425,0.8655676855924113,3.6868525896414344,0.7195219123505976,0.09024794359178066,0.038496305038265406
9,80.0,90.0,17,32.0,34.0,1096,10.96,0.03249984962295856,0.9722354794567984,0.8327975210660022,3.677007299270073,0.7098540145985401,0.07143929696968523,-0.17324294267245735
9,80.0,90.0,18,34.0,36.0,720,7.2,0.021350266175666207,0.6386948405190647,0.8712103744755699,3.7375,0.7680555555555556,0.16160667705633666,-0.0036329756549510392
9,80.0,90.0,19,36.0,38.0,1217,12.17,0.03608788046636913,1.0795716957106967,0.882375408680171,3.695152013147083,0.7296631059983566,0.03712128979504596,-0.07653043272508801
9,80.0,90.0,20,38.0,40.0,985,9.85,0.029208350254210015,0.8737700248767759,0.6934851715506213,3.0751269035532993,0.40609137055837563,0.13137319246106632,0.22359578750465373
9,80.0,90.0,21,40.0,42.0,542,5.42,0.01607200592668206,0.4807952827240737,0.15504037454847686,2.143911439114391,0.04981549815498155,0.22571471955859312,-0.08839700623350369
10,90.0,100.0,1,0.0,2.0,198,1.98,0.005871323198308206,0.17564108114274277,-0.8925875720234004,0.9494949494949495,0.0,-0.9799931832757462,0.941140670595219
10,90.0,100.0,2,2.0,4.0,406,4.06,0.012039177871278442,0.3601529239593614,0.3311223041785614,2.312807881773399,0.14039408866995073,-0.397629631380895,-0.14045793470191845
10,90.0,100.0,3,4.0,6.0,1094,10.94,0.03244054332802615,0.9704613271220233,0.676285356644698,3.1224862888482634,0.3583180987202925,-0.16207404999933575,0.023359881640711545
10,90.0,100.0,4,6.0,8.0,958,9.58,0.028407715272622536,0.8498189683573111,0.8156588661811595,3.5626304801670146,0.6409185803757829,-0.17843148374826673,-0.10675988368157559
10,90.0,100.0,5,8.0,10.0,949,9.49,0.028140836945426708,0.8418352828508228,0.884976526353721,3.787144362486828,0.8029504741833509,-0.05066647687541004,0.2765994776555061
10,90.0,100.0,6,10.0,12.0,1035,10.35,0.03069100762752017,0.9181238332461554,0.8629014676678202,3.65024154589372,0.7082125603864734,-0.027804707518399325,0.03767559531058631
10,90.0,100.0,7,12.0,14.0,1045,10.45,0.030987539102182198,0.9269945949200312,0.8709177525250225,3.70622009569378,0.7330143540669857,-0.07664540434679559,-0.06934449155078728
10,90.0,100.0,8,14.0,16.0,1150,11.5,0.03410111958613352,1.0201375924957283,0.8478413714480273,3.676521739130435,0.7226086956521739,-0.037956519444830424,-0.08175165264527977
10,90.0,100.0,9,16.0,18.0,1091,10.91,0.03235158388562754,0.9678000986198604,0.9008133365845638,3.7919340054995416,0.8111824014665444,0.10246258737649454,0.2613927314466739
10,90.0,100.0,10,18.0,20.0,1154,11.54,0.03421973217599833,1.0236858971652785,0.8906420764842167,3.7235701906412477,0.7521663778162911,-0.05267326718952191,0.14695105455763766
10,90.0,100.0,11,20.0,22.0,799,7.99,0.02369286482549625,0.7087738577426843,0.8499856957285227,3.5907384230287858,0.6408010012515645,0.0696249840461112,-0.12026252268532825
10,90.0,100.0,12,22.0,24.0,1303,13.03,0.03863805114846259,1.1558602461060294,0.8428367448404152,3.6976208749040675,0.726016884113584,0.044294387748957435,-0.0695830708420756
10,90.0,100.0,13,24.0,26.0,865,8.65,0.02564997255826565,0.7673208847902652,0.8646222807243569,3.745664739884393,0.7699421965317919,0.027828157973498028,-0.19127315042820422
10,90.0,100.0,14,26.0,28.0,1273,12.73,0.0377484567244765,1.1292479610844017,0.8839259112675973,3.774548311076198,0.7973291437549097,0.016163278842266416,0.023409584203355694
10,90.0,100.0,15,28.0,30.0,819,8.19,0.024285927774820307,0.726515381090436,0.8172921211039939,3.5873015873015874,0.6495726495726496,0.11729669893004466,0.1213331314071354
10,90.0,100.0,16,30.0,32.0,1300,13.0,0.03854909170606398,1.1531990176038667,0.8610047276514728,3.713846153846154,0.7469230769230769,0.09708646068497388,0.05287699381786591
10,90.0,100.0,17,32.0,34.0,1089,10.89,0.03229227759069514,0.9660259462850854,0.8355250636308407,3.63544536271809,0.6758494031221304,0.05066963227301794,-0.14498740073545063
10,90.0,100.0,18,34.0,36.0,754,7.54,0.02235847318951711,0.6688554302102427,0.8729389124555758,3.7347480106100797,0.7586206896551724,0.19625026877608784,-0.004087514948800053
10,90.0,100.0,19,36.0,38.0,1227,12.27,0.036384411941031154,1.0884424573845726,0.8766247223875809,3.7147514262428687,0.7457212713936431,0.033528474264858256,-0.05042692218516636
10,90.0,100.0,20,38.0,40.0,964,9.64,0.028585634157419753,0.8551414253616366,0.7268952438302079,3.2894190871369293,0.45435684647302904,0.0901354674747532,0.19320847496908747
10,90.0,100.0,21,40.0,42.0,514,5.14,0.015241717797628373,0.4559571500372211,0.11563670605727897,2.190661478599222,0.05642023346303502,0.14003205089266318,-0.12767789648724617
11,100.0,110.0,1,0.0,2.0,200,2.0,0.005930629493240612,0.17741523347751795,-0.9602965997280976,0.955,0.0,-0.9769462897970327,0.9325652559166417
11,100.0,110.0,2,2.0,4.0,329,3.29,0.009755885516380809,0.2918480590705171,0.38724352087622016,2.325227963525836,0.13069908814589665,-0.4341786044991044,-0.13051105911583125
11,100.0,110.0,3,4.0,6.0,1132,11.32,0.03356736293174187,1.0041702214827517,0.6220334498857654,3.015017667844523,0.24646643109540636,-0.1883585342948103,0.012197295701076244
11,100.0,110.0,4,6.0,8.0,992,9.92,0.02941592228647344,0.8799795580484892,0.8183663389169775,3.5393145161290325,0.6512096774193549,-0.18554570517075608,-0.10068819299872779
11,100.0,110.0,5,8.0,10.0,949,9.49,0.028140836945426708,0.8418352828508228,0.8937509727590662,3.8103266596417282,0.8166491043203372,-0.04496237292167507,0.2821065896701807
11,100.0,110.0,6,10.0,12.0,1105,11.05,0.03276672795015439,0.9802191649632869,0.8676076863321184,3.665158371040724,0.7411764705882353,-0.057143805469061434,0.06028840116872409
11,100.0,110.0,7,12.0,14.0,1027,10.27,0.030453782447790543,0.9110272239070546,0.8605780166101779,3.6738072054527753,0.7224926971762414,-0.06566628933251598,-0.10572738347502043
11,100.0,110.0,8,14.0,16.0,1103,11.03,0.032707421655221974,0.9784450126285115,0.8531252151347677,3.698096101541251,0.7398005439709883,-0.04561387600901092,-0.08277032666610624
11,100.0,110.0,9,16.0,18.0,1131,11.31,0.033537709784275664,1.0032831453153641,0.8992732762648694,3.815207780725022,0.8231653404067197,0.08182527693925666,0.2475887867203576
11,100.0,110.0,10,18.0,20.0,1126,11.26,0.03338944404694465,0.998847764478426,0.8922706311227491,3.774422735346359,0.7975133214920072,-0.034302758054493745,0.13533471983799783
11,100.0,110.0,11,20.0,22.0,804,8.04,0.02384113056282726,0.713209238579622,0.8546445781372118,3.5696517412935322,0.6305970149253731,0.051023201862589,-0.14563522395440653
11,100.0,110.0,12,22.0,24.0,1283,12.83,0.03804498819913853,1.1381187227582776,0.8512984518716479,3.7123928293063133,0.7435697583787997,0.04874086406407157,-0.09872941339493642
11,100.0,110.0,13,24.0,26.0,843,8.43,0.02499760331400918,0.7478052091077382,0.8702476377454368,3.752075919335706,0.7722419928825622,0.010471219752678522,-0.1849624047164353
11,100.0,110.0,14,26.0,28.0,1310,13.1,0.03884562318072601,1.1620697792777426,0.8888188015448703,3.7717557251908396,0.8022900763358779,0.014612583997487306,-0.0021971781545279743
11,100.0,110.0,15,28.0,30.0,816,8.16,0.0241969683324217,0.7238541525882733,0.8352635203635626,3.6470588235294117,0.6825980392156863,0.11887204538274096,0.1491307291223226
11,100.0,110.0,16,30.0,32.0,1299,12.99,0.03851943855859778,1.1523119414364793,0.8649013078126055,3.725173210161663,0.7590454195535027,0.08135341739485241,0.04132256984985535
11,100.0,110.0,17,32.0,34.0,1084,10.84,0.03214401185336412,0.9615905654481474,0.840950522753813,3.6743542435424352,0.6964944649446494,0.010587128556172914,-0.16954269353332774
11,100.0,110.0,18,34.0,36.0,707,7.07,0.020964775258605566,0.627162850343026,0.8659950040516289,3.7241867043847243,0.751060820367751,0.15793749262811127,0.00033277426325604444
11,100.0,110.0,19,36.0,38.0,1268,12.68,0.03760019098714548,1.1248125802474638,0.8700013159506581,3.639589905362776,0.692429022082019,0.01109853758572466,-0.09830851379095043
11,100.0,110.0,20,38.0,40.0,1021,10.21,0.03027586356299333,0.9057047669027293,0.7002917496343324,3.170421155729677,0.40254652301665034,0.03383280675974098,0.22174671495978548
11,100.0,110.0,21,40.0,42.0,471,4.71,0.013966632456581642,0.41781287483955476,0.18639378500529993,2.3036093418259025,0.05307855626326964,0.17180300586800212,-0.20526084656320923
12,110.0,120.0,1,0.0,2.0,201,2.01,0.005960282640706815,0.1783023096449055,-0.8825835919336923,0.9104477611940298,0.0,-0.9787165613791893,0.9381954859814741
12,110.0,120.0,2,2.0,4.0,376,3.76,0.011149583447292352,0.3335406389377338,0.3972645125574155,2.398936170212766,0.1196808510638298,-0.47004653846681294,-0.07601861249386865
12,110.0,120.0,3,4.0,6.0,1142,11.42,0.033863894406403895,1.0130409831566274,0.6615448847476104,3.073555166374781,0.2968476357267951,-0.16670435796701752,0.0007475294565084738
12,110.0,120.0,4,6.0,8.0,969,9.69,0.028733899894750767,0.8595768061985745,0.8071979649627115,3.526315789473684,0.6160990712074303,-0.17102079741480697,-0.11529923116690952
12,110.0,120.0,5,8.0,10.0,944,9.44,0.02799257120809569,0.8373999020138847,0.8900789264523706,3.840042372881356,0.788135593220339,-0.05406846749193209,0.29770027503578184
12,110.0,120.0,6,10.0,12.0,1093,10.93,0.03241089018055995,0.9695742509546356,0.8671115721331232,3.645928636779506,0.7337602927721867,-0.08494681928978343,0.07570643073508643
12,110.0,120.0,7,12.0,14.0,1061,10.61,0.03146198946164145,0.9411878135982328,0.8486570311880159,3.6201696512723847,0.6918001885014138,-0.060992431392932644,-0.10676748696455128
12,110.0,120.0,8,14.0,16.0,1078,10.78,0.0319660929685669,0.9562681084438218,0.8618678638255994,3.738404452690167,0.7755102040816326,-0.06121630615251914,-0.07842142047569231
12,110.0,120.0,9,16.0,18.0,1177,11.77,0.034901754567721,1.044088649015193,0.8953318578079267,3.8122344944774853,0.8317757009345794,0.06265354464684254,0.20775214694078048
12,110.0,120.0,10,18.0,20.0,1073,10.73,0.031817827231235885,0.9518327276068838,0.8869504502283322,3.7138863000931965,0.7474370922646785,-0.0029427176634275035,0.16524744995419335
12,110.0,120.0,11,20.0,22.0,807,8.07,0.023930090005225873,0.715870467081785,0.8496191475839996,3.650557620817844,0.6815365551425031,0.0349577235279708,-0.16141881597058108
12,110.0,120.0,12,22.0,24.0,1300,13.0,0.03854909170606398,1.1531990176038667,0.842833925327939,3.74,0.7661538461538462,0.06499647273928114,-0.09551260716021874
12,110.0,120.0,13,24.0,26.0,879,8.79,0.02606511662279249,0.7797399511336913,0.8699391557886059,3.718998862343572,0.7497155858930603,0.02662585675328373,-0.2130275469182166
12,110.0,120.0,14,26.0,28.0,1289,12.89,0.03822290708393575,1.1434411797626032,0.8875074950866625,3.73855702094647,0.7680372381691234,-0.009264532402336404,0.018283731788516312
12,110.0,120.0,15,28.0,30.0,852,8.52,0.025264481641205008,0.7557888946142265,0.8329384196811483,3.6549295774647885,0.7018779342723005,0.12143013246159622,0.18542893176505315
12,110.0,120.0,16,30.0,32.0,1243,12.43,0.03685886230049041,1.1026356760627742,0.8694148413969836,3.7200321802091714,0.7546259050683829,0.09404986824239785,0.01657481309495936
12,110.0,120.0,17,32.0,34.0,1110,11.1,0.0329149936874854,0.9846545458002246,0.8354854358247787,3.6747747747747748,0.7171171171171171,0.006968121472175246,-0.1628069988731008
12,110.0,120.0,18,34.0,36.0,701,7.01,0.020786856373808348,0.6218403933387004,0.8728483263731328,3.7475035663338088,0.7774607703281027,0.17189017202067353,0.010343626675206736
12,110.0,120.0,19,36.0,38.0,1240,12.4,0.0367699028580918,1.0999744475606115,0.8759661049480331,3.681451612903226,0.7258064516129032,-0.00682714554463037,-0.07428007891478267
12,110.0,120.0,20,38.0,40.0,1081,10.81,0.03205505241096551,0.9589293369459846,0.6931150022399294,3.15263644773358,0.37187789084181316,0.03403861972680076,0.21350934170948638
12,110.0,120.0,21,40.0,42.0,384,3.84,0.011386808627021976,0.3406372482768345,0.16490714769777579,2.2083333333333335,0.044270833333333336,0.12546816744037445,-0.2244416619964602
13,120.0,130.0,1,0.0,2.0,203,2.03,0.006019588935639221,0.1800764619796807,-0.7642138300377571,0.8719211822660099,0.0,-0.9722799036080548,0.923800383795838
13,120.0,130.0,2,2.0,4.0,417,4.17,0.012365362493406678,0.369910761800625,0.40642296549482265,2.354916067146283,0.10071942446043165,-0.38144712852659823,-0.13373865886174924
13,120.0,130.0,3,4.0,6.0,1118,11.18,0.033152218867215026,0.9917511551393254,0.6848750728079708,3.1413237924865833,0.35241502683363146,-0.16049457274007922,-0.00791462322265785
13,120.0,130.0,4,6.0,8.0,1018,10.18,0.03018690412059472,0.9030435384005664,0.8148283644727413,3.531434184675835,0.6041257367387033,-0.17610323166951505,-0.11502847389328896
13,120.0,130.0,5,8.0,10.0,896,8.96,0.026569220129717946,0.7948202459792805,0.8866319446359631,3.767857142857143,0.7700892857142857,-0.04752110205441673,0.3286297718349219
13,120.0,130.0,6,10.0,12.0,1111,11.11,0.0329446468349516,0.9855416219676122,0.866338464692268,3.657965796579658,0.7245724572457246,-0.0352185371612741,0.016914811370951868
13,120.0,130.0,7,12.0,14.0,1050,10.5,0.031135804839513215,0.9314299757569693,0.8486610399184549,3.6342857142857143,0.680952380952381,-0.05746460196753007,-0.0708536626187709
13,120.0,130.0,8,14.0,16.0,1095,10.95,0.032470196475492354,0.9713484032894109,0.8668634519110922,3.750684931506849,0.7570776255707763,-0.041429316067356434,-0.0512647146408894
13,120.0,130.0,9,16.0,18.0,1202,12.02,0.03564308325437608,1.066265553199883,0.8971450189055161,3.8169717138103163,0.8344425956738769,0.04571542205891295,0.18922681193242685
13,120.0,130.0,10,18.0,20.0,1052,10.52,0.031195111134445622,0.9332041280917445,0.8894888815030128,3.7452471482889735,0.7709125475285171,0.02205464539332591,0.17600694372684136
13,120.0,130.0,11,20.0,22.0,871,8.71,0.02582789144306287,0.7726433417945908,0.8460604411076039,3.611940298507463,0.6463834672789897,-0.0039312669765069344,-0.16307434022681136
13,120.0,130.0,12,22.0,24.0,1247,12.47,0.03697747489035522,1.1061839807323246,0.8507161321050913,3.70168404170008,0.731355252606255,0.1113171611429944,-0.06699746531712901
13,120.0,130.0,13,24.0,26.0,951,9.51,0.02820014324035911,0.8436094351855978,0.8837115355238708,3.742376445846477,0.768664563617245,0.029471849521245003,-0.25433634039364056
13,120.0,130.0,14,26.0,28.0,1223,12.23,0.03626579935116635,1.0848941527150224,0.8832776876251284,3.7023712183156174,0.7473426001635323,-0.028376497574557624,0.04688323396829778
13,120.0,130.0,15,28.0,30.0,872,8.72,0.025857544590529073,0.7735304179619784,0.8399562684251608,3.677752293577982,0.6995412844036697,0.10047332564303375,0.2275165105798884
13,120.0,130.0,16,30.0,32.0,1179,11.79,0.03496106086265341,1.0458628013499682,0.8683463267454531,3.727735368956743,0.7531806615776081,0.09422795510912828,-0.021787844581271285
13,120.0,130.0,17,32.0,34.0,1182,11.82,0.03505002030505202,1.0485240298521312,0.8400832797585149,3.7013536379018612,0.7351945854483926,-0.004706985431648416,-0.16167542672471474
13,120.0,130.0,18,34.0,36.0,693,6.93,0.02054963119407872,0.6147437839995996,0.8814626823786996,3.784992784992785,0.810966810966811,0.19809870323237247,0.03537471264892939
13,120.0,130.0,19,36.0,38.0,1187,11.87,0.03519828604238304,1.0529594106890692,0.8748926762916582,3.7110362257792753,0.7497893850042123,-0.008061192289902765,-0.06804151564942543
13,120.0,130.0,20,38.0,40.0,1111,11.11,0.0329446468349516,0.9855416219676122,0.6853357087928184,3.171017101710171,0.39783978397839787,-0.009550529988242872,0.18907466684045318
13,120.0,130.0,21,40.0,42.0,322,3.22,0.009548313484117386,0.2856385258988039,0.1521797449951917,2.2546583850931676,0.015527950310559006,0.11962100394652249,-0.2599872167953558
14,130.0,140.0,1,0.0,2.0,200,2.0,0.005930629493240612,0.17741523347751795,-0.7789890648491093,0.92,0.0,-0.9799411041836162,0.9413608930283474
14,130.0,140.0,2,2.0,4.0,422,4.22,0.012513628230737692,0.3743461426375629,0.4252819704940692,2.395734597156398,0.13981042654028436,-0.39173632856025387,-0.13597359366992262
14,130.0,140.0,3,4.0,6.0,1111,11.11,0.0329446468349516,0.9855416219676122,0.6817646520171862,3.1215121512151214,0.3609360936093609,-0.14277222176535553,0.008704946709374295
14,130.0,140.0,4,6.0,8.0,999,9.99,0.02962349431873686,0.8861890912202022,0.800761962754877,3.5385385385385386,0.6326326326326326,-0.17217019078949128,-0.12234580513640167
14,130.0,140.0,5,8.0,10.0,903,9.03,0.026776792161981363,0.8010297791509935,0.8909545751644283,3.8106312292358804,0.8272425249169435,-0.03510560197562136,0.32813156312838887
14,130.0,140.0,6,10.0,12.0,1054,10.54,0.031254417429378026,0.9349782804265195,0.8678723575790338,3.7058823529411766,0.7314990512333965,-0.030925946495441954,0.017646432051405953
14,130.0,140.0,7,12.0,14.0,1050,10.5,0.031135804839513215,0.9314299757569693,0.8570138061053422,3.6619047619047618,0.7247619047619047,-0.04854462987582662,-0.028667554589811396
14,130.0,140.0,8,14.0,16.0,1127,11.27,0.03341909719441085,0.9997348406458136,0.8608012878417372,3.707187222715173,0.7524401064773736,-0.03942905532627118,-0.07629153546817001
14,130.0,140.0,9,16.0,18.0,1164,11.64,0.034516263650660364,1.0325566588391546,0.8986091654222842,3.7757731958762886,0.7938144329896907,0.060722861389020735,0.2508033824632937
14,130.0,140.0,10,18.0,20.0,1054,10.54,0.031254417429378026,0.9349782804265195,0.8739222706259723,3.73719165085389,0.7628083491461101,-0.03941357434140269,0.13635080622542434
14,130.0,140.0,11,20.0,22.0,889,8.89,0.026361648097454525,0.7886107128075673,0.8518918095449797,3.606299212598425,0.6546681664791901,0.0374968271476847,-0.18081323655641088
14,130.0,140.0,12,22.0,24.0,1280,12.8,0.037956028756739923,1.135457494256115,0.8504540505372272,3.6890625,0.725,0.08302608090392821,-0.08926733558175995
14,130.0,140.0,13,24.0,26.0,875,8.75,0.02594650403292768,0.7761916464641411,0.8667054568641622,3.6845714285714286,0.7245714285714285,0.000545134619943779,-0.24288554821103028
14,130.0,140.0,14,26.0,28.0,1281,12.81,0.03798568190420613,1.1363445704235027,0.8873928536036885,3.7798594847775178,0.7931303669008587,-0.011541801899245765,0.006732382394655717
14,130.0,140.0,15,28.0,30.0,844,8.44,0.025027256461475383,0.7486922852751258,0.8157344521536724,3.6350710900473935,0.6883886255924171,0.09866281412933225,0.19601448597890067
14,130.0,140.0,16,30.0,32.0,1223,12.23,0.03626579935116635,1.0848941527150224,0.8689181099445676,3.738348323793949,0.7743254292722813,0.10424049464943827,0.01603508073336375
14,130.0,140.0,17,32.0,34.0,1158,11.58,0.03433834476586315,1.027234201834829,0.8420861954744684,3.6934369602763386,0.7081174438687392,0.01051984044324634,-0.15727293104794351
14,130.0,140.0,18,34.0,36.0,677,6.77,0.020075180834619472,0.6005505653213983,0.8714638597810637,3.738552437223043,0.7592319054652881,0.2050948176285929,0.03125908500917418
14,130.0,140.0,19,36.0,38.0,1241,12.41,0.036799556005558,1.100861523727999,0.8781862815439923,3.7292506043513294,0.7671232876712328,0.01420187728963828,-0.06788712745912939
14,130.0,140.0,20,38.0,40.0,1039,10.39,0.030809620217384984,0.9216721379157059,0.690663312931996,3.154956689124158,0.37921077959576516,0.037486456921365055,0.21793972664916633
14,130.0,140.0,21,40.0,42.0,408,4.08,0.01209848416621085,0.3619270762941367,0.15078340170125534,2.25,0.051470588235294115,0.2124355277586195,-0.25827628813466624
15,140.0,150.0,1,0.0,2.0,202,2.02,0.005989935788173019,0.17918938581229316,-0.7678168177955735,1.1534653465346534,0.0,-0.9590418704216457,0.8862281319469033
15,140.0,150.0,2,2.0,4.0,402,4.02,0.01192056528141363,0.356604619289811,0.38762213441688637,2.271144278606965,0.16417910447761194,-0.46368128372641204,-0.07128075463702441
15,140.0,150.0,3,4.0,6.0,1125,11.25,0.03335979089947844,0.9979606883110385,0.6507050390608318,2.929777777777778,0.2782222222222222,-0.1374663799286022,-0.051720432759161494
15,140.0,150.0,4,6.0,8.0,1012,10.12,0.030008985235797498,0.8977210813962408,0.8028874501470995,3.539525691699605,0.633399209486166,-0.17923219361923992,-0.1311796967578518
15,140.0,150.0,5,8.0,10.0,884,8.84,0.026213382360123508,0.7841753319706294,0.8896401201460976,3.7929864253393664,0.7986425339366516,-0.02710306646326421,0.33682952643728825
15,140.0,150.0,6,10.0,12.0,1064,10.64,0.03155094890404006,0.9438490421003956,0.8703083392930328,3.7086466165413534,0.75,-0.03780920237471631,0.025885954033278154
15,140.0,150.0,7,12.0,14.0,1046,10.46,0.031017192249648405,0.9278816710874189,0.8613541164111115,3.6892925430210326,0.7294455066921606,-0.04626160113450634,-0.04725803738610952
15,140.0,150.0,8,14.0,16.0,1137,11.37,0.03371562866907288,1.0086056023196894,0.8526730283735564,3.654353562005277,0.7150395778364116,-0.036448916152911015,-0.06693665171130074
15,140.0,150.0,9,16.0,18.0,1149,11.49,0.03407146643866732,1.0192505163283407,0.8955601992177168,3.8093994778067883,0.8233246301131418,0.0744022873122288,0.2297830957116962
15,140.0,150.0,10,18.0,20.0,1086,10.86,0.03220331814829652,0.9633647177829224,0.8862221787895201,3.712707182320442,0.7430939226519337,-0.015660009119453134,0.1675100647593729
15,140.0,150.0,11,20.0,22.0,834,8.34,0.024730724986813356,0.73982152360125,0.8472851206679136,3.6402877697841727,0.6618705035971223,0.03427160094945477,-0.15224150890363936
15,140.0,150.0,12,22.0,24.0,1284,12.84,0.03807464134660473,1.1390057989256652,0.8474179851868424,3.7250778816199377,0.7492211838006231,0.06551366266106595,-0.09316803960473105
15,140.0,150.0,13,24.0,26.0,848,8.48,0.025145869051340197,0.7522405899446761,0.867468594668019,3.7122641509433962,0.7370283018867925,0.014786588742315882,-0.2066742460890214
15,140.0,150.0,14,26.0,28.0,1314,13.14,0.03896423577059083,1.1656180839472932,0.8839968040213066,3.7549467275494672,0.7785388127853882,-0.0011536839454061995,0.0029070523962350064
15,140.0,150.0,15,28.0,30.0,824,8.24,0.024434193512151325,0.7309507619273741,0.8192475559406268,3.6686893203883497,0.6941747572815534,0.11389266904000925,0.19777657593560485
15,140.0,150.0,16,30.0,32.0,1263,12.63,0.03745192524981447,1.120377199410526,0.8656114044918415,3.7078384798099764,0.7585114806017419,0.10881028703386637,0.010907972442741007
15,140.0,150.0,17,32.0,34.0,1115,11.15,0.033063259424816416,0.9890899266371627,0.8404323315278723,3.72914798206278,0.7488789237668162,0.016204117966184785,-0.16435396885649103
15,140.0,150.0,18,34.0,36.0,680,6.8,0.020164140277018083,0.603211793823561,0.8789666538712011,3.7661764705882352,0.7867647058823529,0.18458825312340665,0.020989476780409622
15,140.0,150.0,19,36.0,38.0,1270,12.7,0.03765949728207789,1.126586732582239,0.8819490894913089,3.677165354330709,0.7165354330708661,0.009864229404624763,-0.08761518132608616
15,140.0,150.0,20,38.0,40.0,1037,10.37,0.030750313922452574,0.9198979855809305,0.6804889508542051,3.1918997107039537,0.3809064609450338,0.022781467761503894,0.2420307008140326
15,140.0,150.0,21,40.0,42.0,424,4.24,0.012572934525670099,0.37612029497233807,0.17529332197909536,2.292452830188679,0.07547169811320754,0.2644828608788763,-0.22482204723137056
16,150.0,160.0,1,0.0,2.0,215,2.15,0.006375426705233658,0.19072137598833178,-0.8077186205300421,0.9348837209302325,0.0,-0.9544780174616593,0.8745800112772301
16,150.0,160.0,2,2.0,4.0,412,4.12,0.012217096756075662,0.36547538096368704,0.3445841442423353,2.412621359223301,0.1553398058252427,-0.405539298142796,-0.11012478198454324
16,150.0,160.0,3,4.0,6.0,1067,10.67,0.03163990834643867,0.9465102706025584,0.682266677205924,3.189315838800375,0.4104967197750703,-0.1307808336588938,-0.05287762561384124
16,150.0,160.0,4,6.0,8.0,1029,10.29,0.03051308874272295,0.9128013762418299,0.7354322633948324,3.3994169096209914,0.5276967930029155,-0.11078738502186866,-0.18327380385004455
16,150.0,160.0,5,8.0,10.0,919,9.19,0.027251242521440615,0.815222997829195,0.8831069597944191,3.7834602829162134,0.7997823721436343,-0.07155192698149722,0.3257507318568617
16,150.0,160.0,6,10.0,12.0,1041,10.41,0.030868926512317388,0.923446290250481,0.8689701128760074,3.7166186359269933,0.74447646493756,-0.011038733532171092,0.019550908575243123
16,150.0,160.0,7,12.0,14.0,1016,10.16,0.030127597825662312,0.9012693860657912,0.8612962755482586,3.7578740157480315,0.7509842519685039,-0.07679003226258123,-0.04092883373878611
16,150.0,160.0,8,14.0,16.0,1198,11.98,0.03552447066451127,1.0627172485303324,0.8527343175539643,3.6619365609348913,0.7228714524207012,-0.06530103238984768,-0.07543573807125033
16,150.0,160.0,9,16.0,18.0,1078,10.78,0.0319660929685669,0.9562681084438218,0.8773092768105207,3.7606679035250465,0.7987012987012987,0.03469150067357708,0.24976568126111484
16,150.0,160.0,10,18.0,20.0,1092,10.92,0.03238123703309374,0.968687174787248,0.8763926736236832,3.7051282051282053,0.7371794871794872,-0.048577865210183875,0.16114729437131897
16,150.0,160.0,11,20.0,22.0,854,8.54,0.025323787936137414,0.7575630469490017,0.8436961982555705,3.570257611241218,0.6100702576112412,0.01673977877110868,-0.14266154768935732
16,150.0,160.0,12,22.0,24.0,1287,12.87,0.03816360078900334,1.141667027427828,0.8428317525240808,3.676767676767677,0.728049728049728,0.06468246798788256,-0.08959708920914494
16,150.0,160.0,13,24.0,26.0,879,8.79,0.02606511662279249,0.7797399511336913,0.8652667495372264,3.6860068259385668,0.732650739476678,0.00517391807809053,-0.2142314248893032
16,150.0,160.0,14,26.0,28.0,1290,12.9,0.03825256023140195,1.1443282559299908,0.8810091436322982,3.7573643410852715,0.7883720930232558,0.008720700266447641,0.008427691371923535
16,150.0,160.0,15,28.0,30.0,829,8.29,0.024582459249482335,0.7353861427643118,0.837237312721667,3.677925211097708,0.6887816646562123,0.10702308967206213,0.19508315687277442
16,150.0,160.0,16,30.0,32.0,1272,12.72,0.037718803577010296,1.1283608849170141,0.8678391357368942,3.7507861635220126,0.7751572327044025,0.09590098832593444,0.033148585336593865
16,150.0,160.0,17,32.0,34.0,1130,11.3,0.03350805663680946,1.0023960691479765,0.840174474491594,3.6876106194690266,0.7247787610619469,0.006901611228494881,-0.15981615157761733
16,150.0,160.0,18,34.0,36.0,696,6.96,0.02063859063647733,0.6174050125017625,0.8663075955082954,3.7385057471264367,0.7557471264367817,0.19836224825871118,0.02362384164445793
16,150.0,160.0,19,36.0,38.0,1238,12.38,0.03671059656315939,1.0982002952258363,0.8769034934462503,3.6833602584814216,0.7277867528271406,0.009987145037085551,-0.0712418622764656
16,150.0,160.0,20,38.0,40.0,1041,10.41,0.030868926512317388,0.923446290250481,0.706407335468051,3.176753121998079,0.4111431316042267,0.03603917667680175,0.21012690564364617
16,150.0,160.0,21,40.0,42.0,417,4.17,0.012365362493406678,0.369910761800625,0.11669885809194444,2.199040767386091,0.050359712230215826,0.22692260995646282,-0.26031135345076933
17,160.0,170.0,1,0.0,2.0,266,2.66,0.007887737226010015,0.2359622605250989,-0.6874016851474968,1.0112781954887218,0.0,-0.9352059317849241,0.8264529969779433
17,160.0,170.0,2,2.0,4.0,329,3.29,0.009755885516380809,0.2918480590705171,0.31395472272225805,2.2522796352583585,0.16717325227963525,-0.5331436238085023,0.11061057592574144
17,160.0,170.0,3,4.0,6.0,1123,11.23,0.03330048460454604,0.9961865359762635,0.6622899451540281,3.167408726625111,0.38290293855743546,-0.21258718958019152,-0.020166672523669205
17,160.0,170.0,4,6.0,8.0,1037,10.37,0.030750313922452574,0.9198979855809305,0.7190012742211269,3.2777242044358728,0.45901639344262296,-0.14112897204141772,-0.11542789957342608
17,160.0,170.0,5,8.0,10.0,917,9.17,0.027191936226508208,0.8134488454944199,0.8611527512830012,3.682660850599782,0.7317339149400218,-0.13517269170136093,0.3146343829212621
17,160.0,170.0,6,10.0,12.0,1070,10.7,0.031728867788837274,0.949171499104721,0.8529573034814891,3.650467289719626,0.688785046728972,-0.012351089618560707,0.022240587283069928
17,160.0,170.0,7,12.0,14.0,983,9.83,0.02914904395927761,0.8719958725420008,0.8621233708457058,3.728382502543235,0.7700915564598169,-0.11543269484531195,-0.05912505833166684
17,160.0,170.0,8,14.0,16.0,1213,12.13,0.03596926787650432,1.0760233910411465,0.8498860056279189,3.623248145094806,0.7353668590272052,-0.08144035423707054,-0.021651587555008043
17,160.0,170.0,9,16.0,18.0,1027,10.27,0.030453782447790543,0.9110272239070546,0.889774325836638,3.788704965920156,0.8081791626095424,0.01613867682533616,0.24305781043215738
17,160.0,170.0,10,18.0,20.0,1089,10.89,0.03229227759069514,0.9660259462850854,0.8601618064503657,3.727272727272727,0.7456382001836547,-0.043397890636950306,0.12809887965199387
17,160.0,170.0,11,20.0,22.0,906,9.06,0.026865751604379977,0.8036910076531564,0.8433048041303897,3.54083885209713,0.5883002207505519,-0.0012038753838015473,-0.1559048396178572
17,160.0,170.0,12,22.0,24.0,1269,12.69,0.037629844134611685,1.1256996564148514,0.8424923947317737,3.660362490149724,0.6966115051221434,0.0684042988942019,-0.03925726049263465
17,160.0,170.0,13,24.0,26.0,907,9.07,0.02689540475184618,0.804578083820544,0.8682834870211117,3.679162072767365,0.7254685777287762,-0.013149765954158992,-0.23329012396346527
17,160.0,170.0,14,26.0,28.0,1270,12.7,0.03765949728207789,1.126586732582239,0.8811844881283963,3.7,0.7385826771653543,-0.024513580996177953,0.01294517512023723
17,160.0,170.0,15,28.0,30.0,870,8.7,0.025798238295596663,0.7717562656272031,0.8412709226835292,3.679310344827586,0.7172413793103448,0.1206689037643878,0.17370423339652225
17,160.0,170.0,16,30.0,32.0,1195,11.95,0.03543551122211266,1.0600560200281697,0.8732332827967155,3.7606694560669456,0.7866108786610879,0.09061900618784365,3.7092169249473645e-05
17,160.0,170.0,17,32.0,34.0,1130,11.3,0.03350805663680946,1.0023960691479765,0.8344139842878273,3.715929203539823,0.7433628318584071,0.018486697837829323,-0.17878291075237787
17,160.0,170.0,18,34.0,36.0,669,6.69,0.01983795565488985,0.5934539559822977,0.8663743350914025,3.7757847533632285,0.7907324364723468,0.17227510177297817,0.027847482675038573
17,160.0,170.0,19,36.0,38.0,1262,12.62,0.03742227210234826,1.1194901232431382,0.863964150927112,3.702852614896989,0.7329635499207607,0.04143994003235873,-0.07773260778631953
17,160.0,170.0,20,38.0,40.0,1052,10.52,0.031195111134445622,0.9332041280917445,0.674790917102831,3.11787072243346,0.37167300380228135,0.024895822614254763,0.13567442727166293
17,160.0,170.0,21,40.0,42.0,412,4.12,0.012217096756075662,0.36547538096368704,0.22600731039976904,2.3325242718446604,0.07281553398058252,0.21464360433168073,-0.25584183461541893
18,170.0,180.0,1,0.0,2.0,244,2.44,0.007235367981753547,0.2164465848425719,-0.5878814929816735,0.9713114754098361,0.0,-0.9554167223050493,0.8779918412626706
18,170.0,180.0,2,2.0,4.0,458,4.58,0.013581141539521002,0.4062808846635161,0.4140785561480572,2.2685589519650655,0.1222707423580786,-0.5154625123644315,0.059231522424420036
18,170.0,180.0,3,4.0,6.0,1039,10.39,0.030809620217384984,0.9216721379157059,0.6806752390193602,3.129932627526468,0.36766121270452357,-0.2888503848043747,0.12053662206221764
18,170.0,180.0,4,6.0,8.0,1020,10.2,0.030246210415527122,0.9048176907353416,0.7093208165270317,3.2362745098039216,0.4294117647058823,-0.1679887655418213,-0.07796474849778387
18,170.0,180.0,5,8.0,10.0,941,9.41,0.027903611765697084,0.834738673511722,0.8368033108635579,3.660998937300744,0.6950053134962806,-0.2075799037293447,0.2641885700376833
18,170.0,180.0,6,10.0,12.0,1083,10.83,0.03211435870589792,0.9607034892807598,0.8299677745196865,3.512465373961219,0.5983379501385041,-0.1486422969034598,0.051790145268725586
18,170.0,180.0,7,12.0,14.0,945,9.45,0.02802222435556189,0.8382869781812723,0.8639880126631969,3.6613756613756614,0.7492063492063492,-0.11340525247918139,-0.1183200607185642
18,170.0,180.0,8,14.0,16.0,1146,11.46,0.033982506996268716,1.0165892878261782,0.8507383072397648,3.6736474694589876,0.7495636998254799,-0.08224124205957768,-0.031564367752023335
18,170.0,180.0,9,16.0,18.0,1129,11.29,0.03347840348934326,1.001508992980589,0.8705525887630401,3.763507528786537,0.8015943312666076,-0.012625630461006279,0.20987295004852208
18,170.0,180.0,10,18.0,20.0,1074,10.74,0.03184748037870209,0.9527198037742713,0.8277378340060405,3.6303538175046555,0.6741154562383612,-0.007715031819674223,0.07970769039803924
18,170.0,180.0,11,20.0,22.0,910,9.1,0.026984364194244787,0.8072393123227067,0.8393020553794733,3.5505494505494504,0.6054945054945055,0.05653044706083747,-0.1685677990290171
18,170.0,180.0,12,22.0,24.0,1269,12.69,0.037629844134611685,1.1256996564148514,0.8454838799327344,3.7044917257683214,0.7375886524822695,0.05800904435863489,-0.08306170352199065
18,170.0,180.0,13,24.0,26.0,906,9.06,0.026865751604379977,0.8036910076531564,0.87803069412781,3.7759381898454745,0.7847682119205298,0.005537868267214506,-0.25965999881277185
18,170.0,180.0,14,26.0,28.0,1279,12.79,0.03792637560927371,1.1345704180887273,0.891163779744025,3.7349491790461298,0.766223612197029,-0.022288559699045068,0.01276106085478855
18,170.0,180.0,15,28.0,30.0,912,9.12,0.02704367048917719,0.8090134646574818,0.8652216842473488,3.7291666666666665,0.7467105263157895,0.10379102379841727,0.18255437258860743
18,170.0,180.0,16,30.0,32.0,1096,10.96,0.03249984962295856,0.9722354794567984,0.880586559694764,3.7600364963503647,0.7801094890510949,0.09154004472182739,-0.030575121794226227
18,170.0,180.0,17,32.0,34.0,1128,11.28,0.033448750341877054,1.0006219168132013,0.8183414711581093,3.6604609929078014,0.7101063829787234,0.04024038843141365,-0.20142612317672517
18,170.0,180.0,18,34.0,36.0,703,7.03,0.020846162668740755,0.6236145456734756,0.8662646762118997,3.689900426742532,0.7339971550497866,0.114502934563675,0.00801194323357898
18,170.0,180.0,19,36.0,38.0,1258,12.58,0.037303659512483454,1.115941818573588,0.872749738063835,3.732114467408585,0.7670906200317965,0.07243740921392641,-0.09039640817036539
18,170.0,180.0,20,38.0,40.0,1051,10.51,0.03116545798697942,0.9323170519243569,0.6589362473442767,3.2102759276879165,0.40247383444338725,-0.0019598681385106158,0.17341288735158014
18,170.0,180.0,21,40.0,42.0,409,4.09,0.012128137313677052,0.3628141524615242,0.19806845220502445,2.3276283618581908,0.029339853300733496,0.23046088733561657,-0.23746672139540723
19,180.0,190.0,1,0.0,2.0,235,2.35,0.00696848965455772,0.2084628993360836,-0.7139366263237098,0.9531914893617022,0.0,-0.9620512331393858,0.8947085247813048
19,180.0,190.0,2,2.0,4.0,361,3.61,0.010704786235299305,0.3202344964269199,0.24488322201019527,2.063711911357341,0.07756232686980609,-0.4787311505191515,-0.02528555876538416
19,180.0,190.0,3,4.0,6.0,1107,11.07,0.032826034245086795,0.981993317298062,0.6466347301018943,2.966576332429991,0.3062330623306233,-0.3375305965120762,0.17404429036576502
19,180.0,190.0,4,6.0,8.0,1018,10.18,0.03018690412059472,0.9030435384005664,0.749375591982746,3.3713163064833007,0.5157170923379175,-0.2050788474009901,-0.15297271615358932
19,180.0,190.0,5,8.0,10.0,1007,10.07,0.029860719498466484,0.8932857005593029,0.8647175244066623,3.6941410129096326,0.7140019860973188,-0.14751640428965326,0.16972171705961095
19,180.0,190.0,6,10.0,12.0,1095,10.95,0.032470196475492354,0.9713484032894109,0.8306966135796172,3.595433789954338,0.6621004566210046,-0.16966097130592372,0.06710958763395321
19,180.0,190.0,7,12.0,14.0,919,9.19,0.027251242521440615,0.815222997829195,0.8855532404484783,3.7910772578890097,0.8052230685527747,-0.10972303996619955,-0.11339240885445952
19,180.0,190.0,8,14.0,16.0,1163,11.63,0.03448661050319417,1.031669582671767,0.8494251268588924,3.65262252794497,0.7454858125537404,-0.08884770213027321,-0.03686449665411478
19,180.0,190.0,9,16.0,18.0,1093,10.93,0.03241089018055995,0.9695742509546356,0.8708089217331771,3.7813357731015556,0.8106129917657823,-0.013198331734497679,0.2308822714929549
19,180.0,190.0,10,18.0,20.0,1091,10.91,0.03235158388562754,0.9678000986198604,0.8243680775244964,3.608615948670944,0.6617781851512374,-0.021341463360346386,0.12542380319046556
19,180.0,190.0,11,20.0,22.0,795,7.95,0.023574252235631435,0.7052255530731338,0.8267556548719828,3.4981132075471697,0.5937106918238994,0.03279769346775909,-0.20149098098743642
19,180.0,190.0,12,22.0,24.0,1325,13.25,0.03929042039271906,1.1753759217885564,0.8337128375322864,3.6490566037735848,0.6958490566037736,0.04512590519432752,-0.09333473879000175
19,180.0,190.0,13,24.0,26.0,859,8.59,0.025472053673468432,0.7619984277859396,0.8664578632514737,3.7345750873108265,0.7648428405122235,0.015172886465958269,-0.21290130144835603
19,180.0,190.0,14,26.0,28.0,1320,13.2,0.03914215465538804,1.1709405409516185,0.8866484393342992,3.771212121212121,0.793939393939394,0.0011034317878330913,-0.003768576439060995
19,180.0,190.0,15,28.0,30.0,894,8.94,0.026509913834785535,0.7930460936445052,0.8602924520183031,3.668903803131991,0.6923937360178971,0.10485949179324278,0.13607624705137492
19,180.0,190.0,16,30.0,32.0,1131,11.31,0.033537709784275664,1.0032831453153641,0.8778219552552233,3.7630415561450046,0.7922192749778957,0.08955704819532655,0.003254227986772575
19,180.0,190.0,17,32.0,34.0,1111,11.11,0.0329446468349516,0.9855416219676122,0.8250068731085732,3.639063906390639,0.6948694869486949,0.058338867362899484,-0.21453455039798844
19,180.0,190.0,18,34.0,36.0,741,7.41,0.02197298227245647,0.6573234400342041,0.8566289154118456,3.669365721997301,0.7098515519568152,0.11815318500246648,0.02029758016162213
19,180.0,190.0,19,36.0,38.0,1228,12.28,0.03641406508849736,1.0893295335519602,0.879188438886971,3.6807817589576546,0.7125407166123778,0.10050592632445024,-0.06439989899217999
19,180.0,190.0,20,38.0,40.0,1031,10.31,0.03057239503765536,0.9145755285766052,0.6871538326381259,3.158098933074685,0.4034917555771096,-0.005183347393730754,0.14475365854186534
19,180.0,190.0,21,40.0,42.0,472,4.72,0.013996285604047845,0.41869995100694235,0.26521464010370044,2.434322033898305,0.07415254237288135,0.26635587359633506,-0.21195259088527518
20,190.0,200.0,1,0.0,2.0,237,2.37,0.007027795949490126,0.2102370516708588,-0.7296413816885772,1.0379746835443038,0.0,-0.9598144814154529,0.886317320291336
20,190.0,200.0,2,2.0,4.0,343,3.43,0.010171029580907652,0.30426712541394335,0.36292877578291854,2.2886297376093294,0.14868804664723032,-0.4901091547112179,-0.009344883563312286
20,190.0,200.0,3,4.0,6.0,1062,10.62,0.03149164260910765,0.9420748897656204,0.6731837212343698,3.083804143126177,0.3822975517890772,-0.2525018777880187,0.06267805307134702
20,190.0,200.0,4,6.0,8.0,1061,10.61,0.03146198946164145,0.9411878135982328,0.7144132772073742,3.295947219604147,0.4825636192271442,-0.1323854300981784,-0.16589315438101684
20,190.0,200.0,5,8.0,10.0,1064,10.64,0.03155094890404006,0.9438490421003956,0.8456540341813642,3.619360902255639,0.6870300751879699,-0.1125009352913668,0.14049345362949872
20,190.0,200.0,6,10.0,12.0,1053,10.53,0.031224764281911822,0.934091204259132,0.8452820767109164,3.667616334283001,0.7037037037037037,-0.07430182276455022,-0.04231327300257616
20,190.0,200.0,7,12.0,14.0,948,9.48,0.028111183797960505,0.8409482066834352,0.8886205750613254,3.790084388185654,0.7784810126582279,-0.11756965684628738,-0.1056032880533263
20,190.0,200.0,8,14.0,16.0,1165,11.65,0.03454591679812657,1.0334437350065422,0.8318481676684037,3.6360515021459228,0.7390557939914163,-0.05786818028634766,-0.03145448049177295
20,190.0,200.0,9,16.0,18.0,1066,10.66,0.03161025519897247,0.9456231944351707,0.8873366454100946,3.8227016885553473,0.8208255159474672,-0.011586424708522487,0.232887542397495
20,190.0,200.0,10,18.0,20.0,1081,10.81,0.03205505241096551,0.9589293369459846,0.8192296587174885,3.584643848288622,0.6493987049028677,-0.03874450117831662,0.13401725007969906
20,190.0,200.0,11,20.0,22.0,814,8.14,0.024137662037489294,0.722080000253498,0.8118622878671892,3.409090909090909,0.547911547911548,0.02849521558134528,-0.23435292260325943
20,190.0,200.0,12,22.0,24.0,1324,13.24,0.039260767245252855,1.1744888456211688,0.8370530893731045,3.6480362537764353,0.6903323262839879,0.04660732163743244,-0.1004940508912493
20,190.0,200.0,13,24.0,26.0,866,8.66,0.025679625705731852,0.7682079609576528,0.8652777349067029,3.7702078521939955,0.7829099307159353,0.020688662066435066,-0.20899720220355958
20,190.0,200.0,14,26.0,28.0,1288,12.88,0.038193253936469544,1.1425541035952156,0.8819465227342074,3.7158385093167703,0.7531055900621118,-0.004178614906430888,0.0013384574214856599
20,190.0,200.0,15,28.0,30.0,909,9.09,0.026954711046778584,0.8063522361553191,0.8275178431220278,3.55995599559956,0.6204620462046204,0.11103619106946233,0.0965940558303123
20,190.0,200.0,16,30.0,32.0,1109,11.09,0.032885340540019195,0.983767469632837,0.8719877550474998,3.7366997294860234,0.763751127141569,0.10627752466595855,0.01724346241043445
20,190.0,200.0,17,32.0,34.0,1090,10.9,0.032321930738161336,0.9669130224524728,0.8315557928802729,3.626605504587156,0.6889908256880733,0.11839299417961012,-0.21708750950870428
20,190.0,200.0,18,34.0,36.0,751,7.51,0.0222695137471185,0.66619420170808,0.8634184654057697,3.6711051930758987,0.7177097203728362,0.15044203225939795,0.00524279798150947
20,190.0,200.0,19,36.0,38.0,1217,12.17,0.03608788046636913,1.0795716957106967,0.9002475361588671,3.7732128184059164,0.7921117502054231,0.1071634497350113,-0.07631543741956637
20,190.0,200.0,20,38.0,40.0,1027,10.27,0.030453782447790543,0.9110272239070546,0.6987289770341348,3.225900681596884,0.4294060370009737,0.03107432406022323,0.15226558752083938
20,190.0,200.0,21,40.0,42.0,525,5.25,0.015567902419756608,0.46571498787848464,0.2498427357173615,2.4838095238095237,0.06857142857142857,0.3040084254128419,-0.1832087825137694
21,200.0,210.0,1,0.0,2.0,215,2.15,0.006375426705233658,0.19072137598833178,-0.682737554338685,1.1023255813953488,0.0,-0.9718879413197414,0.918710152943893
21,200.0,210.0,2,2.0,4.0,379,3.79,0.01123854288969096,0.3362018674398965,0.33209004143352,2.3271767810026387,0.13720316622691292,-0.480977688426828,0.06524866185039051
21,200.0,210.0,3,4.0,6.0,1106,11.06,0.03279638109762059,0.9811062411306745,0.6683440016759274,3.0858951175406872,0.3589511754068716,-0.2602113009688296,0.025805555563992867
21,200.0,210.0,4,6.0,8.0,1024,10.24,0.030364823005391936,0.9083659954048919,0.7660888826955331,3.4140625,0.546875,-0.16616569532381184,-0.08633086826551715
21,200.0,210.0,5,8.0,10.0,1102,11.02,0.03267776850775577,0.9775579364611238,0.8547253867886349,3.6978221415607986,0.720508166969147,-0.16008280983693055,0.12486271301780841
21,200.0,210.0,6,10.0,12.0,946,9.46,0.0280518775030281,0.8391740543486601,0.8678166051480544,3.7103594080338267,0.7389006342494715,-0.08818057909957058,0.0005968869562621448
21,200.0,210.0,7,12.0,14.0,962,9.62,0.028526327862487343,0.8533672730268612,0.8908231387331066,3.7422037422037424,0.7681912681912682,-0.15310997095480355,-0.07906662265097768
21,200.0,210.0,8,14.0,16.0,1182,11.82,0.03505002030505202,1.0485240298521312,0.8093061947998472,3.5524534686971236,0.6692047377326565,-0.09922748375683293,-0.04598546823143743
21,200.0,210.0,9,16.0,18.0,1066,10.66,0.03161025519897247,0.9456231944351707,0.8816968549158368,3.779549718574109,0.7879924953095685,-0.00850380037880699,0.1687707173262274
21,200.0,210.0,10,18.0,20.0,1088,10.88,0.032262624443228936,0.9651388701176978,0.8240350283336491,3.6314338235294117,0.6102941176470589,-0.06655128710990582,0.05210999802682709
21,200.0,210.0,11,20.0,22.0,778,7.78,0.023070148728705983,0.6901452582275449,0.8118237410902048,3.498714652956298,0.596401028277635,-0.032269342093344686,-0.10570568790077207
21,200.0,210.0,12,22.0,24.0,1323,13.23,0.03923111409778665,1.1736017694537813,0.8179966948701988,3.5540438397581253,0.6447467876039304,0.05497870925106906,-0.0800054548535216
21,200.0,210.0,13,24.0,26.0,900,9.0,0.026687832719582756,0.7983685506488308,0.8666437725709621,3.776666666666667,0.8077777777777778,0.020472446583354616,-0.14222676628996256
21,200.0,210.0,14,26.0,28.0,1209,12.09,0.035850655286639506,1.0724750863715962,0.8846419884697706,3.750206782464847,0.7675765095119934,0.04767309129667615,-0.04368532196511331
21,200.0,210.0,15,28.0,30.0,937,9.37,0.027784999175832267,0.8311903688421716,0.8453055355017591,3.551760939167556,0.6435432230522946,0.13142516468904877,0.03203060729595276
21,200.0,210.0,16,30.0,32.0,1146,11.46,0.033982506996268716,1.0165892878261782,0.8779300327140688,3.7085514834205933,0.7452006980802792,0.06849127061584225,0.046001553874457264
21,200.0,210.0,17,32.0,34.0,1034,10.34,0.030661354480053967,0.9172367570787678,0.8333846951636681,3.633462282398453,0.6943907156673114,0.11913495169861843,-0.22000459078958973
21,200.0,210.0,18,34.0,36.0,808,8.08,0.023959743152692076,0.7167575432491726,0.8572362341339489,3.735148514851485,0.754950495049505,0.14386018350727878,-0.004952467063207157
21,200.0,210.0,19,36.0,38.0,1194,11.94,0.035405858074646454,1.059168943860782,0.9006886474600548,3.758793969849246,0.7780569514237856,0.11911699918098155,-0.09387437527611832
21,200.0,210.0,20,38.0,40.0,1015,10.15,0.03009794467819611,0.9003823098984036,0.7155509160385479,3.266995073891626,0.458128078817734,0.048302786983460806,0.17870968429597073
21,200.0,210.0,21,40.0,42.0,584,5.84,0.01731743812026259,0.5180524817543525,0.26729438782585674,2.5753424657534247,0.10787671232876712,0.2801967942854124,-0.19968142145026285
22,210.0,220.0,1,0.0,2.0,214,2.14,0.006345773557767456,0.18983429982094424,-0.5337095688963293,1.1542056074766356,0.0,-0.9636602960889142,0.8970864281131306
22,210.0,220.0,2,2.0,4.0,488,4.88,0.014470735963507094,0.4328931696851438,0.3551082143713343,2.3831967213114753,0.10450819672131148,-0.5149890522356816,0.07975383284864512
22,210.0,220.0,3,4.0,6.0,1094,10.94,0.03244054332802615,0.9704613271220233,0.6867064870084327,3.2285191956124315,0.44881170018281535,-0.24848941109457925,0.030816779731627157
22,210.0,220.0,4,6.0,8.0,985,9.85,0.029208350254210015,0.8737700248767759,0.7673330830855154,3.4060913705583755,0.550253807106599,-0.13256267924964232,0.04329939231222261
22,210.0,220.0,5,8.0,10.0,1118,11.18,0.033152218867215026,0.9917511551393254,0.83584502704497,3.6493738819320214,0.6905187835420393,-0.1892810929735799,0.1265293965641592
22,210.0,220.0,6,10.0,12.0,987,9.87,0.029267656549142422,0.8755441772115511,0.8623662550147494,3.690982776089159,0.7213779128672746,-0.09399651993603936,-0.06399529392515341
22,210.0,220.0,7,12.0,14.0,925,9.25,0.027429161406237832,0.8205454548335205,0.8888234768935885,3.708108108108108,0.7448648648648649,-0.06793463689626994,-0.06274312771573828
22,210.0,220.0,8,14.0,16.0,1193,11.93,0.03537620492718025,1.0582818676933945,0.8175971527126288,3.5356244761106455,0.6529756915339481,-0.1456775458126611,0.002583098358385321
22,210.0,220.0,9,16.0,18.0,1069,10.69,0.03169921464137107,0.9482844229373334,0.890262881076082,3.758652946679139,0.7867165575304023,-0.013901682340093001,0.07768268854103726
22,210.0,220.0,10,18.0,20.0,1062,10.62,0.03149164260910765,0.9420748897656204,0.8066300175143902,3.597928436911488,0.5875706214689266,-0.0076728057499792605,0.06637486696039334
22,210.0,220.0,11,20.0,22.0,835,8.35,0.024760378134279556,0.7407085997686375,0.7992758511034429,3.458682634730539,0.5652694610778443,-0.016380056059795353,-0.1168001029586491
22,210.0,220.0,12,22.0,24.0,1256,12.56,0.03724435321755105,1.1141676662388127,0.8250119552693346,3.5684713375796178,0.6361464968152867,0.04879999001733433,-0.0707830401338667
22,210.0,220.0,13,24.0,26.0,1014,10.14,0.03006829153072991,0.8994952337310161,0.883046936772662,3.7702169625246547,0.7928994082840237,0.07933241300980906,-0.21714521754437435
22,210.0,220.0,14,26.0,28.0,1191,11.91,0.03531689863224785,1.0565077153586195,0.8720904199461744,3.7313182199832076,0.7615449202350966,-0.04415569096688598,0.04834300775093463
22,210.0,220.0,15,28.0,30.0,965,9.65,0.028615287304885956,0.8560285015290242,0.8274916441458138,3.578238341968912,0.6248704663212435,0.11880060470677586,0.14821584231313514
22,210.0,220.0,16,30.0,32.0,1042,10.42,0.03089857965978359,0.9243333664178686,0.8713590903423104,3.72936660268714,0.7648752399232246,0.11065246764801552,-0.04934896784575402
22,210.0,220.0,17,32.0,34.0,1117,11.17,0.03312256571974882,0.9908640789719378,0.8274368048539921,3.6875559534467324,0.7260519247985676,0.11735741854284346,-0.1959071418857794
22,210.0,220.0,18,34.0,36.0,769,7.69,0.022803270401510155,0.6821615727210566,0.8846020233535977,3.7672301690507153,0.7958387516254877,0.13832372499568307,0.014603906655848495
22,210.0,220.0,19,36.0,38.0,1184,11.84,0.035109326599984426,1.0502981821869064,0.8981339789062041,3.782939189189189,0.8065878378378378,0.12187359669291775,-0.04897282255314575
22,210.0,220.0,20,38.0,40.0,1039,10.39,0.030809620217384984,0.9216721379157059,0.6860245810862011,3.1828681424446583,0.3897978825794033,0.05284066566641716,0.09599364963229239
22,210.0,220.0,21,40.0,42.0,453,4.53,0.013432875802189988,0.4018455038265782,0.19143813057307546,2.3598233995584987,0.033112582781456956,0.3092815387837417,-0.17891895847118103
23,220.0,230.0,1,0.0,2.0,216,2.16,0.006405079852699862,0.19160845215571942,-0.4950816281032929,1.25,0.0,-0.944445671935526,0.849123277205999
23,220.0,230.0,2,2.0,4.0,473,4.73,0.01402593875151405,0.41958702717433005,0.29037800028509714,2.350951374207188,0.04439746300211417,-0.47127348536272073,0.13054300267626895
23,220.0,230.0,3,4.0,6.0,1143,11.43,0.0338935475538701,1.013928059324015,0.6980146633437518,3.2554680664916886,0.4645669291338583,-0.2402094265821016,0.02004951712296785
23,220.0,230.0,4,6.0,8.0,898,8.98,0.026628526424650353,0.7965943983140557,0.7656622081069868,3.400890868596882,0.49888641425389757,-0.17186120785284045,0.013850416820320413
23,220.0,230.0,5,8.0,10.0,1129,11.29,0.03347840348934326,1.001508992980589,0.8250894805594463,3.563330380868025,0.6527900797165633,-0.1782209180895767,0.16377969297850864
23,220.0,230.0,6,10.0,12.0,943,9.43,0.027962918060629487,0.8365128258464971,0.8501806259662269,3.6733828207847297,0.7274655355249204,-0.10753831241287563,-0.01653817970417389
23,220.0,230.0,7,12.0,14.0,952,9.52,0.028229796387825315,0.8444965113529854,0.8785375570786722,3.7489495798319328,0.7867647058823529,-0.10539080958518234,-0.1147696561869491
23,220.0,230.0,8,14.0,16.0,1179,11.79,0.03496106086265341,1.0458628013499682,0.8623069630997853,3.7217981340118746,0.7574215436810857,-0.08788509846060584,-0.022948039311458276
23,220.0,230.0,9,16.0,18.0,1074,10.74,0.03184748037870209,0.9527198037742713,0.875170609144228,3.684357541899441,0.723463687150838,-0.02960943180942441,0.1470234980162922
23,220.0,230.0,10,18.0,20.0,1041,10.41,0.030868926512317388,0.923446290250481,0.8144967780755357,3.5552353506243994,0.6234390009606148,-0.02769096288542177,0.0240086433251422
23,220.0,230.0,11,20.0,22.0,921,9.21,0.027310548816373025,0.8169971501639703,0.8210940548876765,3.6156351791530943,0.6514657980456026,-0.05992446373881076,-0.19336313906726993
23,220.0,230.0,12,22.0,24.0,1282,12.82,0.03801533505167233,1.1372316465908903,0.8318092396831249,3.6692667706708266,0.6996879875195008,0.06306774317142809,-0.002989185811726533
23,220.0,230.0,13,24.0,26.0,903,9.03,0.026776792161981363,0.8010297791509935,0.8590373756391592,3.751937984496124,0.7774086378737541,0.0009403167703460524,-0.2523644284525631
23,220.0,230.0,14,26.0,28.0,1184,11.84,0.035109326599984426,1.0502981821869064,0.8735845537915263,3.7576013513513513,0.777027027027027,-0.0306561058254338,0.002939278312877977
23,220.0,230.0,15,28.0,30.0,951,9.51,0.02820014324035911,0.8436094351855978,0.8316237931891943,3.6361724500525763,0.6813880126182965,0.09756109326928565,-0.04671213671585313
23,220.0,230.0,16,30.0,32.0,1140,11.4,0.033804588111471495,1.0112668308218524,0.870497508677894,3.7263157894736842,0.7535087719298246,0.11647598963415356,0.02239933380644861
23,220.0,230.0,17,32.0,34.0,1137,11.37,0.03371562866907288,1.0086056023196894,0.8426405007151198,3.7036059806508357,0.7431838170624451,0.06150878030733053,-0.17069659700976608
23,220.0,230.0,18,34.0,36.0,735,7.35,0.021795063387659252,0.6520009830298785,0.8942211831537988,3.785034013605442,0.8149659863945579,0.16128016669997014,0.002850662124218594
23,220.0,230.0,19,36.0,38.0,1182,11.82,0.03505002030505202,1.0485240298521312,0.9020116544356459,3.763113367174281,0.7876480541455161,0.09756302872314068,-0.0532112121038682
23,220.0,230.0,20,38.0,40.0,1056,10.56,0.03131372372431043,0.9367524327612947,0.6953101956995629,3.199810606060606,0.4289772727272727,0.07658948016023705,0.09825618192477915
23,220.0,230.0,21,40.0,42.0,461,4.61,0.013670100981919613,0.4089421131656789,0.18260114325261734,2.403470715835141,0.039045553145336226,0.29883453587404646,-0.1910757274561898
24,230.0,240.0,1,0.0,2.0,196,1.96,0.0058120169033758,0.17386692880796759,-0.47178232318747204,1.163265306122449,0.0,-0.932182618480069,0.8152029743922916
24,230.0,240.0,2,2.0,4.0,448,4.48,0.013284610064858973,0.39741012298964024,0.21919537715354967,2.0982142857142856,0.07589285714285714,-0.5066468205082569,0.22039160556562143
24,230.0,240.0,3,4.0,6.0,1207,12.07,0.0357913489917071,1.070700934036821,0.7003321210949767,3.1930405965202984,0.4076222038111019,-0.18700069308347433,0.0406968887208063
24,230.0,240.0,4,6.0,8.0,782,7.82,0.023188761318570797,0.6936935628970953,0.8219305379120395,3.575447570332481,0.6227621483375959,-0.14144897927253763,-0.08005586248663084
24,230.0,240.0,5,8.0,10.0,1224,12.24,0.03629545249863255,1.08578122888241,0.8730350701524108,3.704248366013072,0.7344771241830066,-0.15229696610089621,0.16679745683488242
24,230.0,240.0,6,10.0,12.0,1016,10.16,0.030127597825662312,0.9012693860657912,0.8427214570149768,3.6131889763779528,0.6663385826771654,-0.08499927503598743,-0.1115854278078861
24,230.0,240.0,7,12.0,14.0,961,9.61,0.028496674715021143,0.8524801968594737,0.88976958191832,3.715920915712799,0.7471383975026015,-0.06919617455777488,-0.17472414514734871
24,230.0,240.0,8,14.0,16.0,1197,11.97,0.03549481751704507,1.061830172362945,0.8804114502899943,3.7435254803675857,0.7677527151211362,-0.08982924164362881,0.000275816371822656
24,230.0,240.0,9,16.0,18.0,1024,10.24,0.030364823005391936,0.9083659954048919,0.8990770603207452,3.77734375,0.7978515625,-0.0011581913571309475,0.04524061631816243
24,230.0,240.0,10,18.0,20.0,1088,10.88,0.032262624443228936,0.9651388701176978,0.8313907832751594,3.6332720588235294,0.671875,-0.006011269702120232,0.04038149390365925
24,230.0,240.0,11,20.0,22.0,987,9.87,0.029267656549142422,0.8755441772115511,0.831089216056895,3.6058763931104356,0.6666666666666666,-0.11867608041116191,-0.09875094959226421
24,230.0,240.0,12,22.0,24.0,1173,11.73,0.034783141977856195,1.040540344345643,0.8096001922456346,3.5106564364876385,0.6121057118499573,0.07206342999540774,0.0029979862773639966
24,230.0,240.0,13,24.0,26.0,971,9.71,0.028793206189683177,0.8613509585333498,0.8536654149700852,3.7353244078269823,0.7260556127703398,-0.0009266441196847485,-0.20492162067171577
24,230.0,240.0,14,26.0,28.0,1129,11.29,0.03347840348934326,1.001508992980589,0.8551024122263996,3.7130203720106287,0.7395925597874224,-0.02109865423953617,0.040318208675497035
24,230.0,240.0,15,28.0,30.0,1057,10.57,0.031343376871776636,0.9376395089286824,0.8292585531247144,3.6490066225165565,0.6991485335856197,0.03513753157318422,-0.01342621364675674
24,230.0,240.0,16,30.0,32.0,1033,10.33,0.030631701332587764,0.9163496809113802,0.8774260103202527,3.782187802516941,0.8044530493707648,0.15308797523191806,0.0022357283902437776
24,230.0,240.0,17,32.0,34.0,1247,12.47,0.03697747489035522,1.1061839807323246,0.8478182324435236,3.732959101844427,0.773055332798717,0.06905810771707506,-0.13983903822809052
24,230.0,240.0,18,34.0,36.0,681,6.81,0.020193793424484286,0.6040988699909486,0.8946599455124429,3.801762114537445,0.8105726872246696,0.13346906206301118,0.004344898400021764
24,230.0,240.0,19,36.0,38.0,1166,11.66,0.03457556994559277,1.0343308111739298,0.8841685933876434,3.7409948542024014,0.7555746140651801,0.11995083600876652,-0.030263207147232796
24,230.0,240.0,20,38.0,40.0,1112,11.12,0.032974299982417805,0.9864286981349998,0.6408238866910231,3.151978417266187,0.41906474820143885,0.10648341874519694,0.0879441392941185
24,230.0,240.0,21,40.0,42.0,301,3.01,0.008925597387327122,0.26700992638366455,0.11145855797883908,2.176079734219269,0.0033222591362126247,0.2612810690943338,-0.2546339805671309
25,240.0,250.0,1,0.0,2.0,218,2.18,0.006464386147632268,0.1933826044904946,-0.4602822384039048,1.0229357798165137,0.0,-0.9241119739740893,0.8017870238578259
25,240.0,250.0,2,2.0,4.0,421,4.21,0.01248397508327149,0.3734590664701753,0.32946833177384416,2.163895486935867,0.10926365795724466,-0.44027848235776923,0.10972125497023053
25,240.0,250.0,3,4.0,6.0,1174,11.74,0.0348127951253224,1.0414274205130305,0.6991750367327627,3.1771720613287906,0.39267461669505965,-0.2118376473908193,0.0512228181580181
25,240.0,250.0,4,6.0,8.0,822,8.22,0.02437488721721892,0.7291766095925989,0.8327689830664728,3.5632603406326036,0.6204379562043796,-0.12084082009193918,-0.11444136803165453
25,240.0,250.0,5,8.0,10.0,1200,12.0,0.035583776959443675,1.0644914008651076,0.8621734756685538,3.6433333333333335,0.6883333333333334,-0.14188751648455933,0.16598152963480176
25,240.0,250.0,6,10.0,12.0,1000,10.0,0.029653147466203063,0.8870761673875898,0.8647009779338535,3.603,0.676,-0.05991388256268124,-0.11601449734247567
25,240.0,250.0,7,12.0,14.0,1068,10.68,0.03166956149390487,0.9473973467699458,0.8774889753566091,3.6769662921348316,0.7088014981273408,-0.07224974705110009,-0.22385812614807626
25,240.0,250.0,8,14.0,16.0,1128,11.28,0.033448750341877054,1.0006219168132013,0.8816926824041917,3.74290780141844,0.7686170212765957,-0.08231322989801809,-0.017100566382364162
25,240.0,250.0,9,16.0,18.0,1091,10.91,0.03235158388562754,0.9678000986198604,0.8996209522187697,3.7461044912923924,0.7717690192483959,-0.0046174725640484434,0.08262231612558384
25,240.0,250.0,10,18.0,20.0,1030,10.3,0.030542741890189157,0.9136884524092176,0.8244632524638973,3.5174757281553397,0.5951456310679611,0.03233150366122878,0.05665022758418754
25,240.0,250.0,11,20.0,22.0,1007,10.07,0.029860719498466484,0.8932857005593029,0.8315837598745572,3.612711022840119,0.6693147964250248,-0.09771254072161648,-0.0516194374692827
25,240.0,250.0,12,22.0,24.0,1124,11.24,0.03333013775201225,0.9970736121436511,0.7983639595144771,3.4661921708185055,0.5809608540925267,0.0970306224148622,0.07118038780418239
25,240.0,250.0,13,24.0,26.0,984,9.84,0.029178697106743815,0.8728829487093884,0.8488587751433522,3.7489837398373984,0.7195121951219512,0.01461834695348655,-0.14326016182293588
25,240.0,250.0,14,26.0,28.0,1127,11.27,0.03341909719441085,0.9997348406458136,0.8247352701646721,3.614019520851819,0.6264418811002662,-0.027663402446623093,0.09632164859502025
25,240.0,250.0,15,28.0,30.0,1102,11.02,0.03267776850775577,0.9775579364611238,0.832756557467853,3.646098003629764,0.6842105263157895,0.02637262423028531,-0.04514305612785131
25,240.0,250.0,16,30.0,32.0,990,9.9,0.029356615991541032,0.8782054057137139,0.87440145821144,3.7404040404040404,0.7686868686868686,0.18640269096418108,-0.0029520043123797074
25,240.0,250.0,17,32.0,34.0,1264,12.64,0.037481578397280675,1.1212642755779136,0.8527587134283064,3.7911392405063293,0.8085443037974683,0.05820878271936476,-0.15420267273978663
25,240.0,250.0,18,34.0,36.0,678,6.78,0.02010483398208568,0.601437641488786,0.8941387526767793,3.8185840707964602,0.8362831858407079,0.10919771872091699,0.010875986141446331
25,240.0,250.0,19,36.0,38.0,1195,11.95,0.03543551122211266,1.0600560200281697,0.8897917260400413,3.7598326359832637,0.7799163179916317,0.12086273375054189,-0.007998669719340589
25,240.0,250.0,20,38.0,40.0,1056,10.56,0.03131372372431043,0.9367524327612947,0.6350477966484331,3.153409090909091,0.4318181818181818,0.1402750922979507,0.0858256801630457
25,240.0,250.0,21,40.0,42.0,317,3.17,0.00940004774678637,0.28120314506186594,0.048507257740301075,2.107255520504732,0.0031545741324921135,0.2714318141182507,-0.21739680562353916
26,250.0,260.0,1,0.0,2.0,226,2.26,0.006701611327361892,0.20047921382959527,-0.43696706762726023,1.0663716814159292,0.0,-0.9665210781100521,0.9047716928414872
26,250.0,260.0,2,2.0,4.0,378,3.78,0.011208889742224757,0.3353147912725089,0.22509184166925658,2.0502645502645502,0.0582010582010582,-0.5541119054636735,0.1421821322129317
26,250.0,260.0,3,4.0,6.0,1111,11.11,0.0329446468349516,0.9855416219676122,0.6771794995205838,3.1566156615661565,0.38253825382538253,-0.2382075194563122,0.04570840361682618
26,250.0,260.0,4,6.0,8.0,872,8.72,0.025857544590529073,0.7735304179619784,0.85715598165412,3.697247706422018,0.7350917431192661,-0.1447648327185838,-0.11293838587044198
26,250.0,260.0,5,8.0,10.0,1209,12.09,0.035850655286639506,1.0724750863715962,0.858413803066576,3.664185277088503,0.7212572373862697,-0.1659770324668387,0.23005707907915932
26,250.0,260.0,6,10.0,12.0,1006,10.06,0.029831066351000284,0.8923986243919154,0.8499970877675852,3.594433399602386,0.6610337972166997,-0.0587729971329616,-0.1261904928230478
26,250.0,260.0,7,12.0,14.0,1138,11.38,0.03374528181653909,1.0094926784870772,0.8809798025234361,3.6915641476274166,0.7258347978910369,-0.07992069215258224,-0.18541656015040273
26,250.0,260.0,8,14.0,16.0,1053,10.53,0.031224764281911822,0.934091204259132,0.8870374361355723,3.769230769230769,0.7948717948717948,-0.08904742908453925,-0.03865831497582321
26,250.0,260.0,9,16.0,18.0,1161,11.61,0.034427304208261754,1.0298954303369916,0.8834868980652296,3.776055124892334,0.7958656330749354,0.011827091828819853,0.07129767093384243
26,250.0,260.0,10,18.0,20.0,1022,10.22,0.030305516710459533,0.9065918430701169,0.8564442235377663,3.76027397260274,0.7495107632093934,0.019418294808968718,0.009935751948013409
26,250.0,260.0,11,20.0,22.0,828,8.28,0.024552806102016135,0.7344990665969243,0.8522063440723464,3.6280193236714977,0.678743961352657,-0.008800856634356327,-0.12699846395584746
26,250.0,260.0,12,22.0,24.0,1198,11.98,0.03552447066451127,1.0627172485303324,0.8066440881872767,3.520033388981636,0.6001669449081803,0.028325188753997515,0.12306989689906188
26,250.0,260.0,13,24.0,26.0,898,8.98,0.026628526424650353,0.7965943983140557,0.8570435326856706,3.7138084632516706,0.6915367483296214,0.05613797340301156,-0.08897485050905085
26,250.0,260.0,14,26.0,28.0,1194,11.94,0.035405858074646454,1.059168943860782,0.8415116817239423,3.6850921273031827,0.6943048576214406,-0.01242832007580023,0.05207692603403007
26,250.0,260.0,15,28.0,30.0,1063,10.63,0.03152129575657386,0.942961965933008,0.8385956024046056,3.676387582314205,0.7187206020696143,0.10858943896248213,-0.02740493262019156
26,250.0,260.0,16,30.0,32.0,1082,10.82,0.032084705558431716,0.9598164131133722,0.8738068579014571,3.767097966728281,0.7874306839186691,0.14563660696283726,0.0020937682403882165
26,250.0,260.0,17,32.0,34.0,1114,11.14,0.03303360627735021,0.9882028504697751,0.8498161985069184,3.753141831238779,0.7764811490125674,0.0420913486025836,-0.17728113850595917
26,250.0,260.0,18,34.0,36.0,735,7.35,0.021795063387659252,0.6520009830298785,0.8927956628990343,3.816326530612245,0.8326530612244898,0.13074465010230196,-0.00332073281368073
26,250.0,260.0,19,36.0,38.0,1177,11.77,0.034901754567721,1.044088649015193,0.9048498692959787,3.796941376380629,0.8079864061172473,0.10422355939061999,-0.050193795830415555
26,250.0,260.0,20,38.0,40.0,1056,10.56,0.03131372372431043,0.9367524327612947,0.6997064482746083,3.2765151515151514,0.4962121212121212,0.12318895036426794,0.17993623755061058
26,250.0,260.0,21,40.0,42.0,479,4.79,0.014203857636311268,0.42490948417865554,0.060654035101974,2.1482254697286014,0.006263048016701462,0.30773729787834647,-0.1519417203800777
27,260.0,270.0,1,0.0,2.0,223,2.23,0.006612651884963283,0.19781798532743253,-0.641440380502354,1.1614349775784754,0.0,-0.9541168582250062,0.8814764659107115
27,260.0,270.0,2,2.0,4.0,314,3.14,0.009311088304387762,0.2785419165597032,0.1412955817828962,1.9363057324840764,0.05732484076433121,-0.3394804831115336,0.1143824464871358
27,260.0,270.0,3,4.0,6.0,1090,10.9,0.032321930738161336,0.9669130224524728,0.6873938880617785,3.067889908256881,0.3779816513761468,-0.18495999761893353,0.005559967082885995
27,260.0,270.0,4,6.0,8.0,944,9.44,0.02799257120809569,0.8373999020138847,0.8356304994574315,3.5921610169491527,0.6504237288135594,-0.0807845757637578,-0.12242116109501897
27,260.0,270.0,5,8.0,10.0,1201,12.01,0.03561343010690988,1.0653784770324954,0.8458986217940007,3.633638634471274,0.6869275603663614,-0.06297816308886613,0.13758437005895094
27,260.0,270.0,6,10.0,12.0,1006,10.06,0.029831066351000284,0.8923986243919154,0.8583382058732789,3.676938369781312,0.7037773359840954,-0.010413538212550724,-0.14342445548681124
27,260.0,270.0,7,12.0,14.0,1132,11.32,0.03356736293174187,1.0041702214827517,0.8859109831551776,3.771201413427562,0.7932862190812721,-0.07576792867716017,-0.2150021990128726
27,260.0,270.0,8,14.0,16.0,1072,10.72,0.03178817408376969,0.9509456514394964,0.8887043890206223,3.8115671641791047,0.8171641791044776,-0.07310185338547334,-0.05267014639850619
27,260.0,270.0,9,16.0,18.0,1145,11.45,0.033952853848802506,1.0157022116587904,0.8699098488472053,3.7703056768558953,0.7991266375545851,0.017867020299663004,0.0808060688181604
27,260.0,270.0,10,18.0,20.0,1068,10.68,0.03166956149390487,0.9473973467699458,0.8561357067168713,3.707865168539326,0.7340823970037453,-0.009933799745759165,-0.051729701620025687
27,260.0,270.0,11,20.0,22.0,779,7.79,0.023099801876172187,0.6910323343949325,0.8347858816560919,3.605905006418485,0.6790757381258024,0.023100085141415698,-0.09521293078959647
27,260.0,270.0,12,22.0,24.0,1213,12.13,0.03596926787650432,1.0760233910411465,0.8157299768975923,3.5474031327287716,0.6347897774113768,0.04693153793145234,0.01772097807395496
27,260.0,270.0,13,24.0,26.0,940,9.4,0.02787395861823088,0.8338515973443344,0.8553790734609261,3.7925531914893615,0.7702127659574468,0.05105078788561739,-0.1511488010615596
27,260.0,270.0,14,26.0,28.0,1184,11.84,0.035109326599984426,1.0502981821869064,0.8417317208627696,3.675675675675676,0.6951013513513513,-0.005500982679482322,0.04171177203448665
27,260.0,270.0,15,28.0,30.0,1037,10.37,0.030750313922452574,0.9198979855809305,0.8268224854317295,3.5650916104146577,0.6200578592092575,0.1112870973563341,-0.016049328718097628
27,260.0,270.0,16,30.0,32.0,1090,10.9,0.032321930738161336,0.9669130224524728,0.8658531809387038,3.731192660550459,0.7651376146788991,0.1342910231296617,0.014524120453688361
27,260.0,270.0,17,32.0,34.0,1141,11.41,0.0338342412589377,1.01215390698924,0.8480239751785694,3.740578439964943,0.7695004382120947,0.05366553775718031,-0.17429660213925552
27,260.0,270.0,18,34.0,36.0,731,7.31,0.021676450797794438,0.6484526783603282,0.8847399367171724,3.7906976744186047,0.801641586867305,0.12157302332490769,-0.004350642119739823
27,260.0,270.0,19,36.0,38.0,1199,11.99,0.03555412381197747,1.06360432469772,0.8888665499796834,3.7848206839032525,0.8031693077564637,0.11554274108933851,-0.05384977900292851
27,260.0,270.0,20,38.0,40.0,1044,10.44,0.030957885954715995,0.9261075187526436,0.6964001685169501,3.2739463601532566,0.47988505747126436,0.09378586379172171,0.14119355666184574
27,260.0,270.0,21,40.0,42.0,447,4.47,0.013254956917392768,0.3965230468222526,0.12401842929161183,2.2975391498881432,0.015659955257270694,0.3250016994005661,-0.16754347892773933
28,270.0,280.0,1,0.0,2.0,217,2.17,0.006434733000166065,0.19249552832310698,-0.8131707033310752,1.0783410138248848,0.0,-0.9624246993792552,0.8954353689130161
28,270.0,280.0,2,2.0,4.0,321,3.21,0.009518660336651183,0.2847514497314163,0.25779037931685417,2.1869158878504673,0.10903426791277258,-0.4057364331299555,-0.008570116741250236
28,270.0,280.0,3,4.0,6.0,1058,10.58,0.03137303001924284,0.93852658509607,0.6737589242694907,3.171077504725898,0.41304347826086957,-0.24426305580401045,-0.10914204092489767
28,270.0,280.0,4,6.0,8.0,999,9.99,0.02962349431873686,0.8861890912202022,0.7994698188280528,3.5555555555555554,0.6466466466466466,-0.08452574223527551,-0.05528435691895462
28,270.0,280.0,5,8.0,10.0,1184,11.84,0.035109326599984426,1.0502981821869064,0.8336138238541437,3.61402027027027,0.6773648648648649,-0.07557413573765721,0.15556407729646718
28,270.0,280.0,6,10.0,12.0,971,9.71,0.028793206189683177,0.8613509585333498,0.8713281961060061,3.682801235839341,0.7157569515962925,0.013347643668862775,-0.10816075156972708
28,270.0,280.0,7,12.0,14.0,1157,11.57,0.03430869161839695,1.0263471256674415,0.8971838361534759,3.794295592048401,0.8098530682800346,-0.09031704116938342,-0.23208109634118906
28,270.0,280.0,8,14.0,16.0,1054,10.54,0.031254417429378026,0.9349782804265195,0.8811371045046208,3.764705882352941,0.793168880455408,-0.05221456935258746,-0.02612986302963642
28,270.0,280.0,9,16.0,18.0,1152,11.52,0.03416042588106593,1.0219117448305035,0.868277420973553,3.779513888888889,0.8003472222222222,0.02706848552641518,0.09211659110170572
28,270.0,280.0,10,18.0,20.0,1061,10.61,0.03146198946164145,0.9411878135982328,0.8782439841103675,3.7860508953817154,0.8096135721017907,-0.011694463852378555,-0.045517288815503765
28,270.0,280.0,11,20.0,22.0,716,7.16,0.021231653585801393,0.6351465358495143,0.8992296967776413,3.7304469273743015,0.7625698324022346,0.055387254055470625,-0.22397488471753368
28,270.0,280.0,12,22.0,24.0,1241,12.41,0.036799556005558,1.100861523727999,0.8370794117080975,3.6172441579371473,0.6825141015310233,-0.03839827727776954,-0.03166180082696254
28,270.0,280.0,13,24.0,26.0,974,9.74,0.028882165632081784,0.8640121870355125,0.8434365220727417,3.6632443531827517,0.7002053388090349,0.069166098566982,-0.1839056431324226
28,270.0,280.0,14,26.0,28.0,1193,11.93,0.03537620492718025,1.0582818676933945,0.8558282507727817,3.6898575020955575,0.719195305951383,-0.004808938554101905,0.00978494653272266
28,270.0,280.0,15,28.0,30.0,952,9.52,0.028229796387825315,0.8444965113529854,0.816080779016571,3.524159663865546,0.6060924369747899,0.14532578706013008,-0.008584532644255518
28,270.0,280.0,16,30.0,32.0,1162,11.62,0.03445695735572796,1.0307825065043792,0.8589857788885825,3.7142857142857144,0.7530120481927711,0.10389766986692692,0.027493597608506223
28,270.0,280.0,17,32.0,34.0,1073,10.73,0.031817827231235885,0.9518327276068838,0.847923030471338,3.72972972972973,0.7530288909599254,0.04605226082952827,-0.18573317500595155
28,270.0,280.0,18,34.0,36.0,762,7.62,0.022595698369246735,0.6759520395493435,0.8831339335530989,3.811023622047244,0.8293963254593176,0.13561399628272328,-0.0015332889957485837
28,270.0,280.0,19,36.0,38.0,1203,12.03,0.035672736401842285,1.0671526293672706,0.8995074218993171,3.818786367414796,0.8320864505403158,0.10599478620913134,-0.06243626191412699
28,270.0,280.0,20,38.0,40.0,1043,10.43,0.030928232807249795,0.9252204425852562,0.7250409841307909,3.3691275167785233,0.5397890699904123,0.10338248010354463,0.16357798143264143
28,270.0,280.0,21,40.0,42.0,504,5.04,0.014945186322966344,0.44708638836334524,0.13895057030884392,2.2182539682539684,0.027777777777777776,0.282723761696221,-0.18123620167071616
29,280.0,290.0,1,0.0,2.0,227,2.27,0.006731264474828095,0.2013662899969829,-0.80701208155874,1.0704845814977975,0.0,-0.9596309496868005,0.8849699855750148
29,280.0,290.0,2,2.0,4.0,315,3.15,0.009340741451853965,0.2794289927270908,0.25670972347083454,2.365079365079365,0.16507936507936508,-0.46267769685554855,-0.011036748173946261
29,280.0,290.0,3,4.0,6.0,1117,11.17,0.03312256571974882,0.9908640789719378,0.673012354925173,3.257833482542525,0.4350940017905103,-0.2428901452626266,-0.103001958035049
29,280.0,290.0,4,6.0,8.0,903,9.03,0.026776792161981363,0.8010297791509935,0.8020607766021037,3.586932447397564,0.6522702104097453,0.0007989076641475532,-0.14682095295561254
29,280.0,290.0,5,8.0,10.0,1247,12.47,0.03697747489035522,1.1061839807323246,0.8718975775133928,3.7281475541299116,0.7530072173215717,-0.008314587769304532,0.14904859757289574
29,280.0,290.0,6,10.0,12.0,986,9.86,0.02923800340167622,0.8746571010441635,0.8771331338599565,3.661257606490872,0.7068965517241379,-0.020893504346674797,-0.13622144593187838
29,280.0,290.0,7,12.0,14.0,1057,10.57,0.031343376871776636,0.9376395089286824,0.8834702830087084,3.793755912961211,0.7842951750236519,0.026770777973013783,-0.2392836467365666
29,280.0,290.0,8,14.0,16.0,1134,11.34,0.033626669226674274,1.0059443738175269,0.8744141735407123,3.7301587301587302,0.7372134038800705,-0.10453533353795642,-0.013256628873998262
29,280.0,290.0,9,16.0,18.0,1099,10.99,0.03258880906535717,0.9748967079589612,0.8717583796355983,3.7470427661510466,0.7643312101910829,0.08697591921503517,0.09292119487661056
29,280.0,290.0,10,18.0,20.0,1117,11.17,0.03312256571974882,0.9908640789719378,0.8829755305256725,3.76544315129812,0.7699194270367055,-0.03958649865367622,-0.028365310297706767
29,280.0,290.0,11,20.0,22.0,728,7.28,0.02158749135539583,0.6457914498581654,0.8996262093709403,3.760989010989011,0.7843406593406593,0.01642366454613324,-0.19376454313848754
29,280.0,290.0,12,22.0,24.0,1252,12.52,0.037125740627686234,1.1106193615692623,0.8333829978203742,3.5686900958466454,0.652555910543131,-0.009864146709910544,-0.033025081271516855
29,280.0,290.0,13,24.0,26.0,940,9.4,0.02787395861823088,0.8338515973443344,0.8497224169598159,3.6882978723404256,0.7095744680851064,0.03784210741044568,-0.19748343751114464
29,280.0,290.0,14,26.0,28.0,1183,11.83,0.03507967345251822,1.0494111060195188,0.8503293869847278,3.661031276415892,0.6990701606086221,-0.0006310285417628591,0.007251019232764233
29,280.0,290.0,15,28.0,30.0,1019,10.19,0.03021655726806092,0.903930614567954,0.8175287233449411,3.5436702649656526,0.6172718351324828,0.12064879967341469,-0.01421757760994463
29,280.0,290.0,16,30.0,32.0,1116,11.16,0.03309291257228262,0.9899770028045503,0.860322905959762,3.721326164874552,0.7473118279569892,0.12454275215093726,0.017493314476120517
29,280.0,290.0,17,32.0,34.0,1105,11.05,0.03276672795015439,0.9802191649632869,0.8458949005329266,3.7321266968325792,0.7547511312217194,0.05202761368732634,-0.17271537025694192
29,280.0,290.0,18,34.0,36.0,728,7.28,0.02158749135539583,0.6457914498581654,0.8853597409669501,3.806318681318681,0.8255494505494505,0.12939188489319944,0.013909372971581176
29,280.0,290.0,19,36.0,38.0,1206,12.06,0.035761695844240896,1.0698138578694334,0.8959371454619897,3.796849087893864,0.802653399668325,0.11120966910010893,-0.050823095158550664
29,280.0,290.0,20,38.0,40.0,1049,10.49,0.031106151692047015,0.9305428995895818,0.6796968411008016,3.257387988560534,0.4671115347950429,0.102869651048699,0.12803718437168002
29,280.0,290.0,21,40.0,42.0,466,4.66,0.013818366719250628,0.41337749400261686,0.1316425828930532,2.2167381974248928,0.04935622317596566,0.26415109266837156,-0.11158860726128374
30,290.0,300.0,1,0.0,2.0,206,2.06,0.006108548378037831,0.18273769048184352,-0.6824677829477598,1.3640776699029127,0.0,-0.9468773771762058,0.8552302952146634
30,290.0,300.0,2,2.0,4.0,265,2.65,0.007858084078543812,0.2350751843577113,0.13869229522857168,1.9811320754716981,0.03773584905660377,-0.5338252423729509,0.10605538828657092
30,290.0,300.0,3,4.0,6.0,1094,10.94,0.03244054332802615,0.9704613271220233,0.6278849489348901,3.139853747714808,0.3592321755027422,-0.3016426596711648,-0.05074426822926807
30,290.0,300.0,4,6.0,8.0,961,9.61,0.028496674715021143,0.8524801968594737,0.8216934925937847,3.620187304890739,0.6951092611862643,-0.02349801112626766,-0.12583894594144635
30,290.0,300.0,5,8.0,10.0,1251,12.51,0.03709608748022003,1.1097322854018747,0.8753302879564763,3.7434052757793763,0.7769784172661871,-0.008675346454520743,0.1306309213043445
30,290.0,300.0,6,10.0,12.0,989,9.89,0.029326962844074832,0.8773183295463264,0.8800827240457738,3.6754297269969665,0.7138523761375126,-0.02813888080010607,-0.1326460162082577
30,290.0,300.0,7,12.0,14.0,1037,10.37,0.030750313922452574,0.9198979855809305,0.8886315825106185,3.7791706846673097,0.781099324975892,0.012862919994587902,-0.2585408845773783
30,290.0,300.0,8,14.0,16.0,1161,11.61,0.034427304208261754,1.0298954303369916,0.8795906803746845,3.7347114556416883,0.7433247200689062,-0.07767131477797817,-0.0480548758677163
30,290.0,300.0,9,16.0,18.0,1049,10.49,0.031106151692047015,0.9305428995895818,0.871631459626816,3.6844613918017157,0.7302192564346998,0.10349763196193827,0.11009310547774243
30,290.0,300.0,10,18.0,20.0,1119,11.19,0.03318187201468122,0.9926382313067128,0.8784321062921853,3.7372654155495977,0.7569258266309205,-0.06692150083196954,0.021644586833118873
30,290.0,300.0,11,20.0,22.0,678,6.78,0.02010483398208568,0.601437641488786,0.9002234286226439,3.734513274336283,0.7566371681415929,0.021832779116024464,-0.21676599085724316
30,290.0,300.0,12,22.0,24.0,1266,12.66,0.037540884692213075,1.1230384279126886,0.8414719749176716,3.5774091627172195,0.6516587677725119,-0.026348797311012896,-0.05501247221847686
30,290.0,300.0,13,24.0,26.0,911,9.11,0.027014017341710987,0.8081263884900942,0.8456580087861826,3.6092206366630077,0.6542261251372119,0.08200050437988667,-0.16685311341886486
30,290.0,300.0,14,26.0,28.0,1286,12.86,0.03813394764153714,1.1407799512604404,0.8617291479573482,3.6804043545878695,0.71850699844479,0.018894407208070826,-0.023106422991940635
30,290.0,300.0,15,28.0,30.0,842,8.42,0.02496795016654298,0.7469181329403506,0.8202605026526945,3.504750593824228,0.5926365795724465,0.1824181034189035,-0.005100576900661916
30,290.0,300.0,16,30.0,32.0,1275,12.75,0.037807763019408906,1.131022113419177,0.8569163457179474,3.684705882352941,0.731764705882353,0.08023949832886154,0.04436047959645665
30,290.0,300.0,17,32.0,34.0,971,9.71,0.028793206189683177,0.8613509585333498,0.8547701725966768,3.701338825952626,0.7445932028836252,0.03356026928070528,-0.21824504042330267
30,290.0,300.0,18,34.0,36.0,791,7.91,0.023455639645766625,0.7016772484035836,0.8684074007965724,3.766118836915297,0.7901390644753477,0.18200692906291394,-0.007487193624890911
30,290.0,300.0,19,36.0,38.0,1210,12.1,0.0358803084341057,1.0733621625389835,0.8962603443178666,3.767768595041322,0.7867768595041322,0.06554733798056907,-0.0976985111756012
30,290.0,300.0,20,38.0,40.0,950,9.5,0.02817049009289291,0.8427223590182104,0.712293210304405,3.288421052631579,0.45473684210526316,0.11752076679016171,0.13491398356860215
30,290.0,300.0,21,40.0,42.0,648,6.48,0.019215239558099586,0.5748253564671583,0.262789885214917,2.515432098765432,0.12962962962962962,0.19600659428318598,-0.028015723402023397
31,300.0,310.0,1,0.0,2.0,225,2.25,0.006671958179895689,0.1995921376622077,-0.7668991496624323,1.1733333333333333,0.0,-0.9590362947153339,0.8838800084160299
31,300.0,310.0,2,2.0,4.0,292,2.92,0.008658719060131295,0.25902624087717624,0.19095629247224308,2.2705479452054793,0.09246575342465753,-0.5225662579310835,0.05442623840810875
31,300.0,310.0,3,4.0,6.0,1111,11.11,0.0329446468349516,0.9855416219676122,0.6745004752137619,3.1908190819081907,0.4014401440144014,-0.2210889432276328,-0.1398654825979306
31,300.0,310.0,4,6.0,8.0,896,8.96,0.026569220129717946,0.7948202459792805,0.8206650517483326,3.642857142857143,0.6997767857142857,-0.009092134277496586,-0.099241894760807
31,300.0,310.0,5,8.0,10.0,1278,12.78,0.03789672246180751,1.1336833419213397,0.8729737697807602,3.7464788732394365,0.7723004694835681,-0.034159280438020106,0.1370922069220087
31,300.0,310.0,6,10.0,12.0,971,9.71,0.028793206189683177,0.8613509585333498,0.8620263604543257,3.670442842430484,0.7003089598352215,-0.04168558331231617,-0.09054513783128847
31,300.0,310.0,7,12.0,14.0,1029,10.29,0.03051308874272295,0.9128013762418299,0.8871846114899204,3.7696793002915454,0.7755102040816326,-0.00047412317340436174,-0.2657228811130694
31,300.0,310.0,8,14.0,16.0,1155,11.55,0.03424938532346454,1.0245729733326663,0.8769440448393134,3.7255411255411257,0.7367965367965368,-0.0699114436224074,-0.029982470222838096
31,300.0,310.0,9,16.0,18.0,1113,11.13,0.03300395312988401,0.9873157743023875,0.8874717793494734,3.7053009883198564,0.7421383647798742,0.07124787734093468,0.10905216226829728
31,300.0,310.0,10,18.0,20.0,1104,11.04,0.03273707480268818,0.9793320887958991,0.8800794832683527,3.801630434782609,0.759963768115942,-0.06670173898688157,0.015172177964187405
31,300.0,310.0,11,20.0,22.0,733,7.33,0.021735757092726845,0.6502268306951033,0.8992121076574869,3.72987721691678,0.7680763983628922,-0.021245718428169375,-0.16337234392379751
31,300.0,310.0,12,22.0,24.0,1309,13.09,0.03881597003325981,1.161182703110355,0.851271885533988,3.676088617265088,0.7272727272727273,-0.019414921134536953,-0.031894479795769745
31,300.0,310.0,13,24.0,26.0,879,8.79,0.02606511662279249,0.7797399511336913,0.8415712212935965,3.6177474402730376,0.6746302616609784,0.026303102803862426,-0.19424616576743345
31,300.0,310.0,14,26.0,28.0,1212,12.12,0.03593961472903811,1.0751363148737587,0.8379384046642366,3.5792079207920793,0.6493399339933993,-0.02226469490268671,-0.03842972877815107
31,300.0,310.0,15,28.0,30.0,911,9.11,0.027014017341710987,0.8081263884900942,0.8113232558136361,3.5499451152579584,0.6190998902305159,0.08353674724260052,-0.07129930738668794
31,300.0,310.0,16,30.0,32.0,1198,11.98,0.03552447066451127,1.0627172485303324,0.8633430541492683,3.7186978297161937,0.7545909849749582,0.09599315294478994,0.030056082696297833
31,300.0,310.0,17,32.0,34.0,1079,10.79,0.031995746116033105,0.9571551846112094,0.8444796498142826,3.7497683039851712,0.7692307692307693,0.0764467172587423,-0.17708644075209304
31,300.0,310.0,18,34.0,36.0,798,7.98,0.023663211678030045,0.7078867815752967,0.8860631694426485,3.788220551378446,0.8032581453634086,0.19706456791246393,0.026814055459608653
31,300.0,310.0,19,36.0,38.0,1174,11.74,0.0348127951253224,1.0414274205130305,0.8817628922970817,3.7444633730834753,0.75809199318569,0.04833618028030455,-0.07054784679368804
31,300.0,310.0,20,38.0,40.0,1020,10.2,0.030246210415527122,0.9048176907353416,0.6579940310610125,3.1215686274509804,0.3803921568627451,0.13616259601803332,0.11406575467449721
31,300.0,310.0,21,40.0,42.0,508,5.08,0.015063798912831156,0.4506346930328956,0.2864958513962525,2.34251968503937,0.031496062992125984,0.1766574415070686,-0.1573767111731927
32,310.0,320.0,1,0.0,2.0,227,2.27,0.006731264474828095,0.2013662899969829,-0.7201091262247354,1.1277533039647578,0.0,-0.9532935322155587,0.868385437825532
32,310.0,320.0,2,2.0,4.0,320,3.2,0.009489007189184981,0.28386437356402877,0.2986694294528035,2.365625,0.0625,-0.4707065238993109,-0.01236071445663984
32,310.0,320.0,3,4.0,6.0,1141,11.41,0.0338342412589377,1.01215390698924,0.6718702731365851,3.2410166520595967,0.43470639789658194,-0.1905807492753886,-0.12199282849129968
32,310.0,320.0,4,6.0,8.0,872,8.72,0.025857544590529073,0.7735304179619784,0.8116113992703222,3.636467889908257,0.6926605504587156,-0.002580322186253271,-0.1033576015044477
32,310.0,320.0,5,8.0,10.0,1273,12.73,0.0377484567244765,1.1292479610844017,0.8732593252294346,3.7054202670856244,0.7454831107619796,-0.07116121701762256,0.13884602066437224
32,310.0,320.0,6,10.0,12.0,986,9.86,0.02923800340167622,0.8746571010441635,0.862241604815171,3.665314401622718,0.7099391480730223,-0.030321226175228626,-0.07575336073105521
32,310.0,320.0,7,12.0,14.0,1018,10.18,0.03018690412059472,0.9030435384005664,0.8891289580185356,3.7966601178781927,0.7809430255402751,0.0006944798625660312,-0.26678154560272754
32,310.0,320.0,8,14.0,16.0,1141,11.41,0.0338342412589377,1.01215390698924,0.8753113916636873,3.7607361963190185,0.7510955302366346,-0.08012850167348037,-0.0032706608176997403
32,310.0,320.0,9,16.0,18.0,1131,11.31,0.033537709784275664,1.0032831453153641,0.8935718457985857,3.770999115826702,0.7966401414677277,0.044302658167244956,0.07647740993458553
32,310.0,320.0,10,18.0,20.0,1085,10.85,0.03217366500083032,0.9624776416155348,0.8751438303828117,3.847926267281106,0.8027649769585253,-0.04162859470540321,0.0015622279554309225
32,310.0,320.0,11,20.0,22.0,751,7.51,0.0222695137471185,0.66619420170808,0.8982230099909974,3.7243675099866844,0.7523302263648469,-0.0306462260641408,-0.14202337209969568
32,310.0,320.0,12,22.0,24.0,1345,13.45,0.03988348334204312,1.1931174451363082,0.85598355907842,3.7130111524163567,0.745724907063197,-0.013691382051748786,-0.023570763254834152
32,310.0,320.0,13,24.0,26.0,846,8.46,0.025086562756407794,0.7504664376099011,0.841291978422157,3.6264775413711585,0.6796690307328606,-0.008245434240089774,-0.2154292842806106
32,310.0,320.0,14,26.0,28.0,1173,11.73,0.034783141977856195,1.040540344345643,0.8404926655724557,3.584825234441603,0.6419437340153452,-0.02896351645514218,-0.046571475900918695
32,310.0,320.0,15,28.0,30.0,940,9.4,0.02787395861823088,0.8338515973443344,0.8071225540857948,3.5531914893617023,0.6436170212765957,0.0659628506078155,-0.09881870617688192
32,310.0,320.0,16,30.0,32.0,1179,11.79,0.03496106086265341,1.0458628013499682,0.8706560087215435,3.7319762510602206,0.7463952502120441,0.11728335158583075,0.026954650394677346
32,310.0,320.0,17,32.0,34.0,1106,11.06,0.03279638109762059,0.9811062411306745,0.833128451354518,3.698010849909584,0.72875226039783,0.08799783682551962,-0.18053535677304758
32,310.0,320.0,18,34.0,36.0,829,8.29,0.024582459249482335,0.7353861427643118,0.8846174202358666,3.8118214716525936,0.7973462002412546,0.1600861169983003,0.061680079393490905
32,310.0,320.0,19,36.0,38.0,1138,11.38,0.03374528181653909,1.0094926784870772,0.8807335869335886,3.741652021089631,0.7495606326889279,0.09058261976084625,-0.045457910697638534
32,310.0,320.0,20,38.0,40.0,1031,10.31,0.03057239503765536,0.9145755285766052,0.6885312191177787,3.158098933074685,0.4190106692531523,0.030120925807195616,0.08566488005063745
32,310.0,320.0,21,40.0,42.0,468,4.68,0.013877673014183033,0.41515164633739204,0.09792592778073342,2.0277777777777777,0.05128205128205128,0.2714195425165747,-0.19102818498065502
33,320.0,330.0,1,0.0,2.0,270,2.7,0.008006349815874827,0.23951056519464925,-0.5971603158948469,1.2444444444444445,0.0,-0.9495334451509494,0.8588655794328062
33,320.0,330.0,2,2.0,4.0,323,3.23,0.00957796663158359,0.2865256020661915,0.41722357180850833,2.7027863777089784,0.08668730650154799,-0.48152818595258384,-0.041485384436878735
33,320.0,330.0,3,4.0,6.0,1094,10.94,0.03244054332802615,0.9704613271220233,0.6940184654894733,3.2349177330895795,0.4369287020109689,-0.1336385561970125,0.0316763895199869
33,320.0,330.0,4,6.0,8.0,971,9.71,0.028793206189683177,0.8613509585333498,0.7797670307599711,3.502574665293512,0.5859938208032955,-0.06332575850330666,-0.00921702457457974
33,320.0,330.0,5,8.0,10.0,1158,11.58,0.03433834476586315,1.027234201834829,0.8612284458304879,3.6407599309153715,0.7029360967184801,-0.046434435552499806,0.21886694354913483
33,320.0,330.0,6,10.0,12.0,1021,10.21,0.03027586356299333,0.9057047669027293,0.8583396489253602,3.6875612144955925,0.7247796278158668,-0.024582561376590865,-0.0803416140722729
33,320.0,330.0,7,12.0,14.0,1033,10.33,0.030631701332587764,0.9163496809113802,0.8906256971092809,3.8489835430784125,0.8170377541142304,0.001120926929094903,-0.2358318211543748
33,320.0,330.0,8,14.0,16.0,1126,11.26,0.03338944404694465,0.998847764478426,0.8872991181686377,3.791296625222025,0.7948490230905861,-0.11321082829963691,-0.027118043106656626
33,320.0,330.0,9,16.0,18.0,1154,11.54,0.03421973217599833,1.0236858971652785,0.8854943045976437,3.7435008665511265,0.7746967071057193,0.042202536509464775,0.10281655487310892
33,320.0,330.0,10,18.0,20.0,1077,10.77,0.0319364398211007,0.9553810322764342,0.868040520811835,3.861652739090065,0.7957288765088208,-0.025958460908622114,0.020254666627044404
33,320.0,330.0,11,20.0,22.0,751,7.51,0.0222695137471185,0.66619420170808,0.903794168158015,3.7696404793608522,0.7976031957390146,-0.060983183767636645,-0.1495345519558482
33,320.0,330.0,12,22.0,24.0,1334,13.34,0.03955729871991488,1.1833596072950447,0.8512008438699012,3.711394302848576,0.7338830584707646,-0.006111791701066368,-0.03063236346185832
33,320.0,330.0,13,24.0,26.0,894,8.94,0.026509913834785535,0.7930460936445052,0.8572106802193523,3.668903803131991,0.7170022371364653,0.012245270138141386,-0.24085425196941446
33,320.0,330.0,14,26.0,28.0,1117,11.17,0.03312256571974882,0.9908640789719378,0.8504999029210043,3.658907788719785,0.7054610564010743,-0.05643953115322074,-0.02395370116174058
33,320.0,330.0,15,28.0,30.0,1019,10.19,0.03021655726806092,0.903930614567954,0.8207363425661859,3.563297350343474,0.6270853778213935,0.05448316879967832,-0.02486161796644723
33,320.0,330.0,16,30.0,32.0,1080,10.8,0.03202539926349931,0.958042260778597,0.8585846663221335,3.6944444444444446,0.7148148148148148,0.09674798253359253,-0.012535343062438423
33,320.0,330.0,17,32.0,34.0,1113,11.13,0.03300395312988401,0.9873157743023875,0.8253559246009405,3.6118598382749325,0.6639712488769093,0.09554541162885893,-0.16856607527190712
33,320.0,330.0,18,34.0,36.0,873,8.73,0.025887197737995277,0.774417494129366,0.8586638718875714,3.6529209621993126,0.6792668957617412,0.09333525392105645,0.047624193948573326
33,320.0,330.0,19,36.0,38.0,1166,11.66,0.03457556994559277,1.0343308111739298,0.8607199511959098,3.6843910806174955,0.7204116638078902,0.13480845435720593,-0.01695950745597859
33,320.0,330.0,20,38.0,40.0,970,9.7,0.02876355304221697,0.860463882365962,0.6487266619837941,3.109278350515464,0.3845360824742268,0.06671714882290364,0.050753986697698254
33,320.0,330.0,21,40.0,42.0,444,4.44,0.01316599747499416,0.3938618183200899,0.22545443038563703,2.2882882882882885,0.08333333333333333,0.21276245712505312,-0.17282949512933396
34,330.0,340.0,1,0.0,2.0,278,2.78,0.008243574995604451,0.24660717453374995,-0.6749940626550199,0.9568345323741008,0.0,-0.9605681900386994,0.888657562812782
34,330.0,340.0,2,2.0,4.0,234,2.34,0.006938836507091517,0.20757582316869602,0.5701626943156998,2.923076923076923,0.28205128205128205,-0.3897465612935105,-0.16337985577225997
34,330.0,340.0,3,4.0,6.0,1158,11.58,0.03433834476586315,1.027234201834829,0.666254343501886,3.2512953367875648,0.40846286701208984,-0.1447596865411003,-0.08607759965225716
34,330.0,340.0,4,6.0,8.0,979,9.79,0.029030431369412798,0.8684475678724504,0.7969810724389208,3.5485188968335035,0.6261491317671093,-0.07648919558583399,0.03732821404604097
34,330.0,340.0,5,8.0,10.0,1145,11.45,0.033952853848802506,1.0157022116587904,0.8731375907953094,3.6899563318777293,0.7248908296943232,-0.022585815741299878,0.1523440318846242
34,330.0,340.0,6,10.0,12.0,1050,10.5,0.031135804839513215,0.9314299757569693,0.842456500162525,3.6104761904761906,0.6561904761904762,-0.0258883995419576,-0.08944803678516426
34,330.0,340.0,7,12.0,14.0,971,9.71,0.028793206189683177,0.8613509585333498,0.8909547255822132,3.796086508753862,0.7857878475798146,0.0028463603075260784,-0.28216965554719814
34,330.0,340.0,8,14.0,16.0,1182,11.82,0.03505002030505202,1.0485240298521312,0.8898963386267179,3.7351945854483923,0.745346869712352,-0.09681767118950374,-0.05015602706312072
34,330.0,340.0,9,16.0,18.0,1069,10.69,0.03169921464137107,0.9482844229373334,0.8707060139841165,3.7193638914873715,0.7614593077642656,0.03264743906968908,0.16042050407016809
34,330.0,340.0,10,18.0,20.0,1165,11.65,0.03454591679812657,1.0334437350065422,0.8571865979290785,3.774248927038627,0.7450643776824034,-0.03115232687111485,0.014914467930231656
34,330.0,340.0,11,20.0,22.0,752,7.52,0.022299166894584704,0.6670812778754676,0.9036194879111005,3.7805851063829787,0.8018617021276596,-0.03533252587543549,-0.15006798733100907
34,330.0,340.0,12,22.0,24.0,1329,13.29,0.039409032982583865,1.1789242264581066,0.8603817117741948,3.7411587659894656,0.7652370203160271,-0.009833923994178123,-0.02286723593434469
34,330.0,340.0,13,24.0,26.0,893,8.93,0.026480260687319335,0.7921590174771177,0.8641593297994468,3.7312430011198208,0.7536394176931691,0.013572257426201634,-0.22640685438207375
34,330.0,340.0,14,26.0,28.0,1125,11.25,0.03335979089947844,0.9979606883110385,0.8594539408611982,3.7235555555555555,0.7537777777777778,-0.05423527610768651,-0.04929718405091099
34,330.0,340.0,15,28.0,30.0,1059,10.59,0.03140268316670904,0.9394136612634576,0.8283765370527632,3.6128423040604343,0.6751652502360718,0.045476916776663864,-0.01766456744925523
34,330.0,340.0,16,30.0,32.0,1023,10.23,0.030335169857925736,0.9074789192375045,0.8614116818019348,3.7126099706744866,0.7429130009775171,0.08007120697169018,-0.032669303740628215
34,330.0,340.0,17,32.0,34.0,1132,11.32,0.03356736293174187,1.0041702214827517,0.8347601168244101,3.6492932862190814,0.6863957597173145,0.11232975697835969,-0.18559889636249835
34,330.0,340.0,18,34.0,36.0,825,8.25,0.024463846659617528,0.7318378380947617,0.8431843179797747,3.5806060606060606,0.6545454545454545,0.07684666413713942,0.03445877907155715
34,330.0,340.0,19,36.0,38.0,1274,12.74,0.0377781098719427,1.1301350372517893,0.8520986148483641,3.6907378335949765,0.728414442700157,0.14534841386408623,0.02664063465950549
34,330.0,340.0,20,38.0,40.0,844,8.44,0.025027256461475383,0.7486922852751258,0.68067205712525,3.286729857819905,0.4786729857819905,0.08448514226557237,-0.04107463358080791
34,330.0,340.0,21,40.0,42.0,500,5.0,0.014826573733101532,0.4435380836937949,0.23701531821162997,2.354,0.136,0.19569177098348106,-0.16948367208418544
35,340.0,350.0,1,0.0,2.0,272,2.72,0.008065656110807234,0.24128471752942446,-0.5907822524601538,1.0514705882352942,0.0,-0.9609953042558906,0.890165028236647
35,340.0,350.0,2,2.0,4.0,293,2.93,0.008688372207597498,0.25991331704456383,0.5350972337613482,2.7713310580204777,0.20819112627986347,-0.3856051256365812,-0.17153543471447347
35,340.0,350.0,3,4.0,6.0,1130,11.3,0.03350805663680946,1.0023960691479765,0.6626482793588699,3.1884955752212387,0.3920353982300885,-0.10993460124559759,-0.10708190587363892
35,340.0,350.0,4,6.0,8.0,861,8.61,0.025531359968400835,0.7637725801207148,0.8060984582066829,3.5226480836236935,0.6353077816492451,-0.05320327455625937,-0.03396282104879274
35,340.0,350.0,5,8.0,10.0,1278,12.78,0.03789672246180751,1.1336833419213397,0.875631015756975,3.7057902973395933,0.7417840375586855,0.0008428294976209818,0.17191798575438713
35,340.0,350.0,6,10.0,12.0,1018,10.18,0.03018690412059472,0.9030435384005664,0.8524607681492526,3.713163064833006,0.730844793713163,-0.0016692050768338114,-0.08581424604398587
35,340.0,350.0,7,12.0,14.0,1020,10.2,0.030246210415527122,0.9048176907353416,0.8859605177268797,3.795098039215686,0.7647058823529411,0.014020381378936046,-0.2581394691149803
35,340.0,350.0,8,14.0,16.0,1113,11.13,0.03300395312988401,0.9873157743023875,0.8673237439927162,3.729559748427673,0.7313566936208445,-0.0841457666810633,0.005870211661327289
35,340.0,350.0,9,16.0,18.0,1170,11.7,0.034694182535457585,1.0378791158434801,0.896373672830469,3.782051282051282,0.805982905982906,0.04899915660047575,0.0720499025857251
35,340.0,350.0,10,18.0,20.0,1069,10.69,0.03169921464137107,0.9482844229373334,0.8762259702677682,3.8269410664172123,0.7689429373246024,-0.025235793561271355,0.013165649935175739
35,340.0,350.0,11,20.0,22.0,789,7.89,0.023396333350834214,0.6999030960688083,0.8880222175835332,3.7338403041825097,0.7629911280101395,-0.025734159337322437,-0.11801429557967615
35,340.0,350.0,12,22.0,24.0,1316,13.16,0.039023542065523234,1.1673922362820683,0.8570894018611851,3.6998480243161094,0.7355623100303952,0.013937707797902741,0.01017335993393444
35,340.0,350.0,13,24.0,26.0,916,9.16,0.027162283079042004,0.8125617693270322,0.8582683927581496,3.703056768558952,0.7281659388646288,0.040265641066274664,-0.17054798949135347
35,340.0,350.0,14,26.0,28.0,1094,10.94,0.03244054332802615,0.9704613271220233,0.8602571294572794,3.7376599634369287,0.7623400365630713,-0.02924304912773701,-0.0838355054178228
35,340.0,350.0,15,28.0,30.0,1029,10.29,0.03051308874272295,0.9128013762418299,0.8368012146997079,3.749271137026239,0.7696793002915452,0.05708977443103086,-0.10651426548260186
35,340.0,350.0,16,30.0,32.0,1012,10.12,0.030008985235797498,0.8977210813962408,0.8625598606955045,3.683794466403162,0.7262845849802372,0.1125550092549029,-0.04211588256764804
35,340.0,350.0,17,32.0,34.0,1142,11.42,0.033863894406403895,1.0130409831566274,0.8272812724994645,3.595446584938704,0.647985989492119,0.10214043750163482,-0.1899934433526577
35,340.0,350.0,18,34.0,36.0,831,8.31,0.024641765544414745,0.7371602950990871,0.8373311032252221,3.5607701564380263,0.6353790613718412,0.07115987371413948,0.04873454121215091
35,340.0,350.0,19,36.0,38.0,1241,12.41,0.036799556005558,1.100861523727999,0.864037216074352,3.6591458501208702,0.7139403706688154,0.13338040151483171,0.032437693643327783
35,340.0,350.0,20,38.0,40.0,819,8.19,0.024285927774820307,0.726515381090436,0.7077408064493642,3.299145299145299,0.4896214896214896,0.10576399317142238,-0.00475231920755312
35,340.0,350.0,21,40.0,42.0,564,5.64,0.016724375170938527,0.5003109584066007,0.1760088526994295,2.2907801418439715,0.13297872340425532,0.24501011295535877,-0.14467486899081147
36,350.0,360.0,1,0.0,2.0,272,2.72,0.008065656110807234,0.24128471752942446,-0.6429800897712538,1.1360294117647058,0.0,-0.96394642910152,0.8985387144719862
36,350.0,360.0,2,2.0,4.0,261,2.61,0.007739471488678999,0.2315268796881609,0.5610561195473641,2.846743295019157,0.1724137931034483,-0.3638247992070757,-0.1529189585659054
36,350.0,360.0,3,4.0,6.0,1157,11.57,0.03430869161839695,1.0263471256674415,0.6485624604628731,3.129645635263613,0.36041486603284356,-0.13378566823849986,-0.09096534414969516
36,350.0,360.0,4,6.0,8.0,847,8.47,0.025116215903873997,0.7513535137772887,0.7903981643720603,3.538370720188902,0.6351829988193625,-0.023743667392254045,-0.03340897691767165
36,350.0,360.0,5,8.0,10.0,1282,12.82,0.03801533505167233,1.1372316465908903,0.8801977292680345,3.702808112324493,0.7457098283931357,-0.012862587140846172,0.13783307506435158
36,350.0,360.0,6,10.0,12.0,993,9.93,0.02944557543393964,0.8808666342158766,0.8496975776303194,3.634441087613293,0.6918429003021148,0.0013299253273741619,-0.10258601234288657
36,350.0,360.0,7,12.0,14.0,1045,10.45,0.030987539102182198,0.9269945949200312,0.8872666120705721,3.801913875598086,0.7722488038277512,0.006297265429645178,-0.2501503948410055
36,350.0,360.0,8,14.0,16.0,1107,11.07,0.032826034245086795,0.981993317298062,0.8724582980059552,3.761517615176152,0.7434507678410117,-0.06844443500728781,-0.008828264901439264
36,350.0,360.0,9,16.0,18.0,1171,11.71,0.03472383568292379,1.0387661920108677,0.8985348450364704,3.810418445772844,0.8232280102476516,0.036131951512669194,0.0662038334318347
36,350.0,360.0,10,18.0,20.0,1064,10.64,0.03155094890404006,0.9438490421003956,0.8765725312403677,3.786654135338346,0.7377819548872181,-0.029465836446419546,-0.005437412450447983
36,350.0,360.0,11,20.0,22.0,748,7.48,0.022180554304719893,0.6635329732059172,0.8903582829623633,3.697860962566845,0.733957219251337,-0.029375307020294113,-0.12692664201209597
36,350.0,360.0,12,22.0,24.0,1353,13.53,0.04012070852177274,1.200214054475409,0.8489460562161659,3.6201034737620104,0.6711012564671102,0.010531699776414605,0.008961506880103684
36,350.0,360.0,13,24.0,26.0,883,8.83,0.026183729212657304,0.7832882558032418,0.8536914092213322,3.723669309173273,0.739524348810872,0.0314824581767478,-0.11811344904974012
36,350.0,360.0,14,26.0,28.0,1123,11.23,0.03330048460454604,0.9961865359762635,0.8688316655679957,3.7542297417631345,0.773820124666073,0.005280178367297243,-0.11357208820503417
36,350.0,360.0,15,28.0,30.0,897,8.97,0.02659887327718415,0.7957073221466681,0.834454063845844,3.7079152731326643,0.7357859531772575,0.05398119763032616,-0.16252912116558305
36,350.0,360.0,16,30.0,32.0,1122,11.22,0.03327083145707984,0.9952994598088758,0.8925928583127769,3.785204991087344,0.803030303030303,0.08788527305448568,-0.007710957483139484
36,350.0,360.0,17,32.0,34.0,1080,10.8,0.03202539926349931,0.958042260778597,0.8554124840309573,3.787037037037037,0.7046296296296296,0.09250940095366512,-0.16910357797643616
36,350.0,360.0,18,34.0,36.0,890,8.9,0.02639130124492073,0.789497788974955,0.8788869191328076,3.7404494382022473,0.7831460674157303,-0.02563321509615272,0.16243320445731788
36,350.0,360.0,19,36.0,38.0,1305,13.05,0.038697357443394996,1.1576343984408046,0.8452989107349339,3.6727969348659,0.7187739463601532,0.15471749067305268,-0.11262173383156766
36,350.0,360.0,20,38.0,40.0,788,7.88,0.023366680203368014,0.6990160199014208,0.7181300437157909,3.33248730964467,0.5126903553299492,-0.01875892023504329,0.14490341827367914
36,350.0,360.0,21,40.0,42.0,540,5.4,0.016012699631749654,0.4790211303892985,0.33442399207759643,2.661111111111111,0.24444444444444444,0.2239531218178305,-0.2376918749218191
37,360.0,370.0,1,0.0,2.0,214,2.14,0.006345773557767456,0.18983429982094424,-0.8248001216124399,0.9345794392523364,0.0,-0.9558507926475772,0.8799980188860232
37,360.0,370.0,2,2.0,4.0,310,3.1,0.00919247571452295,0.27499361189015287,0.4253307907694965,2.529032258064516,0.15483870967741936,-0.3226881208383812,-0.005127215303205596
37,360.0,370.0,3,4.0,6.0,1150,11.5,0.03410111958613352,1.0201375924957283,0.6699218487108689,3.226086956521739,0.3947826086956522,-0.11702807611001252,-0.10785336281492454
37,360.0,370.0,4,6.0,8.0,925,9.25,0.027429161406237832,0.8205454548335205,0.7869405314030897,3.5264864864864864,0.6054054054054054,-0.0909197238659681,0.07007909058655984
37,360.0,370.0,5,8.0,10.0,1206,12.06,0.035761695844240896,1.0698138578694334,0.8738353811862283,3.6509121061359866,0.7056384742951907,-0.007793964143075742,0.16194681623581725
37,360.0,370.0,6,10.0,12.0,1015,10.15,0.03009794467819611,0.9003823098984036,0.8641694255422805,3.689655172413793,0.7201970443349753,-0.008572013375992223,-0.08328413656126764
37,360.0,370.0,7,12.0,14.0,1015,10.15,0.03009794467819611,0.9003823098984036,0.8895311297325271,3.8,0.7881773399014779,0.013604189781062396,-0.24310233814444945
37,360.0,370.0,8,14.0,16.0,1127,11.27,0.03341909719441085,0.9997348406458136,0.8799826145801,3.777284826974268,0.7737355811889973,-0.08935314028669461,-0.02687199496044596
37,360.0,370.0,9,16.0,18.0,1147,11.47,0.03401216014373491,1.0174763639935656,0.8850662744192601,3.759372275501308,0.7794245858761988,0.05324975449729738,0.10259977040978363
37,360.0,370.0,10,18.0,20.0,1088,10.88,0.032262624443228936,0.9651388701176978,0.879344036431876,3.822610294117647,0.7858455882352942,-0.04039366362987445,0.014708845186731226
37,360.0,370.0,11,20.0,22.0,741,7.41,0.02197298227245647,0.6573234400342041,0.891057478981944,3.7327935222672064,0.757085020242915,-0.017043980656146852,-0.1564580501544694
37,360.0,370.0,12,22.0,24.0,1374,13.74,0.04074342461856301,1.2188426539905484,0.8531775390993622,3.6703056768558953,0.7147016011644832,0.019057919569163785,0.03886118446928455
37,360.0,370.0,13,24.0,26.0,869,8.69,0.02576858514813046,0.7708691894598154,0.8596185942824002,3.714614499424626,0.7399309551208285,0.04637278802544427,-0.11492018685557694
37,360.0,370.0,14,26.0,28.0,1141,11.41,0.0338342412589377,1.01215390698924,0.8657724064477574,3.7388255915863278,0.7642418930762489,0.019200732480738038,-0.10266124139368783
37,360.0,370.0,15,28.0,30.0,896,8.96,0.026569220129717946,0.7948202459792805,0.8171463790175075,3.6651785714285716,0.6997767857142857,0.05529512214465331,-0.1571566372233934
37,360.0,370.0,16,30.0,32.0,1127,11.27,0.03341909719441085,0.9997348406458136,0.887713475525986,3.7914818101153505,0.8065661047027507,0.09127639704614203,-0.0039549026459471115
37,360.0,370.0,17,32.0,34.0,1084,10.84,0.03214401185336412,0.9615905654481474,0.8577759017899996,3.7804428044280445,0.7158671586715867,0.11123645186450326,-0.15468905514257508
37,360.0,370.0,18,34.0,36.0,921,9.21,0.027310548816373025,0.8169971501639703,0.8974588371151738,3.791530944625407,0.8099891422366993,-0.011929244928006533,0.16403282903201385
37,360.0,370.0,19,36.0,38.0,1285,12.85,0.038104294494070934,1.1398928750930528,0.8349703918728757,3.6459143968871595,0.7058365758754864,0.11924751229325302,-0.12085893286531285
37,360.0,370.0,20,38.0,40.0,735,7.35,0.021795063387659252,0.6520009830298785,0.7457909830226669,3.5047619047619047,0.582312925170068,-0.02473536869177037,0.19335011973541288
37,360.0,370.0,21,40.0,42.0,576,5.76,0.017080212940532965,0.5109558724152518,0.3344419549244076,2.7309027777777777,0.2743055555555556,0.22268368747681633,-0.29903378709557693
38,370.0,380.0,1,0.0,2.0,221,2.21,0.006553345590030877,0.19604383299265735,-0.7863380239186271,0.8914027149321267,0.0,-0.9578033532489203,0.8826657503492481
38,370.0,380.0,2,2.0,4.0,308,3.08,0.009133169419590543,0.27321945955537763,0.41197863517865385,2.314935064935065,0.08441558441558442,-0.3596607916789943,-0.10385331541355473
38,370.0,380.0,3,4.0,6.0,1144,11.44,0.0339232007013363,1.0148151354914026,0.6662079004599777,3.1354895104895104,0.38461538461538464,-0.13361975926099803,-0.11731141610516567
38,370.0,380.0,4,6.0,8.0,932,9.32,0.027636733438501256,0.8267549880052337,0.7810087857261147,3.4989270386266096,0.5987124463519313,-0.07797064432259837,0.04421407015160107
38,370.0,380.0,5,8.0,10.0,1209,12.09,0.035850655286639506,1.0724750863715962,0.87441559003818,3.6881720430107525,0.7237386269644334,-0.011685354709225526,0.14941675011176664
38,370.0,380.0,6,10.0,12.0,1010,10.1,0.02994967894086509,0.8959469290614657,0.8648624032161516,3.6485148514851486,0.697029702970297,-0.0019787247711929175,-0.09169125922917691
38,370.0,380.0,7,12.0,14.0,1054,10.54,0.031254417429378026,0.9349782804265195,0.892457460821117,3.8453510436432636,0.7912713472485768,0.014210610384650605,-0.242093639088487
38,370.0,380.0,8,14.0,16.0,1108,11.08,0.03285568739255299,0.9828803934654494,0.8756187779007947,3.723826714801444,0.7346570397111913,-0.08513835369554945,-0.008657278398865197
38,370.0,380.0,9,16.0,18.0,1172,11.72,0.03475348883038999,1.0396532681782553,0.8955539286614966,3.7679180887372015,0.7909556313993175,0.03851453631351772,0.06974729451458216
38,370.0,380.0,10,18.0,20.0,1038,10.38,0.03077996706991878,0.9207850617483182,0.8792489637314993,3.8294797687861273,0.7630057803468208,-0.009042247608664738,0.020395285990438782
38,370.0,380.0,11,20.0,22.0,821,8.21,0.024345234069752718,0.7282895334252113,0.8838560132026833,3.6954933008526187,0.7295980511571255,0.007686318541596113,-0.13755960736486358
38,370.0,380.0,12,22.0,24.0,1333,13.33,0.039527645572448686,1.1824725311276574,0.8667517621201687,3.7066766691672917,0.7449362340585146,0.007595036071547834,0.0334548816579942
38,370.0,380.0,13,24.0,26.0,878,8.78,0.026035463475326287,0.7788528749663037,0.8657032421450327,3.7209567198177678,0.7482915717539863,0.06512435227130307,-0.11043548469649822
38,370.0,380.0,14,26.0,28.0,1182,11.82,0.03505002030505202,1.0485240298521312,0.8613402655189866,3.7741116751269037,0.7191201353637902,0.017823491796691796,0.020680478934053174
38,370.0,380.0,15,28.0,30.0,956,9.56,0.02834840897769013,0.8480448160225359,0.8048767278018684,3.583682008368201,0.6485355648535565,0.0556750745966504,-0.144535162562942
38,370.0,380.0,16,30.0,32.0,1057,10.57,0.031343376871776636,0.9376395089286824,0.8754442367316104,3.7152317880794703,0.7464522232734153,0.13339657954020884,0.01726035870449125
38,370.0,380.0,17,32.0,34.0,1124,11.24,0.03333013775201225,0.9970736121436511,0.8697453595886179,3.8256227758007118,0.7508896797153025,0.08885218279113809,-0.15637565514399882
38,370.0,380.0,18,34.0,36.0,921,9.21,0.027310548816373025,0.8169971501639703,0.9062926523007471,3.803474484256243,0.8175895765472313,-0.015184588642801752,0.19262457989547166
38,370.0,380.0,19,36.0,38.0,1261,12.61,0.03739261895488206,1.1186030470757506,0.8182722991808137,3.68913560666138,0.7160983346550357,0.09449781780678793,-0.0741271983401592
38,370.0,380.0,20,38.0,40.0,860,8.6,0.025501706820934632,0.7628855039533271,0.619369693627364,3.0534883720930233,0.36046511627906974,0.014864870465907763,0.013525809697420062
38,370.0,380.0,21,40.0,42.0,391,3.91,0.011594380659285398,0.34684678144854764,0.34701792044934193,2.639386189258312,0.2531969309462916,0.11915398350014889,-0.2912192086253534
39,380.0,390.0,1,0.0,2.0,265,2.65,0.007858084078543812,0.2350751843577113,-0.6768656558409385,1.0264150943396226,0.0,-0.9605372809331987,0.8878481094901625
39,380.0,390.0,2,2.0,4.0,220,2.2,0.006523692442564674,0.19515675682526978,0.5572038575042412,2.840909090909091,0.2681818181818182,-0.4060520684763667,-0.12324567285103488
39,380.0,390.0,3,4.0,6.0,1179,11.79,0.03496106086265341,1.0458628013499682,0.6446094694229526,3.1518235793044953,0.359626802374894,-0.13208126940601325,-0.11387316048247316
39,380.0,390.0,4,6.0,8.0,933,9.33,0.02766638658596746,0.8276420641726213,0.7732174488684243,3.485530546623794,0.5755627009646302,-0.06421447918262059,0.020585318460122144
39,380.0,390.0,5,8.0,10.0,1209,12.09,0.035850655286639506,1.0724750863715962,0.8786910661830271,3.694789081885856,0.739454094292804,-0.018397609807058297,0.15853123950800432
39,380.0,390.0,6,10.0,12.0,1026,10.26,0.030424129300324343,0.9101401477396671,0.8661707122256206,3.672514619883041,0.702729044834308,-0.004039651096457398,-0.0948551929161933
39,380.0,390.0,7,12.0,14.0,1038,10.38,0.03077996706991878,0.9207850617483182,0.8941955538522741,3.842003853564547,0.8005780346820809,0.007211434707075798,-0.25000810655144456
39,380.0,390.0,8,14.0,16.0,1102,11.02,0.03267776850775577,0.9775579364611238,0.8745265329551043,3.7395644283121596,0.7622504537205081,-0.07761125537060849,-0.005884661073061164
39,380.0,390.0,9,16.0,18.0,1172,11.72,0.03475348883038999,1.0396532681782553,0.894395306228827,3.779863481228669,0.7943686006825939,0.0340447716202413,0.0770178694490111
39,380.0,390.0,10,18.0,20.0,1023,10.23,0.030335169857925736,0.9074789192375045,0.8776252757860946,3.8670576735092865,0.8035190615835777,-0.00940010793767479,0.020120632038908716
39,380.0,390.0,11,20.0,22.0,821,8.21,0.024345234069752718,0.7282895334252113,0.8882650797230127,3.753958587088916,0.7795371498172959,-0.013116662605484667,-0.14588329148302756
39,380.0,390.0,12,22.0,24.0,1326,13.26,0.03932007354018526,1.176262997955944,0.8611086186778253,3.7254901960784315,0.7624434389140271,-0.011970167503093465,0.013625925092909531
39,380.0,390.0,13,24.0,26.0,877,8.77,0.026005810327860084,0.7779657987989161,0.8615276529280259,3.6898517673888254,0.7274800456100342,0.07568796907837258,-0.09918466433664397
39,380.0,390.0,14,26.0,28.0,1181,11.81,0.035020367157585816,1.0476369536847434,0.8543877595028395,3.7095681625740897,0.6841659610499576,0.010420776484790298,0.022324931384828304
39,380.0,390.0,15,28.0,30.0,954,9.54,0.02828910268275772,0.8462706636877606,0.7910241368459543,3.509433962264151,0.6048218029350105,0.041934972642518525,-0.15916586755605627
39,380.0,390.0,16,30.0,32.0,1092,10.92,0.03238123703309374,0.968687174787248,0.8763403343949502,3.7243589743589745,0.7518315018315018,0.1367390639643506,0.020440648354437523
39,380.0,390.0,17,32.0,34.0,1088,10.88,0.032262624443228936,0.9651388701176978,0.8703031382174492,3.8363970588235294,0.7389705882352942,0.09062139436459486,-0.1493141167309331
39,380.0,390.0,18,34.0,36.0,959,9.59,0.028437368420088736,0.8507060445246986,0.9001210049974818,3.787278415015641,0.7966631908237748,-0.01799973632567319,0.1776530829144823
39,380.0,390.0,19,36.0,38.0,1205,12.05,0.03573204269677469,1.0689267817020458,0.8261604048726583,3.63402489626556,0.6995850622406639,0.11786477232370339,-0.08874863795699744
39,380.0,390.0,20,38.0,40.0,867,8.67,0.025709278853198056,0.7690950371250403,0.6594435056987192,3.196078431372549,0.46482122260668973,0.06429159273749485,0.04067136233307829
39,380.0,390.0,21,40.0,42.0,440,4.4,0.013047384885129349,0.39031351365053957,0.2972241281864854,2.5568181818181817,0.14772727272727273,0.3023939154025957,-0.16414036428445938
40,390.0,400.0,1,0.0,2.0,245,2.45,0.007265021129219751,0.21733366100995952,-0.6569891869945733,1.2,0.0,-0.9072115739428557,0.7665053288847282
40,390.0,400.0,2,2.0,4.0,300,3.0,0.008895944239860919,0.2661228502162769,0.45987878961138867,2.64,0.11333333333333333,-0.402979014963061,-0.15364748256770175
40,390.0,400.0,3,4.0,6.0,1118,11.18,0.033152218867215026,0.9917511551393254,0.6550426263352026,3.2021466905187834,0.3953488372093023,-0.13789913611821053,-0.09260667413516131
40,390.0,400.0,4,6.0,8.0,887,8.87,0.026302341802522115,0.786836560472792,0.7884613593984016,3.5321307779030438,0.629086809470124,-0.05446124571540944,0.015982173073074892
40,390.0,400.0,5,8.0,10.0,1245,12.45,0.03691816859542281,1.1044098283975492,0.8688922283880194,3.673895582329317,0.7180722891566265,-0.019483904547767942,0.14814237492609375
40,390.0,400.0,6,10.0,12.0,1021,10.21,0.03027586356299333,0.9057047669027293,0.8618711036807502,3.6758080313418215,0.7120470127326151,0.0006916435064017281,-0.07670130469942323
40,390.0,400.0,7,12.0,14.0,1035,10.35,0.03069100762752017,0.9181238332461554,0.8895012168397861,3.854106280193237,0.8009661835748793,0.004702356442761192,-0.2539231193024674
40,390.0,400.0,8,14.0,16.0,1111,11.11,0.0329446468349516,0.9855416219676122,0.8713693355493849,3.756975697569757,0.7461746174617462,-0.06848351133524719,-0.006493379234056569
40,390.0,400.0,9,16.0,18.0,1153,11.53,0.03419007902853213,1.022798820997891,0.8938923654206816,3.8074588031222896,0.818733738074588,0.03860020960323644,0.08718425616741679
40,390.0,400.0,10,18.0,20.0,1039,10.39,0.030809620217384984,0.9216721379157059,0.8803348607222715,3.870067372473532,0.7853705486044273,-0.019221831092895342,0.01909012275261817
40,390.0,400.0,11,20.0,22.0,806,8.06,0.02390043685775967,0.7149833909143974,0.8969170832416754,3.727047146401985,0.7568238213399504,-0.003839025903581619,-0.13505610500742546
40,390.0,400.0,12,22.0,24.0,1308,13.08,0.038786316885793606,1.1602956269429674,0.8867688135622425,3.753058103975535,0.7767584097859327,-0.04137230845582776,-0.011422241136139715
40,390.0,400.0,13,24.0,26.0,929,9.29,0.027547773996102642,0.8240937595030708,0.8497663296879328,3.669537136706136,0.7115177610333692,0.054792988920910335,-0.05566809836770932
40,390.0,400.0,14,26.0,28.0,1148,11.48,0.034041813291201116,1.0183634401609531,0.8338006898988762,3.582752613240418,0.6210801393728222,0.021554024909239737,0.037399780791801535
40,390.0,400.0,15,28.0,30.0,982,9.82,0.029119390811811408,0.8711087963746132,0.7821287675870252,3.55091649694501,0.6018329938900203,0.052871877184529556,-0.15185731701066735
40,390.0,400.0,16,30.0,32.0,1040,10.4,0.030839273364851188,0.9225592140830935,0.8842725659605323,3.7596153846153846,0.7846153846153846,0.1152422793332675,0.02722605234103332
40,390.0,400.0,17,32.0,34.0,1104,11.04,0.03273707480268818,0.9793320887958991,0.8731000220534855,3.875,0.7626811594202898,0.09345567785925422,-0.17415103085800834
40,390.0,400.0,18,34.0,36.0,960,9.6,0.02846702156755494,0.8515931206920861,0.9051163139666972,3.803125,0.821875,-0.00823030914746913,0.16268523177628097
40,390.0,400.0,19,36.0,38.0,1259,12.59,0.03733331265994966,1.1168288947409757,0.8723435235186846,3.768069896743447,0.7696584590945195,0.11479880577557705,-0.1430655384945069
40,390.0,400.0,20,38.0,40.0,910,9.1,0.026984364194244787,0.8072393123227067,0.5704101541767493,2.8395604395604397,0.2835164835164835,0.01746797414900529,0.011127795049411728
40,390.0,400.0,21,40.0,42.0,334,3.34,0.009904151253711822,0.296283439907455,0.42478392769273277,2.7784431137724552,0.2934131736526946,0.21041575201001317,-0.2670121434157022
41,400.0,410.0,1,0.0,2.0,223,2.23,0.006612651884963283,0.19781798532743253,-0.727181500823649,1.210762331838565,0.0,-0.9308854821719204,0.8201278152062881
41,400.0,410.0,2,2.0,4.0,294,2.94,0.0087180253550637,0.26080039321195136,0.3547509804855862,2.5238095238095237,0.05782312925170068,-0.3808208116138162,-0.09409988402102104
41,400.0,410.0,3,4.0,6.0,1132,11.32,0.03356736293174187,1.0041702214827517,0.6638308303929686,3.1925795053003534,0.4125441696113074,-0.16122533130939457,-0.07610516867547092
41,400.0,410.0,4,6.0,8.0,844,8.44,0.025027256461475383,0.7486922852751258,0.7892140413737191,3.471563981042654,0.5888625592417062,-0.03791347269532084,0.020795298169934043
41,400.0,410.0,5,8.0,10.0,1304,13.04,0.03866770429592879,1.156747322273417,0.85638880636098,3.670245398773006,0.7384969325153374,-0.04707122307733691,0.14694492984559407
41,400.0,410.0,6,10.0,12.0,1005,10.05,0.02980141320353408,0.8915115482245278,0.859467051147822,3.6606965174129353,0.7144278606965174,-0.06608724309464103,-0.0058896585753713555
41,400.0,410.0,7,12.0,14.0,1017,10.17,0.030157250973128515,0.9021564622331788,0.8899840959669955,3.7669616519174043,0.7767944936086529,-0.07391275618151158,-0.2440872091150605
41,400.0,410.0,8,14.0,16.0,1144,11.44,0.0339232007013363,1.0148151354914026,0.8827786272586343,3.742132867132867,0.7534965034965035,-0.03128849552083622,-0.028021285954372196
41,400.0,410.0,9,16.0,18.0,1133,11.33,0.03359701607920807,1.0050572976501393,0.8889336135348409,3.7546337157987644,0.7899382171226832,0.027198351444505418,0.10994727992018065
41,400.0,410.0,10,18.0,20.0,1057,10.57,0.031343376871776636,0.9376395089286824,0.8718813835500059,3.7994323557237464,0.7530747398297067,-0.02885010688589786,0.015596563502187225
41,400.0,410.0,11,20.0,22.0,833,8.33,0.024701071839347152,0.7389344474338623,0.8995321473345919,3.751500600240096,0.7827130852340937,-0.003938237715359687,-0.14695646440124774
41,400.0,410.0,12,22.0,24.0,1258,12.58,0.037303659512483454,1.115941818573588,0.8835524069529672,3.7511923688394275,0.7742448330683624,-0.019929479047104178,0.0011119762025491274
41,400.0,410.0,13,24.0,26.0,987,9.87,0.029267656549142422,0.8755441772115511,0.8698397343282863,3.702127659574468,0.7396149949341438,0.0416389624893839,-0.05151192423707611
41,400.0,410.0,14,26.0,28.0,1192,11.92,0.035346551779714054,1.0573947915260071,0.8480507198235289,3.6568791946308723,0.7013422818791947,0.052254693319297496,0.057356348987554706
41,400.0,410.0,15,28.0,30.0,904,9.04,0.026806445309447566,0.8019168553183811,0.8204295753308403,3.6360619469026547,0.6825221238938053,0.09292475096740999,-0.0521494866328489
41,400.0,410.0,16,30.0,32.0,1011,10.11,0.029979332088331295,0.8968340052288533,0.8719697502686041,3.7537091988130564,0.7774480712166172,0.1229244647537318,0.047035820210780004
41,400.0,410.0,17,32.0,34.0,1106,11.06,0.03279638109762059,0.9811062411306745,0.8710230126634901,3.8399638336347195,0.7603978300180831,0.08492165195190624,-0.1330643049623442
41,400.0,410.0,18,34.0,36.0,924,9.24,0.027399508258771632,0.819658378666133,0.9009431573842164,3.801948051948052,0.8181818181818182,-0.008180124447844347,0.1710118720163797
41,400.0,410.0,19,36.0,38.0,1261,12.61,0.03739261895488206,1.1186030470757506,0.8754793020777147,3.7731958762886597,0.7811260904044409,0.1319170390781696,-0.16095107574502418
41,400.0,410.0,20,38.0,40.0,955,9.55,0.02831875583022393,0.8471577398551484,0.6277697982222674,2.967539267015707,0.3424083769633508,-0.00444681328921531,0.04421924386227027
41,400.0,410.0,21,40.0,42.0,340,3.4,0.010082070138509041,0.3016058969117805,0.4627380039837511,2.9411764705882355,0.3323529411764706,0.2042024874075348,-0.281177259104107
42,410.0,420.0,1,0.0,2.0,264,2.64,0.007828430931077608,0.23418810819032368,-0.8307582219035329,0.8636363636363636,0.0,-0.9603585976755694,0.8864620144901693
42,410.0,420.0,2,2.0,4.0,267,2.67,0.007917390373476217,0.23684933669248645,0.4115768688412945,2.49812734082397,0.11610486891385768,-0.3202725011003604,-0.1515796245821614
42,410.0,420.0,3,4.0,6.0,1125,11.25,0.03335979089947844,0.9979606883110385,0.6768096441543509,3.1653333333333333,0.42844444444444446,-0.18007519410358125,0.026277325787898907
42,410.0,420.0,4,6.0,8.0,990,9.9,0.029356615991541032,0.8782054057137139,0.7707624974640821,3.433333333333333,0.5777777777777777,-0.06617360251423321,0.008735211590935866
42,410.0,420.0,5,8.0,10.0,1164,11.64,0.034516263650660364,1.0325566588391546,0.8645006212561364,3.679553264604811,0.7310996563573883,-0.06679521773179509,0.21886375253809312
42,410.0,420.0,6,10.0,12.0,1017,10.17,0.030157250973128515,0.9021564622331788,0.86865544767763,3.7266470009832844,0.7522123893805309,-0.06414449151997553,0.01817303743319379
42,410.0,420.0,7,12.0,14.0,1015,10.15,0.03009794467819611,0.9003823098984036,0.8879199138576052,3.8019704433497536,0.8108374384236453,-0.06070457152594534,-0.2399059765049782
42,410.0,420.0,8,14.0,16.0,1137,11.37,0.03371562866907288,1.0086056023196894,0.8841609673961952,3.7519788918205803,0.7678100263852242,-0.06595947654695099,-0.04348402458822196
42,410.0,420.0,9,16.0,18.0,1131,11.31,0.033537709784275664,1.0032831453153641,0.8878130364555782,3.7586206896551726,0.7833775419982316,0.049146874182295235,0.10252921377820814
42,410.0,420.0,10,18.0,20.0,1066,10.66,0.03161025519897247,0.9456231944351707,0.8770868477749096,3.850844277673546,0.774859287054409,-0.052453504515600866,0.026857607444281527
42,410.0,420.0,11,20.0,22.0,842,8.42,0.02496795016654298,0.7469181329403506,0.8949347539723368,3.7612826603325415,0.7790973871733967,0.008778602843366838,-0.12778223831168944
42,410.0,420.0,12,22.0,24.0,1268,12.68,0.03760019098714548,1.1248125802474638,0.8822310052607294,3.7689274447949526,0.7815457413249212,-0.029027527029831482,-0.0007439577496412201
42,410.0,420.0,13,24.0,26.0,968,9.68,0.028704246747284563,0.8586897300311869,0.8686176061876032,3.7231404958677685,0.7489669421487604,0.05977861764871277,-0.05576624528367569
42,410.0,420.0,14,26.0,28.0,1200,12.0,0.035583776959443675,1.0644914008651076,0.8310755066908171,3.6133333333333333,0.6575,0.0413353517653215,0.056010124564418624
42,410.0,420.0,15,28.0,30.0,916,9.16,0.027162283079042004,0.8125617693270322,0.8237130340750525,3.606986899563319,0.665938864628821,0.0962869353882604,-0.03587126871773241
42,410.0,420.0,16,30.0,32.0,970,9.7,0.02876355304221697,0.860463882365962,0.8728592416476395,3.729896907216495,0.765979381443299,0.1425102140185066,0.03807668890269054
42,410.0,420.0,17,32.0,34.0,1149,11.49,0.03407146643866732,1.0192505163283407,0.873228713914693,3.8311575282854657,0.7824194952132288,0.08335168602222949,-0.11707845851375721
42,410.0,420.0,18,34.0,36.0,847,8.47,0.025116215903873997,0.7513535137772887,0.8873467174439895,3.7225501770956315,0.7567886658795749,-0.05396515759633578,0.15850531428878878
42,410.0,420.0,19,36.0,38.0,1303,13.03,0.03863805114846259,1.1558602461060294,0.8854790067391464,3.7490406753645433,0.7659247889485802,0.15572065182978168,-0.09562237630215056
42,410.0,420.0,20,38.0,40.0,928,9.28,0.02751812084863644,0.8232066833356833,0.6170973264187954,3.0765086206896552,0.40948275862068967,0.013563441325950177,0.08576035308051819
42,410.0,420.0,21,40.0,42.0,419,4.19,0.012424668788339085,0.37168491413540017,0.2661898922728084,2.420047732696897,0.10978520286396182,0.22963042845413903,-0.2171952321977065
43,420.0,430.0,1,0.0,2.0,274,2.74,0.00812496240573964,0.2430588698641996,-0.783126027094717,0.8394160583941606,0.0,-0.9702340804678465,0.9141106818462784
43,420.0,430.0,2,2.0,4.0,263,2.63,0.007798777783611406,0.23330103202293612,0.5074173589749394,2.6958174904942966,0.1634980988593156,-0.3305450040703005,-0.14977916455059567
43,420.0,430.0,3,4.0,6.0,1197,11.97,0.03549481751704507,1.061830172362945,0.690465263689701,3.1512113617376776,0.4227234753550543,-0.1817094852512143,-0.011989380553972678
43,420.0,430.0,4,6.0,8.0,923,9.23,0.02736985511130543,0.8187713024987454,0.7937710410696038,3.5092091007583965,0.628385698808234,-0.04356932347247781,-0.07384951521189365
43,420.0,430.0,5,8.0,10.0,1238,12.38,0.03671059656315939,1.0982002952258363,0.8601720702793259,3.6712439418416802,0.7269789983844911,-0.11044044249740717,0.17877138101536255
43,420.0,430.0,6,10.0,12.0,984,9.84,0.029178697106743815,0.8728829487093884,0.8744848454308943,3.7245934959349594,0.758130081300813,-0.08462308123379707,0.014853303313983629
43,420.0,430.0,7,12.0,14.0,1016,10.16,0.030127597825662312,0.9012693860657912,0.8623311966953773,3.668307086614173,0.6978346456692913,-0.09966962158607717,-0.18580927859338084
43,420.0,430.0,8,14.0,16.0,1109,11.09,0.032885340540019195,0.983767469632837,0.8869988925647515,3.7168620378719566,0.7619477006311993,-0.09469899126206793,-0.05409218498596418
43,420.0,430.0,9,16.0,18.0,1143,11.43,0.0338935475538701,1.013928059324015,0.8853108867105,3.7279090113735784,0.752405949256343,0.07212275014627494,0.11509804561673505
43,420.0,430.0,10,18.0,20.0,1074,10.74,0.03184748037870209,0.9527198037742713,0.8771182427548081,3.85195530726257,0.7672253258845437,-0.04035365472022817,0.04983196843407083
43,420.0,430.0,11,20.0,22.0,841,8.41,0.024938297019076777,0.746031056772963,0.8975282412659017,3.756242568370987,0.7740784780023782,3.750119209449545e-05,-0.12865905489352306
43,420.0,430.0,12,22.0,24.0,1260,12.6,0.03736296580741586,1.1177159709083633,0.8760975382414695,3.734126984126984,0.7571428571428571,-0.03185704003276606,-0.036530872706525185
43,420.0,430.0,13,24.0,26.0,949,9.49,0.028140836945426708,0.8418352828508228,0.8666860227910987,3.719704952581665,0.7513171759747103,0.07905429583260334,-0.053700842894929546
43,420.0,430.0,14,26.0,28.0,1226,12.26,0.03635475879356496,1.0875553812171852,0.84009460342088,3.605220228384992,0.6443719412724307,0.038720223411030825,0.05216793809290762
43,420.0,430.0,15,28.0,30.0,875,8.75,0.02594650403292768,0.7761916464641411,0.8457545791713228,3.689142857142857,0.7314285714285714,0.10076786758286757,-0.021437742733878388
43,420.0,430.0,16,30.0,32.0,979,9.79,0.029030431369412798,0.8684475678724504,0.8751821246171984,3.727272727272727,0.7497446373850868,0.14340915770144283,0.06254496941020023
43,420.0,430.0,17,32.0,34.0,1178,11.78,0.034931407715187206,1.0449757251825806,0.8862032713807733,3.8845500848896433,0.7869269949066214,0.08757154314562572,-0.1278716526591494
43,420.0,430.0,18,34.0,36.0,964,9.64,0.028585634157419753,0.8551414253616366,0.9120071056606718,3.8018672199170123,0.8246887966804979,-0.02485905563269406,0.14661391011166716
43,420.0,430.0,19,36.0,38.0,1139,11.39,0.03377493496400529,1.0103797546544648,0.8753193856800002,3.688323090430202,0.7164179104477612,0.1431484605784775,-0.1410629472197214
43,420.0,430.0,20,38.0,40.0,1100,11.0,0.03261846221282337,0.9757837841263488,0.6175822062506171,3.09,0.3890909090909091,0.04102880927483201,0.09741776505754937
43,420.0,430.0,21,40.0,42.0,268,2.68,0.007947043520942422,0.2377364128598741,0.16083741902502785,2.1455223880597014,0.029850746268656716,0.2771926302795063,-0.23787235917437266
44,430.0,440.0,1,0.0,2.0,254,2.54,0.007531899456415578,0.2253173465164478,-0.9719218682987509,0.9803149606299213,0.0,-0.9530107770783697,0.8698938427669466
44,430.0,440.0,2,2.0,4.0,239,2.39,0.007087102244422532,0.21201120400563397,0.4351903278708037,2.694560669456067,0.22594142259414227,-0.38579478881593554,-0.05292730438580799
44,430.0,440.0,3,4.0,6.0,1146,11.46,0.033982506996268716,1.0165892878261782,0.6680616877126347,3.1989528795811517,0.4572425828970332,-0.12326882864127577,-0.12306400452317298
44,430.0,440.0,4,6.0,8.0,1086,10.86,0.03220331814829652,0.9633647177829224,0.7691066648332016,3.4521178637200736,0.5681399631675875,-0.04765501127011961,-0.07239986179668435
44,430.0,440.0,5,8.0,10.0,1059,10.59,0.03140268316670904,0.9394136612634576,0.8306903497714984,3.647780925401322,0.7129367327667611,-0.0284291613389011,0.1728070104161617
44,430.0,440.0,6,10.0,12.0,1015,10.15,0.03009794467819611,0.9003823098984036,0.8636659541981365,3.695566502463054,0.7310344827586207,-0.05087100811514969,-0.0029165840238639692
44,430.0,440.0,7,12.0,14.0,1044,10.44,0.030957885954715995,0.9261075187526436,0.8616626842501889,3.7260536398467434,0.7605363984674329,-0.04757582321181623,-0.17756595206820758
44,430.0,440.0,8,14.0,16.0,1157,11.57,0.03430869161839695,1.0263471256674415,0.9092314300026815,3.7899740708729475,0.8124459809853068,-0.052675731308609836,-0.014888630462989851
44,430.0,440.0,9,16.0,18.0,1145,11.45,0.033952853848802506,1.0157022116587904,0.8995564321739518,3.7711790393013103,0.8026200873362446,0.08626413565363669,0.09933586338923188
44,430.0,440.0,10,18.0,20.0,1073,10.73,0.031817827231235885,0.9518327276068838,0.8804528401237762,3.853681267474371,0.7884436160298229,-0.05061291951903969,0.032803904613368816
44,430.0,440.0,11,20.0,22.0,892,8.92,0.026450607539853132,0.7912719413097301,0.8885389638008404,3.741031390134529,0.7600896860986547,0.02648785958693436,-0.1313071613557995
44,430.0,440.0,12,22.0,24.0,1224,12.24,0.03629545249863255,1.08578122888241,0.8818034654127997,3.7687908496732025,0.7892156862745098,-0.030985072490626604,0.006670757028439688
44,430.0,440.0,13,24.0,26.0,999,9.99,0.02962349431873686,0.8861890912202022,0.870968482277309,3.7037037037037037,0.7377377377377378,0.057411051654305746,-0.04328888784502615
44,430.0,440.0,14,26.0,28.0,1195,11.95,0.03543551122211266,1.0600560200281697,0.8466943085347292,3.6493723849372386,0.6912133891213389,0.04100027797731443,0.07143624056169416
44,430.0,440.0,15,28.0,30.0,916,9.16,0.027162283079042004,0.8125617693270322,0.8450998103503946,3.703056768558952,0.7336244541484717,0.10366411793542776,-0.018236795102302892
44,430.0,440.0,16,30.0,32.0,966,9.66,0.02864494045235216,0.8569155776964118,0.8745469801129295,3.7267080745341614,0.7484472049689441,0.13804140029446463,0.02469206902723103
44,430.0,440.0,17,32.0,34.0,1139,11.39,0.03377493496400529,1.0103797546544648,0.8749409758141555,3.833187006145742,0.7699736611062336,0.09192406506768033,-0.12074658909311992
44,430.0,440.0,18,34.0,36.0,946,9.46,0.0280518775030281,0.8391740543486601,0.9084339009363124,3.7970401691331923,0.813953488372093,-0.017597935743670943,0.1371893191695084
44,430.0,440.0,19,36.0,38.0,1219,12.19,0.036147186761301534,1.0813458480454718,0.8709734022059306,3.6579163248564397,0.7235438884331419,0.11373681804398302,-0.05149549210730856
44,430.0,440.0,20,38.0,40.0,942,9.42,0.027933264913163284,0.8356257496791095,0.6307557268527595,3.1825902335456475,0.4713375796178344,0.041978269489329395,0.06954735324712152
44,430.0,440.0,21,40.0,42.0,343,3.43,0.010171029580907652,0.30426712541394335,0.1858120631109206,2.309037900874636,0.09037900874635568,0.2862782426735651,-0.23598104602567332
45,440.0,450.0,1,0.0,2.0,275,2.75,0.008154615553205843,0.2439459460315872,-0.8834938334640671,0.9527272727272728,0.0,-0.9557813961625395,0.8749372068624369
45,440.0,450.0,2,2.0,4.0,215,2.15,0.006375426705233658,0.19072137598833178,0.5189330005831014,2.7767441860465114,0.3116279069767442,-0.4037147516007338,-0.025928057725823656
45,440.0,450.0,3,4.0,6.0,1122,11.22,0.03327083145707984,0.9952994598088758,0.6441274401194071,3.2085561497326203,0.4732620320855615,-0.1435998603475415,-0.10539515523142598
45,440.0,450.0,4,6.0,8.0,1171,11.71,0.03472383568292379,1.0387661920108677,0.7981484441487651,3.5542271562766867,0.6080273270708796,-0.06091777079567515,-0.09606661337415935
45,440.0,450.0,5,8.0,10.0,976,9.76,0.028941471927014187,0.8657863393702876,0.8369137590813056,3.617827868852459,0.6721311475409836,0.012993023711415672,0.21896778786892335
45,440.0,450.0,6,10.0,12.0,1058,10.58,0.03137303001924284,0.93852658509607,0.8829853470767737,3.728733459357278,0.7495274102079396,-0.035718958838677775,0.009279266349714897
45,440.0,450.0,7,12.0,14.0,1026,10.26,0.030424129300324343,0.9101401477396671,0.8708468632808635,3.7485380116959064,0.776803118908382,0.0031515234605930245,-0.15954784631729205
45,440.0,450.0,8,14.0,16.0,1150,11.5,0.03410111958613352,1.0201375924957283,0.9104625197031119,3.779130434782609,0.7973913043478261,-0.03572155859414548,-0.010712963216394427
45,440.0,450.0,9,16.0,18.0,1158,11.58,0.03433834476586315,1.027234201834829,0.9075035079783283,3.775474956822107,0.7962003454231433,0.08909779822151935,0.10847649614468186
45,440.0,450.0,10,18.0,20.0,1052,10.52,0.031195111134445622,0.9332041280917445,0.8782521500703531,3.829847908745247,0.7747148288973384,-0.047890109471773634,0.053643368423537584
45,440.0,450.0,11,20.0,22.0,940,9.4,0.02787395861823088,0.8338515973443344,0.8858886292628066,3.7425531914893617,0.7659574468085106,0.03704701090637501,-0.1375752662468618
45,440.0,450.0,12,22.0,24.0,1177,11.77,0.034901754567721,1.044088649015193,0.8879786757222761,3.7706032285471536,0.7909940526762956,-0.04361492234871933,0.020361909163960686
45,440.0,450.0,13,24.0,26.0,1036,10.36,0.03072066077498637,0.9190109094135429,0.8721380126450006,3.7355212355212357,0.7654440154440154,0.08046053915328168,-0.08129113907540376
45,440.0,450.0,14,26.0,28.0,1151,11.51,0.034130772733599726,1.021024668663116,0.846296879307633,3.7002606429192006,0.7280625543006082,0.027498853798146716,0.07176197312370107
45,440.0,450.0,15,28.0,30.0,980,9.8,0.029060084516879005,0.8693346440398381,0.8439474207669626,3.7214285714285715,0.7448979591836735,0.08887423885401796,0.00528321100293815
45,440.0,450.0,16,30.0,32.0,913,9.13,0.027073323636643398,0.8099005408248695,0.8696390389846119,3.769989047097481,0.7765607886089814,0.11780913775963081,0.020938713512576052
45,440.0,450.0,17,32.0,34.0,1124,11.24,0.03333013775201225,0.9970736121436511,0.8692880184637757,3.8176156583629894,0.7615658362989324,0.1154155516258832,-0.12369187576557122
45,440.0,450.0,18,34.0,36.0,872,8.72,0.025857544590529073,0.7735304179619784,0.8902569861714713,3.7958715596330275,0.8130733944954128,-0.03596017874766105,0.17114931653153295
45,440.0,450.0,19,36.0,38.0,1278,12.78,0.03789672246180751,1.1336833419213397,0.8286354547847392,3.6306729264475743,0.6870109546165885,0.10238293878826821,-0.11130669477725583
45,440.0,450.0,20,38.0,40.0,721,7.21,0.021379919323132407,0.6395819166864521,0.6936553438840902,3.3134535367545075,0.5644937586685159,0.032387014439701635,0.14189847195092808
45,440.0,450.0,21,40.0,42.0,604,6.04,0.01791050106958665,0.5357940051021043,0.23568082427821624,2.422185430463576,0.11258278145695365,0.155927867113269,-0.1489843053471794
46,450.0,460.0,1,0.0,2.0,262,2.62,0.007769124636145203,0.23241395585554855,-0.937717228654207,0.950381679389313,0.0,-0.9573548192344357,0.8807761109654483
46,450.0,460.0,2,2.0,4.0,223,2.23,0.006612651884963283,0.19781798532743253,0.5096583731647962,2.7399103139013454,0.33183856502242154,-0.46538429547751714,0.010830917087721659
46,450.0,460.0,3,4.0,6.0,1119,11.19,0.03318187201468122,0.9926382313067128,0.6660635129456544,3.1823056300268098,0.450402144772118,-0.13628684236302957,-0.06228160788958125
46,450.0,460.0,4,6.0,8.0,1160,11.6,0.03439765106079555,1.029008354169604,0.7888812229501646,3.4982758620689656,0.5767241379310345,-0.03902062055010555,-0.08057752673600874
46,450.0,460.0,5,8.0,10.0,963,9.63,0.028555981009953553,0.854254349194249,0.8360974235935157,3.608515057113188,0.6697819314641744,-0.001491500534054289,0.2426348283801767
46,450.0,460.0,6,10.0,12.0,1061,10.61,0.03146198946164145,0.9411878135982328,0.8769701101973015,3.756833176248822,0.7728557964184731,-0.01581103195582625,0.014520049612887205
46,450.0,460.0,7,12.0,14.0,1035,10.35,0.03069100762752017,0.9181238332461554,0.8770546179870405,3.7768115942028984,0.7922705314009661,-0.020696653371704978,-0.1652060416762697
46,450.0,460.0,8,14.0,16.0,1176,11.76,0.0348721014202548,1.0432015728478055,0.9143802179764233,3.804421768707483,0.8171768707482994,-0.03117376457510241,-0.012044982128296558
46,450.0,460.0,9,16.0,18.0,1142,11.42,0.033863894406403895,1.0130409831566274,0.9082721483047572,3.8143607705779337,0.8248686514886164,0.0990918100009232,0.10187706589075438
46,450.0,460.0,10,18.0,20.0,1068,10.68,0.03166956149390487,0.9473973467699458,0.8808145554912212,3.855805243445693,0.8043071161048689,-0.04743782014328714,0.045733434509351904
46,450.0,460.0,11,20.0,22.0,940,9.4,0.02787395861823088,0.8338515973443344,0.8846003089901576,3.74468085106383,0.7659574468085106,0.02049430483935753,-0.13443653537644334
46,450.0,460.0,12,22.0,24.0,1197,11.97,0.03549481751704507,1.061830172362945,0.8851423208599033,3.7844611528822054,0.8011695906432749,-0.03279841580929823,0.018964446262976827
46,450.0,460.0,13,24.0,26.0,1010,10.1,0.02994967894086509,0.8959469290614657,0.8656856533378788,3.714851485148515,0.7425742574257426,0.08054739811270878,-0.07410431461079849
46,450.0,460.0,14,26.0,28.0,1164,11.64,0.034516263650660364,1.0325566588391546,0.8529572376669694,3.6529209621993126,0.6924398625429553,0.034939092480032734,0.08189590249899857
46,450.0,460.0,15,28.0,30.0,943,9.43,0.027962918060629487,0.8365128258464971,0.8486076965497684,3.700954400848356,0.7221633085896076,0.10679852557800538,-0.018820972362355564
46,450.0,460.0,16,30.0,32.0,934,9.34,0.02769603973343366,0.8285291403400088,0.8815441701730973,3.766595289079229,0.7944325481798715,0.13583654479675575,0.005630659753752358
46,450.0,460.0,17,32.0,34.0,1176,11.76,0.0348721014202548,1.0432015728478055,0.878944751546777,3.875,0.8044217687074829,0.1209147758102553,-0.13838660858697122
46,450.0,460.0,18,34.0,36.0,888,8.88,0.02633199494998832,0.7877236366401797,0.8947906895663532,3.759009009009009,0.7826576576576577,-0.06209753851630351,0.16464252636692658
46,450.0,460.0,19,36.0,38.0,1310,13.1,0.03884562318072601,1.1620697792777426,0.821869495905098,3.6045801526717556,0.6824427480916031,0.09495784737646555,-0.05068502506780649
46,450.0,460.0,20,38.0,40.0,579,5.79,0.017169172382931575,0.5136171009174145,0.7099095991757867,3.300518134715026,0.46632124352331605,-0.03577767844289612,0.041161838411788894
46,450.0,460.0,21,40.0,42.0,583,5.83,0.017287784972796386,0.5171654055869649,0.34713221941385475,2.543739279588336,0.1955403087478559,0.10091367304123953,-0.1838882309142879
47,460.0,470.0,1,0.0,2.0,222,2.22,0.00658299873749708,0.19693090916004494,-0.9438455086781037,1.1981981981981982,0.0,-0.9496007988297592,0.8613674945626957
47,460.0,470.0,2,2.0,4.0,172,1.72,0.005100341364186927,0.15257710079066544,0.20396623423214666,2.36046511627907,0.20348837209302326,-0.5134002698490959,0.193976289501411
47,460.0,470.0,3,4.0,6.0,1141,11.41,0.0338342412589377,1.01215390698924,0.6658930875281772,3.22874671340929,0.4794040315512708,-0.11664704942733428,-0.08334610612695485
47,460.0,470.0,4,6.0,8.0,1161,11.61,0.034427304208261754,1.0298954303369916,0.7916872453363734,3.547803617571059,0.6261843238587425,-0.06655690298513395,-0.11665724962424556
47,460.0,470.0,5,8.0,10.0,977,9.77,0.02897112507448039,0.8666734155376752,0.836910621042182,3.5997952917093143,0.6581371545547595,0.009417557198549052,0.22779861908414598
47,460.0,470.0,6,10.0,12.0,1079,10.79,0.031995746116033105,0.9571551846112094,0.8714756274125454,3.696941612604263,0.7173308619091752,-0.022596358909704028,0.016114868498339544
47,460.0,470.0,7,12.0,14.0,1042,10.42,0.03089857965978359,0.9243333664178686,0.8740602844830676,3.759117082533589,0.7802303262955854,0.004726369613992158,-0.17589940342833946
47,460.0,470.0,8,14.0,16.0,1169,11.69,0.03466452938799138,1.0369920396760925,0.9130112997392645,3.7887082976903335,0.8058169375534645,-0.006959410000966563,-0.03242385655468494
47,460.0,470.0,9,16.0,18.0,1138,11.38,0.03374528181653909,1.0094926784870772,0.9040053684577815,3.7926186291739894,0.8145869947275922,0.08402657283223337,0.13311280024801866
47,460.0,470.0,10,18.0,20.0,1070,10.7,0.031728867788837274,0.949171499104721,0.8820935822179491,3.869158878504673,0.7981308411214953,-0.06069415722547261,0.04216902561541668
47,460.0,470.0,11,20.0,22.0,902,9.02,0.026747139014515163,0.800142702983606,0.8913230523490587,3.7804878048780486,0.7904656319290465,0.02628086155151055,-0.13128703726461805
47,460.0,470.0,12,22.0,24.0,1228,12.28,0.03641406508849736,1.0893295335519602,0.8826382823988893,3.771172638436482,0.7842019543973942,-0.03736282688156827,-0.0052371155093046285
47,460.0,470.0,13,24.0,26.0,983,9.83,0.02914904395927761,0.8719958725420008,0.8653997934903332,3.7070193285859614,0.745676500508647,0.07446150505964713,-0.05635455437842301
47,460.0,470.0,14,26.0,28.0,1216,12.16,0.03605822731890292,1.078684619543309,0.8512469412209851,3.689967105263158,0.725328947368421,0.031335110383231134,0.05745958534405818
47,460.0,470.0,15,28.0,30.0,898,8.98,0.026628526424650353,0.7965943983140557,0.8447061517110253,3.7383073496659245,0.7661469933184856,0.10608891052416629,-0.035287469366516055
47,460.0,470.0,16,30.0,32.0,965,9.65,0.028615287304885956,0.8560285015290242,0.8774580430956723,3.778238341968912,0.7937823834196891,0.127191905674408,0.03523641454495249
47,460.0,470.0,17,32.0,34.0,1158,11.58,0.03433834476586315,1.027234201834829,0.8785232819177202,3.8644214162348876,0.8134715025906736,0.11002833870685748,-0.13851615442351048
47,460.0,470.0,18,34.0,36.0,862,8.62,0.02556101311586704,0.7646596562881024,0.8953865315923838,3.7958236658932716,0.8074245939675174,-0.06854867273467938,0.17927225132029087
47,460.0,470.0,19,36.0,38.0,1348,13.48,0.03997244278444173,1.195778673638471,0.8222395363707707,3.6060830860534123,0.6654302670623146,0.11423014359926494,-0.06232607302712089
47,460.0,470.0,20,38.0,40.0,578,5.78,0.017139519235465372,0.5127300247500269,0.8072092088264736,3.5311418685121105,0.6176470588235294,-0.014101818506159764,0.09586493504305611
47,460.0,470.0,21,40.0,42.0,591,5.91,0.01752501015252601,0.5242620149260656,0.2669815464137829,2.482233502538071,0.15397631133671744,0.1412853603503666,-0.16801380219756926
48,470.0,480.0,1,0.0,2.0,203,2.03,0.006019588935639221,0.1800764619796807,-0.8610497279817776,1.187192118226601,0.0,-0.9498780170938049,0.8632004865418333
48,470.0,480.0,2,2.0,4.0,352,3.52,0.010437907908103478,0.3122508109204316,0.39467786431243146,2.53125,0.1903409090909091,-0.4353390909832175,-0.043371278822831906
48,470.0,480.0,3,4.0,6.0,1054,10.54,0.031254417429378026,0.9349782804265195,0.6953279845379117,3.2343453510436433,0.4639468690702087,-0.09168346286062173,-0.09054259040131993
48,470.0,480.0,4,6.0,8.0,1197,11.97,0.03549481751704507,1.061830172362945,0.798330250407669,3.5137844611528823,0.6031746031746031,-0.05645203557348426,-0.07355291614740929
48,470.0,480.0,5,8.0,10.0,919,9.19,0.027251242521440615,0.815222997829195,0.8408757832082301,3.5952121871599565,0.6659412404787813,0.011536109620678235,0.27517263028465583
48,470.0,480.0,6,10.0,12.0,1077,10.77,0.0319364398211007,0.9553810322764342,0.8723022143541873,3.6861652739090065,0.7112349117920148,-0.03912033588985709,0.011104431625403697
48,470.0,480.0,7,12.0,14.0,1035,10.35,0.03069100762752017,0.9181238332461554,0.8719001371092414,3.6782608695652175,0.7101449275362319,-0.0066819301043354274,-0.17473690629787833
48,470.0,480.0,8,14.0,16.0,1156,11.56,0.034279038470930744,1.0254600495000539,0.9143303149183113,3.791522491349481,0.8105536332179931,-0.036144997584907544,-0.005014687696581038
48,470.0,480.0,9,16.0,18.0,1159,11.59,0.03436799791332935,1.0281212780022164,0.9116486324107964,3.7972389991371873,0.818809318377912,0.08425212632416652,0.09573814449287804
48,470.0,480.0,10,18.0,20.0,1048,10.48,0.031076498544580812,0.9296558234221942,0.88581876802871,3.8673664122137406,0.8177480916030534,-0.036234564258828775,0.04349339314686226
48,470.0,480.0,11,20.0,22.0,936,9.36,0.027755346028366067,0.8303032926747841,0.8923108204488449,3.768162393162393,0.7927350427350427,0.04270675790879986,-0.14850329116705802
48,470.0,480.0,12,22.0,24.0,1208,12.08,0.0358210021391733,1.0715880102042086,0.8930683021542837,3.7897350993377485,0.8038079470198676,-0.04645330876719871,0.023389668517639142
48,470.0,480.0,13,24.0,26.0,973,9.73,0.02885251248461558,0.8631251108681249,0.8712043395996127,3.725590955806783,0.7482014388489209,0.06960394276951695,-0.07046018312216386
48,470.0,480.0,14,26.0,28.0,1162,11.62,0.03445695735572796,1.0307825065043792,0.8158215647100101,3.6290877796901895,0.6437177280550774,0.017695051158511336,0.10043208805796149
48,470.0,480.0,15,28.0,30.0,996,9.96,0.029534534876338253,0.8835278627180395,0.8044541838000492,3.609437751004016,0.6405622489959839,0.14021795868381787,0.051848330191900126
48,470.0,480.0,16,30.0,32.0,987,9.87,0.029267656549142422,0.8755441772115511,0.8572208722352694,3.7325227963525838,0.7537993920972644,0.08655358257954729,-0.01629562934570142
48,470.0,480.0,17,32.0,34.0,1141,11.41,0.0338342412589377,1.01215390698924,0.8657977656305995,3.82296231375986,0.7633654688869412,0.10631489720233382,-0.11768606521789879
48,470.0,480.0,18,34.0,36.0,911,9.11,0.027014017341710987,0.8081263884900942,0.8970150460575536,3.7969264544456642,0.8035126234906695,-0.016519913744575673,0.14605384790709014
48,470.0,480.0,19,36.0,38.0,1325,13.25,0.03929042039271906,1.1753759217885564,0.8142840439227339,3.6120754716981134,0.6747169811320755,0.07364559600489662,-0.00942664155679053
48,470.0,480.0,20,38.0,40.0,668,6.68,0.019808302507423645,0.59256687981491,0.6944022045668424,3.318862275449102,0.5329341317365269,0.06626195440314024,-0.04556728680442847
48,470.0,480.0,21,40.0,42.0,393,3.93,0.011653686954217804,0.34862093378332276,0.06641762851287396,2.262086513994911,0.10941475826972011,0.1731357647379383,-0.24167502565495338
49,480.0,490.0,1,0.0,2.0,249,2.49,0.007383633719084563,0.22088196567950988,-0.7291720618299655,1.2811244979919678,0.0,-0.9349849940911462,0.8195789003864944
49,480.0,490.0,2,2.0,4.0,279,2.79,0.008273228143070655,0.24749425070113756,0.42718056798928,2.5304659498207887,0.10752688172043011,-0.47720728630467435,-0.008063717228308712
49,480.0,490.0,3,4.0,6.0,1054,10.54,0.031254417429378026,0.9349782804265195,0.6992554429270156,3.2333965844402277,0.49430740037950666,-0.15760325142221418,-0.05420664789308323
49,480.0,490.0,4,6.0,8.0,1138,11.38,0.03374528181653909,1.0094926784870772,0.8133307672462201,3.614235500878735,0.663444639718805,-0.033971162419420664,-0.10712362162339742
49,480.0,490.0,5,8.0,10.0,884,8.84,0.026213382360123508,0.7841753319706294,0.8356809548614389,3.6063348416289593,0.668552036199095,-0.029832780668042954,0.32863576249166854
49,480.0,490.0,6,10.0,12.0,1150,11.5,0.03410111958613352,1.0201375924957283,0.8481615339066139,3.614782608695652,0.6921739130434783,-0.03886567086923056,0.033035803773958455
49,480.0,490.0,7,12.0,14.0,1048,10.48,0.031076498544580812,0.9296558234221942,0.8610492489925191,3.7099236641221376,0.7356870229007634,-0.03531360921411532,-0.1816819126181191
49,480.0,490.0,8,14.0,16.0,1184,11.84,0.035109326599984426,1.0502981821869064,0.9063109100826642,3.7972972972972974,0.8141891891891891,-0.021015218649357105,-0.008720619924103543
49,480.0,490.0,9,16.0,18.0,1147,11.47,0.03401216014373491,1.0174763639935656,0.9042031850519745,3.8099389712292937,0.8282476024411508,0.07284571852185319,0.11561745805603697
49,480.0,490.0,10,18.0,20.0,1015,10.15,0.03009794467819611,0.9003823098984036,0.8820710588166265,3.8610837438423644,0.8147783251231527,-0.03216470231253863,0.04632627015793419
49,480.0,490.0,11,20.0,22.0,890,8.9,0.02639130124492073,0.789497788974955,0.9002876525073213,3.803370786516854,0.8168539325842696,0.05235052929023015,-0.18008126835890167
49,480.0,490.0,12,22.0,24.0,1261,12.61,0.03739261895488206,1.1186030470757506,0.891064779295446,3.7898493259318,0.8088818398096749,-0.07564902677149557,0.023543263520110644
49,480.0,490.0,13,24.0,26.0,919,9.19,0.027251242521440615,0.815222997829195,0.900169638853648,3.8498367791077257,0.8628944504896626,0.07181679218351615,-0.07074956252966197
49,480.0,490.0,14,26.0,28.0,1181,11.81,0.035020367157585816,1.0476369536847434,0.8555435447416425,3.7485182049110923,0.7383573243014394,-0.019519583784187125,0.05819884569927183
49,480.0,490.0,15,28.0,30.0,940,9.4,0.02787395861823088,0.8338515973443344,0.8257307266191344,3.548936170212766,0.5957446808510638,0.05603511809136616,0.1578303118294844
49,480.0,490.0,16,30.0,32.0,1074,10.74,0.03184748037870209,0.9527198037742713,0.7951646342111452,3.4459962756052143,0.5409683426443203,0.040679996484410764,-0.07201811171214043
49,480.0,490.0,17,32.0,34.0,1071,10.71,0.031758520936303485,0.9500585752721088,0.8486674131184864,3.7068160597572364,0.6974789915966386,0.09286855326674058,-0.18359527007443044
49,480.0,490.0,18,34.0,36.0,922,9.22,0.027340201963839225,0.8178842263313578,0.8829747935028299,3.745119305856833,0.7733188720173536,-0.05235607224163237,0.13192527505411503
49,480.0,490.0,19,36.0,38.0,1327,13.27,0.039349726687651465,1.1771500741233316,0.8349279308105727,3.6171816126601355,0.6744536548605878,0.11429602547280919,-0.02710607808098385
49,480.0,490.0,20,38.0,40.0,697,6.97,0.020668243783943534,0.6182920886691501,0.7126600980453959,3.3342898134863703,0.47776183644189385,0.010871649160921544,0.017017589439410605
49,480.0,490.0,21,40.0,42.0,467,4.67,0.01384801986671683,0.4142645701700044,0.19222456759604062,2.4025695931477515,0.16059957173447537,0.22748031910157498,-0.2512306878547423
50,490.0,500.0,1,0.0,2.0,239,2.39,0.007087102244422532,0.21201120400563397,-0.7333809548640345,1.2426778242677825,0.0,-0.923148935174929,0.7960823752075991
50,490.0,500.0,2,2.0,4.0,243,2.43,0.007205714834287345,0.21555950867518434,0.3440271670144984,2.3786008230452675,0.11934156378600823,-0.45824052278585203,0.05874330267673354
50,490.0,500.0,3,4.0,6.0,1103,11.03,0.032707421655221974,0.9784450126285115,0.6807854759691214,3.158658204895739,0.4542157751586582,-0.15079657848379943,-0.07027610589720264
50,490.0,500.0,4,6.0,8.0,1116,11.16,0.03309291257228262,0.9899770028045503,0.8166215520094985,3.4982078853046596,0.5869175627240143,-0.012454155625603744,-0.09883663353888515
50,490.0,500.0,5,8.0,10.0,947,9.47,0.0280815306504943,0.8400611305160476,0.8836882398586541,3.755015839493136,0.7803590285110876,0.003891633061465981,0.31001174068494863
50,490.0,500.0,6,10.0,12.0,1101,11.01,0.032648115360289574,0.9766708602937364,0.8509455206075698,3.663033605812897,0.695731153496821,-0.07674012612113561,0.08801116643148253
50,490.0,500.0,7,12.0,14.0,1029,10.29,0.03051308874272295,0.9128013762418299,0.8581465083334012,3.6482021379980565,0.6958211856171039,-0.00817530512138252,-0.12138255898884599
50,490.0,500.0,8,14.0,16.0,1233,12.33,0.036562330825828375,1.0937649143888981,0.8789480905228246,3.768045417680454,0.7761557177615572,-0.02524073859256795,0.00037082030218706026
50,490.0,500.0,9,16.0,18.0,1135,11.35,0.03365632237414048,1.0068314499849145,0.9032255297758742,3.7947136563876653,0.8123348017621146,0.06909117458255809,0.10899300526960522
50,490.0,500.0,10,18.0,20.0,1024,10.24,0.030364823005391936,0.9083659954048919,0.8827287771459458,3.8486328125,0.798828125,-0.03913192058398821,0.04535647079276918
50,490.0,500.0,11,20.0,22.0,933,9.33,0.02766638658596746,0.8276420641726213,0.8979922114781492,3.77491961414791,0.7856377277599143,0.0790587262490804,-0.1629841216174509
50,490.0,500.0,12,22.0,24.0,1195,11.95,0.03543551122211266,1.0600560200281697,0.8935403635147416,3.8334728033472802,0.8485355648535565,-0.0864169661017041,0.013911485214725452
50,490.0,500.0,13,24.0,26.0,978,9.78,0.029000778221946594,0.8675604917050628,0.9015336322560964,3.826175869120654,0.8476482617586912,0.04329402605431196,-0.08475340708234905
50,490.0,500.0,14,26.0,28.0,1124,11.24,0.03333013775201225,0.9970736121436511,0.8660849494206138,3.7855871886120998,0.7615658362989324,-0.013320892536789104,0.06357693625118799
50,490.0,500.0,15,28.0,30.0,985,9.85,0.029208350254210015,0.8737700248767759,0.8589623943408711,3.6548223350253806,0.6994923857868021,-0.013134305920549441,0.19032882691205213
50,490.0,500.0,16,30.0,32.0,1088,10.88,0.032262624443228936,0.9651388701176978,0.8145178365581469,3.5349264705882355,0.5863970588235294,0.062126359074424126,-0.13272631372973953
50,490.0,500.0,17,32.0,34.0,1117,11.17,0.03312256571974882,0.9908640789719378,0.8510266232190524,3.668755595344673,0.7108325872873769,0.02958447239310435,-0.17620681851653827
50,490.0,500.0,18,34.0,36.0,1057,10.57,0.031343376871776636,0.9376395089286824,0.8848164856336421,3.7455061494796595,0.7729422894985809,0.008992658829968326,0.0791219532098553
50,490.0,500.0,19,36.0,38.0,1206,12.06,0.035761695844240896,1.0698138578694334,0.8119408169191574,3.6102819237147594,0.6442786069651741,0.12094177499712619,0.02980415006552274
50,490.0,500.0,20,38.0,40.0,736,7.36,0.021824716535125455,0.6528880591972661,0.5580438894634837,2.839673913043478,0.25815217391304346,0.03973977305869792,-0.14157547785662364
50,490.0,500.0,21,40.0,42.0,311,3.11,0.009222128861989152,0.2758806880575404,0.15190384204783997,2.1832797427652735,0.06430868167202572,0.23670210979555453,-0.21182623717028626
